ISO-10303-21;
HEADER;
FILE_DESCRIPTION (( 'STEP AP214' ),
    '1' );
FILE_NAME ('User Library-LED_1006_G.STEP',
    '2026-08-14T14:00:09',
    ( '' ),
    ( '' ),
    'SwSTEP 2.0',
    'SolidWorks 2022',
    '' );
FILE_SCHEMA (( 'AUTOMOTIVE_DESIGN' ));
ENDSEC;

DATA;
#1 = FILL_AREA_STYLE ('',( #2955 ) ) ;
#2 = ORIENTED_EDGE ( 'NONE', *, *, #3014, .F. ) ;
#3 = AXIS2_PLACEMENT_3D ( 'NONE', #1311, #2650, #3918 ) ;
#4 = CARTESIAN_POINT ( 'NONE',  ( -0.4949999999999999956, -0.2999999999999999889, 0.02000000000000000042 ) ) ;
#5 =( LENGTH_UNIT ( ) NAMED_UNIT ( * ) SI_UNIT ( .MILLI., .METRE. ) );
#6 = DIRECTION ( 'NONE',  ( -0.0000000000000000000, 1.000000000000000000, 0.0000000000000000000 ) ) ;
#7 = SURFACE_STYLE_USAGE ( .BOTH. , #2660 ) ;
#8 = EDGE_CURVE ( 'NONE', #481, #1413, #617, .T. ) ;
#9 = CYLINDRICAL_SURFACE ( 'NONE', #997, 0.2400000000000000189 ) ;
#10 = EDGE_CURVE ( 'NONE', #3484, #493, #3523, .T. ) ;
#11 = VERTEX_POINT ( 'NONE', #1865 ) ;
#12 = FACE_OUTER_BOUND ( 'NONE', #1824, .T. ) ;
#13 = CARTESIAN_POINT ( 'NONE',  ( -0.2000000000000000111, -0.2600000000000000089, -3.184081677782999738E-17 ) ) ;
#14 = FACE_OUTER_BOUND ( 'NONE', #1139, .T. ) ;
#15 = CARTESIAN_POINT ( 'NONE',  ( 0.0000000000000000000, 0.0000000000000000000, 0.06010000000000000064 ) ) ;
#16 = VERTEX_POINT ( 'NONE', #3206 ) ;
#17 = DIRECTION ( 'NONE',  ( -1.000000000000000000, -0.0000000000000000000, -0.0000000000000000000 ) ) ;
#18 = ADVANCED_BREP_SHAPE_REPRESENTATION ( '', ( #3920, #269 ), #1045 ) ;
#19 = MECHANICAL_DESIGN_GEOMETRIC_PRESENTATION_REPRESENTATION (  '', ( #4253 ), #154 ) ;
#20 = DIRECTION ( 'NONE',  ( 0.0000000000000000000, -0.0000000000000000000, -1.000000000000000000 ) ) ;
#21 =( NAMED_UNIT ( * ) SI_UNIT ( $, .STERADIAN. ) SOLID_ANGLE_UNIT ( ) );
#22 = UNCERTAINTY_MEASURE_WITH_UNIT (LENGTH_MEASURE( 1.000000000000000082E-05 ), #2817, 'distance_accuracy_value', 'NONE');
#23 =( GEOMETRIC_REPRESENTATION_CONTEXT ( 3 ) GLOBAL_UNCERTAINTY_ASSIGNED_CONTEXT ( ( #1768 ) ) GLOBAL_UNIT_ASSIGNED_CONTEXT ( ( #3904, #28, #330 ) ) REPRESENTATION_CONTEXT ( 'NONE', 'WORKASPACE' ) );
#24 = EDGE_LOOP ( 'NONE', ( #1469, #2888, #3249, #1003 ) ) ;
#25 =( GEOMETRIC_REPRESENTATION_CONTEXT ( 3 ) GLOBAL_UNCERTAINTY_ASSIGNED_CONTEXT ( ( #3495 ) ) GLOBAL_UNIT_ASSIGNED_CONTEXT ( ( #3476, #842, #1926 ) ) REPRESENTATION_CONTEXT ( 'NONE', 'WORKASPACE' ) );
#26 = CARTESIAN_POINT ( 'NONE',  ( 0.3275140453870559187, 0.2600000000001834732, 0.05999999999999999778 ) ) ;
#27 = PRESENTATION_LAYER_ASSIGNMENT (  '', '', ( #1876 ) ) ;
#28 =( NAMED_UNIT ( * ) PLANE_ANGLE_UNIT ( ) SI_UNIT ( $, .RADIAN. ) );
#29 = PRODUCT_DEFINITION_FORMATION_WITH_SPECIFIED_SOURCE ( 'ANY', '', #1215, .NOT_KNOWN. ) ;
#30 = MECHANICAL_DESIGN_GEOMETRIC_PRESENTATION_REPRESENTATION (  '', ( #1336 ), #2988 ) ;
#31 = PRESENTATION_LAYER_ASSIGNMENT (  '', '', ( #165 ) ) ;
#32 = PRESENTATION_LAYER_ASSIGNMENT (  '', '', ( #1665 ) ) ;
#33 =( GEOMETRIC_REPRESENTATION_CONTEXT ( 3 ) GLOBAL_UNCERTAINTY_ASSIGNED_CONTEXT ( ( #2041 ) ) GLOBAL_UNIT_ASSIGNED_CONTEXT ( ( #1037, #710, #1360 ) ) REPRESENTATION_CONTEXT ( 'NONE', 'WORKASPACE' ) );
#34 = LINE ( 'NONE', #3027, #443 ) ;
#35 = ORIENTED_EDGE ( 'NONE', *, *, #1779, .T. ) ;
#36 = APPLICATION_CONTEXT ( 'automotive_design' ) ;
#37 = VECTOR ( 'NONE', #2514, 1000.000000000000000 ) ;
#38 = COLOUR_RGB ( '',0.7803921568627451011, 0.5686274509803921351, 0.1137254901960784298 ) ;
#39 =( NAMED_UNIT ( * ) SI_UNIT ( $, .STERADIAN. ) SOLID_ANGLE_UNIT ( ) );
#40 = EDGE_CURVE ( 'NONE', #2936, #222, #1166, .T. ) ;
#41 = UNCERTAINTY_MEASURE_WITH_UNIT (LENGTH_MEASURE( 1.000000000000000082E-05 ), #2496, 'distance_accuracy_value', 'NONE');
#42 =( NAMED_UNIT ( * ) SI_UNIT ( $, .STERADIAN. ) SOLID_ANGLE_UNIT ( ) );
#43 = CARTESIAN_POINT ( 'NONE',  ( -0.3875192319071404379, 0.2999999999999999889, 0.02000000000000003858 ) ) ;
#44 = AXIS2_PLACEMENT_3D ( 'NONE', #2289, #989, #2310 ) ;
#45 = PRESENTATION_STYLE_ASSIGNMENT (( #2007 ) ) ;
#46 = CARTESIAN_POINT ( 'NONE',  ( 0.3713942890050412338, 0.2600000000000000089, 0.02000000000000000042 ) ) ;
#47 =( NAMED_UNIT ( * ) PLANE_ANGLE_UNIT ( ) SI_UNIT ( $, .RADIAN. ) );
#48 = CARTESIAN_POINT ( 'NONE',  ( 0.5500000000000000444, 0.3499999999999999778, 4.286263797016499571E-17 ) ) ;
#49 = ORIENTED_EDGE ( 'NONE', *, *, #3989, .F. ) ;
#50 = EDGE_LOOP ( 'NONE', ( #696, #1443, #605, #2422 ) ) ;
#51 = MECHANICAL_DESIGN_GEOMETRIC_PRESENTATION_REPRESENTATION (  '', ( #861 ), #598 ) ;
#52 = FILL_AREA_STYLE_COLOUR ( '', #1422 ) ;
#53 = DIRECTION ( 'NONE',  ( -0.0000000000000000000, -1.000000000000000000, 0.0000000000000000000 ) ) ;
#54 = VECTOR ( 'NONE', #2344, 1000.000000000000000 ) ;
#55 = ORIENTED_EDGE ( 'NONE', *, *, #1930, .T. ) ;
#56 = AXIS2_PLACEMENT_3D ( 'NONE', #13, #2668, #288 ) ;
#57 = FILL_AREA_STYLE ('',( #3008 ) ) ;
#58 = DIRECTION ( 'NONE',  ( -0.0000000000000000000, 0.0000000000000000000, 1.000000000000000000 ) ) ;
#59 = CARTESIAN_POINT ( 'NONE',  ( -0.05000000000000000278, 0.1499999999999999944, -0.01000000000000000021 ) ) ;
#60 = APPLICATION_CONTEXT ( 'automotive_design' ) ;
#61 = EDGE_CURVE ( 'NONE', #851, #3898, #892, .T. ) ;
#62 = CARTESIAN_POINT ( 'NONE',  ( -0.5500000000000000444, -0.3499999999999999778, -4.286263797015499320E-17 ) ) ;
#63 =( NAMED_UNIT ( * ) PLANE_ANGLE_UNIT ( ) SI_UNIT ( $, .RADIAN. ) );
#64 = PRESENTATION_STYLE_ASSIGNMENT (( #1383 ) ) ;
#65 = EDGE_CURVE ( 'NONE', #1435, #669, #2962, .T. ) ;
#66 = ORIENTED_EDGE ( 'NONE', *, *, #546, .F. ) ;
#67 = DIRECTION ( 'NONE',  ( -0.0000000000000000000, -0.0000000000000000000, -1.000000000000000000 ) ) ;
#68 = ORIENTED_EDGE ( 'NONE', *, *, #2768, .T. ) ;
#69 = SURFACE_STYLE_FILL_AREA ( #1316 ) ;
#70 = FACE_OUTER_BOUND ( 'NONE', #737, .T. ) ;
#71 = EDGE_LOOP ( 'NONE', ( #909, #2129, #2236, #3285 ) ) ;
#72 = EDGE_CURVE ( 'NONE', #3021, #3024, #884, .T. ) ;
#73 = SURFACE_SIDE_STYLE ('',( #1057 ) ) ;
#74 = ORIENTED_EDGE ( 'NONE', *, *, #1420, .F. ) ;
#75 = FACE_OUTER_BOUND ( 'NONE', #3928, .T. ) ;
#76 = UNCERTAINTY_MEASURE_WITH_UNIT (LENGTH_MEASURE( 1.000000000000000082E-05 ), #1248, 'distance_accuracy_value', 'NONE');
#77 = CARTESIAN_POINT ( 'NONE',  ( 0.2000000000000000111, 0.2999999999999999889, 0.02000000000000000042 ) ) ;
#78 =( NAMED_UNIT ( * ) PLANE_ANGLE_UNIT ( ) SI_UNIT ( $, .RADIAN. ) );
#79 = DIRECTION ( 'NONE',  ( -0.0000000000000000000, 1.000000000000000000, 1.034036596358999946E-18 ) ) ;
#80 = PLANE ( 'NONE',  #1524 ) ;
#81 = DIRECTION ( 'NONE',  ( 0.0000000000000000000, 0.0000000000000000000, 1.000000000000000000 ) ) ;
#82 = EDGE_LOOP ( 'NONE', ( #2083, #2677, #4143, #2057 ) ) ;
#83 = ORIENTED_EDGE ( 'NONE', *, *, #4296, .T. ) ;
#84 = LINE ( 'NONE', #2393, #179 ) ;
#85 = CARTESIAN_POINT ( 'NONE',  ( -0.05000000000000000278, -0.1500000000000000222, -1.163291170903874963E-19 ) ) ;
#86 = EDGE_CURVE ( 'NONE', #363, #3953, #3866, .T. ) ;
#87 = ORIENTED_EDGE ( 'NONE', *, *, #3733, .T. ) ;
#88 = LINE ( 'NONE', #2373, #609 ) ;
#89 = CARTESIAN_POINT ( 'NONE',  ( -0.4999999999999551470, 0.1563508326896407286, -3.100504632490238188E-17 ) ) ;
#90 = ORIENTED_EDGE ( 'NONE', *, *, #1005, .F. ) ;
#91 =( GEOMETRIC_REPRESENTATION_CONTEXT ( 3 ) GLOBAL_UNCERTAINTY_ASSIGNED_CONTEXT ( ( #162 ) ) GLOBAL_UNIT_ASSIGNED_CONTEXT ( ( #4050, #3162, #171 ) ) REPRESENTATION_CONTEXT ( 'NONE', 'WORKASPACE' ) );
#92 = CARTESIAN_POINT ( 'NONE',  ( -0.4949999999999222799, 0.1577111547697281346, -1.931404608786746271E-17 ) ) ;
#93 = PLANE ( 'NONE',  #2317 ) ;
#94 = EDGE_CURVE ( 'NONE', #16, #413, #3380, .T. ) ;
#95 = AXIS2_PLACEMENT_3D ( 'NONE', #2805, #845, #4145 ) ;
#96 = ORIENTED_EDGE ( 'NONE', *, *, #1827, .F. ) ;
#97 =( GEOMETRIC_REPRESENTATION_CONTEXT ( 3 ) GLOBAL_UNCERTAINTY_ASSIGNED_CONTEXT ( ( #847 ) ) GLOBAL_UNIT_ASSIGNED_CONTEXT ( ( #1042, #4075, #3678 ) ) REPRESENTATION_CONTEXT ( 'NONE', 'WORKASPACE' ) );
#98 = AXIS2_PLACEMENT_3D ( 'NONE', #801, #1781, #2119 ) ;
#99 = LINE ( 'NONE', #1035, #1590 ) ;
#100 = SURFACE_SIDE_STYLE ('',( #1761 ) ) ;
#101 = LINE ( 'NONE', #2323, #1265 ) ;
#102 = LINE ( 'NONE', #2051, #1946 ) ;
#103 = VECTOR ( 'NONE', #1651, 1000.000000000000000 ) ;
#104 =( NAMED_UNIT ( * ) SI_UNIT ( $, .STERADIAN. ) SOLID_ANGLE_UNIT ( ) );
#105 = MECHANICAL_DESIGN_GEOMETRIC_PRESENTATION_REPRESENTATION (  '', ( #3557 ), #782 ) ;
#106 =( NAMED_UNIT ( * ) PLANE_ANGLE_UNIT ( ) SI_UNIT ( $, .RADIAN. ) );
#107 = ORIENTED_EDGE ( 'NONE', *, *, #204, .F. ) ;
#108 =( GEOMETRIC_REPRESENTATION_CONTEXT ( 3 ) GLOBAL_UNCERTAINTY_ASSIGNED_CONTEXT ( ( #41 ) ) GLOBAL_UNIT_ASSIGNED_CONTEXT ( ( #2496, #513, #3931 ) ) REPRESENTATION_CONTEXT ( 'NONE', 'WORKASPACE' ) );
#109 =( NAMED_UNIT ( * ) SI_UNIT ( $, .STERADIAN. ) SOLID_ANGLE_UNIT ( ) );
#110 = EDGE_LOOP ( 'NONE', ( #4199, #2701, #4011, #3041 ) ) ;
#111 = FILL_AREA_STYLE_COLOUR ( '', #636 ) ;
#112 = ORIENTED_EDGE ( 'NONE', *, *, #247, .F. ) ;
#113 = COLOUR_RGB ( '',0.7803921568627451011, 0.5686274509803921351, 0.1137254901960784298 ) ;
#114 = EDGE_CURVE ( 'NONE', #1615, #875, #2492, .T. ) ;
#115 = DIRECTION ( 'NONE',  ( 0.0000000000000000000, 1.000000000000000000, -1.129377263005733621E-16 ) ) ;
#116 = APPLICATION_CONTEXT ( 'automotive_design' ) ;
#117 = VERTEX_POINT ( 'NONE', #2906 ) ;
#118 = LINE ( 'NONE', #1856, #314 ) ;
#119 =( GEOMETRIC_REPRESENTATION_CONTEXT ( 3 ) GLOBAL_UNCERTAINTY_ASSIGNED_CONTEXT ( ( #977 ) ) GLOBAL_UNIT_ASSIGNED_CONTEXT ( ( #1947, #2953, #2031 ) ) REPRESENTATION_CONTEXT ( 'NONE', 'WORKASPACE' ) );
#120 = CARTESIAN_POINT ( 'NONE',  ( -0.2999999999999999889, -0.2999999999999999889, 0.1250000000000000000 ) ) ;
#121 = CARTESIAN_POINT ( 'NONE',  ( 0.4949999999999999956, 0.2999999999999999889, 0.05999999999999999778 ) ) ;
#122 = DIRECTION ( 'NONE',  ( 0.0000000000000000000, 0.0000000000000000000, -1.000000000000000000 ) ) ;
#123 = APPLICATION_PROTOCOL_DEFINITION ( 'draft international standard', 'automotive_design', 1998, #277 ) ;
#124 = CARTESIAN_POINT ( 'NONE',  ( -0.3713942890050658252, 0.2600000000000332046, 3.184081677784106609E-17 ) ) ;
#125 = DIRECTION ( 'NONE',  ( 0.0000000000000000000, 0.0000000000000000000, -1.000000000000000000 ) ) ;
#126 = ORIENTED_EDGE ( 'NONE', *, *, #3822, .F. ) ;
#127 = CARTESIAN_POINT ( 'NONE',  ( 0.1000000000000000056, 0.2999999999999999889, -0.01000000000000000021 ) ) ;
#128 = MECHANICAL_DESIGN_GEOMETRIC_PRESENTATION_REPRESENTATION (  '', ( #4156 ), #2820 ) ;
#129 = CARTESIAN_POINT ( 'NONE',  ( -0.5500000000000000444, 0.3499999999999999778, 0.02000000000000000042 ) ) ;
#130 = ORIENTED_EDGE ( 'NONE', *, *, #2672, .T. ) ;
#131 = CYLINDRICAL_SURFACE ( 'NONE', #2296, 0.2400000000000000466 ) ;
#132 = VERTEX_POINT ( 'NONE', #1625 ) ;
#133 = VERTEX_POINT ( 'NONE', #2890 ) ;
#134 = DIRECTION ( 'NONE',  ( -0.0000000000000000000, 0.0000000000000000000, 1.000000000000000000 ) ) ;
#135 = ADVANCED_FACE ( 'NONE', ( #579 ), #2972, .T. ) ;
#136 = SURFACE_STYLE_FILL_AREA ( #2465 ) ;
#137 = ORIENTED_EDGE ( 'NONE', *, *, #3870, .T. ) ;
#138 = CARTESIAN_POINT ( 'NONE',  ( -0.2999999999999999889, -0.2999999999999999889, 0.0000000000000000000 ) ) ;
#139 = ADVANCED_FACE ( 'NONE', ( #637 ), #1948, .T. ) ;
#140 =( NAMED_UNIT ( * ) PLANE_ANGLE_UNIT ( ) SI_UNIT ( $, .RADIAN. ) );
#141 = FACE_OUTER_BOUND ( 'NONE', #4158, .T. ) ;
#142 =( BOUNDED_CURVE ( )  B_SPLINE_CURVE ( 3, ( #1572, #2461, #2217, #2195 ),
 .UNSPECIFIED., .F., .T. ) 
 B_SPLINE_CURVE_WITH_KNOTS ( ( 4, 4 ),
 ( 4.712388980384689674, 6.283185307179586232 ),
 .UNSPECIFIED. ) 
 CURVE ( )  GEOMETRIC_REPRESENTATION_ITEM ( )  RATIONAL_B_SPLINE_CURVE ( ( 1.000000000000000000, 0.8047378541243649375, 0.8047378541243649375, 1.000000000000000000 ) ) 
 REPRESENTATION_ITEM ( '' )  );
#143 = PLANE ( 'NONE',  #1623 ) ;
#144 = EDGE_CURVE ( 'NONE', #4018, #602, #3735, .T. ) ;
#145 =( NAMED_UNIT ( * ) SI_UNIT ( $, .STERADIAN. ) SOLID_ANGLE_UNIT ( ) );
#146 = FILL_AREA_STYLE_COLOUR ( '', #3479 ) ;
#147 = UNCERTAINTY_MEASURE_WITH_UNIT (LENGTH_MEASURE( 1.000000000000000082E-05 ), #1512, 'distance_accuracy_value', 'NONE');
#148 = DIRECTION ( 'NONE',  ( 0.0000000000000000000, 0.0000000000000000000, 1.000000000000000000 ) ) ;
#149 =( NAMED_UNIT ( * ) PLANE_ANGLE_UNIT ( ) SI_UNIT ( $, .RADIAN. ) );
#150 = EDGE_LOOP ( 'NONE', ( #4284, #987, #2177, #797 ) ) ;
#151 =( NAMED_UNIT ( * ) SI_UNIT ( $, .STERADIAN. ) SOLID_ANGLE_UNIT ( ) );
#152 =( NAMED_UNIT ( * ) SI_UNIT ( $, .STERADIAN. ) SOLID_ANGLE_UNIT ( ) );
#153 = ORIENTED_EDGE ( 'NONE', *, *, #3924, .T. ) ;
#154 =( GEOMETRIC_REPRESENTATION_CONTEXT ( 3 ) GLOBAL_UNCERTAINTY_ASSIGNED_CONTEXT ( ( #3225 ) ) GLOBAL_UNIT_ASSIGNED_CONTEXT ( ( #3956, #1239, #1545 ) ) REPRESENTATION_CONTEXT ( 'NONE', 'WORKASPACE' ) );
#155 = ORIENTED_EDGE ( 'NONE', *, *, #2548, .T. ) ;
#156 = LINE ( 'NONE', #743, #2019 ) ;
#157 = CARTESIAN_POINT ( 'NONE',  ( -0.5500000000000000444, -0.3499999999999999778, 4.286263797015999754E-17 ) ) ;
#158 = AXIS2_PLACEMENT_3D ( 'NONE', #1760, #2551, #3086 ) ;
#159 = ORIENTED_EDGE ( 'NONE', *, *, #2939, .T. ) ;
#160 = AXIS2_PLACEMENT_3D ( 'NONE', #1968, #2611, #639 ) ;
#161 =( LENGTH_UNIT ( ) NAMED_UNIT ( * ) SI_UNIT ( .MILLI., .METRE. ) );
#162 = UNCERTAINTY_MEASURE_WITH_UNIT (LENGTH_MEASURE( 1.000000000000000082E-05 ), #4050, 'distance_accuracy_value', 'NONE');
#163 = DIRECTION ( 'NONE',  ( 1.000000000000000000, 0.0000000000000000000, 0.0000000000000000000 ) ) ;
#164 = COLOUR_RGB ( '',0.8274509803921568096, 0.8274509803921568096, 0.8274509803921568096 ) ;
#165 = STYLED_ITEM ( 'NONE', ( #2804 ), #1183 ) ;
#166 = PRODUCT_DEFINITION_FORMATION_WITH_SPECIFIED_SOURCE ( 'ANY', '', #1831, .NOT_KNOWN. ) ;
#167 = SURFACE_SIDE_STYLE ('',( #3453 ) ) ;
#168 = EDGE_CURVE ( 'NONE', #2175, #2295, #3986, .T. ) ;
#169 = APPLICATION_PROTOCOL_DEFINITION ( 'draft international standard', 'automotive_design', 1998, #2622 ) ;
#170 = CARTESIAN_POINT ( 'NONE',  ( 0.1000000000000000194, 0.2999999999999999889, 0.0000000000000000000 ) ) ;
#171 =( NAMED_UNIT ( * ) SI_UNIT ( $, .STERADIAN. ) SOLID_ANGLE_UNIT ( ) );
#172 =( GEOMETRIC_REPRESENTATION_CONTEXT ( 3 ) GLOBAL_UNCERTAINTY_ASSIGNED_CONTEXT ( ( #4211 ) ) GLOBAL_UNIT_ASSIGNED_CONTEXT ( ( #4182, #3517, #2206 ) ) REPRESENTATION_CONTEXT ( 'NONE', 'WORKASPACE' ) );
#173 = COLOUR_RGB ( '',0.7803921568627451011, 0.5686274509803921351, 0.1137254901960784298 ) ;
#174 = DIRECTION ( 'NONE',  ( 0.0000000000000000000, 0.0000000000000000000, 1.000000000000000000 ) ) ;
#175 = COLOUR_RGB ( '',0.7803921568627451011, 0.5686274509803921351, 0.1137254901960784298 ) ;
#176 =( GEOMETRIC_REPRESENTATION_CONTEXT ( 3 ) GLOBAL_UNCERTAINTY_ASSIGNED_CONTEXT ( ( #1438 ) ) GLOBAL_UNIT_ASSIGNED_CONTEXT ( ( #2446, #3082, #3836 ) ) REPRESENTATION_CONTEXT ( 'NONE', 'WORKASPACE' ) );
#177 = ORIENTED_EDGE ( 'NONE', *, *, #2140, .F. ) ;
#178 = ORIENTED_EDGE ( 'NONE', *, *, #3372, .T. ) ;
#179 = VECTOR ( 'NONE', #2806, 1000.000000000000000 ) ;
#180 = ORIENTED_EDGE ( 'NONE', *, *, #86, .T. ) ;
#181 = DIRECTION ( 'NONE',  ( 0.0000000000000000000, -1.000000000000000000, -1.034036596358999946E-18 ) ) ;
#182 = FILL_AREA_STYLE_COLOUR ( '', #656 ) ;
#183 = DIRECTION ( 'NONE',  ( 0.0000000000000000000, 1.000000000000000000, -1.224646799146999699E-16 ) ) ;
#184 = ORIENTED_EDGE ( 'NONE', *, *, #1656, .F. ) ;
#185 = AXIS2_PLACEMENT_3D ( 'NONE', #1975, #3668, #3311 ) ;
#186 = CYLINDRICAL_SURFACE ( 'NONE', #230, 0.005000000000000013115 ) ;
#187 = AXIS2_PLACEMENT_3D ( 'NONE', #2613, #3373, #2333 ) ;
#188 = DIRECTION ( 'NONE',  ( 0.0000000000000000000, -0.0000000000000000000, 1.000000000000000000 ) ) ;
#189 = SURFACE_SIDE_STYLE ('',( #3797 ) ) ;
#190 = CARTESIAN_POINT ( 'NONE',  ( 0.5000000000000000000, 0.2999999999999999889, 0.0000000000000000000 ) ) ;
#191 = ITEM_DEFINED_TRANSFORMATION ( 'NONE', 'NONE', #2573,  #269 ) ;
#192 = PRESENTATION_LAYER_ASSIGNMENT (  '', '', ( #2255 ) ) ;
#193 =( LENGTH_UNIT ( ) NAMED_UNIT ( * ) SI_UNIT ( .MILLI., .METRE. ) );
#194 = DIRECTION ( 'NONE',  ( 9.274621392321998436E-15, 1.000000000000000000, 0.0000000000000000000 ) ) ;
#195 = PRESENTATION_STYLE_ASSIGNMENT (( #735 ) ) ;
#196 = SURFACE_STYLE_FILL_AREA ( #1196 ) ;
#197 = ADVANCED_FACE ( 'NONE', ( #714 ), #80, .T. ) ;
#198 = VECTOR ( 'NONE', #3361, 1000.000000000000000 ) ;
#199 =( NAMED_UNIT ( * ) PLANE_ANGLE_UNIT ( ) SI_UNIT ( $, .RADIAN. ) );
#200 = DIRECTION ( 'NONE',  ( 0.0000000000000000000, 1.000000000000000000, -1.224646799146999699E-16 ) ) ;
#201 = ORIENTED_EDGE ( 'NONE', *, *, #1871, .F. ) ;
#202 =( NAMED_UNIT ( * ) PLANE_ANGLE_UNIT ( ) SI_UNIT ( $, .RADIAN. ) );
#203 = CARTESIAN_POINT ( 'NONE',  ( -0.4949999999999999956, -0.2999999999999999889, 0.02000000000000000042 ) ) ;
#204 = EDGE_CURVE ( 'NONE', #2175, #2113, #3036, .T. ) ;
#205 = ORIENTED_EDGE ( 'NONE', *, *, #2337, .F. ) ;
#206 = VERTEX_POINT ( 'NONE', #1409 ) ;
#207 =( LENGTH_UNIT ( ) NAMED_UNIT ( * ) SI_UNIT ( .MILLI., .METRE. ) );
#208 = AXIS2_PLACEMENT_3D ( 'NONE', #2148, #3482, #1822 ) ;
#209 = EDGE_CURVE ( 'NONE', #1202, #3322, #2414, .T. ) ;
#210 = FILL_AREA_STYLE_COLOUR ( '', #1198 ) ;
#211 = ORIENTED_EDGE ( 'NONE', *, *, #3638, .T. ) ;
#212 = CARTESIAN_POINT ( 'NONE',  ( -0.2999999999999999889, 0.2999999999999999889, 0.0000000000000000000 ) ) ;
#213 = SURFACE_STYLE_USAGE ( .BOTH. , #189 ) ;
#214 = DIRECTION ( 'NONE',  ( -1.000000000000000000, -9.566489757225037615E-16, 0.0000000000000000000 ) ) ;
#215 = LINE ( 'NONE', #4254, #2676 ) ;
#216 = SURFACE_STYLE_FILL_AREA ( #557 ) ;
#217 = FACE_OUTER_BOUND ( 'NONE', #220, .T. ) ;
#218 =( LENGTH_UNIT ( ) NAMED_UNIT ( * ) SI_UNIT ( .MILLI., .METRE. ) );
#219 = DIRECTION ( 'NONE',  ( 0.0000000000000000000, 0.0000000000000000000, 1.000000000000000000 ) ) ;
#220 = EDGE_LOOP ( 'NONE', ( #543, #3895, #1514, #889 ) ) ;
#221 = CYLINDRICAL_SURFACE ( 'NONE', #4003, 0.1700000000000000122 ) ;
#222 = VERTEX_POINT ( 'NONE', #2389 ) ;
#223 = ORIENTED_EDGE ( 'NONE', *, *, #1817, .T. ) ;
#224 = DIRECTION ( 'NONE',  ( 9.274621392321998436E-15, -1.000000000000000000, 0.0000000000000000000 ) ) ;
#225 = EDGE_CURVE ( 'NONE', #1526, #3021, #1363, .T. ) ;
#226 = SURFACE_STYLE_FILL_AREA ( #3872 ) ;
#227 = DIRECTION ( 'NONE',  ( 0.0000000000000000000, 0.0000000000000000000, 1.000000000000000000 ) ) ;
#228 = PRESENTATION_STYLE_ASSIGNMENT (( #213 ) ) ;
#229 = PLANE ( 'NONE',  #2857 ) ;
#230 = AXIS2_PLACEMENT_3D ( 'NONE', #3470, #4109, #163 ) ;
#231 =( GEOMETRIC_REPRESENTATION_CONTEXT ( 3 ) GLOBAL_UNCERTAINTY_ASSIGNED_CONTEXT ( ( #2609 ) ) GLOBAL_UNIT_ASSIGNED_CONTEXT ( ( #453, #3119, #152 ) ) REPRESENTATION_CONTEXT ( 'NONE', 'WORKASPACE' ) );
#232 = FILL_AREA_STYLE ('',( #3200 ) ) ;
#233 =( NAMED_UNIT ( * ) SI_UNIT ( $, .STERADIAN. ) SOLID_ANGLE_UNIT ( ) );
#234 = SURFACE_STYLE_FILL_AREA ( #2495 ) ;
#235 = AXIS2_PLACEMENT_3D ( 'NONE', #4241, #1172, #870 ) ;
#236 = CARTESIAN_POINT ( 'NONE',  ( 0.5500000000000000444, 0.3499999999999999778, 0.0000000000000000000 ) ) ;
#237 = AXIS2_PLACEMENT_3D ( 'NONE', #441, #1427, #4024 ) ;
#238 = VECTOR ( 'NONE', #1598, 1000.000000000000000 ) ;
#239 = ORIENTED_EDGE ( 'NONE', *, *, #2990, .F. ) ;
#240 = EDGE_LOOP ( 'NONE', ( #2524, #3028, #350, #4123 ) ) ;
#241 = AXIS2_PLACEMENT_3D ( 'NONE', #2489, #3787, #1756 ) ;
#242 = MECHANICAL_DESIGN_GEOMETRIC_PRESENTATION_REPRESENTATION (  '', ( #3149 ), #2924 ) ;
#243 = FILL_AREA_STYLE_COLOUR ( '', #175 ) ;
#244 = CARTESIAN_POINT ( 'NONE',  ( -0.2975000000000000977, 0.2974999999999999867, 0.1250000000000000000 ) ) ;
#245 = MECHANICAL_DESIGN_GEOMETRIC_PRESENTATION_REPRESENTATION (  '', ( #926 ), #2999 ) ;
#246 = CARTESIAN_POINT ( 'NONE',  ( 0.1000000000000000056, 0.2999999999999999889, 0.0000000000000000000 ) ) ;
#247 = EDGE_CURVE ( 'NONE', #1047, #2985, #4005, .T. ) ;
#248 = PRODUCT_DEFINITION_CONTEXT ( 'detailed design', #4286, 'design' ) ;
#249 =( NAMED_UNIT ( * ) SI_UNIT ( $, .STERADIAN. ) SOLID_ANGLE_UNIT ( ) );
#250 = PRESENTATION_LAYER_ASSIGNMENT (  '', '', ( #2097 ) ) ;
#251 = VERTEX_POINT ( 'NONE', #1008 ) ;
#252 =( GEOMETRIC_REPRESENTATION_CONTEXT ( 3 ) GLOBAL_UNCERTAINTY_ASSIGNED_CONTEXT ( ( #1925 ) ) GLOBAL_UNIT_ASSIGNED_CONTEXT ( ( #4015, #1029, #3356 ) ) REPRESENTATION_CONTEXT ( 'NONE', 'WORKASPACE' ) );
#253 = UNCERTAINTY_MEASURE_WITH_UNIT (LENGTH_MEASURE( 1.000000000000000082E-05 ), #739, 'distance_accuracy_value', 'NONE');
#254 = DIRECTION ( 'NONE',  ( -1.000000000000000000, 0.0000000000000000000, 0.0000000000000000000 ) ) ;
#255 = PRESENTATION_STYLE_ASSIGNMENT (( #887 ) ) ;
#256 = FACE_OUTER_BOUND ( 'NONE', #2324, .T. ) ;
#257 = VECTOR ( 'NONE', #1912, 1000.000000000000000 ) ;
#258 = VECTOR ( 'NONE', #555, 1000.000000000000000 ) ;
#259 = CARTESIAN_POINT ( 'NONE',  ( -0.4749999999999999778, -0.1645950378230000011, 2.015707862250000449E-17 ) ) ;
#260 = SURFACE_SIDE_STYLE ('',( #2128 ) ) ;
#261 = VERTEX_POINT ( 'NONE', #3660 ) ;
#262 = ORIENTED_EDGE ( 'NONE', *, *, #1343, .T. ) ;
#263 = PRESENTATION_LAYER_ASSIGNMENT (  '', '', ( #4225 ) ) ;
#264 = SURFACE_SIDE_STYLE ('',( #3527 ) ) ;
#265 = PLANE ( 'NONE',  #2249 ) ;
#266 = DIRECTION ( 'NONE',  ( -0.0000000000000000000, -0.0000000000000000000, -1.000000000000000000 ) ) ;
#267 = SURFACE_STYLE_FILL_AREA ( #955 ) ;
#268 = ORIENTED_EDGE ( 'NONE', *, *, #2542, .T. ) ;
#269 = AXIS2_PLACEMENT_3D ( 'NONE', #3607, #81, #1364 ) ;
#270 = EDGE_CURVE ( 'NONE', #746, #3708, #693, .T. ) ;
#271 =( NAMED_UNIT ( * ) PLANE_ANGLE_UNIT ( ) SI_UNIT ( $, .RADIAN. ) );
#272 = DIRECTION ( 'NONE',  ( -1.000000000000000000, 0.0000000000000000000, 0.0000000000000000000 ) ) ;
#273 = PRESENTATION_STYLE_ASSIGNMENT (( #1240 ) ) ;
#274 = ORIENTED_EDGE ( 'NONE', *, *, #2330, .T. ) ;
#275 = CARTESIAN_POINT ( 'NONE',  ( 0.4949999999999999956, 0.1891429205787729384, 0.02000000000000002123 ) ) ;
#276 = EDGE_CURVE ( 'NONE', #493, #481, #2010, .T. ) ;
#277 = APPLICATION_CONTEXT ( 'automotive_design' ) ;
#278 = FILL_AREA_STYLE_COLOUR ( '', #3647 ) ;
#279 =( LENGTH_UNIT ( ) NAMED_UNIT ( * ) SI_UNIT ( .MILLI., .METRE. ) );
#280 = DIRECTION ( 'NONE',  ( -1.000000000000000000, -9.274621392321998436E-15, 1.135813540141000073E-30 ) ) ;
#281 = SURFACE_SIDE_STYLE ('',( #3899 ) ) ;
#282 = LINE ( 'NONE', #2912, #1324 ) ;
#283 = DIRECTION ( 'NONE',  ( 0.0000000000000000000, 1.000000000000000000, -1.355252715606880543E-16 ) ) ;
#284 = SURFACE_STYLE_USAGE ( .BOTH. , #627 ) ;
#285 = PRESENTATION_LAYER_ASSIGNMENT (  '', '', ( #1447 ) ) ;
#286 = EDGE_LOOP ( 'NONE', ( #4223, #1024, #1073, #2242 ) ) ;
#287 = CIRCLE ( 'NONE', #1994, 0.1700000000000000122 ) ;
#288 = DIRECTION ( 'NONE',  ( 0.0000000000000000000, 1.224646799146999945E-16, -1.000000000000000000 ) ) ;
#289 = SURFACE_STYLE_FILL_AREA ( #4256 ) ;
#290 = MECHANICAL_DESIGN_GEOMETRIC_PRESENTATION_REPRESENTATION (  '', ( #2707 ), #23 ) ;
#291 = CARTESIAN_POINT ( 'NONE',  ( 0.4949999999999999956, -0.2999999999999999889, 0.06000000000000000472 ) ) ;
#292 = VERTEX_POINT ( 'NONE', #2823 ) ;
#293 = CARTESIAN_POINT ( 'NONE',  ( -0.5500000000000000444, 0.3499999999999999778, 0.07999999999999997391 ) ) ;
#294 = EDGE_CURVE ( 'NONE', #1247, #4153, #1170, .T. ) ;
#295 = STYLED_ITEM ( 'NONE', ( #3701 ), #813 ) ;
#296 = PRODUCT_DEFINITION_FORMATION_WITH_SPECIFIED_SOURCE ( 'ANY', '', #970, .NOT_KNOWN. ) ;
#297 =( NAMED_UNIT ( * ) PLANE_ANGLE_UNIT ( ) SI_UNIT ( $, .RADIAN. ) );
#298 = SURFACE_STYLE_USAGE ( .BOTH. , #3261 ) ;
#299 = VECTOR ( 'NONE', #3667, 1000.000000000000000 ) ;
#300 = VECTOR ( 'NONE', #4052, 1000.000000000000000 ) ;
#301 = EDGE_CURVE ( 'NONE', #3374, #1554, #3161, .T. ) ;
#302 = PRESENTATION_STYLE_ASSIGNMENT (( #3324 ) ) ;
#303 = PRESENTATION_LAYER_ASSIGNMENT (  '', '', ( #368 ) ) ;
#304 = COLOUR_RGB ( '',0.7803921568627451011, 0.5686274509803921351, 0.1137254901960784298 ) ;
#305 = DIRECTION ( 'NONE',  ( -0.0000000000000000000, -0.0000000000000000000, 1.000000000000000000 ) ) ;
#306 =( NAMED_UNIT ( * ) PLANE_ANGLE_UNIT ( ) SI_UNIT ( $, .RADIAN. ) );
#307 = LINE ( 'NONE', #2269, #1592 ) ;
#308 = PRESENTATION_LAYER_ASSIGNMENT (  '', '', ( #3833 ) ) ;
#309 = AXIS2_PLACEMENT_3D ( 'NONE', #1955, #1368, #3286 ) ;
#310 = SURFACE_SIDE_STYLE ('',( #3218 ) ) ;
#311 = ORIENTED_EDGE ( 'NONE', *, *, #3583, .F. ) ;
#312 = FILL_AREA_STYLE ('',( #1321 ) ) ;
#313 = CARTESIAN_POINT ( 'NONE',  ( -0.4949999999999999956, -0.1891429205790000068, 0.02000000000000000042 ) ) ;
#314 = VECTOR ( 'NONE', #1104, 1000.000000000000000 ) ;
#315 = SURFACE_STYLE_FILL_AREA ( #1729 ) ;
#316 = CARTESIAN_POINT ( 'NONE',  ( -0.4949999999999611933, 0.1577111547697170046, 0.01999999999999997960 ) ) ;
#317 = ORIENTED_EDGE ( 'NONE', *, *, #2536, .T. ) ;
#318 = FACE_OUTER_BOUND ( 'NONE', #2882, .T. ) ;
#319 = UNCERTAINTY_MEASURE_WITH_UNIT (LENGTH_MEASURE( 1.000000000000000082E-05 ), #1725, 'distance_accuracy_value', 'NONE');
#320 = STYLED_ITEM ( 'NONE', ( #725 ), #3131 ) ;
#321 = DIRECTION ( 'NONE',  ( -1.000000000000000000, 0.0000000000000000000, 0.0000000000000000000 ) ) ;
#322 =( NAMED_UNIT ( * ) PLANE_ANGLE_UNIT ( ) SI_UNIT ( $, .RADIAN. ) );
#323 = FACE_OUTER_BOUND ( 'NONE', #925, .T. ) ;
#324 = ORIENTED_EDGE ( 'NONE', *, *, #2140, .T. ) ;
#325 = STYLED_ITEM ( 'NONE', ( #992 ), #3385 ) ;
#326 = UNCERTAINTY_MEASURE_WITH_UNIT (LENGTH_MEASURE( 1.000000000000000082E-05 ), #3166, 'distance_accuracy_value', 'NONE');
#327 = ORIENTED_EDGE ( 'NONE', *, *, #2335, .T. ) ;
#328 = DIRECTION ( 'NONE',  ( 0.0000000000000000000, 1.000000000000000000, 1.224646799146999945E-16 ) ) ;
#329 = ADVANCED_FACE ( 'NONE', ( #1134 ), #1110, .T. ) ;
#330 =( NAMED_UNIT ( * ) SI_UNIT ( $, .STERADIAN. ) SOLID_ANGLE_UNIT ( ) );
#331 = MECHANICAL_DESIGN_GEOMETRIC_PRESENTATION_REPRESENTATION (  '', ( #2258 ), #2602 ) ;
#332 = EDGE_CURVE ( 'NONE', #4277, #1247, #3135, .T. ) ;
#333 = STYLED_ITEM ( 'NONE', ( #2638 ), #4118 ) ;
#334 = SURFACE_SIDE_STYLE ('',( #267 ) ) ;
#335 = EDGE_LOOP ( 'NONE', ( #523, #4053, #1400, #2158 ) ) ;
#336 =( GEOMETRIC_REPRESENTATION_CONTEXT ( 3 ) GLOBAL_UNCERTAINTY_ASSIGNED_CONTEXT ( ( #799 ) ) GLOBAL_UNIT_ASSIGNED_CONTEXT ( ( #3375, #1972, #1352 ) ) REPRESENTATION_CONTEXT ( 'NONE', 'WORKASPACE' ) );
#337 = FACE_OUTER_BOUND ( 'NONE', #1421, .T. ) ;
#338 = LINE ( 'NONE', #1639, #3437 ) ;
#339 = FILL_AREA_STYLE_COLOUR ( '', #572 ) ;
#340 = SURFACE_STYLE_FILL_AREA ( #3885 ) ;
#341 = ORIENTED_EDGE ( 'NONE', *, *, #4113, .T. ) ;
#342 = CARTESIAN_POINT ( 'NONE',  ( 0.5000000000000000000, 0.2999999999999999889, 0.06000000000000000472 ) ) ;
#343 = DIRECTION ( 'NONE',  ( -0.0000000000000000000, -0.0000000000000000000, -1.000000000000000000 ) ) ;
#344 = DIRECTION ( 'NONE',  ( -0.0000000000000000000, 1.224646799146999945E-16, 1.000000000000000000 ) ) ;
#345 = ORIENTED_EDGE ( 'NONE', *, *, #3783, .F. ) ;
#346 = DIRECTION ( 'NONE',  ( 0.0000000000000000000, 0.0000000000000000000, 1.000000000000000000 ) ) ;
#347 = DIRECTION ( 'NONE',  ( 0.0000000000000000000, -0.0000000000000000000, -1.000000000000000000 ) ) ;
#348 = CARTESIAN_POINT ( 'NONE',  ( -0.5000000000000000000, 0.2085786437628452394, 0.0000000000000000000 ) ) ;
#349 = FACE_OUTER_BOUND ( 'NONE', #2964, .T. ) ;
#350 = ORIENTED_EDGE ( 'NONE', *, *, #2596, .F. ) ;
#351 = EDGE_CURVE ( 'NONE', #3333, #2719, #1452, .T. ) ;
#352 = MECHANICAL_DESIGN_GEOMETRIC_PRESENTATION_REPRESENTATION (  '', ( #1447 ), #2842 ) ;
#353 =( LENGTH_UNIT ( ) NAMED_UNIT ( * ) SI_UNIT ( .MILLI., .METRE. ) );
#354 = SURFACE_STYLE_FILL_AREA ( #2712 ) ;
#355 = EDGE_LOOP ( 'NONE', ( #1895, #359, #2420, #965 ) ) ;
#356 = DIRECTION ( 'NONE',  ( -0.0000000000000000000, 1.224646799146999945E-16, 1.000000000000000000 ) ) ;
#357 =( LENGTH_UNIT ( ) NAMED_UNIT ( * ) SI_UNIT ( .MILLI., .METRE. ) );
#358 = PRESENTATION_STYLE_ASSIGNMENT (( #964 ) ) ;
#359 = ORIENTED_EDGE ( 'NONE', *, *, #3738, .T. ) ;
#360 = STYLED_ITEM ( 'NONE', ( #1099 ), #788 ) ;
#361 = ORIENTED_EDGE ( 'NONE', *, *, #871, .F. ) ;
#362 = AXIS2_PLACEMENT_3D ( 'NONE', #1135, #2123, #2626 ) ;
#363 = VERTEX_POINT ( 'NONE', #2432 ) ;
#364 = MECHANICAL_DESIGN_GEOMETRIC_PRESENTATION_REPRESENTATION (  '', ( #4051 ), #2931 ) ;
#365 = CARTESIAN_POINT ( 'NONE',  ( -0.3275140453870559187, -0.2600000000001834732, 0.08000000000000001554 ) ) ;
#366 = ORIENTED_EDGE ( 'NONE', *, *, #2574, .F. ) ;
#367 = PRESENTATION_STYLE_ASSIGNMENT (( #2101 ) ) ;
#368 = STYLED_ITEM ( 'NONE', ( #634 ), #1904 ) ;
#369 = STYLED_ITEM ( 'NONE', ( #805 ), #1076 ) ;
#370 = DIRECTION ( 'NONE',  ( 0.0000000000000000000, -0.0000000000000000000, -1.000000000000000000 ) ) ;
#371 = VECTOR ( 'NONE', #3653, 1000.000000000000000 ) ;
#372 = ADVANCED_BREP_SHAPE_REPRESENTATION ( '', ( #3995, #269 ), #763 ) ;
#373 = VERTEX_POINT ( 'NONE', #3845 ) ;
#374 = STYLED_ITEM ( 'NONE', ( #766 ), #2352 ) ;
#375 =( GEOMETRIC_REPRESENTATION_CONTEXT ( 3 ) GLOBAL_UNCERTAINTY_ASSIGNED_CONTEXT ( ( #3745 ) ) GLOBAL_UNIT_ASSIGNED_CONTEXT ( ( #412, #1339, #2663 ) ) REPRESENTATION_CONTEXT ( 'NONE', 'WORKASPACE' ) );
#376 =( NAMED_UNIT ( * ) PLANE_ANGLE_UNIT ( ) SI_UNIT ( $, .RADIAN. ) );
#377 = UNCERTAINTY_MEASURE_WITH_UNIT (LENGTH_MEASURE( 1.000000000000000082E-05 ), #687, 'distance_accuracy_value', 'NONE');
#378 = EDGE_CURVE ( 'NONE', #2837, #1488, #3323, .T. ) ;
#379 = CARTESIAN_POINT ( 'NONE',  ( 0.1999999999999999833, -0.2600000000000000089, -2.006177025403370566E-33 ) ) ;
#380 = DIRECTION ( 'NONE',  ( 1.000000000000000000, 0.0000000000000000000, 0.0000000000000000000 ) ) ;
#381 = CARTESIAN_POINT ( 'NONE',  ( 0.3000000000000000444, 0.2950000000000000400, 0.0000000000000000000 ) ) ;
#382 = SURFACE_SIDE_STYLE ('',( #3341 ) ) ;
#383 =( GEOMETRIC_REPRESENTATION_CONTEXT ( 3 ) GLOBAL_UNCERTAINTY_ASSIGNED_CONTEXT ( ( #3276 ) ) GLOBAL_UNIT_ASSIGNED_CONTEXT ( ( #2069, #376, #39 ) ) REPRESENTATION_CONTEXT ( 'NONE', 'WORKASPACE' ) );
#384 = FACE_OUTER_BOUND ( 'NONE', #959, .T. ) ;
#385 = EDGE_CURVE ( 'NONE', #718, #3982, #287, .T. ) ;
#386 = FILL_AREA_STYLE ('',( #3345 ) ) ;
#387 = EDGE_LOOP ( 'NONE', ( #3791, #1933, #3608, #2067 ) ) ;
#388 = PRESENTATION_LAYER_ASSIGNMENT (  '', '', ( #861 ) ) ;
#389 = VERTEX_POINT ( 'NONE', #3883 ) ;
#390 =( NAMED_UNIT ( * ) SI_UNIT ( $, .STERADIAN. ) SOLID_ANGLE_UNIT ( ) );
#391 = DIRECTION ( 'NONE',  ( 0.0000000000000000000, 0.0000000000000000000, 1.000000000000000000 ) ) ;
#392 = PRESENTATION_LAYER_ASSIGNMENT (  '', '', ( #1009 ) ) ;
#393 = VECTOR ( 'NONE', #2971, 1000.000000000000000 ) ;
#394 = DIRECTION ( 'NONE',  ( 0.0000000000000000000, 1.000000000000000000, -1.129377263005733621E-16 ) ) ;
#395 = VERTEX_POINT ( 'NONE', #574 ) ;
#396 = FACE_OUTER_BOUND ( 'NONE', #3832, .T. ) ;
#397 = CARTESIAN_POINT ( 'NONE',  ( -0.2950000000000000400, 0.2950000000000000400, 0.0000000000000000000 ) ) ;
#398 = CARTESIAN_POINT ( 'NONE',  ( 0.4999999999999514277, 0.2085786437627077106, 0.08000000000000000167 ) ) ;
#399 = PRESENTATION_STYLE_ASSIGNMENT (( #2450 ) ) ;
#400 = VECTOR ( 'NONE', #266, 1000.000000000000000 ) ;
#401 = DIRECTION ( 'NONE',  ( 0.0000000000000000000, 1.000000000000000000, 1.224646799146999699E-16 ) ) ;
#402 = EDGE_CURVE ( 'NONE', #2526, #2175, #690, .T. ) ;
#403 = DIRECTION ( 'NONE',  ( 1.000000000000000000, 0.0000000000000000000, 0.0000000000000000000 ) ) ;
#404 = ORIENTED_EDGE ( 'NONE', *, *, #540, .T. ) ;
#405 = ORIENTED_EDGE ( 'NONE', *, *, #3681, .F. ) ;
#406 = CARTESIAN_POINT ( 'NONE',  ( 0.4949999999999999956, 0.2999999999999999889, 0.02000000000000000042 ) ) ;
#407 = SURFACE_STYLE_FILL_AREA ( #663 ) ;
#408 = STYLED_ITEM ( 'NONE', ( #3694 ), #3419 ) ;
#409 = ORIENTED_EDGE ( 'NONE', *, *, #270, .F. ) ;
#410 = ORIENTED_EDGE ( 'NONE', *, *, #711, .T. ) ;
#411 = FACE_OUTER_BOUND ( 'NONE', #3180, .T. ) ;
#412 =( LENGTH_UNIT ( ) NAMED_UNIT ( * ) SI_UNIT ( .MILLI., .METRE. ) );
#413 = VERTEX_POINT ( 'NONE', #3862 ) ;
#414 = UNCERTAINTY_MEASURE_WITH_UNIT (LENGTH_MEASURE( 1.000000000000000082E-05 ), #2530, 'distance_accuracy_value', 'NONE');
#415 = LINE ( 'NONE', #3030, #974 ) ;
#416 =( NAMED_UNIT ( * ) PLANE_ANGLE_UNIT ( ) SI_UNIT ( $, .RADIAN. ) );
#417 = DIRECTION ( 'NONE',  ( 0.0000000000000000000, 1.224646799146999945E-16, -1.000000000000000000 ) ) ;
#418 = DIRECTION ( 'NONE',  ( 0.0000000000000000000, 1.224646799146999945E-16, -1.000000000000000000 ) ) ;
#419 = CARTESIAN_POINT ( 'NONE',  ( -0.3000000000000000444, -0.2950000000000000400, 0.0000000000000000000 ) ) ;
#420 = MECHANICAL_DESIGN_GEOMETRIC_PRESENTATION_REPRESENTATION (  '', ( #3122 ), #2211 ) ;
#421 = ADVANCED_FACE ( 'NONE', ( #1566 ), #1941, .T. ) ;
#422 = ADVANCED_BREP_SHAPE_REPRESENTATION ( '', ( #3944, #269 ), #91 ) ;
#423 = ORIENTED_EDGE ( 'NONE', *, *, #385, .F. ) ;
#424 = VECTOR ( 'NONE', #1359, 1000.000000000000000 ) ;
#425 = FILL_AREA_STYLE ('',( #3390 ) ) ;
#426 = ORIENTED_EDGE ( 'NONE', *, *, #2596, .T. ) ;
#427 = PLANE ( 'NONE',  #610 ) ;
#428 = CARTESIAN_POINT ( 'NONE',  ( -0.2950000000000000400, 0.2950000000000000400, 0.0000000000000000000 ) ) ;
#429 = ADVANCED_FACE ( 'NONE', ( #912 ), #2235, .T. ) ;
#430 = EDGE_LOOP ( 'NONE', ( #3118, #1893, #1142, #1392 ) ) ;
#431 = CIRCLE ( 'NONE', #1873, 0.005000000000000013115 ) ;
#432 = PRESENTATION_LAYER_ASSIGNMENT (  '', '', ( #2983 ) ) ;
#433 = CARTESIAN_POINT ( 'NONE',  ( -0.2000000000000000111, -0.2999999999999999889, 0.02000000000000000042 ) ) ;
#434 = DIRECTION ( 'NONE',  ( -0.0000000000000000000, -0.0000000000000000000, -1.000000000000000000 ) ) ;
#435 = EDGE_CURVE ( 'NONE', #2837, #2093, #3277, .T. ) ;
#436 = CARTESIAN_POINT ( 'NONE',  ( -0.1000000000000000056, -0.1500000000000000222, -1.163291170903874963E-19 ) ) ;
#437 = ORIENTED_EDGE ( 'NONE', *, *, #895, .T. ) ;
#438 = VECTOR ( 'NONE', #3060, 1000.000000000000000 ) ;
#439 = SURFACE_SIDE_STYLE ('',( #775 ) ) ;
#440 = CARTESIAN_POINT ( 'NONE',  ( -0.5500000000000000444, -0.3499999999999999778, 0.02000000000000000042 ) ) ;
#441 = CARTESIAN_POINT ( 'NONE',  ( -0.5500000000000000444, 0.3499999999999999778, 0.01999999999999997960 ) ) ;
#442 = VECTOR ( 'NONE', #188, 1000.000000000000000 ) ;
#443 = VECTOR ( 'NONE', #4062, 1000.000000000000000 ) ;
#444 = CARTESIAN_POINT ( 'NONE',  ( 0.2999999999999999889, -0.2849999999999999756, 0.1400000000000000133 ) ) ;
#445 =( GEOMETRIC_REPRESENTATION_CONTEXT ( 3 ) GLOBAL_UNCERTAINTY_ASSIGNED_CONTEXT ( ( #2001 ) ) GLOBAL_UNIT_ASSIGNED_CONTEXT ( ( #4154, #524, #2774 ) ) REPRESENTATION_CONTEXT ( 'NONE', 'WORKASPACE' ) );
#446 = DIRECTION ( 'NONE',  ( 0.0000000000000000000, 0.0000000000000000000, -1.000000000000000000 ) ) ;
#447 = COLOUR_RGB ( '',0.7803921568627451011, 0.5686274509803921351, 0.1137254901960784298 ) ;
#448 =( NAMED_UNIT ( * ) PLANE_ANGLE_UNIT ( ) SI_UNIT ( $, .RADIAN. ) );
#449 = PRODUCT_RELATED_PRODUCT_CATEGORY ( 'part', '', ( #1831 ) ) ;
#450 = DIRECTION ( 'NONE',  ( 0.0000000000000000000, 0.0000000000000000000, 1.000000000000000000 ) ) ;
#451 = ORIENTED_EDGE ( 'NONE', *, *, #225, .T. ) ;
#452 = PRESENTATION_STYLE_ASSIGNMENT (( #3418 ) ) ;
#453 =( LENGTH_UNIT ( ) NAMED_UNIT ( * ) SI_UNIT ( .MILLI., .METRE. ) );
#454 =( GEOMETRIC_REPRESENTATION_CONTEXT ( 3 ) GLOBAL_UNCERTAINTY_ASSIGNED_CONTEXT ( ( #1702 ) ) GLOBAL_UNIT_ASSIGNED_CONTEXT ( ( #3687, #747, #3670 ) ) REPRESENTATION_CONTEXT ( 'NONE', 'WORKASPACE' ) );
#455 = ORIENTED_EDGE ( 'NONE', *, *, #3598, .F. ) ;
#456 = EDGE_CURVE ( 'NONE', #4219, #2113, #2408, .T. ) ;
#457 = FILL_AREA_STYLE ('',( #2982 ) ) ;
#458 = SURFACE_SIDE_STYLE ('',( #3123 ) ) ;
#459 = ORIENTED_EDGE ( 'NONE', *, *, #630, .T. ) ;
#460 = EDGE_CURVE ( 'NONE', #3387, #2253, #2048, .T. ) ;
#461 = FACE_OUTER_BOUND ( 'NONE', #3998, .T. ) ;
#462 = STYLED_ITEM ( 'NONE', ( #1287 ), #3768 ) ;
#463 = FILL_AREA_STYLE_COLOUR ( '', #3487 ) ;
#464 = CARTESIAN_POINT ( 'NONE',  ( 0.3875192319072565672, -0.3000000000000789258, 0.02000000000000000042 ) ) ;
#465 = COLOUR_RGB ( '',0.8274509803921568096, 0.8274509803921568096, 0.8274509803921568096 ) ;
#466 = CARTESIAN_POINT ( 'NONE',  ( 0.3275140453870000190, -0.2999999999999999889, 0.06000000000000000472 ) ) ;
#467 = PRESENTATION_LAYER_ASSIGNMENT (  '', '', ( #2044 ) ) ;
#468 =( NAMED_UNIT ( * ) PLANE_ANGLE_UNIT ( ) SI_UNIT ( $, .RADIAN. ) );
#469 = PRESENTATION_LAYER_ASSIGNMENT (  '', '', ( #3376 ) ) ;
#470 =( NAMED_UNIT ( * ) SI_UNIT ( $, .STERADIAN. ) SOLID_ANGLE_UNIT ( ) );
#471 = LINE ( 'NONE', #4078, #2459 ) ;
#472 = DIRECTION ( 'NONE',  ( 0.0000000000000000000, -1.000000000000000000, -0.0000000000000000000 ) ) ;
#473 =( LENGTH_UNIT ( ) NAMED_UNIT ( * ) SI_UNIT ( .MILLI., .METRE. ) );
#474 = DIRECTION ( 'NONE',  ( 0.0000000000000000000, 0.0000000000000000000, 1.000000000000000000 ) ) ;
#475 = ORIENTED_EDGE ( 'NONE', *, *, #2082, .F. ) ;
#476 = VERTEX_POINT ( 'NONE', #398 ) ;
#477 = PLANE ( 'NONE',  #998 ) ;
#478 =( LENGTH_UNIT ( ) NAMED_UNIT ( * ) SI_UNIT ( .MILLI., .METRE. ) );
#479 = DIRECTION ( 'NONE',  ( 0.0000000000000000000, -1.224646799146999945E-16, -1.000000000000000000 ) ) ;
#480 = ADVANCED_FACE ( 'NONE', ( #14 ), #708, .T. ) ;
#481 = VERTEX_POINT ( 'NONE', #2321 ) ;
#482 = CARTESIAN_POINT ( 'NONE',  ( -0.05000000000000000278, 0.2999999999999999889, 0.0000000000000000000 ) ) ;
#483 = CARTESIAN_POINT ( 'NONE',  ( 0.4749999999999999778, -0.1645950378228042132, 2.143131898505366746E-17 ) ) ;
#484 = CARTESIAN_POINT ( 'NONE',  ( -0.4749999999999319766, -0.1645950378226359312, 3.150985829628107931E-17 ) ) ;
#485 = EDGE_CURVE ( 'NONE', #261, #3480, #1063, .T. ) ;
#486 = SHAPE_DEFINITION_REPRESENTATION ( #2029, #2345 ) ;
#487 = CARTESIAN_POINT ( 'NONE',  ( -0.05000000000000000278, 0.1499999999999999944, 0.0000000000000000000 ) ) ;
#488 = EDGE_CURVE ( 'NONE', #3545, #2480, #1020, .T. ) ;
#489 = CARTESIAN_POINT ( 'NONE',  ( -0.5000000000000000000, 0.2999999999999999889, 0.0000000000000000000 ) ) ;
#490 = CARTESIAN_POINT ( 'NONE',  ( -0.4749999999998638645, -0.1645950378226634647, 2.015707862251541810E-17 ) ) ;
#491 = ORIENTED_EDGE ( 'NONE', *, *, #61, .F. ) ;
#492 = CARTESIAN_POINT ( 'NONE',  ( 0.3152661081139450094, 0.2999999999999999889, 0.06000000000000000472 ) ) ;
#493 = VERTEX_POINT ( 'NONE', #379 ) ;
#494 = PRESENTATION_LAYER_ASSIGNMENT (  '', '', ( #4253 ) ) ;
#495 = LINE ( 'NONE', #1081, #849 ) ;
#496 = DIRECTION ( 'NONE',  ( 0.0000000000000000000, 1.224646799146999945E-16, -1.000000000000000000 ) ) ;
#497 = PRESENTATION_STYLE_ASSIGNMENT (( #3689 ) ) ;
#498 = MECHANICAL_DESIGN_GEOMETRIC_PRESENTATION_REPRESENTATION (  '', ( #2846 ), #2780 ) ;
#499 = ORIENTED_EDGE ( 'NONE', *, *, #1570, .T. ) ;
#500 =( GEOMETRIC_REPRESENTATION_CONTEXT ( 3 ) GLOBAL_UNCERTAINTY_ASSIGNED_CONTEXT ( ( #1499 ) ) GLOBAL_UNIT_ASSIGNED_CONTEXT ( ( #3756, #3093, #783 ) ) REPRESENTATION_CONTEXT ( 'NONE', 'WORKASPACE' ) );
#501 = LINE ( 'NONE', #1834, #713 ) ;
#502 = UNCERTAINTY_MEASURE_WITH_UNIT (LENGTH_MEASURE( 1.000000000000000082E-05 ), #473, 'distance_accuracy_value', 'NONE');
#503 = SURFACE_STYLE_FILL_AREA ( #2572 ) ;
#504 = CARTESIAN_POINT ( 'NONE',  ( 0.3563508326900000078, 0.2999999999999999889, 0.0000000000000000000 ) ) ;
#505 = STYLED_ITEM ( 'NONE', ( #2124 ), #1841 ) ;
#506 = COLOUR_RGB ( '',0.8274509803921568096, 0.8274509803921568096, 0.8274509803921568096 ) ;
#507 = PRESENTATION_LAYER_ASSIGNMENT (  '', '', ( #3413 ) ) ;
#508 = EDGE_CURVE ( 'NONE', #3043, #1526, #1039, .T. ) ;
#509 =( LENGTH_UNIT ( ) NAMED_UNIT ( * ) SI_UNIT ( .MILLI., .METRE. ) );
#510 = ORIENTED_EDGE ( 'NONE', *, *, #2768, .F. ) ;
#511 =( NAMED_UNIT ( * ) PLANE_ANGLE_UNIT ( ) SI_UNIT ( $, .RADIAN. ) );
#512 = MECHANICAL_DESIGN_GEOMETRIC_PRESENTATION_REPRESENTATION (  '', ( #779 ), #3216 ) ;
#513 =( NAMED_UNIT ( * ) PLANE_ANGLE_UNIT ( ) SI_UNIT ( $, .RADIAN. ) );
#514 = EDGE_CURVE ( 'NONE', #1079, #3392, #99, .T. ) ;
#515 = VECTOR ( 'NONE', #644, 1000.000000000000000 ) ;
#516 = AXIS2_PLACEMENT_3D ( 'NONE', #246, #2202, #569 ) ;
#517 = CYLINDRICAL_SURFACE ( 'NONE', #1078, 0.005000000000000013115 ) ;
#518 = ORIENTED_EDGE ( 'NONE', *, *, #1059, .F. ) ;
#519 = PRESENTATION_STYLE_ASSIGNMENT (( #4097 ) ) ;
#520 =( LENGTH_UNIT ( ) NAMED_UNIT ( * ) SI_UNIT ( .MILLI., .METRE. ) );
#521 = ORIENTED_EDGE ( 'NONE', *, *, #2536, .F. ) ;
#522 = MECHANICAL_DESIGN_GEOMETRIC_PRESENTATION_REPRESENTATION (  '', ( #854 ), #1553 ) ;
#523 = ORIENTED_EDGE ( 'NONE', *, *, #3210, .F. ) ;
#524 =( NAMED_UNIT ( * ) PLANE_ANGLE_UNIT ( ) SI_UNIT ( $, .RADIAN. ) );
#525 = DIRECTION ( 'NONE',  ( 0.0000000000000000000, -1.000000000000000000, -0.0000000000000000000 ) ) ;
#526 = PRESENTATION_LAYER_ASSIGNMENT (  '', '', ( #1001 ) ) ;
#527 =( LENGTH_UNIT ( ) NAMED_UNIT ( * ) SI_UNIT ( .MILLI., .METRE. ) );
#528 = DIRECTION ( 'NONE',  ( 2.331034670843834533E-14, 1.000000000000000000, -1.224646799146999945E-16 ) ) ;
#529 = ORIENTED_EDGE ( 'NONE', *, *, #1754, .T. ) ;
#530 = VECTOR ( 'NONE', #3902, 1000.000000000000000 ) ;
#531 = DIRECTION ( 'NONE',  ( 0.0000000000000000000, -1.000000000000000000, -0.0000000000000000000 ) ) ;
#532 = VECTOR ( 'NONE', #1138, 1000.000000000000000 ) ;
#533 =( NAMED_UNIT ( * ) PLANE_ANGLE_UNIT ( ) SI_UNIT ( $, .RADIAN. ) );
#534 = FACE_OUTER_BOUND ( 'NONE', #3007, .T. ) ;
#535 = VECTOR ( 'NONE', #2649, 1000.000000000000000 ) ;
#536 =( NAMED_UNIT ( * ) SI_UNIT ( $, .STERADIAN. ) SOLID_ANGLE_UNIT ( ) );
#537 = SURFACE_SIDE_STYLE ('',( #216 ) ) ;
#538 = STYLED_ITEM ( 'NONE', ( #1618 ), #3951 ) ;
#539 =( NAMED_UNIT ( * ) SI_UNIT ( $, .STERADIAN. ) SOLID_ANGLE_UNIT ( ) );
#540 = EDGE_CURVE ( 'NONE', #4065, #3326, #688, .T. ) ;
#541 = SURFACE_SIDE_STYLE ('',( #4146 ) ) ;
#542 = FACE_OUTER_BOUND ( 'NONE', #3448, .T. ) ;
#543 = ORIENTED_EDGE ( 'NONE', *, *, #1560, .T. ) ;
#544 = FILL_AREA_STYLE ('',( #894 ) ) ;
#545 = ORIENTED_EDGE ( 'NONE', *, *, #65, .T. ) ;
#546 = EDGE_CURVE ( 'NONE', #292, #3680, #415, .T. ) ;
#547 = PRESENTATION_LAYER_ASSIGNMENT (  '', '', ( #4156 ) ) ;
#548 = ORIENTED_EDGE ( 'NONE', *, *, #1997, .T. ) ;
#549 = DIRECTION ( 'NONE',  ( -1.000000000000000000, 0.0000000000000000000, 0.0000000000000000000 ) ) ;
#550 =( LENGTH_UNIT ( ) NAMED_UNIT ( * ) SI_UNIT ( .MILLI., .METRE. ) );
#551 = CARTESIAN_POINT ( 'NONE',  ( 0.3875192319072686686, 0.3000000000000394018, 0.05999999999999999778 ) ) ;
#552 = UNCERTAINTY_MEASURE_WITH_UNIT (LENGTH_MEASURE( 1.000000000000000082E-05 ), #1584, 'distance_accuracy_value', 'NONE');
#553 = CARTESIAN_POINT ( 'NONE',  ( 0.3563508326898146561, -0.2999999999999999889, -1.836970198720899710E-17 ) ) ;
#554 = FILL_AREA_STYLE_COLOUR ( '', #4274 ) ;
#555 = DIRECTION ( 'NONE',  ( -0.0000000000000000000, 1.224646799146999945E-16, -1.000000000000000000 ) ) ;
#556 = UNCERTAINTY_MEASURE_WITH_UNIT (LENGTH_MEASURE( 1.000000000000000082E-05 ), #2053, 'distance_accuracy_value', 'NONE');
#557 = FILL_AREA_STYLE ('',( #3475 ) ) ;
#558 =( LENGTH_UNIT ( ) NAMED_UNIT ( * ) SI_UNIT ( .MILLI., .METRE. ) );
#559 = DIRECTION ( 'NONE',  ( -1.000000000000000000, -0.0000000000000000000, -0.0000000000000000000 ) ) ;
#560 = SURFACE_STYLE_USAGE ( .BOTH. , #541 ) ;
#561 = LINE ( 'NONE', #3205, #257 ) ;
#562 = CARTESIAN_POINT ( 'NONE',  ( 0.1999999999999999833, 0.2999999999999999889, 0.0000000000000000000 ) ) ;
#563 =( NAMED_UNIT ( * ) PLANE_ANGLE_UNIT ( ) SI_UNIT ( $, .RADIAN. ) );
#564 = FILL_AREA_STYLE ('',( #824 ) ) ;
#565 = EDGE_LOOP ( 'NONE', ( #1280, #2440, #3209, #510 ) ) ;
#566 = DIRECTION ( 'NONE',  ( -0.0000000000000000000, -0.0000000000000000000, -1.000000000000000000 ) ) ;
#567 = DIRECTION ( 'NONE',  ( 0.0000000000000000000, -1.034036596358999946E-18, 1.000000000000000000 ) ) ;
#568 = VECTOR ( 'NONE', #2769, 1000.000000000000000 ) ;
#569 = DIRECTION ( 'NONE',  ( 0.0000000000000000000, 0.0000000000000000000, 1.000000000000000000 ) ) ;
#570 = PRESENTATION_STYLE_ASSIGNMENT (( #1538 ) ) ;
#571 =( LENGTH_UNIT ( ) NAMED_UNIT ( * ) SI_UNIT ( .MILLI., .METRE. ) );
#572 = COLOUR_RGB ( '',0.7921568627450980005, 0.8196078431372548767, 0.9333333333333333481 ) ;
#573 = PLANE ( 'NONE',  #56 ) ;
#574 = CARTESIAN_POINT ( 'NONE',  ( -0.4949999999999304956, -0.1891429205785696566, 0.06000000000000001166 ) ) ;
#575 = FILL_AREA_STYLE_COLOUR ( '', #3068 ) ;
#576 = FILL_AREA_STYLE ('',( #890 ) ) ;
#577 = UNCERTAINTY_MEASURE_WITH_UNIT (LENGTH_MEASURE( 1.000000000000000082E-05 ), #3353, 'distance_accuracy_value', 'NONE');
#578 = LINE ( 'NONE', #2889, #658 ) ;
#579 = FACE_OUTER_BOUND ( 'NONE', #1271, .T. ) ;
#580 = AXIS2_PLACEMENT_3D ( 'NONE', #4137, #2049, #2426 ) ;
#581 = ORIENTED_EDGE ( 'NONE', *, *, #40, .T. ) ;
#582 =( BOUNDED_CURVE ( )  B_SPLINE_CURVE ( 3, ( #680, #3097, #3760, #2076 ),
 .UNSPECIFIED., .F., .T. ) 
 B_SPLINE_CURVE_WITH_KNOTS ( ( 4, 4 ),
 ( 3.141592653589793116, 4.712388980384689674 ),
 .UNSPECIFIED. ) 
 CURVE ( )  GEOMETRIC_REPRESENTATION_ITEM ( )  RATIONAL_B_SPLINE_CURVE ( ( 1.000000000000000000, 0.8047378541243649375, 0.8047378541243649375, 1.000000000000000000 ) ) 
 REPRESENTATION_ITEM ( '' )  );
#583 = PRODUCT_DEFINITION ( 'UNKNOWN', '', #3267, #594 ) ;
#584 = VECTOR ( 'NONE', #2794, 1000.000000000000000 ) ;
#585 =( NAMED_UNIT ( * ) PLANE_ANGLE_UNIT ( ) SI_UNIT ( $, .RADIAN. ) );
#586 = DIRECTION ( 'NONE',  ( 0.0000000000000000000, 0.0000000000000000000, 1.000000000000000000 ) ) ;
#587 = PRESENTATION_STYLE_ASSIGNMENT (( #2570 ) ) ;
#588 = CARTESIAN_POINT ( 'NONE',  ( -0.2849999999999999756, -0.2849999999999999756, 0.1400000000000000133 ) ) ;
#589 = AXIS2_PLACEMENT_3D ( 'NONE', #1797, #2757, #4082 ) ;
#590 = FILL_AREA_STYLE ('',( #1252 ) ) ;
#591 = ADVANCED_FACE ( 'NONE', ( #1404 ), #4022, .T. ) ;
#592 = MECHANICAL_DESIGN_GEOMETRIC_PRESENTATION_REPRESENTATION (  '', ( #3348 ), #2864 ) ;
#593 = FILL_AREA_STYLE ('',( #3556 ) ) ;
#594 = PRODUCT_DEFINITION_CONTEXT ( 'detailed design', #36, 'design' ) ;
#595 =( NAMED_UNIT ( * ) SI_UNIT ( $, .STERADIAN. ) SOLID_ANGLE_UNIT ( ) );
#596 = EDGE_LOOP ( 'NONE', ( #3937, #727, #2680, #3975, #1579, #3871, #2948, #3584, #3696, #809, #2273, #3317 ) ) ;
#597 = EDGE_CURVE ( 'NONE', #4153, #4081, #1446, .T. ) ;
#598 =( GEOMETRIC_REPRESENTATION_CONTEXT ( 3 ) GLOBAL_UNCERTAINTY_ASSIGNED_CONTEXT ( ( #1193 ) ) GLOBAL_UNIT_ASSIGNED_CONTEXT ( ( #478, #768, #2156 ) ) REPRESENTATION_CONTEXT ( 'NONE', 'WORKASPACE' ) );
#599 = UNCERTAINTY_MEASURE_WITH_UNIT (LENGTH_MEASURE( 1.000000000000000082E-05 ), #3088, 'distance_accuracy_value', 'NONE');
#600 = FILL_AREA_STYLE_COLOUR ( '', #2979 ) ;
#601 = FACE_OUTER_BOUND ( 'NONE', #1928, .T. ) ;
#602 = VERTEX_POINT ( 'NONE', #588 ) ;
#603 = LINE ( 'NONE', #2238, #2788 ) ;
#604 = AXIS2_PLACEMENT_3D ( 'NONE', #4010, #3642, #1630 ) ;
#605 = ORIENTED_EDGE ( 'NONE', *, *, #3598, .T. ) ;
#606 = AXIS2_PLACEMENT_3D ( 'NONE', #2187, #2899, #4237 ) ;
#607 = CARTESIAN_POINT ( 'NONE',  ( 0.3713942890049999890, 0.2600000000000000089, 3.184081677782999738E-17 ) ) ;
#608 = CARTESIAN_POINT ( 'NONE',  ( 0.5500000000000000444, -0.3499999999999999778, 0.06000000000000001166 ) ) ;
#609 = VECTOR ( 'NONE', #3352, 1000.000000000000000 ) ;
#610 = AXIS2_PLACEMENT_3D ( 'NONE', #4222, #2216, #2545 ) ;
#611 = ADVANCED_FACE ( 'NONE', ( #2764 ), #186, .T. ) ;
#612 = ORIENTED_EDGE ( 'NONE', *, *, #3019, .T. ) ;
#613 = EDGE_CURVE ( 'NONE', #4065, #2752, #2981, .T. ) ;
#614 =( NAMED_UNIT ( * ) SI_UNIT ( $, .STERADIAN. ) SOLID_ANGLE_UNIT ( ) );
#615 = LINE ( 'NONE', #3601, #238 ) ;
#616 = UNCERTAINTY_MEASURE_WITH_UNIT (LENGTH_MEASURE( 1.000000000000000082E-05 ), #3240, 'distance_accuracy_value', 'NONE');
#617 = CIRCLE ( 'NONE', #3034, 0.2000000000000000111 ) ;
#618 = ADVANCED_FACE ( 'NONE', ( #1500 ), #4249, .T. ) ;
#619 = FILL_AREA_STYLE ('',( #2632 ) ) ;
#620 = FILL_AREA_STYLE ('',( #2263 ) ) ;
#621 = SURFACE_SIDE_STYLE ('',( #3321 ) ) ;
#622 = EDGE_LOOP ( 'NONE', ( #2645, #1366, #2447, #3108, #2104, #1459, #3566, #967, #3101, #1574, #1386, #1245, #3116, #1241 ) ) ;
#623 = CARTESIAN_POINT ( 'NONE',  ( 0.2950000000000000400, 0.3000000000000000444, 0.0000000000000000000 ) ) ;
#624 = PLANE ( 'NONE',  #187 ) ;
#625 = FILL_AREA_STYLE ('',( #1648 ) ) ;
#626 = FILL_AREA_STYLE_COLOUR ( '', #1608 ) ;
#627 = SURFACE_SIDE_STYLE ('',( #2597 ) ) ;
#628 = ORIENTED_EDGE ( 'NONE', *, *, #2243, .F. ) ;
#629 =( GEOMETRIC_REPRESENTATION_CONTEXT ( 3 ) GLOBAL_UNCERTAINTY_ASSIGNED_CONTEXT ( ( #616 ) ) GLOBAL_UNIT_ASSIGNED_CONTEXT ( ( #3240, #3933, #1219 ) ) REPRESENTATION_CONTEXT ( 'NONE', 'WORKASPACE' ) );
#630 = EDGE_CURVE ( 'NONE', #2818, #3966, #307, .T. ) ;
#631 = AXIS2_PLACEMENT_3D ( 'NONE', #1807, #1473, #1127 ) ;
#632 =( LENGTH_UNIT ( ) NAMED_UNIT ( * ) SI_UNIT ( .MILLI., .METRE. ) );
#633 = ORIENTED_EDGE ( 'NONE', *, *, #1516, .F. ) ;
#634 = PRESENTATION_STYLE_ASSIGNMENT (( #945 ) ) ;
#635 = EDGE_CURVE ( 'NONE', #3172, #1573, #431, .T. ) ;
#636 = COLOUR_RGB ( '',0.7803921568627451011, 0.5686274509803921351, 0.1137254901960784298 ) ;
#637 = FACE_OUTER_BOUND ( 'NONE', #3412, .T. ) ;
#638 =( LENGTH_UNIT ( ) NAMED_UNIT ( * ) SI_UNIT ( .MILLI., .METRE. ) );
#639 = DIRECTION ( 'NONE',  ( 1.000000000000000000, 0.0000000000000000000, -0.0000000000000000000 ) ) ;
#640 =( GEOMETRIC_REPRESENTATION_CONTEXT ( 3 ) GLOBAL_UNCERTAINTY_ASSIGNED_CONTEXT ( ( #3609 ) ) GLOBAL_UNIT_ASSIGNED_CONTEXT ( ( #218, #511, #1483 ) ) REPRESENTATION_CONTEXT ( 'NONE', 'WORKASPACE' ) );
#641 = COLOUR_RGB ( '',0.0000000000000000000, 1.000000000000000000, 0.0000000000000000000 ) ;
#642 = VERTEX_POINT ( 'NONE', #3616 ) ;
#643 = EDGE_CURVE ( 'NONE', #2280, #3720, #3820, .T. ) ;
#644 = DIRECTION ( 'NONE',  ( 1.000000000000000000, 0.0000000000000000000, 0.0000000000000000000 ) ) ;
#645 = AXIS2_PLACEMENT_3D ( 'NONE', #1307, #2558, #3255 ) ;
#646 = LINE ( 'NONE', #2203, #1818 ) ;
#647 = VECTOR ( 'NONE', #3855, 1000.000000000000000 ) ;
#648 = DIRECTION ( 'NONE',  ( -0.0000000000000000000, 1.000000000000000000, 0.0000000000000000000 ) ) ;
#649 = EDGE_LOOP ( 'NONE', ( #262, #1113, #311, #1833 ) ) ;
#650 = PRESENTATION_LAYER_ASSIGNMENT (  '', '', ( #3348 ) ) ;
#651 = FACE_OUTER_BOUND ( 'NONE', #1963, .T. ) ;
#652 = VECTOR ( 'NONE', #1519, 1000.000000000000000 ) ;
#653 = DIRECTION ( 'NONE',  ( 1.000000000000000000, 0.0000000000000000000, 0.0000000000000000000 ) ) ;
#654 = DIRECTION ( 'NONE',  ( -1.000000000000000000, -0.0000000000000000000, 0.0000000000000000000 ) ) ;
#655 = ORIENTED_EDGE ( 'NONE', *, *, #3929, .F. ) ;
#656 = COLOUR_RGB ( '',0.8274509803921568096, 0.8274509803921568096, 0.8274509803921568096 ) ;
#657 = PRESENTATION_STYLE_ASSIGNMENT (( #3636 ) ) ;
#658 = VECTOR ( 'NONE', #1550, 1000.000000000000000 ) ;
#659 = UNCERTAINTY_MEASURE_WITH_UNIT (LENGTH_MEASURE( 1.000000000000000082E-05 ), #2427, 'distance_accuracy_value', 'NONE');
#660 = VERTEX_POINT ( 'NONE', #365 ) ;
#661 = CARTESIAN_POINT ( 'NONE',  ( -0.5500000000000000444, -0.3499999999999999778, 0.08000000000000000167 ) ) ;
#662 = AXIS2_PLACEMENT_3D ( 'NONE', #3716, #2716, #2781 ) ;
#663 = FILL_AREA_STYLE ('',( #969 ) ) ;
#664 = DIRECTION ( 'NONE',  ( -1.000000000000000000, 0.0000000000000000000, 0.0000000000000000000 ) ) ;
#665 = SURFACE_SIDE_STYLE ('',( #995 ) ) ;
#666 = MECHANICAL_DESIGN_GEOMETRIC_PRESENTATION_REPRESENTATION (  '', ( #3293 ), #1835 ) ;
#667 = VECTOR ( 'NONE', #2593, 1000.000000000000000 ) ;
#668 = DIRECTION ( 'NONE',  ( 0.0000000000000000000, 1.000000000000000000, 1.185846126156020228E-16 ) ) ;
#669 = VERTEX_POINT ( 'NONE', #348 ) ;
#670 = FACE_OUTER_BOUND ( 'NONE', #286, .T. ) ;
#671 = DIRECTION ( 'NONE',  ( 0.0000000000000000000, 0.0000000000000000000, 1.000000000000000000 ) ) ;
#672 = ORIENTED_EDGE ( 'NONE', *, *, #435, .T. ) ;
#673 = CARTESIAN_POINT ( 'NONE',  ( -0.05000000000000000278, 0.2999999999999999889, 0.0000000000000000000 ) ) ;
#674 = CARTESIAN_POINT ( 'NONE',  ( 0.3713942890049999890, 0.2600000000000000089, 0.02000000000000000042 ) ) ;
#675 = LINE ( 'NONE', #1661, #2046 ) ;
#676 = VERTEX_POINT ( 'NONE', #4272 ) ;
#677 = VECTOR ( 'NONE', #985, 1000.000000000000000 ) ;
#678 = ADVANCED_FACE ( 'NONE', ( #3327 ), #3969, .T. ) ;
#679 = CARTESIAN_POINT ( 'NONE',  ( -0.5500000000000000444, 0.3499999999999999778, 0.02000000000000000042 ) ) ;
#680 = CARTESIAN_POINT ( 'NONE',  ( 0.2975000000000000422, 0.2974999999999999867, 0.1250000000000000000 ) ) ;
#681 = EDGE_CURVE ( 'NONE', #1320, #373, #4294, .T. ) ;
#682 = DIRECTION ( 'NONE',  ( 0.0000000000000000000, 1.000000000000000000, -1.224646799146999699E-16 ) ) ;
#683 = DIRECTION ( 'NONE',  ( 0.0000000000000000000, 1.224646799146999945E-16, -1.000000000000000000 ) ) ;
#684 = ORIENTED_EDGE ( 'NONE', *, *, #3052, .T. ) ;
#685 = EDGE_CURVE ( 'NONE', #1355, #2127, #4013, .T. ) ;
#686 = PLANE ( 'NONE',  #2022 ) ;
#687 =( LENGTH_UNIT ( ) NAMED_UNIT ( * ) SI_UNIT ( .MILLI., .METRE. ) );
#688 = LINE ( 'NONE', #2002, #2844 ) ;
#689 = CARTESIAN_POINT ( 'NONE',  ( -0.4949999999999999956, -0.1891429205787729384, 0.02000000000000001082 ) ) ;
#690 = CIRCLE ( 'NONE', #3748, 0.1700000000000000122 ) ;
#691 = PRESENTATION_LAYER_ASSIGNMENT (  '', '', ( #1528 ) ) ;
#692 = DIRECTION ( 'NONE',  ( -0.0000000000000000000, -1.224646799146999945E-16, 1.000000000000000000 ) ) ;
#693 = LINE ( 'NONE', #674, #2637 ) ;
#694 = DIRECTION ( 'NONE',  ( -1.000000000000000000, 0.0000000000000000000, -0.0000000000000000000 ) ) ;
#695 = PRESENTATION_LAYER_ASSIGNMENT (  '', '', ( #295 ) ) ;
#696 = ORIENTED_EDGE ( 'NONE', *, *, #681, .F. ) ;
#697 = SURFACE_SIDE_STYLE ('',( #2976 ) ) ;
#698 = CYLINDRICAL_SURFACE ( 'NONE', #3357, 0.1700000000000000122 ) ;
#699 = ORIENTED_EDGE ( 'NONE', *, *, #2908, .F. ) ;
#700 = STYLED_ITEM ( 'NONE', ( #367 ), #1784 ) ;
#701 =( NAMED_UNIT ( * ) SI_UNIT ( $, .STERADIAN. ) SOLID_ANGLE_UNIT ( ) );
#702 = PLANE ( 'NONE',  #983 ) ;
#703 =( GEOMETRIC_REPRESENTATION_CONTEXT ( 3 ) GLOBAL_UNCERTAINTY_ASSIGNED_CONTEXT ( ( #2871 ) ) GLOBAL_UNIT_ASSIGNED_CONTEXT ( ( #1342, #1090, #2139 ) ) REPRESENTATION_CONTEXT ( 'NONE', 'WORKASPACE' ) );
#704 = EDGE_CURVE ( 'NONE', #2791, #117, #830, .T. ) ;
#705 = ORIENTED_EDGE ( 'NONE', *, *, #2672, .F. ) ;
#706 = PRESENTATION_LAYER_ASSIGNMENT (  '', '', ( #374 ) ) ;
#707 = LINE ( 'NONE', #1181, #198 ) ;
#708 = PLANE ( 'NONE',  #2293 ) ;
#709 = DIRECTION ( 'NONE',  ( 0.0000000000000000000, -1.224646799146999945E-16, -1.000000000000000000 ) ) ;
#710 =( NAMED_UNIT ( * ) PLANE_ANGLE_UNIT ( ) SI_UNIT ( $, .RADIAN. ) );
#711 = EDGE_CURVE ( 'NONE', #2037, #2900, #979, .T. ) ;
#712 = LINE ( 'NONE', #2343, #2647 ) ;
#713 = VECTOR ( 'NONE', #1804, 1000.000000000000000 ) ;
#714 = FACE_OUTER_BOUND ( 'NONE', #2727, .T. ) ;
#715 = DIRECTION ( 'NONE',  ( 0.0000000000000000000, 0.0000000000000000000, 1.000000000000000000 ) ) ;
#716 = ORIENTED_EDGE ( 'NONE', *, *, #301, .T. ) ;
#717 =( GEOMETRIC_REPRESENTATION_CONTEXT ( 3 ) GLOBAL_UNCERTAINTY_ASSIGNED_CONTEXT ( ( #1062 ) ) GLOBAL_UNIT_ASSIGNED_CONTEXT ( ( #3576, #3050, #2043 ) ) REPRESENTATION_CONTEXT ( 'NONE', 'WORKASPACE' ) );
#718 = VERTEX_POINT ( 'NONE', #1918 ) ;
#719 = SURFACE_STYLE_FILL_AREA ( #2723 ) ;
#720 = LINE ( 'NONE', #3699, #2388 ) ;
#721 = EDGE_LOOP ( 'NONE', ( #3750, #423, #3424, #4026 ) ) ;
#722 = COLOUR_RGB ( '',0.0000000000000000000, 0.3333333333333333148, 0.0000000000000000000 ) ;
#723 = PLANE ( 'NONE',  #2401 ) ;
#724 = PRESENTATION_LAYER_ASSIGNMENT (  '', '', ( #462 ) ) ;
#725 = PRESENTATION_STYLE_ASSIGNMENT (( #1636 ) ) ;
#726 = COLOUR_RGB ( '',0.7803921568627451011, 0.5686274509803921351, 0.1137254901960784298 ) ;
#727 = ORIENTED_EDGE ( 'NONE', *, *, #613, .F. ) ;
#728 = FILL_AREA_STYLE ('',( #2381 ) ) ;
#729 = EDGE_CURVE ( 'NONE', #4252, #2198, #282, .T. ) ;
#730 = CARTESIAN_POINT ( 'NONE',  ( -0.3713942890049999890, 0.2600000000000000089, 0.02000000000000000042 ) ) ;
#731 = LINE ( 'NONE', #121, #2444 ) ;
#732 = EDGE_CURVE ( 'NONE', #3387, #133, #3751, .T. ) ;
#733 = CARTESIAN_POINT ( 'NONE',  ( -0.2937867965644035406, 0.2937867965644035406, 0.1399999999999999856 ) ) ;
#734 = DIRECTION ( 'NONE',  ( -0.0000000000000000000, -0.0000000000000000000, -1.000000000000000000 ) ) ;
#735 = SURFACE_STYLE_USAGE ( .BOTH. , #2073 ) ;
#736 = SURFACE_STYLE_USAGE ( .BOTH. , #3719 ) ;
#737 = EDGE_LOOP ( 'NONE', ( #3945, #2379, #4101, #3654, #3190, #1987, #1176, #184, #2831, #2635, #956, #2665, #361, #2706 ) ) ;
#738 = CARTESIAN_POINT ( 'NONE',  ( 0.2999999999999999889, 0.2999999999999999889, 0.0000000000000000000 ) ) ;
#739 =( LENGTH_UNIT ( ) NAMED_UNIT ( * ) SI_UNIT ( .MILLI., .METRE. ) );
#740 = ORIENTED_EDGE ( 'NONE', *, *, #1420, .T. ) ;
#741 = CARTESIAN_POINT ( 'NONE',  ( -0.5500000000000000444, 0.3499999999999999778, 0.06000000000000000472 ) ) ;
#742 = ORIENTED_EDGE ( 'NONE', *, *, #3870, .F. ) ;
#743 = CARTESIAN_POINT ( 'NONE',  ( -0.5000000000000000000, -0.2999999999999999889, 0.08000000000000000167 ) ) ;
#744 = SURFACE_STYLE_USAGE ( .BOTH. , #2815 ) ;
#745 = DIRECTION ( 'NONE',  ( -0.0000000000000000000, 1.224646799146999945E-16, 1.000000000000000000 ) ) ;
#746 = VERTEX_POINT ( 'NONE', #790 ) ;
#747 =( NAMED_UNIT ( * ) PLANE_ANGLE_UNIT ( ) SI_UNIT ( $, .RADIAN. ) );
#748 = PRODUCT_DEFINITION_CONTEXT ( 'detailed design', #938, 'design' ) ;
#749 = CARTESIAN_POINT ( 'NONE',  ( -0.4949999999999999956, -0.2999999999999999889, 0.02000000000000000042 ) ) ;
#750 = DIRECTION ( 'NONE',  ( 0.0000000000000000000, 0.0000000000000000000, -1.000000000000000000 ) ) ;
#751 = PRODUCT_DEFINITION ( 'UNKNOWN', '', #29, #248 ) ;
#752 = PRODUCT_CONTEXT ( 'NONE', #277, 'mechanical' ) ;
#753 = PRODUCT_DEFINITION_SHAPE ( 'NONE', 'NONE',  #4304 ) ;
#754 = FACE_OUTER_BOUND ( 'NONE', #3814, .T. ) ;
#755 = CARTESIAN_POINT ( 'NONE',  ( -0.5000000000000000000, -0.2999999999999999889, 0.0000000000000000000 ) ) ;
#756 = EDGE_CURVE ( 'NONE', #2752, #660, #3743, .T. ) ;
#757 = DIRECTION ( 'NONE',  ( -1.000000000000000000, 0.0000000000000000000, 0.0000000000000000000 ) ) ;
#758 = CARTESIAN_POINT ( 'NONE',  ( 0.1000000000000000056, -0.2999999999999999889, -0.01000000000000000021 ) ) ;
#759 = ORIENTED_EDGE ( 'NONE', *, *, #2405, .F. ) ;
#760 = SURFACE_STYLE_FILL_AREA ( #2772 ) ;
#761 = FILL_AREA_STYLE ('',( #111 ) ) ;
#762 = ORIENTED_EDGE ( 'NONE', *, *, #1067, .T. ) ;
#763 =( GEOMETRIC_REPRESENTATION_CONTEXT ( 3 ) GLOBAL_UNCERTAINTY_ASSIGNED_CONTEXT ( ( #1836 ) ) GLOBAL_UNIT_ASSIGNED_CONTEXT ( ( #2190, #2209, #2865 ) ) REPRESENTATION_CONTEXT ( 'NONE', 'WORKASPACE' ) );
#764 = EDGE_CURVE ( 'NONE', #1435, #3047, #2419, .T. ) ;
#765 = ORIENTED_EDGE ( 'NONE', *, *, #2429, .T. ) ;
#766 = PRESENTATION_STYLE_ASSIGNMENT (( #3078 ) ) ;
#767 = VECTOR ( 'NONE', #4198, 1000.000000000000000 ) ;
#768 =( NAMED_UNIT ( * ) PLANE_ANGLE_UNIT ( ) SI_UNIT ( $, .RADIAN. ) );
#769 = DIRECTION ( 'NONE',  ( 0.0000000000000000000, 0.0000000000000000000, -1.000000000000000000 ) ) ;
#770 = PRESENTATION_LAYER_ASSIGNMENT (  '', '', ( #505 ) ) ;
#771 = ORIENTED_EDGE ( 'NONE', *, *, #3014, .T. ) ;
#772 = STYLED_ITEM ( 'NONE', ( #273 ), #1217 ) ;
#773 = SURFACE_SIDE_STYLE ('',( #3752 ) ) ;
#774 =( NAMED_UNIT ( * ) SI_UNIT ( $, .STERADIAN. ) SOLID_ANGLE_UNIT ( ) );
#775 = SURFACE_STYLE_FILL_AREA ( #3777 ) ;
#776 = PLANE ( 'NONE',  #1803 ) ;
#777 =( LENGTH_UNIT ( ) NAMED_UNIT ( * ) SI_UNIT ( .MILLI., .METRE. ) );
#778 =( GEOMETRIC_REPRESENTATION_CONTEXT ( 3 ) GLOBAL_UNCERTAINTY_ASSIGNED_CONTEXT ( ( #1885 ) ) GLOBAL_UNIT_ASSIGNED_CONTEXT ( ( #836, #1214, #1541 ) ) REPRESENTATION_CONTEXT ( 'NONE', 'WORKASPACE' ) );
#779 = STYLED_ITEM ( 'NONE', ( #2507 ), #1629 ) ;
#780 = CONTEXT_DEPENDENT_SHAPE_REPRESENTATION ( #3960, #4220 ) ;
#781 = DIRECTION ( 'NONE',  ( -0.0000000000000000000, -0.0000000000000000000, -1.000000000000000000 ) ) ;
#782 =( GEOMETRIC_REPRESENTATION_CONTEXT ( 3 ) GLOBAL_UNCERTAINTY_ASSIGNED_CONTEXT ( ( #2275 ) ) GLOBAL_UNIT_ASSIGNED_CONTEXT ( ( #1294, #968, #3304 ) ) REPRESENTATION_CONTEXT ( 'NONE', 'WORKASPACE' ) );
#783 =( NAMED_UNIT ( * ) SI_UNIT ( $, .STERADIAN. ) SOLID_ANGLE_UNIT ( ) );
#784 = ORIENTED_EDGE ( 'NONE', *, *, #332, .T. ) ;
#785 = FILL_AREA_STYLE ('',( #1634 ) ) ;
#786 = MECHANICAL_DESIGN_GEOMETRIC_PRESENTATION_REPRESENTATION (  '', ( #1065 ), #2377 ) ;
#787 = CARTESIAN_POINT ( 'NONE',  ( -0.5000000000000000000, -0.2999999999999999889, 0.0000000000000000000 ) ) ;
#788 = ADVANCED_FACE ( 'NONE', ( #4098 ), #131, .T. ) ;
#789 = ORIENTED_EDGE ( 'NONE', *, *, #2457, .F. ) ;
#790 = CARTESIAN_POINT ( 'NONE',  ( 0.2000000000000000111, 0.2600000000000000089, 0.02000000000000000042 ) ) ;
#791 = MECHANICAL_DESIGN_GEOMETRIC_PRESENTATION_REPRESENTATION (  '', ( #2097 ), #717 ) ;
#792 = ORIENTED_EDGE ( 'NONE', *, *, #3474, .T. ) ;
#793 = CARTESIAN_POINT ( 'NONE',  ( 0.2000000000000000111, -0.2600000000000000089, 0.02000000000000000042 ) ) ;
#794 = VECTOR ( 'NONE', #1295, 1000.000000000000000 ) ;
#795 = PLANE ( 'NONE',  #3288 ) ;
#796 = EDGE_CURVE ( 'NONE', #1498, #2369, #2986, .T. ) ;
#797 = ORIENTED_EDGE ( 'NONE', *, *, #2429, .F. ) ;
#798 = MECHANICAL_DESIGN_GEOMETRIC_PRESENTATION_REPRESENTATION (  '', ( #1009 ), #1216 ) ;
#799 = UNCERTAINTY_MEASURE_WITH_UNIT (LENGTH_MEASURE( 1.000000000000000082E-05 ), #3375, 'distance_accuracy_value', 'NONE');
#800 = FILL_AREA_STYLE_COLOUR ( '', #4106 ) ;
#801 = CARTESIAN_POINT ( 'NONE',  ( -0.2999999999999999889, 0.2999999999999999889, 0.0000000000000000000 ) ) ;
#802 = DIRECTION ( 'NONE',  ( 0.0000000000000000000, 0.0000000000000000000, 1.000000000000000000 ) ) ;
#803 = SHAPE_DEFINITION_REPRESENTATION ( #905, #2878 ) ;
#804 = DIRECTION ( 'NONE',  ( -0.0000000000000000000, 0.0000000000000000000, 1.000000000000000000 ) ) ;
#805 = PRESENTATION_STYLE_ASSIGNMENT (( #3455 ) ) ;
#806 = DIRECTION ( 'NONE',  ( 0.0000000000000000000, -1.000000000000000000, -0.0000000000000000000 ) ) ;
#807 = DIRECTION ( 'NONE',  ( -0.0000000000000000000, 1.000000000000000000, 0.0000000000000000000 ) ) ;
#808 = SURFACE_STYLE_USAGE ( .BOTH. , #3613 ) ;
#809 = ORIENTED_EDGE ( 'NONE', *, *, #1635, .T. ) ;
#810 = SURFACE_STYLE_USAGE ( .BOTH. , #260 ) ;
#811 = ORIENTED_EDGE ( 'NONE', *, *, #2759, .F. ) ;
#812 = ORIENTED_EDGE ( 'NONE', *, *, #3220, .T. ) ;
#813 = ADVANCED_FACE ( 'NONE', ( #70 ), #702, .F. ) ;
#814 = VERTEX_POINT ( 'NONE', #89 ) ;
#815 = DIRECTION ( 'NONE',  ( 0.0000000000000000000, -1.000000000000000000, 0.0000000000000000000 ) ) ;
#816 = CARTESIAN_POINT ( 'NONE',  ( -0.3875192319072686686, -0.3000000000000395128, 0.02000000000000000042 ) ) ;
#817 = DIRECTION ( 'NONE',  ( 0.0000000000000000000, -1.000000000000000000, -1.224646799146999945E-16 ) ) ;
#818 = EDGE_CURVE ( 'NONE', #3801, #1158, #1794, .T. ) ;
#819 = ITEM_DEFINED_TRANSFORMATION ( 'NONE', 'NONE', #1461,  #269 ) ;
#820 = CARTESIAN_POINT ( 'NONE',  ( -0.2000000000000000111, 0.2600000000000000089, 3.184081677782999738E-17 ) ) ;
#821 = CARTESIAN_POINT ( 'NONE',  ( -0.3275140453871118185, 0.2600000000000452505, 0.06000000000000001166 ) ) ;
#822 = VECTOR ( 'NONE', #1748, 1000.000000000000000 ) ;
#823 = ORIENTED_EDGE ( 'NONE', *, *, #3469, .F. ) ;
#824 = FILL_AREA_STYLE_COLOUR ( '', #2151 ) ;
#825 = ORIENTED_EDGE ( 'NONE', *, *, #2441, .T. ) ;
#826 = VECTOR ( 'NONE', #1679, 1000.000000000000000 ) ;
#827 = VERTEX_POINT ( 'NONE', #2149 ) ;
#828 = LINE ( 'NONE', #1100, #1888 ) ;
#829 = LINE ( 'NONE', #3552, #3930 ) ;
#830 = CIRCLE ( 'NONE', #2146, 0.2000000000000000389 ) ;
#831 = CARTESIAN_POINT ( 'NONE',  ( 0.3563508326898146561, 0.2999999999999999889, 1.836970198721499984E-17 ) ) ;
#832 = ORIENTED_EDGE ( 'NONE', *, *, #2628, .T. ) ;
#833 =( GEOMETRIC_REPRESENTATION_CONTEXT ( 3 ) GLOBAL_UNCERTAINTY_ASSIGNED_CONTEXT ( ( #1403 ) ) GLOBAL_UNIT_ASSIGNED_CONTEXT ( ( #2746, #3433, #2783 ) ) REPRESENTATION_CONTEXT ( 'NONE', 'WORKASPACE' ) );
#834 = CARTESIAN_POINT ( 'NONE',  ( -0.4749999999999319766, -0.1645950378226359312, 0.08000000000000001554 ) ) ;
#835 = EDGE_CURVE ( 'NONE', #602, #4153, #142, .T. ) ;
#836 =( LENGTH_UNIT ( ) NAMED_UNIT ( * ) SI_UNIT ( .MILLI., .METRE. ) );
#837 = PRODUCT_CONTEXT ( 'NONE', #2176, 'mechanical' ) ;
#838 = STYLED_ITEM ( 'NONE', ( #2050 ), #1304 ) ;
#839 = CARTESIAN_POINT ( 'NONE',  ( -0.4949999999999999956, 0.1891429205787729384, 0.06000000000000001860 ) ) ;
#840 = ADVANCED_FACE ( 'NONE', ( #3786 ), #4125, .T. ) ;
#841 = DIRECTION ( 'NONE',  ( 1.000000000000000000, -9.274621392321998436E-15, 1.135813540141000073E-30 ) ) ;
#842 =( NAMED_UNIT ( * ) PLANE_ANGLE_UNIT ( ) SI_UNIT ( $, .RADIAN. ) );
#843 = FILL_AREA_STYLE_COLOUR ( '', #1881 ) ;
#844 =( GEOMETRIC_REPRESENTATION_CONTEXT ( 3 ) GLOBAL_UNCERTAINTY_ASSIGNED_CONTEXT ( ( #1358 ) ) GLOBAL_UNIT_ASSIGNED_CONTEXT ( ( #3817, #1213, #1187 ) ) REPRESENTATION_CONTEXT ( 'NONE', 'WORKASPACE' ) );
#845 = DIRECTION ( 'NONE',  ( 0.0000000000000000000, 1.224646799146999945E-16, -1.000000000000000000 ) ) ;
#846 = PRESENTATION_LAYER_ASSIGNMENT (  '', '', ( #4275 ) ) ;
#847 = UNCERTAINTY_MEASURE_WITH_UNIT (LENGTH_MEASURE( 1.000000000000000082E-05 ), #1042, 'distance_accuracy_value', 'NONE');
#848 = CARTESIAN_POINT ( 'NONE',  ( -0.1000000000000000056, -0.1500000000000000222, -0.01000000000000000021 ) ) ;
#849 = VECTOR ( 'NONE', #2462, 1000.000000000000000 ) ;
#850 = CARTESIAN_POINT ( 'NONE',  ( 0.5500000000000000444, 0.3499999999999999778, -4.286263797010336595E-17 ) ) ;
#851 = VERTEX_POINT ( 'NONE', #3145 ) ;
#852 = DIRECTION ( 'NONE',  ( -0.0000000000000000000, -0.0000000000000000000, -1.000000000000000000 ) ) ;
#853 = ORIENTED_EDGE ( 'NONE', *, *, #871, .T. ) ;
#854 = STYLED_ITEM ( 'NONE', ( #302 ), #2704 ) ;
#855 = VERTEX_POINT ( 'NONE', #492 ) ;
#856 = PRESENTATION_STYLE_ASSIGNMENT (( #2549 ) ) ;
#857 = COLOUR_RGB ( '',0.7803921568627451011, 0.5686274509803921351, 0.1137254901960784298 ) ;
#858 = SURFACE_SIDE_STYLE ('',( #2406 ) ) ;
#859 = DIRECTION ( 'NONE',  ( -0.0000000000000000000, 1.224646799146999945E-16, 1.000000000000000000 ) ) ;
#860 = ORIENTED_EDGE ( 'NONE', *, *, #3812, .T. ) ;
#861 = STYLED_ITEM ( 'NONE', ( #2089 ), #3167 ) ;
#862 = CARTESIAN_POINT ( 'NONE',  ( -0.2849999999999999756, -0.2999999999999999889, 0.1400000000000000133 ) ) ;
#863 = COLOUR_RGB ( '',0.8274509803921568096, 0.8274509803921568096, 0.8274509803921568096 ) ;
#864 = SURFACE_SIDE_STYLE ('',( #3840 ) ) ;
#865 = FILL_AREA_STYLE ('',( #554 ) ) ;
#866 = AXIS2_PLACEMENT_3D ( 'NONE', #1451, #1154, #3091 ) ;
#867 = CARTESIAN_POINT ( 'NONE',  ( -0.5500000000000000444, -0.3499999999999999778, 0.05999999999999999778 ) ) ;
#868 =( NAMED_UNIT ( * ) PLANE_ANGLE_UNIT ( ) SI_UNIT ( $, .RADIAN. ) );
#869 = ORIENTED_EDGE ( 'NONE', *, *, #2620, .F. ) ;
#870 = DIRECTION ( 'NONE',  ( 0.0000000000000000000, 1.000000000000000000, -1.129377263005733621E-16 ) ) ;
#871 = EDGE_CURVE ( 'NONE', #2497, #1435, #3509, .T. ) ;
#872 = MECHANICAL_DESIGN_GEOMETRIC_PRESENTATION_REPRESENTATION (  '', ( #3923 ), #1223 ) ;
#873 = PRESENTATION_STYLE_ASSIGNMENT (( #3586 ) ) ;
#874 = DIRECTION ( 'NONE',  ( -0.0000000000000000000, -1.224646799146999945E-16, 1.000000000000000000 ) ) ;
#875 = VERTEX_POINT ( 'NONE', #1227 ) ;
#876 = UNCERTAINTY_MEASURE_WITH_UNIT (LENGTH_MEASURE( 1.000000000000000082E-05 ), #1962, 'distance_accuracy_value', 'NONE');
#877 = EDGE_LOOP ( 'NONE', ( #2612, #823, #3165, #3987 ) ) ;
#878 = CARTESIAN_POINT ( 'NONE',  ( -0.4749999999999999778, -0.1645950378230000011, 2.015707862250000449E-17 ) ) ;
#879 = FILL_AREA_STYLE_COLOUR ( '', #3231 ) ;
#880 = UNCERTAINTY_MEASURE_WITH_UNIT (LENGTH_MEASURE( 1.000000000000000082E-05 ), #558, 'distance_accuracy_value', 'NONE');
#881 = LINE ( 'NONE', #2204, #1268 ) ;
#882 =( LENGTH_UNIT ( ) NAMED_UNIT ( * ) SI_UNIT ( .MILLI., .METRE. ) );
#883 = DIRECTION ( 'NONE',  ( -0.0000000000000000000, 1.000000000000000000, 0.0000000000000000000 ) ) ;
#884 = CIRCLE ( 'NONE', #1711, 0.1700000000000000122 ) ;
#885 = UNCERTAINTY_MEASURE_WITH_UNIT (LENGTH_MEASURE( 1.000000000000000082E-05 ), #161, 'distance_accuracy_value', 'NONE');
#886 = CARTESIAN_POINT ( 'NONE',  ( 0.5500000000000000444, 0.3499999999999999778, 0.02000000000000000042 ) ) ;
#887 = SURFACE_STYLE_USAGE ( .BOTH. , #3582 ) ;
#888 = EDGE_CURVE ( 'NONE', #1204, #2280, #1201, .T. ) ;
#889 = ORIENTED_EDGE ( 'NONE', *, *, #3046, .F. ) ;
#890 = FILL_AREA_STYLE_COLOUR ( '', #3336 ) ;
#891 = DIRECTION ( 'NONE',  ( 0.0000000000000000000, -1.224646799146999945E-16, -1.000000000000000000 ) ) ;
#892 = LINE ( 'NONE', #1891, #677 ) ;
#893 =( NAMED_UNIT ( * ) SI_UNIT ( $, .STERADIAN. ) SOLID_ANGLE_UNIT ( ) );
#894 = FILL_AREA_STYLE_COLOUR ( '', #3058 ) ;
#895 = EDGE_CURVE ( 'NONE', #2480, #1202, #1140, .T. ) ;
#896 = ORIENTED_EDGE ( 'NONE', *, *, #4264, .T. ) ;
#897 = ORIENTED_EDGE ( 'NONE', *, *, #508, .T. ) ;
#898 = VECTOR ( 'NONE', #2099, 1000.000000000000000 ) ;
#899 = LINE ( 'NONE', #2568, #3152 ) ;
#900 = SURFACE_STYLE_USAGE ( .BOTH. , #4227 ) ;
#901 = DIRECTION ( 'NONE',  ( 0.0000000000000000000, 1.000000000000000000, -1.355252715606880296E-16 ) ) ;
#902 = SURFACE_STYLE_USAGE ( .BOTH. , #3450 ) ;
#903 = ADVANCED_FACE ( 'NONE', ( #2477 ), #3807, .F. ) ;
#904 = CARTESIAN_POINT ( 'NONE',  ( -0.5500000000000000444, -0.3499999999999999778, 0.08000000000000002942 ) ) ;
#905 = PRODUCT_DEFINITION_SHAPE ( 'NONE', 'NONE',  #1267 ) ;
#906 = PRESENTATION_LAYER_ASSIGNMENT (  '', '', ( #1998 ) ) ;
#907 = FACE_OUTER_BOUND ( 'NONE', #2761, .T. ) ;
#908 = PLANE ( 'NONE',  #2725 ) ;
#909 = ORIENTED_EDGE ( 'NONE', *, *, #2617, .T. ) ;
#910 = VECTOR ( 'NONE', #3229, 1000.000000000000000 ) ;
#911 = AXIS2_PLACEMENT_3D ( 'NONE', #3629, #2604, #653 ) ;
#912 = FACE_OUTER_BOUND ( 'NONE', #1770, .T. ) ;
#913 =( NAMED_UNIT ( * ) PLANE_ANGLE_UNIT ( ) SI_UNIT ( $, .RADIAN. ) );
#914 = SURFACE_STYLE_USAGE ( .BOTH. , #1285 ) ;
#915 = ORIENTED_EDGE ( 'NONE', *, *, #1162, .T. ) ;
#916 = UNCERTAINTY_MEASURE_WITH_UNIT (LENGTH_MEASURE( 1.000000000000000082E-05 ), #357, 'distance_accuracy_value', 'NONE');
#917 = VECTOR ( 'NONE', #654, 1000.000000000000000 ) ;
#918 = DIRECTION ( 'NONE',  ( 0.0000000000000000000, -1.000000000000000000, -0.0000000000000000000 ) ) ;
#919 = SURFACE_SIDE_STYLE ('',( #3280 ) ) ;
#920 = STYLED_ITEM ( 'NONE', ( #3185 ), #2191 ) ;
#921 = FILL_AREA_STYLE ('',( #3588 ) ) ;
#922 = PRESENTATION_LAYER_ASSIGNMENT (  '', '', ( #1472 ) ) ;
#923 = CARTESIAN_POINT ( 'NONE',  ( -0.4949999999999999956, -0.2999999999999999889, 0.06000000000000000472 ) ) ;
#924 = ORIENTED_EDGE ( 'NONE', *, *, #3822, .T. ) ;
#925 = EDGE_LOOP ( 'NONE', ( #2063, #3503, #3623, #2747 ) ) ;
#926 = STYLED_ITEM ( 'NONE', ( #856 ), #2559 ) ;
#927 =( GEOMETRIC_REPRESENTATION_CONTEXT ( 3 ) GLOBAL_UNCERTAINTY_ASSIGNED_CONTEXT ( ( #3395 ) ) GLOBAL_UNIT_ASSIGNED_CONTEXT ( ( #571, #3909, #595 ) ) REPRESENTATION_CONTEXT ( 'NONE', 'WORKASPACE' ) );
#928 = FACE_OUTER_BOUND ( 'NONE', #3434, .T. ) ;
#929 = ADVANCED_FACE ( 'NONE', ( #3894 ), #1585, .F. ) ;
#930 = LINE ( 'NONE', #2245, #3355 ) ;
#931 = SURFACE_SIDE_STYLE ('',( #1558 ) ) ;
#932 = PRESENTATION_STYLE_ASSIGNMENT (( #2294 ) ) ;
#933 = COLOUR_RGB ( '',0.7803921568627451011, 0.5686274509803921351, 0.1137254901960784298 ) ;
#934 =( LENGTH_UNIT ( ) NAMED_UNIT ( * ) SI_UNIT ( .MILLI., .METRE. ) );
#935 = UNCERTAINTY_MEASURE_WITH_UNIT (LENGTH_MEASURE( 1.000000000000000082E-05 ), #353, 'distance_accuracy_value', 'NONE');
#936 = PLANE ( 'NONE',  #2162 ) ;
#937 = ORIENTED_EDGE ( 'NONE', *, *, #2628, .F. ) ;
#938 = APPLICATION_CONTEXT ( 'automotive_design' ) ;
#939 = ADVANCED_FACE ( 'NONE', ( #1331 ), #1290, .T. ) ;
#940 =( NAMED_UNIT ( * ) PLANE_ANGLE_UNIT ( ) SI_UNIT ( $, .RADIAN. ) );
#941 = UNCERTAINTY_MEASURE_WITH_UNIT (LENGTH_MEASURE( 1.000000000000000082E-05 ), #1897, 'distance_accuracy_value', 'NONE');
#942 = PRESENTATION_STYLE_ASSIGNMENT (( #2925 ) ) ;
#943 = CARTESIAN_POINT ( 'NONE',  ( 0.2975000000000000977, -0.2974999999999999867, 0.1250000000000000000 ) ) ;
#944 = ORIENTED_EDGE ( 'NONE', *, *, #2513, .F. ) ;
#945 = SURFACE_STYLE_USAGE ( .BOTH. , #3567 ) ;
#946 =( GEOMETRIC_REPRESENTATION_CONTEXT ( 3 ) GLOBAL_UNCERTAINTY_ASSIGNED_CONTEXT ( ( #2188 ) ) GLOBAL_UNIT_ASSIGNED_CONTEXT ( ( #1315, #1988, #1351 ) ) REPRESENTATION_CONTEXT ( 'NONE', 'WORKASPACE' ) );
#947 = SURFACE_SIDE_STYLE ('',( #3917 ) ) ;
#948 =( NAMED_UNIT ( * ) SI_UNIT ( $, .STERADIAN. ) SOLID_ANGLE_UNIT ( ) );
#949 = VECTOR ( 'NONE', #1853, 1000.000000000000000 ) ;
#950 = FACE_OUTER_BOUND ( 'NONE', #2466, .T. ) ;
#951 = CYLINDRICAL_SURFACE ( 'NONE', #952, 0.1700000000000000122 ) ;
#952 = AXIS2_PLACEMENT_3D ( 'NONE', #2291, #1250, #3948 ) ;
#953 = DIRECTION ( 'NONE',  ( 0.0000000000000000000, 0.0000000000000000000, -1.000000000000000000 ) ) ;
#954 = EDGE_CURVE ( 'NONE', #2153, #2016, #2571, .T. ) ;
#955 = FILL_AREA_STYLE ('',( #1254 ) ) ;
#956 = ORIENTED_EDGE ( 'NONE', *, *, #3633, .F. ) ;
#957 = SURFACE_SIDE_STYLE ('',( #1282 ) ) ;
#958 = EDGE_CURVE ( 'NONE', #3953, #4076, #3302, .T. ) ;
#959 = EDGE_LOOP ( 'NONE', ( #1373, #1777, #239, #2056 ) ) ;
#960 = CARTESIAN_POINT ( 'NONE',  ( 0.1000000000000000194, 0.2999999999999999889, 0.0000000000000000000 ) ) ;
#961 = UNCERTAINTY_MEASURE_WITH_UNIT (LENGTH_MEASURE( 1.000000000000000082E-05 ), #3570, 'distance_accuracy_value', 'NONE');
#962 = AXIS2_PLACEMENT_3D ( 'NONE', #2262, #1571, #2215 ) ;
#963 = SURFACE_SIDE_STYLE ('',( #3569 ) ) ;
#964 = SURFACE_STYLE_USAGE ( .BOTH. , #621 ) ;
#965 = ORIENTED_EDGE ( 'NONE', *, *, #3907, .F. ) ;
#966 = UNCERTAINTY_MEASURE_WITH_UNIT (LENGTH_MEASURE( 1.000000000000000082E-05 ), #3309, 'distance_accuracy_value', 'NONE');
#967 = ORIENTED_EDGE ( 'NONE', *, *, #2052, .F. ) ;
#968 =( NAMED_UNIT ( * ) PLANE_ANGLE_UNIT ( ) SI_UNIT ( $, .RADIAN. ) );
#969 = FILL_AREA_STYLE_COLOUR ( '', #722 ) ;
#970 = PRODUCT ( 'Pad001', 'Pad001', '', ( #2493 ) ) ;
#971 = SURFACE_SIDE_STYLE ('',( #2855 ) ) ;
#972 = PRESENTATION_STYLE_ASSIGNMENT (( #3950 ) ) ;
#973 = ORIENTED_EDGE ( 'NONE', *, *, #1246, .T. ) ;
#974 = VECTOR ( 'NONE', #2688, 1000.000000000000000 ) ;
#975 =( NAMED_UNIT ( * ) PLANE_ANGLE_UNIT ( ) SI_UNIT ( $, .RADIAN. ) );
#976 = ADVANCED_FACE ( 'NONE', ( #323 ), #1645, .F. ) ;
#977 = UNCERTAINTY_MEASURE_WITH_UNIT (LENGTH_MEASURE( 1.000000000000000082E-05 ), #1947, 'distance_accuracy_value', 'NONE');
#978 = CARTESIAN_POINT ( 'NONE',  ( -0.5500000000000000444, 0.3499999999999999778, 0.05999999999999999778 ) ) ;
#979 = CIRCLE ( 'NONE', #2071, 0.2400000000000000189 ) ;
#980 =( NAMED_UNIT ( * ) SI_UNIT ( $, .STERADIAN. ) SOLID_ANGLE_UNIT ( ) );
#981 = ORIENTED_EDGE ( 'NONE', *, *, #711, .F. ) ;
#982 = FILL_AREA_STYLE_COLOUR ( '', #2720 ) ;
#983 = AXIS2_PLACEMENT_3D ( 'NONE', #1371, #2700, #3045 ) ;
#984 = LINE ( 'NONE', #1330, #54 ) ;
#985 = DIRECTION ( 'NONE',  ( 0.0000000000000000000, 1.000000000000000000, 1.224646799146999945E-16 ) ) ;
#986 = PRESENTATION_STYLE_ASSIGNMENT (( #298 ) ) ;
#987 = ORIENTED_EDGE ( 'NONE', *, *, #613, .T. ) ;
#988 = ORIENTED_EDGE ( 'NONE', *, *, #704, .T. ) ;
#989 = DIRECTION ( 'NONE',  ( -0.0000000000000000000, 1.000000000000000000, 0.0000000000000000000 ) ) ;
#990 = COLOUR_RGB ( '',0.7803921568627451011, 0.5686274509803921351, 0.1137254901960784298 ) ;
#991 =( GEOMETRIC_REPRESENTATION_CONTEXT ( 3 ) GLOBAL_UNCERTAINTY_ASSIGNED_CONTEXT ( ( #4060 ) ) GLOBAL_UNIT_ASSIGNED_CONTEXT ( ( #3111, #533, #1540 ) ) REPRESENTATION_CONTEXT ( 'NONE', 'WORKASPACE' ) );
#992 = PRESENTATION_STYLE_ASSIGNMENT (( #3325 ) ) ;
#993 = CARTESIAN_POINT ( 'NONE',  ( 0.4085786437627249024, -0.2999999999999027334, 0.0000000000000000000 ) ) ;
#994 = APPLICATION_CONTEXT ( 'automotive_design' ) ;
#995 = SURFACE_STYLE_FILL_AREA ( #785 ) ;
#996 = AXIS2_PLACEMENT_3D ( 'NONE', #1879, #3217, #2186 ) ;
#997 = AXIS2_PLACEMENT_3D ( 'NONE', #3683, #3648, #3706 ) ;
#998 = AXIS2_PLACEMENT_3D ( 'NONE', #3445, #2131, #2400 ) ;
#999 = FILL_AREA_STYLE_COLOUR ( '', #1130 ) ;
#1000 = EDGE_LOOP ( 'NONE', ( #612, #1117, #3546, #2771 ) ) ;
#1001 = STYLED_ITEM ( 'NONE', ( #3270 ), #3079 ) ;
#1002 = CARTESIAN_POINT ( 'NONE',  ( 0.0000000000000000000, 0.0000000000000000000, 0.0000000000000000000 ) ) ;
#1003 = ORIENTED_EDGE ( 'NONE', *, *, #1930, .F. ) ;
#1004 = CARTESIAN_POINT ( 'NONE',  ( 0.5000000000000000000, -0.2999999999999999889, 0.08000000000000000167 ) ) ;
#1005 = EDGE_CURVE ( 'NONE', #1527, #4252, #1734, .T. ) ;
#1006 = VECTOR ( 'NONE', #4131, 1000.000000000000000 ) ;
#1007 = CARTESIAN_POINT ( 'NONE',  ( -0.2999999999999999889, 0.2999999999999999889, 0.0000000000000000000 ) ) ;
#1008 = CARTESIAN_POINT ( 'NONE',  ( 0.4749999999999319766, 0.1645950378226359312, -3.150985829628107931E-17 ) ) ;
#1009 = STYLED_ITEM ( 'NONE', ( #1173 ), #3645 ) ;
#1010 = EDGE_CURVE ( 'NONE', #855, #1079, #4006, .T. ) ;
#1011 = ORIENTED_EDGE ( 'NONE', *, *, #3604, .T. ) ;
#1012 = DIRECTION ( 'NONE',  ( 0.0000000000000000000, 1.224646799146999945E-16, -1.000000000000000000 ) ) ;
#1013 = DIRECTION ( 'NONE',  ( -0.0000000000000000000, 0.0000000000000000000, 1.000000000000000000 ) ) ;
#1014 = FILL_AREA_STYLE_COLOUR ( '', #1072 ) ;
#1015 = PRESENTATION_STYLE_ASSIGNMENT (( #1995 ) ) ;
#1016 = ORIENTED_EDGE ( 'NONE', *, *, #4236, .F. ) ;
#1017 = COLOUR_RGB ( '',0.8274509803921568096, 0.8274509803921568096, 0.8274509803921568096 ) ;
#1018 =( BOUNDED_CURVE ( )  B_SPLINE_CURVE ( 3, ( #2767, #733, #2744, #2452 ),
 .UNSPECIFIED., .F., .T. ) 
 B_SPLINE_CURVE_WITH_KNOTS ( ( 4, 4 ),
 ( 4.712388980384689674, 6.283185307179586232 ),
 .UNSPECIFIED. ) 
 CURVE ( )  GEOMETRIC_REPRESENTATION_ITEM ( )  RATIONAL_B_SPLINE_CURVE ( ( 1.000000000000000000, 0.8047378541243649375, 0.8047378541243649375, 1.000000000000000000 ) ) 
 REPRESENTATION_ITEM ( '' )  );
#1019 = UNCERTAINTY_MEASURE_WITH_UNIT (LENGTH_MEASURE( 1.000000000000000082E-05 ), #1924, 'distance_accuracy_value', 'NONE');
#1020 = LINE ( 'NONE', #730, #2904 ) ;
#1021 = CARTESIAN_POINT ( 'NONE',  ( 0.5000000000000000000, -0.2085786437630000045, 0.0000000000000000000 ) ) ;
#1022 = LINE ( 'NONE', #464, #438 ) ;
#1023 = DIRECTION ( 'NONE',  ( -1.000000000000000000, 0.0000000000000000000, 0.0000000000000000000 ) ) ;
#1024 = ORIENTED_EDGE ( 'NONE', *, *, #2731, .T. ) ;
#1025 = SURFACE_STYLE_FILL_AREA ( #3663 ) ;
#1026 = ADVANCED_FACE ( 'NONE', ( #2390 ), #2365, .F. ) ;
#1027 = CYLINDRICAL_SURFACE ( 'NONE', #3443, 0.1700000000000000122 ) ;
#1028 = DIRECTION ( 'NONE',  ( 0.0000000000000000000, -1.224646799146999945E-16, -1.000000000000000000 ) ) ;
#1029 =( NAMED_UNIT ( * ) PLANE_ANGLE_UNIT ( ) SI_UNIT ( $, .RADIAN. ) );
#1030 = EDGE_CURVE ( 'NONE', #1646, #4054, #3897, .T. ) ;
#1031 = SURFACE_STYLE_USAGE ( .BOTH. , #73 ) ;
#1032 = ORIENTED_EDGE ( 'NONE', *, *, #2779, .F. ) ;
#1033 = VECTOR ( 'NONE', #2072, 1000.000000000000000 ) ;
#1034 = FILL_AREA_STYLE ('',( #3381 ) ) ;
#1035 = CARTESIAN_POINT ( 'NONE',  ( 0.5000000000000000000, 0.2999999999999999889, 0.08000000000000000167 ) ) ;
#1036 = CARTESIAN_POINT ( 'NONE',  ( 0.0000000000000000000, 0.0000000000000000000, 0.0000000000000000000 ) ) ;
#1037 =( LENGTH_UNIT ( ) NAMED_UNIT ( * ) SI_UNIT ( .MILLI., .METRE. ) );
#1038 = FILL_AREA_STYLE_COLOUR ( '', #2919 ) ;
#1039 = CIRCLE ( 'NONE', #3467, 0.1700000000000000122 ) ;
#1040 = DIRECTION ( 'NONE',  ( -1.000000000000000000, 0.0000000000000000000, 0.0000000000000000000 ) ) ;
#1041 = SURFACE_SIDE_STYLE ('',( #2692 ) ) ;
#1042 =( LENGTH_UNIT ( ) NAMED_UNIT ( * ) SI_UNIT ( .MILLI., .METRE. ) );
#1043 = AXIS2_PLACEMENT_3D ( 'NONE', #4170, #1823, #2546 ) ;
#1044 = ORIENTED_EDGE ( 'NONE', *, *, #4070, .T. ) ;
#1045 =( GEOMETRIC_REPRESENTATION_CONTEXT ( 3 ) GLOBAL_UNCERTAINTY_ASSIGNED_CONTEXT ( ( #2578 ) ) GLOBAL_UNIT_ASSIGNED_CONTEXT ( ( #2584, #913, #614 ) ) REPRESENTATION_CONTEXT ( 'NONE', 'WORKASPACE' ) );
#1046 = PLANE ( 'NONE',  #604 ) ;
#1047 = VERTEX_POINT ( 'NONE', #3094 ) ;
#1048 = DIRECTION ( 'NONE',  ( -0.0000000000000000000, -0.0000000000000000000, 1.000000000000000000 ) ) ;
#1049 =( GEOMETRIC_REPRESENTATION_CONTEXT ( 3 ) GLOBAL_UNCERTAINTY_ASSIGNED_CONTEXT ( ( #3485 ) ) GLOBAL_UNIT_ASSIGNED_CONTEXT ( ( #2519, #1453, #2824 ) ) REPRESENTATION_CONTEXT ( 'NONE', 'WORKASPACE' ) );
#1050 = DIRECTION ( 'NONE',  ( 0.0000000000000000000, -1.224646799146999945E-16, -1.000000000000000000 ) ) ;
#1051 = PRODUCT_DEFINITION_FORMATION_WITH_SPECIFIED_SOURCE ( 'ANY', '', #3006, .NOT_KNOWN. ) ;
#1052 = PRESENTATION_LAYER_ASSIGNMENT (  '', '', ( #1122 ) ) ;
#1053 = STYLED_ITEM ( 'NONE', ( #2469 ), #1401 ) ;
#1054 = LINE ( 'NONE', #3682, #3643 ) ;
#1055 = COLOUR_RGB ( '',0.8274509803921568096, 0.8274509803921568096, 0.8274509803921568096 ) ;
#1056 = AXIS2_PLACEMENT_3D ( 'NONE', #3622, #683, #668 ) ;
#1057 = SURFACE_STYLE_FILL_AREA ( #2316 ) ;
#1058 = ORIENTED_EDGE ( 'NONE', *, *, #2337, .T. ) ;
#1059 = EDGE_CURVE ( 'NONE', #3021, #1996, #1430, .T. ) ;
#1060 = AXIS2_PLACEMENT_3D ( 'NONE', #1531, #2244, #3176 ) ;
#1061 =( LENGTH_UNIT ( ) NAMED_UNIT ( * ) SI_UNIT ( .MILLI., .METRE. ) );
#1062 = UNCERTAINTY_MEASURE_WITH_UNIT (LENGTH_MEASURE( 1.000000000000000082E-05 ), #3576, 'distance_accuracy_value', 'NONE');
#1063 = LINE ( 'NONE', #3652, #424 ) ;
#1064 = PLANE ( 'NONE',  #2301 ) ;
#1065 = STYLED_ITEM ( 'NONE', ( #2965 ), #2834 ) ;
#1066 =( NAMED_UNIT ( * ) SI_UNIT ( $, .STERADIAN. ) SOLID_ANGLE_UNIT ( ) );
#1067 = EDGE_CURVE ( 'NONE', #1709, #2818, #2997, .T. ) ;
#1068 = LINE ( 'NONE', #1133, #3710 ) ;
#1069 = CARTESIAN_POINT ( 'NONE',  ( -0.2000000000000000111, -0.2599999999999999534, 0.0000000000000000000 ) ) ;
#1070 = SURFACE_STYLE_USAGE ( .BOTH. , #4142 ) ;
#1071 = DIRECTION ( 'NONE',  ( 0.0000000000000000000, 1.000000000000000000, -0.0000000000000000000 ) ) ;
#1072 = COLOUR_RGB ( '',0.7803921568627451011, 0.5686274509803921351, 0.1137254901960784298 ) ;
#1073 = ORIENTED_EDGE ( 'NONE', *, *, #209, .F. ) ;
#1074 = DIRECTION ( 'NONE',  ( 0.0000000000000000000, 1.000000000000000000, -0.0000000000000000000 ) ) ;
#1075 = DIRECTION ( 'NONE',  ( 1.000000000000000000, 0.0000000000000000000, 0.0000000000000000000 ) ) ;
#1076 = MANIFOLD_SOLID_BREP ( 'Imported1', #1855 ) ;
#1077 = ORIENTED_EDGE ( 'NONE', *, *, #94, .T. ) ;
#1078 = AXIS2_PLACEMENT_3D ( 'NONE', #2416, #3169, #1075 ) ;
#1079 = VERTEX_POINT ( 'NONE', #1816 ) ;
#1080 = PRESENTATION_LAYER_ASSIGNMENT (  '', '', ( #1755 ) ) ;
#1081 = CARTESIAN_POINT ( 'NONE',  ( -0.3713942890049999890, -0.2600000000000000089, -3.184081677782999738E-17 ) ) ;
#1082 = CYLINDRICAL_SURFACE ( 'NONE', #185, 0.1499999999999999667 ) ;
#1083 = MECHANICAL_DESIGN_GEOMETRIC_PRESENTATION_REPRESENTATION (  '', ( #4225 ), #3175 ) ;
#1084 = LINE ( 'NONE', #1399, #103 ) ;
#1085 = ORIENTED_EDGE ( 'NONE', *, *, #3783, .T. ) ;
#1086 =( GEOMETRIC_REPRESENTATION_CONTEXT ( 3 ) GLOBAL_UNCERTAINTY_ASSIGNED_CONTEXT ( ( #414 ) ) GLOBAL_UNIT_ASSIGNED_CONTEXT ( ( #2530, #306, #4293 ) ) REPRESENTATION_CONTEXT ( 'NONE', 'WORKASPACE' ) );
#1087 = PRESENTATION_STYLE_ASSIGNMENT (( #4042 ) ) ;
#1088 = LINE ( 'NONE', #2180, #4147 ) ;
#1089 = EDGE_CURVE ( 'NONE', #2485, #2900, #2011, .T. ) ;
#1090 =( NAMED_UNIT ( * ) PLANE_ANGLE_UNIT ( ) SI_UNIT ( $, .RADIAN. ) );
#1091 = MECHANICAL_DESIGN_GEOMETRIC_PRESENTATION_REPRESENTATION (  '', ( #3581 ), #1838 ) ;
#1092 = CARTESIAN_POINT ( 'NONE',  ( -0.4949999999999611933, -0.1577111547697170046, 0.02000000000000002470 ) ) ;
#1093 = ITEM_DEFINED_TRANSFORMATION ( 'NONE', 'NONE', #911,  #269 ) ;
#1094 =( NAMED_UNIT ( * ) PLANE_ANGLE_UNIT ( ) SI_UNIT ( $, .RADIAN. ) );
#1095 = DIRECTION ( 'NONE',  ( -0.0000000000000000000, -0.0000000000000000000, 1.000000000000000000 ) ) ;
#1096 = ORIENTED_EDGE ( 'NONE', *, *, #1871, .T. ) ;
#1097 = ORIENTED_EDGE ( 'NONE', *, *, #1706, .T. ) ;
#1098 = FILL_AREA_STYLE ('',( #1733 ) ) ;
#1099 = PRESENTATION_STYLE_ASSIGNMENT (( #3767 ) ) ;
#1100 = CARTESIAN_POINT ( 'NONE',  ( -0.3875192319069999947, -0.2999999999999999889, 0.0000000000000000000 ) ) ;
#1101 = FILL_AREA_STYLE ('',( #182 ) ) ;
#1102 = PRESENTATION_STYLE_ASSIGNMENT (( #1830 ) ) ;
#1103 = ORIENTED_EDGE ( 'NONE', *, *, #332, .F. ) ;
#1104 = DIRECTION ( 'NONE',  ( 0.0000000000000000000, 1.000000000000000000, 1.224646799146999945E-16 ) ) ;
#1105 = PLANE ( 'NONE',  #580 ) ;
#1106 = DIRECTION ( 'NONE',  ( -1.000000000000000000, -0.0000000000000000000, 0.0000000000000000000 ) ) ;
#1107 = PRESENTATION_STYLE_ASSIGNMENT (( #2411 ) ) ;
#1108 = PRODUCT_DEFINITION_SHAPE ( 'NONE', 'NONE',  #751 ) ;
#1109 = CARTESIAN_POINT ( 'NONE',  ( -0.4949999999998609956, 0.1891429205785933876, 0.02000000000000000042 ) ) ;
#1110 = PLANE ( 'NONE',  #1785 ) ;
#1111 = COLOUR_RGB ( '',0.7803921568627451011, 0.5686274509803921351, 0.1137254901960784298 ) ;
#1112 = DIRECTION ( 'NONE',  ( -0.0000000000000000000, -0.0000000000000000000, -1.000000000000000000 ) ) ;
#1113 = ORIENTED_EDGE ( 'NONE', *, *, #3173, .T. ) ;
#1114 = PRESENTATION_LAYER_ASSIGNMENT (  '', '', ( #3125 ) ) ;
#1115 = FILL_AREA_STYLE ('',( #3740 ) ) ;
#1116 = SURFACE_SIDE_STYLE ('',( #760 ) ) ;
#1117 = ORIENTED_EDGE ( 'NONE', *, *, #3788, .T. ) ;
#1118 = VERTEX_POINT ( 'NONE', #2210 ) ;
#1119 =( GEOMETRIC_REPRESENTATION_CONTEXT ( 3 ) GLOBAL_UNCERTAINTY_ASSIGNED_CONTEXT ( ( #961 ) ) GLOBAL_UNIT_ASSIGNED_CONTEXT ( ( #3570, #2654, #1270 ) ) REPRESENTATION_CONTEXT ( 'NONE', 'WORKASPACE' ) );
#1120 = SURFACE_STYLE_FILL_AREA ( #1101 ) ;
#1121 = DIRECTION ( 'NONE',  ( -1.000000000000000000, 0.0000000000000000000, 0.0000000000000000000 ) ) ;
#1122 = STYLED_ITEM ( 'NONE', ( #2541 ), #1901 ) ;
#1123 = ORIENTED_EDGE ( 'NONE', *, *, #3712, .F. ) ;
#1124 = DIRECTION ( 'NONE',  ( 1.000000000000000000, 0.0000000000000000000, -0.0000000000000000000 ) ) ;
#1125 = VECTOR ( 'NONE', #1704, 1000.000000000000000 ) ;
#1126 =( GEOMETRIC_REPRESENTATION_CONTEXT ( 3 ) GLOBAL_UNCERTAINTY_ASSIGNED_CONTEXT ( ( #1737 ) ) GLOBAL_UNIT_ASSIGNED_CONTEXT ( ( #2859, #1520, #4111 ) ) REPRESENTATION_CONTEXT ( 'NONE', 'WORKASPACE' ) );
#1127 = DIRECTION ( 'NONE',  ( 0.0000000000000000000, 1.000000000000000000, -1.129377263005733621E-16 ) ) ;
#1128 = CARTESIAN_POINT ( 'NONE',  ( 0.3275140453870000190, 0.2999999999999999889, 0.08000000000000000167 ) ) ;
#1129 = DIRECTION ( 'NONE',  ( 0.0000000000000000000, 1.224646799146999945E-16, -1.000000000000000000 ) ) ;
#1130 = COLOUR_RGB ( '',0.7803921568627451011, 0.5686274509803921351, 0.1137254901960784298 ) ;
#1131 = SHAPE_DEFINITION_REPRESENTATION ( #3813, #1643 ) ;
#1132 = MANIFOLD_SOLID_BREP ( 'Imported1', #2553 ) ;
#1133 = CARTESIAN_POINT ( 'NONE',  ( 0.1000000000000000194, 0.2999999999999999889, 0.0000000000000000000 ) ) ;
#1134 = FACE_OUTER_BOUND ( 'NONE', #2060, .T. ) ;
#1135 = CARTESIAN_POINT ( 'NONE',  ( 0.0000000000000000000, 0.0000000000000000000, 0.0000000000000000000 ) ) ;
#1136 = AXIS2_PLACEMENT_3D ( 'NONE', #2125, #2785, #2038 ) ;
#1137 = DIRECTION ( 'NONE',  ( 0.0000000000000000000, -1.224646799146999945E-16, -1.000000000000000000 ) ) ;
#1138 = DIRECTION ( 'NONE',  ( 1.000000000000000000, 0.0000000000000000000, -0.0000000000000000000 ) ) ;
#1139 = EDGE_LOOP ( 'NONE', ( #771, #2773, #3880, #2339 ) ) ;
#1140 = LINE ( 'NONE', #1792, #910 ) ;
#1141 = EDGE_LOOP ( 'NONE', ( #3219, #2787, #789, #180 ) ) ;
#1142 = ORIENTED_EDGE ( 'NONE', *, *, #1030, .T. ) ;
#1143 = LINE ( 'NONE', #433, #2862 ) ;
#1144 =( GEOMETRIC_REPRESENTATION_CONTEXT ( 3 ) GLOBAL_UNCERTAINTY_ASSIGNED_CONTEXT ( ( #3711 ) ) GLOBAL_UNIT_ASSIGNED_CONTEXT ( ( #1495, #2758, #2132 ) ) REPRESENTATION_CONTEXT ( 'NONE', 'WORKASPACE' ) );
#1145 = CARTESIAN_POINT ( 'NONE',  ( -0.5000000000000000000, 0.2085786437628452394, 0.08000000000000000167 ) ) ;
#1146 = CARTESIAN_POINT ( 'NONE',  ( -0.3275140453870559187, 0.2600000000001834732, 0.07999999999999998779 ) ) ;
#1147 = AXIS2_PLACEMENT_3D ( 'NONE', #850, #3506, #200 ) ;
#1148 = ORIENTED_EDGE ( 'NONE', *, *, #488, .T. ) ;
#1149 = LINE ( 'NONE', #4135, #3159 ) ;
#1150 = CYLINDRICAL_SURFACE ( 'NONE', #996, 0.1499999999999999667 ) ;
#1151 = FILL_AREA_STYLE ('',( #3128 ) ) ;
#1152 = CARTESIAN_POINT ( 'NONE',  ( 0.5000000000000000000, 0.2999999999999999889, 0.0000000000000000000 ) ) ;
#1153 = COLOUR_RGB ( '',0.0000000000000000000, 1.000000000000000000, 0.0000000000000000000 ) ;
#1154 = DIRECTION ( 'NONE',  ( -0.0000000000000000000, 1.224646799146999945E-16, 1.000000000000000000 ) ) ;
#1155 = COLOUR_RGB ( '',0.7803921568627451011, 0.5686274509803921351, 0.1137254901960784298 ) ;
#1156 =( LENGTH_UNIT ( ) NAMED_UNIT ( * ) SI_UNIT ( .MILLI., .METRE. ) );
#1157 = SURFACE_STYLE_USAGE ( .BOTH. , #3765 ) ;
#1158 = VERTEX_POINT ( 'NONE', #3846 ) ;
#1159 = DIRECTION ( 'NONE',  ( 0.0000000000000000000, 0.0000000000000000000, -1.000000000000000000 ) ) ;
#1160 = ORIENTED_EDGE ( 'NONE', *, *, #3019, .F. ) ;
#1161 = ORIENTED_EDGE ( 'NONE', *, *, #2165, .F. ) ;
#1162 = EDGE_CURVE ( 'NONE', #2147, #3649, #3779, .T. ) ;
#1163 = DIRECTION ( 'NONE',  ( 0.0000000000000000000, -1.224646799146999945E-16, -1.000000000000000000 ) ) ;
#1164 = DIRECTION ( 'NONE',  ( -1.000000000000000000, 0.0000000000000000000, -0.0000000000000000000 ) ) ;
#1165 = ORIENTED_EDGE ( 'NONE', *, *, #1089, .T. ) ;
#1166 = CIRCLE ( 'NONE', #1580, 0.1499999999999999667 ) ;
#1167 = DIRECTION ( 'NONE',  ( 0.0000000000000000000, 0.0000000000000000000, -1.000000000000000000 ) ) ;
#1168 = APPLICATION_PROTOCOL_DEFINITION ( 'draft international standard', 'automotive_design', 1998, #1367 ) ;
#1169 = SURFACE_SIDE_STYLE ('',( #1218 ) ) ;
#1170 = LINE ( 'NONE', #2143, #568 ) ;
#1171 =( LENGTH_UNIT ( ) NAMED_UNIT ( * ) SI_UNIT ( .MILLI., .METRE. ) );
#1172 = DIRECTION ( 'NONE',  ( -0.0000000000000000000, 1.224646799146999945E-16, 1.000000000000000000 ) ) ;
#1173 = PRESENTATION_STYLE_ASSIGNMENT (( #3188 ) ) ;
#1174 = EDGE_LOOP ( 'NONE', ( #4133, #1457, #410, #1229, #2600, #3421, #130, #973, #2478, #4267, #4084, #55 ) ) ;
#1175 = PRODUCT_DEFINITION_SHAPE ( 'NONE', 'NONE',  #4301 ) ;
#1176 = ORIENTED_EDGE ( 'NONE', *, *, #1812, .F. ) ;
#1177 = UNCERTAINTY_MEASURE_WITH_UNIT (LENGTH_MEASURE( 1.000000000000000082E-05 ), #632, 'distance_accuracy_value', 'NONE');
#1178 = AXIS2_PLACEMENT_3D ( 'NONE', #1260, #2863, #4213 ) ;
#1179 = ORIENTED_EDGE ( 'NONE', *, *, #1952, .F. ) ;
#1180 = DIRECTION ( 'NONE',  ( 0.0000000000000000000, 1.224646799146999945E-16, -1.000000000000000000 ) ) ;
#1181 = CARTESIAN_POINT ( 'NONE',  ( 0.2000000000000000111, 0.2600000000000000089, 0.0000000000000000000 ) ) ;
#1182 = FILL_AREA_STYLE_COLOUR ( '', #2581 ) ;
#1183 = ADVANCED_FACE ( 'NONE', ( #217 ), #1861, .T. ) ;
#1184 = EDGE_LOOP ( 'NONE', ( #2776, #3248, #1716, #1652, #3728, #548, #1943, #2832 ) ) ;
#1185 = PRESENTATION_LAYER_ASSIGNMENT (  '', '', ( #360 ) ) ;
#1186 = CARTESIAN_POINT ( 'NONE',  ( 0.3275140453870559187, -0.2600000000001834732, 0.06000000000000001166 ) ) ;
#1187 =( NAMED_UNIT ( * ) SI_UNIT ( $, .STERADIAN. ) SOLID_ANGLE_UNIT ( ) );
#1188 = AXIS2_PLACEMENT_3D ( 'NONE', #3106, #2775, #1121 ) ;
#1189 = EDGE_CURVE ( 'NONE', #222, #1646, #4258, .T. ) ;
#1190 = PRESENTATION_LAYER_ASSIGNMENT (  '', '', ( #3067 ) ) ;
#1191 = AXIS2_PLACEMENT_3D ( 'NONE', #4087, #2361, #750 ) ;
#1192 = CARTESIAN_POINT ( 'NONE',  ( 0.4749999999998638645, 0.1645950378226634647, -2.015707862251541810E-17 ) ) ;
#1193 = UNCERTAINTY_MEASURE_WITH_UNIT (LENGTH_MEASURE( 1.000000000000000082E-05 ), #478, 'distance_accuracy_value', 'NONE');
#1194 = DIRECTION ( 'NONE',  ( 0.0000000000000000000, -1.000000000000000000, -0.0000000000000000000 ) ) ;
#1195 = FILL_AREA_STYLE ('',( #4189 ) ) ;
#1196 = FILL_AREA_STYLE ('',( #146 ) ) ;
#1197 = AXIS2_PLACEMENT_3D ( 'NONE', #749, #2409, #3796 ) ;
#1198 = COLOUR_RGB ( '',0.7803921568627451011, 0.5686274509803921351, 0.1137254901960784298 ) ;
#1199 = ORIENTED_EDGE ( 'NONE', *, *, #1976, .T. ) ;
#1200 = CARTESIAN_POINT ( 'NONE',  ( 0.2975000000000000422, 0.2974999999999999867, 0.1250000000000000000 ) ) ;
#1201 = LINE ( 'NONE', #203, #4035 ) ;
#1202 = VERTEX_POINT ( 'NONE', #4239 ) ;
#1203 = COLOUR_RGB ( '',0.7803921568627451011, 0.5686274509803921351, 0.1137254901960784298 ) ;
#1204 = VERTEX_POINT ( 'NONE', #316 ) ;
#1205 = FACE_OUTER_BOUND ( 'NONE', #622, .T. ) ;
#1206 = CARTESIAN_POINT ( 'NONE',  ( -0.5000000000000000000, 0.2999999999999999889, 0.08000000000000000167 ) ) ;
#1207 = FACE_OUTER_BOUND ( 'NONE', #355, .T. ) ;
#1208 =( NAMED_UNIT ( * ) SI_UNIT ( $, .STERADIAN. ) SOLID_ANGLE_UNIT ( ) );
#1209 = VECTOR ( 'NONE', #586, 1000.000000000000000 ) ;
#1210 = CARTESIAN_POINT ( 'NONE',  ( 0.3563508326900000078, -0.2999999999999999889, 0.0000000000000000000 ) ) ;
#1211 = PRODUCT_DEFINITION ( 'UNKNOWN', '', #1329, #748 ) ;
#1212 = STYLED_ITEM ( 'NONE', ( #2475 ), #3530 ) ;
#1213 =( NAMED_UNIT ( * ) PLANE_ANGLE_UNIT ( ) SI_UNIT ( $, .RADIAN. ) );
#1214 =( NAMED_UNIT ( * ) PLANE_ANGLE_UNIT ( ) SI_UNIT ( $, .RADIAN. ) );
#1215 = PRODUCT ( 'Cut005_(Mirror_#1)', 'Cut005_(Mirror_#1)', '', ( #752 ) ) ;
#1216 =( GEOMETRIC_REPRESENTATION_CONTEXT ( 3 ) GLOBAL_UNCERTAINTY_ASSIGNED_CONTEXT ( ( #3539 ) ) GLOBAL_UNIT_ASSIGNED_CONTEXT ( ( #2213, #4193, #3226 ) ) REPRESENTATION_CONTEXT ( 'NONE', 'WORKASPACE' ) );
#1217 = ADVANCED_FACE ( 'NONE', ( #601 ), #3936, .T. ) ;
#1218 = SURFACE_STYLE_FILL_AREA ( #3861 ) ;
#1219 =( NAMED_UNIT ( * ) SI_UNIT ( $, .STERADIAN. ) SOLID_ANGLE_UNIT ( ) );
#1220 = VECTOR ( 'NONE', #2516, 1000.000000000000000 ) ;
#1221 = CYLINDRICAL_SURFACE ( 'NONE', #1663, 0.1700000000000000122 ) ;
#1222 = UNCERTAINTY_MEASURE_WITH_UNIT (LENGTH_MEASURE( 1.000000000000000082E-05 ), #2312, 'distance_accuracy_value', 'NONE');
#1223 =( GEOMETRIC_REPRESENTATION_CONTEXT ( 3 ) GLOBAL_UNCERTAINTY_ASSIGNED_CONTEXT ( ( #1322 ) ) GLOBAL_UNIT_ASSIGNED_CONTEXT ( ( #1061, #2382, #3056 ) ) REPRESENTATION_CONTEXT ( 'NONE', 'WORKASPACE' ) );
#1224 = DIRECTION ( 'NONE',  ( -0.0000000000000000000, -0.0000000000000000000, 1.000000000000000000 ) ) ;
#1225 = ORIENTED_EDGE ( 'NONE', *, *, #1741, .F. ) ;
#1226 = CARTESIAN_POINT ( 'NONE',  ( 0.3875192319072686686, -0.3000000000000394573, 0.02000000000000000042 ) ) ;
#1227 = CARTESIAN_POINT ( 'NONE',  ( -0.3152661081139450094, 0.2999999999999999889, 0.07999999999999998779 ) ) ;
#1228 = AXIS2_PLACEMENT_3D ( 'NONE', #4012, #6, #3307 ) ;
#1229 = ORIENTED_EDGE ( 'NONE', *, *, #3849, .T. ) ;
#1230 = CARTESIAN_POINT ( 'NONE',  ( -0.5500000000000000444, 0.3499999999999999778, 0.08000000000000000167 ) ) ;
#1231 = CARTESIAN_POINT ( 'NONE',  ( 0.5500000000000000444, 0.3499999999999999778, 0.05999999999999998390 ) ) ;
#1232 = LINE ( 'NONE', #3236, #4265 ) ;
#1233 =( NAMED_UNIT ( * ) SI_UNIT ( $, .STERADIAN. ) SOLID_ANGLE_UNIT ( ) );
#1234 = CARTESIAN_POINT ( 'NONE',  ( -0.4949999999999999956, 0.1891429205787729384, 0.02000000000000002123 ) ) ;
#1235 = ORIENTED_EDGE ( 'NONE', *, *, #456, .T. ) ;
#1236 =( NAMED_UNIT ( * ) SI_UNIT ( $, .STERADIAN. ) SOLID_ANGLE_UNIT ( ) );
#1237 = ORIENTED_EDGE ( 'NONE', *, *, #3574, .T. ) ;
#1238 = LINE ( 'NONE', #2582, #2673 ) ;
#1239 =( NAMED_UNIT ( * ) PLANE_ANGLE_UNIT ( ) SI_UNIT ( $, .RADIAN. ) );
#1240 = SURFACE_STYLE_USAGE ( .BOTH. , #1261 ) ;
#1241 = ORIENTED_EDGE ( 'NONE', *, *, #86, .F. ) ;
#1242 =( LENGTH_UNIT ( ) NAMED_UNIT ( * ) SI_UNIT ( .MILLI., .METRE. ) );
#1243 = CARTESIAN_POINT ( 'NONE',  ( -0.3875192319072565672, -0.3000000000000789813, 0.02000000000000000042 ) ) ;
#1244 = DIRECTION ( 'NONE',  ( -1.000000000000000000, 0.0000000000000000000, 0.0000000000000000000 ) ) ;
#1245 = ORIENTED_EDGE ( 'NONE', *, *, #3738, .F. ) ;
#1246 = EDGE_CURVE ( 'NONE', #2295, #4219, #3223, .T. ) ;
#1247 = VERTEX_POINT ( 'NONE', #943 ) ;
#1248 =( LENGTH_UNIT ( ) NAMED_UNIT ( * ) SI_UNIT ( .MILLI., .METRE. ) );
#1249 = CARTESIAN_POINT ( 'NONE',  ( 0.3275140453870559187, 0.2600000000001834732, 0.07999999999999998779 ) ) ;
#1250 = DIRECTION ( 'NONE',  ( -0.0000000000000000000, -0.0000000000000000000, -1.000000000000000000 ) ) ;
#1251 = AXIS2_PLACEMENT_3D ( 'NONE', #1597, #4280, #3600 ) ;
#1252 = FILL_AREA_STYLE_COLOUR ( '', #3153 ) ;
#1253 = EDGE_CURVE ( 'NONE', #827, #2526, #615, .T. ) ;
#1254 = FILL_AREA_STYLE_COLOUR ( '', #304 ) ;
#1255 = ORIENTED_EDGE ( 'NONE', *, *, #2171, .F. ) ;
#1256 = PRESENTATION_LAYER_ASSIGNMENT (  '', '', ( #3132 ) ) ;
#1257 = AXIS2_PLACEMENT_3D ( 'NONE', #3935, #709, #2322 ) ;
#1258 = VECTOR ( 'NONE', #806, 1000.000000000000000 ) ;
#1259 =( LENGTH_UNIT ( ) NAMED_UNIT ( * ) SI_UNIT ( .MILLI., .METRE. ) );
#1260 = CARTESIAN_POINT ( 'NONE',  ( 0.4749999999999999778, -0.1645950378230000011, 2.015707862250000449E-17 ) ) ;
#1261 = SURFACE_SIDE_STYLE ('',( #3242 ) ) ;
#1262 = VERTEX_POINT ( 'NONE', #2927 ) ;
#1263 = DIRECTION ( 'NONE',  ( 0.0000000000000000000, -1.000000000000000000, -0.0000000000000000000 ) ) ;
#1264 = CIRCLE ( 'NONE', #237, 0.2000000000000000389 ) ;
#1265 = VECTOR ( 'NONE', #3383, 1000.000000000000000 ) ;
#1266 = LINE ( 'NONE', #3865, #1688 ) ;
#1267 = PRODUCT_DEFINITION ( 'UNKNOWN', '', #296, #3533 ) ;
#1268 = VECTOR ( 'NONE', #3559, 1000.000000000000000 ) ;
#1269 = DIRECTION ( 'NONE',  ( 9.274621392321998436E-15, -1.000000000000000000, 0.0000000000000000000 ) ) ;
#1270 =( NAMED_UNIT ( * ) SI_UNIT ( $, .STERADIAN. ) SOLID_ANGLE_UNIT ( ) );
#1271 = EDGE_LOOP ( 'NONE', ( #137, #2433, #126, #1148 ) ) ;
#1272 = MECHANICAL_DESIGN_GEOMETRIC_PRESENTATION_REPRESENTATION (  '', ( #2237 ), #3835 ) ;
#1273 = DIRECTION ( 'NONE',  ( -1.000000000000000000, -9.274621392321998436E-15, 1.135813540141000073E-30 ) ) ;
#1274 = LINE ( 'NONE', #4271, #2667 ) ;
#1275 = DIRECTION ( 'NONE',  ( 0.0000000000000000000, 0.0000000000000000000, 1.000000000000000000 ) ) ;
#1276 = COLOUR_RGB ( '',0.0000000000000000000, 0.3333333333333333148, 0.0000000000000000000 ) ;
#1277 = ADVANCED_FACE ( 'NONE', ( #4283 ), #3295, .T. ) ;
#1278 = LINE ( 'NONE', #3560, #1398 ) ;
#1279 = AXIS2_PLACEMENT_3D ( 'NONE', #4036, #3726, #682 ) ;
#1280 = ORIENTED_EDGE ( 'NONE', *, *, #2008, .F. ) ;
#1281 = PRESENTATION_LAYER_ASSIGNMENT (  '', '', ( #1212 ) ) ;
#1282 = SURFACE_STYLE_FILL_AREA ( #3222 ) ;
#1283 = UNCERTAINTY_MEASURE_WITH_UNIT (LENGTH_MEASURE( 1.000000000000000082E-05 ), #3183, 'distance_accuracy_value', 'NONE');
#1284 = DIRECTION ( 'NONE',  ( 1.000000000000000000, 0.0000000000000000000, 0.0000000000000000000 ) ) ;
#1285 = SURFACE_SIDE_STYLE ('',( #340 ) ) ;
#1286 = ORIENTED_EDGE ( 'NONE', *, *, #1678, .F. ) ;
#1287 = PRESENTATION_STYLE_ASSIGNMENT (( #2631 ) ) ;
#1288 = CARTESIAN_POINT ( 'NONE',  ( -0.3713942890049999890, 0.2600000000000000089, 3.184081677782999738E-17 ) ) ;
#1289 = PRESENTATION_LAYER_ASSIGNMENT (  '', '', ( #2258 ) ) ;
#1290 = PLANE ( 'NONE',  #160 ) ;
#1291 = VERTEX_POINT ( 'NONE', #4069 ) ;
#1292 = VERTEX_POINT ( 'NONE', #43 ) ;
#1293 = MECHANICAL_DESIGN_GEOMETRIC_PRESENTATION_REPRESENTATION (  '', ( #1911 ), #1628 ) ;
#1294 =( LENGTH_UNIT ( ) NAMED_UNIT ( * ) SI_UNIT ( .MILLI., .METRE. ) );
#1295 = DIRECTION ( 'NONE',  ( -0.0000000000000000000, 1.224646799146999945E-16, -1.000000000000000000 ) ) ;
#1296 = FILL_AREA_STYLE ('',( #1532 ) ) ;
#1297 = CARTESIAN_POINT ( 'NONE',  ( 0.5500000000000000444, 0.3499999999999999778, 0.07999999999999997391 ) ) ;
#1298 =( GEOMETRIC_REPRESENTATION_CONTEXT ( 3 ) GLOBAL_UNCERTAINTY_ASSIGNED_CONTEXT ( ( #3237 ) ) GLOBAL_UNIT_ASSIGNED_CONTEXT ( ( #2194, #1913, #893 ) ) REPRESENTATION_CONTEXT ( 'NONE', 'WORKASPACE' ) );
#1299 = CARTESIAN_POINT ( 'NONE',  ( 0.2849999999999999756, 0.2999999999999999889, 0.1400000000000000133 ) ) ;
#1300 = EDGE_CURVE ( 'NONE', #1996, #1527, #101, .T. ) ;
#1301 = DIRECTION ( 'NONE',  ( 0.0000000000000000000, 0.0000000000000000000, -1.000000000000000000 ) ) ;
#1302 = DIRECTION ( 'NONE',  ( -1.000000000000000000, 0.0000000000000000000, 0.0000000000000000000 ) ) ;
#1303 = VERTEX_POINT ( 'NONE', #381 ) ;
#1304 = ADVANCED_FACE ( 'NONE', ( #2765 ), #2671, .T. ) ;
#1305 = DIRECTION ( 'NONE',  ( 0.0000000000000000000, -1.224646799146999945E-16, -1.000000000000000000 ) ) ;
#1306 = FILL_AREA_STYLE_COLOUR ( '', #1869 ) ;
#1307 = CARTESIAN_POINT ( 'NONE',  ( -0.4949999999999999956, 0.2999999999999999889, 0.02000000000000000042 ) ) ;
#1308 = ORIENTED_EDGE ( 'NONE', *, *, #958, .F. ) ;
#1309 = LINE ( 'NONE', #342, #2367 ) ;
#1310 = CLOSED_SHELL ( 'NONE', ( #2144, #2683, #1611, #1277, #1586, #329, #4034, #1510, #3659, #3645, #1183, #4185, #3768, #4242, #2111, #2860, #1714, #2352, #1904, #2884, #618, #421, #2704, #4118, #2834, #3079 ) ) ;
#1311 = CARTESIAN_POINT ( 'NONE',  ( -0.5500000000000000444, 0.3499999999999999778, 0.0000000000000000000 ) ) ;
#1312 = DIRECTION ( 'NONE',  ( 0.0000000000000000000, 1.000000000000000000, -1.355252715606880543E-16 ) ) ;
#1313 = ORIENTED_EDGE ( 'NONE', *, *, #2542, .F. ) ;
#1314 = FILL_AREA_STYLE ('',( #2937 ) ) ;
#1315 =( LENGTH_UNIT ( ) NAMED_UNIT ( * ) SI_UNIT ( .MILLI., .METRE. ) );
#1316 = FILL_AREA_STYLE ('',( #4057 ) ) ;
#1317 = DIRECTION ( 'NONE',  ( 0.0000000000000000000, 1.000000000000000000, -1.129377263005733621E-16 ) ) ;
#1318 = CARTESIAN_POINT ( 'NONE',  ( -0.5500000000000000444, -0.3499999999999999778, 0.02000000000000000042 ) ) ;
#1319 = SURFACE_SIDE_STYLE ('',( #1715 ) ) ;
#1320 = VERTEX_POINT ( 'NONE', #59 ) ;
#1321 = FILL_AREA_STYLE_COLOUR ( '', #1153 ) ;
#1322 = UNCERTAINTY_MEASURE_WITH_UNIT (LENGTH_MEASURE( 1.000000000000000082E-05 ), #1061, 'distance_accuracy_value', 'NONE');
#1323 = EDGE_CURVE ( 'NONE', #2198, #2093, #1394, .T. ) ;
#1324 = VECTOR ( 'NONE', #1391, 1000.000000000000000 ) ;
#1325 = MECHANICAL_DESIGN_GEOMETRIC_PRESENTATION_REPRESENTATION (  '', ( #2006 ), #833 ) ;
#1326 = ORIENTED_EDGE ( 'NONE', *, *, #681, .T. ) ;
#1327 = CARTESIAN_POINT ( 'NONE',  ( 0.2975000000000000977, -0.2974999999999999867, 0.1250000000000000000 ) ) ;
#1328 = AXIS2_PLACEMENT_3D ( 'NONE', #1985, #2907, #1914 ) ;
#1329 = PRODUCT_DEFINITION_FORMATION_WITH_SPECIFIED_SOURCE ( 'ANY', '', #3881, .NOT_KNOWN. ) ;
#1330 = CARTESIAN_POINT ( 'NONE',  ( -0.05000000000000000278, 0.2999999999999999889, 0.0000000000000000000 ) ) ;
#1331 = FACE_OUTER_BOUND ( 'NONE', #2722, .T. ) ;
#1332 = VECTOR ( 'NONE', #3224, 1000.000000000000000 ) ;
#1333 = MECHANICAL_DESIGN_GEOMETRIC_PRESENTATION_REPRESENTATION (  '', ( #3618 ), #1049 ) ;
#1334 = EDGE_LOOP ( 'NONE', ( #4244, #4235, #3141, #2318, #3886, #475, #1077, #3772, #1599, #3368, #2442, #2808 ) ) ;
#1335 = LINE ( 'NONE', #3946, #515 ) ;
#1336 = STYLED_ITEM ( 'NONE', ( #1107 ), #2111 ) ;
#1337 = CARTESIAN_POINT ( 'NONE',  ( -0.2849999999999999756, -0.2999999999999999889, 0.1250000000000000000 ) ) ;
#1338 = VECTOR ( 'NONE', #181, 1000.000000000000000 ) ;
#1339 =( NAMED_UNIT ( * ) PLANE_ANGLE_UNIT ( ) SI_UNIT ( $, .RADIAN. ) );
#1340 = VERTEX_POINT ( 'NONE', #2386 ) ;
#1341 = DIRECTION ( 'NONE',  ( -0.0000000000000000000, 1.000000000000000000, 0.0000000000000000000 ) ) ;
#1342 =( LENGTH_UNIT ( ) NAMED_UNIT ( * ) SI_UNIT ( .MILLI., .METRE. ) );
#1343 = EDGE_CURVE ( 'NONE', #413, #2719, #3675, .T. ) ;
#1344 =( LENGTH_UNIT ( ) NAMED_UNIT ( * ) SI_UNIT ( .MILLI., .METRE. ) );
#1345 = PRESENTATION_STYLE_ASSIGNMENT (( #2034 ) ) ;
#1346 = CARTESIAN_POINT ( 'NONE',  ( -0.05000000000000000278, -0.1499999999999999944, -0.01000000000000000021 ) ) ;
#1347 = MECHANICAL_DESIGN_GEOMETRIC_PRESENTATION_REPRESENTATION (  '', ( #325 ), #2251 ) ;
#1348 = EDGE_LOOP ( 'NONE', ( #2922, #2355, #3457, #3040 ) ) ;
#1349 = EDGE_CURVE ( 'NONE', #3024, #718, #731, .T. ) ;
#1350 = DIRECTION ( 'NONE',  ( 0.0000000000000000000, 1.000000000000000000, 1.224646799146999945E-16 ) ) ;
#1351 =( NAMED_UNIT ( * ) SI_UNIT ( $, .STERADIAN. ) SOLID_ANGLE_UNIT ( ) );
#1352 =( NAMED_UNIT ( * ) SI_UNIT ( $, .STERADIAN. ) SOLID_ANGLE_UNIT ( ) );
#1353 = MECHANICAL_DESIGN_GEOMETRIC_PRESENTATION_REPRESENTATION (  '', ( #538 ), #1909 ) ;
#1354 =( LENGTH_UNIT ( ) NAMED_UNIT ( * ) SI_UNIT ( .MILLI., .METRE. ) );
#1355 = VERTEX_POINT ( 'NONE', #2005 ) ;
#1356 = SURFACE_SIDE_STYLE ('',( #2737 ) ) ;
#1357 = PRESENTATION_STYLE_ASSIGNMENT (( #3954 ) ) ;
#1358 = UNCERTAINTY_MEASURE_WITH_UNIT (LENGTH_MEASURE( 1.000000000000000082E-05 ), #3817, 'distance_accuracy_value', 'NONE');
#1359 = DIRECTION ( 'NONE',  ( -1.000000000000000000, -0.0000000000000000000, 0.0000000000000000000 ) ) ;
#1360 =( NAMED_UNIT ( * ) SI_UNIT ( $, .STERADIAN. ) SOLID_ANGLE_UNIT ( ) );
#1361 = CYLINDRICAL_SURFACE ( 'NONE', #1393, 0.2000000000000000389 ) ;
#1362 = DIRECTION ( 'NONE',  ( -9.274621392321998436E-15, 1.000000000000000000, -0.0000000000000000000 ) ) ;
#1363 = LINE ( 'NONE', #2745, #3959 ) ;
#1364 = DIRECTION ( 'NONE',  ( 1.000000000000000000, 0.0000000000000000000, 0.0000000000000000000 ) ) ;
#1365 = EDGE_CURVE ( 'NONE', #2395, #746, #3339, .T. ) ;
#1366 = ORIENTED_EDGE ( 'NONE', *, *, #895, .F. ) ;
#1367 = APPLICATION_CONTEXT ( 'automotive_design' ) ;
#1368 = DIRECTION ( 'NONE',  ( -0.0000000000000000000, -0.0000000000000000000, 1.000000000000000000 ) ) ;
#1369 = FACE_OUTER_BOUND ( 'NONE', #4031, .T. ) ;
#1370 = ORIENTED_EDGE ( 'NONE', *, *, #3220, .F. ) ;
#1371 = CARTESIAN_POINT ( 'NONE',  ( -0.5000000000000000000, 0.2999999999999999889, 0.0000000000000000000 ) ) ;
#1372 = ORIENTED_EDGE ( 'NONE', *, *, #1492, .T. ) ;
#1373 = ORIENTED_EDGE ( 'NONE', *, *, #3989, .T. ) ;
#1374 = SURFACE_STYLE_FILL_AREA ( #2666 ) ;
#1375 = SURFACE_STYLE_FILL_AREA ( #2024 ) ;
#1376 = DIRECTION ( 'NONE',  ( 0.0000000000000000000, 0.0000000000000000000, 1.000000000000000000 ) ) ;
#1377 = DIRECTION ( 'NONE',  ( 0.0000000000000000000, 1.000000000000000000, -0.0000000000000000000 ) ) ;
#1378 =( NAMED_UNIT ( * ) SI_UNIT ( $, .STERADIAN. ) SOLID_ANGLE_UNIT ( ) );
#1379 = AXIS2_PLACEMENT_3D ( 'NONE', #2517, #2472, #2167 ) ;
#1380 = COLOUR_RGB ( '',0.0000000000000000000, 1.000000000000000000, 0.0000000000000000000 ) ;
#1381 =( GEOMETRIC_REPRESENTATION_CONTEXT ( 3 ) GLOBAL_UNCERTAINTY_ASSIGNED_CONTEXT ( ( #935 ) ) GLOBAL_UNIT_ASSIGNED_CONTEXT ( ( #353, #3957, #4000 ) ) REPRESENTATION_CONTEXT ( 'NONE', 'WORKASPACE' ) );
#1382 = APPLICATION_PROTOCOL_DEFINITION ( 'draft international standard', 'automotive_design', 1998, #994 ) ;
#1383 = SURFACE_STYLE_USAGE ( .BOTH. , #2415 ) ;
#1384 = ORIENTED_EDGE ( 'NONE', *, *, #1759, .T. ) ;
#1385 = UNCERTAINTY_MEASURE_WITH_UNIT (LENGTH_MEASURE( 1.000000000000000082E-05 ), #2270, 'distance_accuracy_value', 'NONE');
#1386 = ORIENTED_EDGE ( 'NONE', *, *, #3372, .F. ) ;
#1387 = FILL_AREA_STYLE_COLOUR ( '', #447 ) ;
#1388 = ORIENTED_EDGE ( 'NONE', *, *, #4041, .F. ) ;
#1389 = LINE ( 'NONE', #993, #2756 ) ;
#1390 = VECTOR ( 'NONE', #694, 1000.000000000000000 ) ;
#1391 = DIRECTION ( 'NONE',  ( -1.000000000000000000, 0.0000000000000000000, -0.0000000000000000000 ) ) ;
#1392 = ORIENTED_EDGE ( 'NONE', *, *, #3245, .F. ) ;
#1393 = AXIS2_PLACEMENT_3D ( 'NONE', #1406, #418, #401 ) ;
#1394 = CIRCLE ( 'NONE', #4197, 0.1700000000000000122 ) ;
#1395 = CARTESIAN_POINT ( 'NONE',  ( -0.05000000000000000278, 0.2999999999999999889, 0.0000000000000000000 ) ) ;
#1396 = ADVANCED_FACE ( 'NONE', ( #2689 ), #1064, .F. ) ;
#1397 = CARTESIAN_POINT ( 'NONE',  ( -0.2000000000000000111, -0.2999999999999999889, 0.0000000000000000000 ) ) ;
#1398 = VECTOR ( 'NONE', #1959, 1000.000000000000000 ) ;
#1399 = CARTESIAN_POINT ( 'NONE',  ( 0.4749999999999999778, -0.1645950378230000011, 0.02000000000000000042 ) ) ;
#1400 = ORIENTED_EDGE ( 'NONE', *, *, #4070, .F. ) ;
#1401 = ADVANCED_FACE ( 'NONE', ( #141 ), #776, .F. ) ;
#1402 = DIRECTION ( 'NONE',  ( 0.0000000000000000000, 0.0000000000000000000, 1.000000000000000000 ) ) ;
#1403 = UNCERTAINTY_MEASURE_WITH_UNIT (LENGTH_MEASURE( 1.000000000000000082E-05 ), #2746, 'distance_accuracy_value', 'NONE');
#1404 = FACE_OUTER_BOUND ( 'NONE', #1141, .T. ) ;
#1405 = LINE ( 'NONE', #2778, #3215 ) ;
#1406 = CARTESIAN_POINT ( 'NONE',  ( 0.5500000000000000444, 0.3499999999999999778, 4.286263797015999754E-17 ) ) ;
#1407 = SHAPE_DEFINITION_REPRESENTATION ( #1108, #1577 ) ;
#1408 = SURFACE_STYLE_FILL_AREA ( #1766 ) ;
#1409 = CARTESIAN_POINT ( 'NONE',  ( -0.2849999999999999756, 0.2849999999999999756, 0.1400000000000000133 ) ) ;
#1410 = SURFACE_STYLE_FILL_AREA ( #2055 ) ;
#1411 = ORIENTED_EDGE ( 'NONE', *, *, #294, .F. ) ;
#1412 = CARTESIAN_POINT ( 'NONE',  ( -0.5000000000000000000, -0.2599999999999999534, 0.0000000000000000000 ) ) ;
#1413 = VERTEX_POINT ( 'NONE', #553 ) ;
#1414 = MECHANICAL_DESIGN_GEOMETRIC_PRESENTATION_REPRESENTATION (  '', ( #2106 ), #946 ) ;
#1415 = DIRECTION ( 'NONE',  ( 1.000000000000000000, 0.0000000000000000000, 0.0000000000000000000 ) ) ;
#1416 = SURFACE_SIDE_STYLE ('',( #1771 ) ) ;
#1417 = ORIENTED_EDGE ( 'NONE', *, *, #3578, .F. ) ;
#1418 = VECTOR ( 'NONE', #2098, 1000.000000000000000 ) ;
#1419 = CARTESIAN_POINT ( 'NONE',  ( 0.3275140453870559187, -0.2600000000001834732, 0.08000000000000001554 ) ) ;
#1420 = EDGE_CURVE ( 'NONE', #4054, #3484, #3198, .T. ) ;
#1421 = EDGE_LOOP ( 'NONE', ( #4168, #1437, #3466, #518 ) ) ;
#1422 = COLOUR_RGB ( '',0.7803921568627451011, 0.5686274509803921351, 0.1137254901960784298 ) ;
#1423 = PRESENTATION_STYLE_ASSIGNMENT (( #3426 ) ) ;
#1424 = DIRECTION ( 'NONE',  ( -1.000000000000000000, -9.566489757225037615E-16, 0.0000000000000000000 ) ) ;
#1425 = ADVANCED_FACE ( 'NONE', ( #3184 ), #3428, .F. ) ;
#1426 = COLOUR_RGB ( '',0.7803921568627451011, 0.5686274509803921351, 0.1137254901960784298 ) ;
#1427 = DIRECTION ( 'NONE',  ( 0.0000000000000000000, -1.224646799146999945E-16, -1.000000000000000000 ) ) ;
#1428 = APPLICATION_PROTOCOL_DEFINITION ( 'draft international standard', 'automotive_design', 1998, #2479 ) ;
#1429 = LINE ( 'NONE', #124, #3291 ) ;
#1430 = LINE ( 'NONE', #2100, #3825 ) ;
#1431 = VERTEX_POINT ( 'NONE', #484 ) ;
#1432 = LINE ( 'NONE', #755, #299 ) ;
#1433 = FACE_OUTER_BOUND ( 'NONE', #387, .T. ) ;
#1434 = LINE ( 'NONE', #4055, #1961 ) ;
#1435 = VERTEX_POINT ( 'NONE', #1882 ) ;
#1436 = FILL_AREA_STYLE ('',( #2438 ) ) ;
#1437 = ORIENTED_EDGE ( 'NONE', *, *, #2165, .T. ) ;
#1438 = UNCERTAINTY_MEASURE_WITH_UNIT (LENGTH_MEASURE( 1.000000000000000082E-05 ), #2446, 'distance_accuracy_value', 'NONE');
#1439 = ORIENTED_EDGE ( 'NONE', *, *, #114, .F. ) ;
#1440 = SURFACE_STYLE_FILL_AREA ( #2814 ) ;
#1441 = FACE_OUTER_BOUND ( 'NONE', #2565, .T. ) ;
#1442 = DIRECTION ( 'NONE',  ( 0.0000000000000000000, 0.0000000000000000000, -1.000000000000000000 ) ) ;
#1443 = ORIENTED_EDGE ( 'NONE', *, *, #3039, .F. ) ;
#1444 = EDGE_CURVE ( 'NONE', #718, #1292, #2897, .T. ) ;
#1445 = UNCERTAINTY_MEASURE_WITH_UNIT (LENGTH_MEASURE( 1.000000000000000082E-05 ), #3742, 'distance_accuracy_value', 'NONE');
#1446 = LINE ( 'NONE', #120, #3965 ) ;
#1447 = STYLED_ITEM ( 'NONE', ( #1345 ), #197 ) ;
#1448 = APPLICATION_PROTOCOL_DEFINITION ( 'draft international standard', 'automotive_design', 1998, #60 ) ;
#1449 = PRODUCT_DEFINITION_SHAPE ( 'NONE', 'NONE',  #4303 ) ;
#1450 = EDGE_CURVE ( 'NONE', #2560, #117, #4208, .T. ) ;
#1451 = CARTESIAN_POINT ( 'NONE',  ( 0.5500000000000000444, -0.3499999999999999778, 4.286263797010733491E-17 ) ) ;
#1452 = CIRCLE ( 'NONE', #1379, 0.1499999999999999667 ) ;
#1453 =( NAMED_UNIT ( * ) PLANE_ANGLE_UNIT ( ) SI_UNIT ( $, .RADIAN. ) );
#1454 = PRESENTATION_LAYER_ASSIGNMENT (  '', '', ( #2707 ) ) ;
#1455 = DIRECTION ( 'NONE',  ( -1.000000000000000000, 0.0000000000000000000, 0.0000000000000000000 ) ) ;
#1456 = CARTESIAN_POINT ( 'NONE',  ( -0.3875192319069999947, 0.2999999999999999889, 0.0000000000000000000 ) ) ;
#1457 = ORIENTED_EDGE ( 'NONE', *, *, #2074, .F. ) ;
#1458 = CARTESIAN_POINT ( 'NONE',  ( -0.2000000000000000111, 0.2999999999999999889, 0.0000000000000000000 ) ) ;
#1459 = ORIENTED_EDGE ( 'NONE', *, *, #643, .F. ) ;
#1460 = AXIS2_PLACEMENT_3D ( 'NONE', #923, #3247, #3637 ) ;
#1461 = AXIS2_PLACEMENT_3D ( 'NONE', #1002, #671, #2003 ) ;
#1462 = ORIENTED_EDGE ( 'NONE', *, *, #1847, .F. ) ;
#1463 = FILL_AREA_STYLE_COLOUR ( '', #1671 ) ;
#1464 = VECTOR ( 'NONE', #53, 1000.000000000000000 ) ;
#1465 = STYLED_ITEM ( 'NONE', ( #2718 ), #1026 ) ;
#1466 = LINE ( 'NONE', #2835, #1006 ) ;
#1467 = SURFACE_SIDE_STYLE ('',( #136 ) ) ;
#1468 = VECTOR ( 'NONE', #1263, 1000.000000000000000 ) ;
#1469 = ORIENTED_EDGE ( 'NONE', *, *, #3388, .F. ) ;
#1470 = PRESENTATION_LAYER_ASSIGNMENT (  '', '', ( #1465 ) ) ;
#1471 = PRESENTATION_LAYER_ASSIGNMENT (  '', '', ( #2992 ) ) ;
#1472 = STYLED_ITEM ( 'NONE', ( #2605 ), #1277 ) ;
#1473 = DIRECTION ( 'NONE',  ( -0.0000000000000000000, 1.224646799146999945E-16, 1.000000000000000000 ) ) ;
#1474 = FACE_OUTER_BOUND ( 'NONE', #2218, .T. ) ;
#1475 = PRESENTATION_STYLE_ASSIGNMENT (( #1782 ) ) ;
#1476 = AXIS2_PLACEMENT_3D ( 'NONE', #878, #1273, #224 ) ;
#1477 = AXIS2_PLACEMENT_3D ( 'NONE', #2640, #479, #183 ) ;
#1478 = SHAPE_DEFINITION_REPRESENTATION ( #4177, #2535 ) ;
#1479 =( NAMED_UNIT ( * ) PLANE_ANGLE_UNIT ( ) SI_UNIT ( $, .RADIAN. ) );
#1480 = CARTESIAN_POINT ( 'NONE',  ( 0.4749999999999999778, -0.1645950378230000011, 2.015707862250000449E-17 ) ) ;
#1481 = VECTOR ( 'NONE', #1137, 1000.000000000000000 ) ;
#1482 = CARTESIAN_POINT ( 'NONE',  ( -0.5000000000000000000, 0.2999999999999999889, 0.06000000000000000472 ) ) ;
#1483 =( NAMED_UNIT ( * ) SI_UNIT ( $, .STERADIAN. ) SOLID_ANGLE_UNIT ( ) );
#1484 = ADVANCED_FACE ( 'NONE', ( #4251 ), #936, .T. ) ;
#1485 = VECTOR ( 'NONE', #4108, 1000.000000000000000 ) ;
#1486 = CARTESIAN_POINT ( 'NONE',  ( -0.3275140453870559187, -0.2600000000001834732, 0.06000000000000001166 ) ) ;
#1487 = CARTESIAN_POINT ( 'NONE',  ( 0.5000000000000000000, -0.2999999999999999889, 0.0000000000000000000 ) ) ;
#1488 = VERTEX_POINT ( 'NONE', #3879 ) ;
#1489 = DIRECTION ( 'NONE',  ( 0.0000000000000000000, -1.000000000000000000, -1.224646799146999945E-16 ) ) ;
#1490 = ORIENTED_EDGE ( 'NONE', *, *, #3664, .T. ) ;
#1491 = STYLED_ITEM ( 'NONE', ( #2703 ), #3112 ) ;
#1492 = EDGE_CURVE ( 'NONE', #2127, #1340, #3558, .T. ) ;
#1493 = ORIENTED_EDGE ( 'NONE', *, *, #1365, .F. ) ;
#1494 = CARTESIAN_POINT ( 'NONE',  ( -0.2999999999999999889, 0.2999999999999999889, 0.1250000000000000000 ) ) ;
#1495 =( LENGTH_UNIT ( ) NAMED_UNIT ( * ) SI_UNIT ( .MILLI., .METRE. ) );
#1496 = SURFACE_SIDE_STYLE ('',( #2359 ) ) ;
#1497 = CARTESIAN_POINT ( 'NONE',  ( -0.3875192319071404379, -0.2999999999999999889, 0.02000000000000000042 ) ) ;
#1498 = VERTEX_POINT ( 'NONE', #3927 ) ;
#1499 = UNCERTAINTY_MEASURE_WITH_UNIT (LENGTH_MEASURE( 1.000000000000000082E-05 ), #3756, 'distance_accuracy_value', 'NONE');
#1500 = FACE_OUTER_BOUND ( 'NONE', #110, .T. ) ;
#1501 = FILL_AREA_STYLE ('',( #1808 ) ) ;
#1502 = VECTOR ( 'NONE', #1829, 1000.000000000000000 ) ;
#1503 = PRODUCT_CONTEXT ( 'NONE', #2622, 'mechanical' ) ;
#1504 = FACE_OUTER_BOUND ( 'NONE', #2045, .T. ) ;
#1505 = COLOUR_RGB ( '',0.0000000000000000000, 0.3333333333333333148, 0.0000000000000000000 ) ;
#1506 = SURFACE_SIDE_STYLE ('',( #196 ) ) ;
#1507 = ORIENTED_EDGE ( 'NONE', *, *, #3929, .T. ) ;
#1508 = AXIS2_PLACEMENT_3D ( 'NONE', #259, #280, #1269 ) ;
#1509 = LINE ( 'NONE', #4218, #1753 ) ;
#1510 = ADVANCED_FACE ( 'NONE', ( #1921 ), #908, .T. ) ;
#1511 = ORIENTED_EDGE ( 'NONE', *, *, #2486, .T. ) ;
#1512 =( LENGTH_UNIT ( ) NAMED_UNIT ( * ) SI_UNIT ( .MILLI., .METRE. ) );
#1513 = ORIENTED_EDGE ( 'NONE', *, *, #1779, .F. ) ;
#1514 = ORIENTED_EDGE ( 'NONE', *, *, #8, .T. ) ;
#1515 = DIRECTION ( 'NONE',  ( 0.0000000000000000000, 1.000000000000000000, -1.224646799146999945E-16 ) ) ;
#1516 = EDGE_CURVE ( 'NONE', #2253, #251, #1278, .T. ) ;
#1517 = AXIS2_PLACEMENT_3D ( 'NONE', #3260, #3543, #321 ) ;
#1518 = ORIENTED_EDGE ( 'NONE', *, *, #685, .F. ) ;
#1519 = DIRECTION ( 'NONE',  ( -1.000000000000000000, -0.0000000000000000000, 0.0000000000000000000 ) ) ;
#1520 =( NAMED_UNIT ( * ) PLANE_ANGLE_UNIT ( ) SI_UNIT ( $, .RADIAN. ) );
#1521 = FILL_AREA_STYLE ('',( #843 ) ) ;
#1522 = ORIENTED_EDGE ( 'NONE', *, *, #3525, .F. ) ;
#1523 = FILL_AREA_STYLE_COLOUR ( '', #1203 ) ;
#1524 = AXIS2_PLACEMENT_3D ( 'NONE', #1708, #2363, #125 ) ;
#1525 = CARTESIAN_POINT ( 'NONE',  ( -0.4749999999998638645, -0.1645950378226634647, 2.015707862251541810E-17 ) ) ;
#1526 = VERTEX_POINT ( 'NONE', #3272 ) ;
#1527 = VERTEX_POINT ( 'NONE', #2947 ) ;
#1528 = STYLED_ITEM ( 'NONE', ( #4067 ), #591 ) ;
#1529 = ORIENTED_EDGE ( 'NONE', *, *, #2052, .T. ) ;
#1530 = EDGE_CURVE ( 'NONE', #3507, #3545, #1806, .T. ) ;
#1531 = CARTESIAN_POINT ( 'NONE',  ( -0.5500000000000000444, 0.3499999999999999778, 0.05999999999999998390 ) ) ;
#1532 = FILL_AREA_STYLE_COLOUR ( '', #1505 ) ;
#1533 = STYLED_ITEM ( 'NONE', ( #3364 ), #18 ) ;
#1534 = SURFACE_SIDE_STYLE ('',( #4250 ) ) ;
#1535 = EDGE_CURVE ( 'NONE', #2135, #3640, #34, .T. ) ;
#1536 = MECHANICAL_DESIGN_GEOMETRIC_PRESENTATION_REPRESENTATION (  '', ( #3968 ), #1119 ) ;
#1537 = DIRECTION ( 'NONE',  ( 0.0000000000000000000, 0.0000000000000000000, -1.000000000000000000 ) ) ;
#1538 = SURFACE_STYLE_USAGE ( .BOTH. , #3534 ) ;
#1539 = STYLED_ITEM ( 'NONE', ( #64 ), #976 ) ;
#1540 =( NAMED_UNIT ( * ) SI_UNIT ( $, .STERADIAN. ) SOLID_ANGLE_UNIT ( ) );
#1541 =( NAMED_UNIT ( * ) SI_UNIT ( $, .STERADIAN. ) SOLID_ANGLE_UNIT ( ) );
#1542 = ADVANCED_FACE ( 'NONE', ( #2734 ), #9, .T. ) ;
#1543 = VECTOR ( 'NONE', #648, 1000.000000000000000 ) ;
#1544 = CARTESIAN_POINT ( 'NONE',  ( -0.5500000000000000444, -0.3499999999999999778, 0.05999999999999999778 ) ) ;
#1545 =( NAMED_UNIT ( * ) SI_UNIT ( $, .STERADIAN. ) SOLID_ANGLE_UNIT ( ) );
#1546 =( GEOMETRIC_REPRESENTATION_CONTEXT ( 3 ) GLOBAL_UNCERTAINTY_ASSIGNED_CONTEXT ( ( #599 ) ) GLOBAL_UNIT_ASSIGNED_CONTEXT ( ( #3088, #2138, #2801 ) ) REPRESENTATION_CONTEXT ( 'NONE', 'WORKASPACE' ) );
#1547 = DIRECTION ( 'NONE',  ( 0.0000000000000000000, -0.0000000000000000000, -1.000000000000000000 ) ) ;
#1548 = MECHANICAL_DESIGN_GEOMETRIC_PRESENTATION_REPRESENTATION (  '', ( #3073 ), #375 ) ;
#1549 = CIRCLE ( 'NONE', #1954, 0.1499999999999999667 ) ;
#1550 = DIRECTION ( 'NONE',  ( 0.0000000000000000000, -1.224646799146999945E-16, -1.000000000000000000 ) ) ;
#1551 = ORIENTED_EDGE ( 'NONE', *, *, #1966, .F. ) ;
#1552 = EDGE_LOOP ( 'NONE', ( #96, #1606, #499, #3526 ) ) ;
#1553 =( GEOMETRIC_REPRESENTATION_CONTEXT ( 3 ) GLOBAL_UNCERTAINTY_ASSIGNED_CONTEXT ( ( #3362 ) ) GLOBAL_UNIT_ASSIGNED_CONTEXT ( ( #3349, #4028, #3698 ) ) REPRESENTATION_CONTEXT ( 'NONE', 'WORKASPACE' ) );
#1554 = VERTEX_POINT ( 'NONE', #436 ) ;
#1555 = FILL_AREA_STYLE ('',( #243 ) ) ;
#1556 = LINE ( 'NONE', #607, #794 ) ;
#1557 = STYLED_ITEM ( 'NONE', ( #2404 ), #2860 ) ;
#1558 = SURFACE_STYLE_FILL_AREA ( #3856 ) ;
#1559 = PRESENTATION_LAYER_ASSIGNMENT (  '', '', ( #2025 ) ) ;
#1560 = EDGE_CURVE ( 'NONE', #3066, #4032, #4121, .T. ) ;
#1561 = PRESENTATION_LAYER_ASSIGNMENT (  '', '', ( #3848 ) ) ;
#1562 = ORIENTED_EDGE ( 'NONE', *, *, #3282, .F. ) ;
#1563 = AXIS2_PLACEMENT_3D ( 'NONE', #2993, #3343, #4004 ) ;
#1564 = PLANE ( 'NONE',  #606 ) ;
#1565 = EDGE_CURVE ( 'NONE', #1772, #3387, #1084, .T. ) ;
#1566 = FACE_OUTER_BOUND ( 'NONE', #3083, .T. ) ;
#1567 =( NAMED_UNIT ( * ) SI_UNIT ( $, .STERADIAN. ) SOLID_ANGLE_UNIT ( ) );
#1568 = STYLED_ITEM ( 'NONE', ( #2157 ), #3995 ) ;
#1569 =( GEOMETRIC_REPRESENTATION_CONTEXT ( 3 ) GLOBAL_UNCERTAINTY_ASSIGNED_CONTEXT ( ( #3794 ) ) GLOBAL_UNIT_ASSIGNED_CONTEXT ( ( #2061, #2396, #701 ) ) REPRESENTATION_CONTEXT ( 'NONE', 'WORKASPACE' ) );
#1570 = EDGE_CURVE ( 'NONE', #855, #2636, #1672, .T. ) ;
#1571 = DIRECTION ( 'NONE',  ( 0.0000000000000000000, 1.224646799146999945E-16, -1.000000000000000000 ) ) ;
#1572 = CARTESIAN_POINT ( 'NONE',  ( -0.2849999999999999756, -0.2849999999999999756, 0.1400000000000000133 ) ) ;
#1573 = VERTEX_POINT ( 'NONE', #3401 ) ;
#1574 = ORIENTED_EDGE ( 'NONE', *, *, #1492, .F. ) ;
#1575 = DIRECTION ( 'NONE',  ( 0.0000000000000000000, 0.0000000000000000000, 1.000000000000000000 ) ) ;
#1576 = LINE ( 'NONE', #2614, #400 ) ;
#1577 = SHAPE_REPRESENTATION ( 'Cut005_(Mirror_#1)', ( #269 ), #763 ) ;
#1578 = FILL_AREA_STYLE_COLOUR ( '', #2445 ) ;
#1579 = ORIENTED_EDGE ( 'NONE', *, *, #2222, .T. ) ;
#1580 = AXIS2_PLACEMENT_3D ( 'NONE', #236, #2240, #1244 ) ;
#1581 = PRODUCT_DEFINITION ( 'UNKNOWN', '', #1051, #2407 ) ;
#1582 = UNCERTAINTY_MEASURE_WITH_UNIT (LENGTH_MEASURE( 1.000000000000000082E-05 ), #934, 'distance_accuracy_value', 'NONE');
#1583 = DIRECTION ( 'NONE',  ( 0.0000000000000000000, 0.0000000000000000000, -1.000000000000000000 ) ) ;
#1584 =( LENGTH_UNIT ( ) NAMED_UNIT ( * ) SI_UNIT ( .MILLI., .METRE. ) );
#1585 = PLANE ( 'NONE',  #1328 ) ;
#1586 = ADVANCED_FACE ( 'NONE', ( #2963 ), #3053, .T. ) ;
#1587 = VECTOR ( 'NONE', #1040, 1000.000000000000000 ) ;
#1588 = CARTESIAN_POINT ( 'NONE',  ( -0.1999999999999999833, -0.2599999999999999534, 0.0000000000000000000 ) ) ;
#1589 = DIRECTION ( 'NONE',  ( 0.0000000000000000000, -1.224646799146999945E-16, -1.000000000000000000 ) ) ;
#1590 = VECTOR ( 'NONE', #3673, 1000.000000000000000 ) ;
#1591 = LINE ( 'NONE', #1299, #3824 ) ;
#1592 = VECTOR ( 'NONE', #3666, 1000.000000000000000 ) ;
#1593 = DIRECTION ( 'NONE',  ( 0.0000000000000000000, 1.000000000000000000, -1.185846126156020475E-16 ) ) ;
#1594 = ORIENTED_EDGE ( 'NONE', *, *, #144, .T. ) ;
#1595 =( GEOMETRIC_REPRESENTATION_CONTEXT ( 3 ) GLOBAL_UNCERTAINTY_ASSIGNED_CONTEXT ( ( #577 ) ) GLOBAL_UNIT_ASSIGNED_CONTEXT ( ( #3353, #3440, #2439 ) ) REPRESENTATION_CONTEXT ( 'NONE', 'WORKASPACE' ) );
#1596 = AXIS2_PLACEMENT_3D ( 'NONE', #4176, #2181, #3875 ) ;
#1597 = CARTESIAN_POINT ( 'NONE',  ( -0.4949999999999999956, 0.2999999999999999889, 0.02000000000000000042 ) ) ;
#1598 = DIRECTION ( 'NONE',  ( 1.000000000000000000, 0.0000000000000000000, 0.0000000000000000000 ) ) ;
#1599 = ORIENTED_EDGE ( 'NONE', *, *, #2915, .F. ) ;
#1600 = CARTESIAN_POINT ( 'NONE',  ( -0.4749999999999319766, -0.1645950378226359312, 0.06000000000000001860 ) ) ;
#1601 = PRESENTATION_LAYER_ASSIGNMENT (  '', '', ( #1336 ) ) ;
#1602 = CARTESIAN_POINT ( 'NONE',  ( 0.5500000000000000444, -0.3499999999999999778, 0.0000000000000000000 ) ) ;
#1603 = MECHANICAL_DESIGN_GEOMETRIC_PRESENTATION_REPRESENTATION (  '', ( #1665 ), #3342 ) ;
#1604 = FILL_AREA_STYLE ('',( #3964 ) ) ;
#1605 = EDGE_CURVE ( 'NONE', #1202, #363, #2092, .T. ) ;
#1606 = ORIENTED_EDGE ( 'NONE', *, *, #1010, .F. ) ;
#1607 = PRESENTATION_LAYER_ASSIGNMENT (  '', '', ( #2237 ) ) ;
#1608 = COLOUR_RGB ( '',0.7803921568627451011, 0.5686274509803921351, 0.1137254901960784298 ) ;
#1609 =( NAMED_UNIT ( * ) SI_UNIT ( $, .STERADIAN. ) SOLID_ANGLE_UNIT ( ) );
#1610 = SURFACE_STYLE_FILL_AREA ( #3263 ) ;
#1611 = ADVANCED_FACE ( 'NONE', ( #3423 ), #1800, .F. ) ;
#1612 = PRESENTATION_LAYER_ASSIGNMENT (  '', '', ( #1957 ) ) ;
#1613 = CYLINDRICAL_SURFACE ( 'NONE', #1279, 0.2000000000000000389 ) ;
#1614 = DIRECTION ( 'NONE',  ( 0.0000000000000000000, 1.224646799146999945E-16, -1.000000000000000000 ) ) ;
#1615 = VERTEX_POINT ( 'NONE', #1146 ) ;
#1616 = CYLINDRICAL_SURFACE ( 'NONE', #1746, 0.2400000000000000189 ) ;
#1617 = VECTOR ( 'NONE', #1971, 1000.000000000000000 ) ;
#1618 = PRESENTATION_STYLE_ASSIGNMENT (( #3932 ) ) ;
#1619 = UNCERTAINTY_MEASURE_WITH_UNIT (LENGTH_MEASURE( 1.000000000000000082E-05 ), #1354, 'distance_accuracy_value', 'NONE');
#1620 = DIRECTION ( 'NONE',  ( 0.0000000000000000000, 0.0000000000000000000, -1.000000000000000000 ) ) ;
#1621 = DIRECTION ( 'NONE',  ( -0.0000000000000000000, -1.000000000000000000, -1.224646799146999945E-16 ) ) ;
#1622 = VERTEX_POINT ( 'NONE', #1497 ) ;
#1623 = AXIS2_PLACEMENT_3D ( 'NONE', #487, #403, #3386 ) ;
#1624 = SURFACE_STYLE_FILL_AREA ( #2932 ) ;
#1625 = CARTESIAN_POINT ( 'NONE',  ( -0.05000000000000000971, -0.2999999999999999889, -1.551054894538499630E-19 ) ) ;
#1626 = PRESENTATION_LAYER_ASSIGNMENT (  '', '', ( #2464 ) ) ;
#1627 = FILL_AREA_STYLE_COLOUR ( '', #1727 ) ;
#1628 =( GEOMETRIC_REPRESENTATION_CONTEXT ( 3 ) GLOBAL_UNCERTAINTY_ASSIGNED_CONTEXT ( ( #1744 ) ) GLOBAL_UNIT_ASSIGNED_CONTEXT ( ( #1898, #3614, #4228 ) ) REPRESENTATION_CONTEXT ( 'NONE', 'WORKASPACE' ) );
#1629 = ADVANCED_FACE ( 'NONE', ( #2797 ), #2484, .F. ) ;
#1630 = DIRECTION ( 'NONE',  ( 0.0000000000000000000, -1.000000000000000000, -1.034036596358999946E-18 ) ) ;
#1631 = PLANE ( 'NONE',  #1228 ) ;
#1632 = DIRECTION ( 'NONE',  ( 0.0000000000000000000, 0.0000000000000000000, 1.000000000000000000 ) ) ;
#1633 = AXIS2_PLACEMENT_3D ( 'NONE', #1791, #1489, #4080 ) ;
#1634 = FILL_AREA_STYLE_COLOUR ( '', #164 ) ;
#1635 = EDGE_CURVE ( 'NONE', #3898, #3649, #3491, .T. ) ;
#1636 = SURFACE_STYLE_USAGE ( .BOTH. , #2353 ) ;
#1637 = CARTESIAN_POINT ( 'NONE',  ( -0.3875192319069999947, 0.2999999999999999889, 0.02000000000000000042 ) ) ;
#1638 = ORIENTED_EDGE ( 'NONE', *, *, #954, .T. ) ;
#1639 = CARTESIAN_POINT ( 'NONE',  ( -0.4999999999999102385, 0.1563508326896523304, -1.914745467975008224E-17 ) ) ;
#1640 = CARTESIAN_POINT ( 'NONE',  ( 0.5500000000000000444, -0.3499999999999999778, 0.05999999999999999778 ) ) ;
#1641 = CARTESIAN_POINT ( 'NONE',  ( 0.5500000000000000444, -0.3499999999999999778, -4.286263797015999754E-17 ) ) ;
#1642 = ORIENTED_EDGE ( 'NONE', *, *, #3604, .F. ) ;
#1643 = SHAPE_REPRESENTATION ( 'Gr\X2\207f\X0\n', ( #269 ), #3782 ) ;
#1644 = CARTESIAN_POINT ( 'NONE',  ( -0.2950000000000000400, 0.3000000000000000444, 0.0000000000000000000 ) ) ;
#1645 = PLANE ( 'NONE',  #2155 ) ;
#1646 = VERTEX_POINT ( 'NONE', #831 ) ;
#1647 = FACE_OUTER_BOUND ( 'NONE', #3174, .T. ) ;
#1648 = FILL_AREA_STYLE_COLOUR ( '', #2356 ) ;
#1649 = CYLINDRICAL_SURFACE ( 'NONE', #1681, 0.2000000000000000111 ) ;
#1650 = STYLED_ITEM ( 'NONE', ( #3501 ), #329 ) ;
#1651 = DIRECTION ( 'NONE',  ( -9.274621392321998436E-15, -1.000000000000000000, -0.0000000000000000000 ) ) ;
#1652 = ORIENTED_EDGE ( 'NONE', *, *, #1253, .T. ) ;
#1653 = APPLICATION_PROTOCOL_DEFINITION ( 'draft international standard', 'automotive_design', 1998, #4046 ) ;
#1654 = VECTOR ( 'NONE', #391, 1000.000000000000000 ) ;
#1655 = PRESENTATION_STYLE_ASSIGNMENT (( #1720 ) ) ;
#1656 = EDGE_CURVE ( 'NONE', #1431, #642, #3408, .T. ) ;
#1657 = CARTESIAN_POINT ( 'NONE',  ( 0.2937867965644035406, -0.2937867965644035406, 0.1399999999999999856 ) ) ;
#1658 = MECHANICAL_DESIGN_GEOMETRIC_PRESENTATION_REPRESENTATION (  '', ( #1876 ), #3888 ) ;
#1659 = CARTESIAN_POINT ( 'NONE',  ( 0.3875192319071404379, -0.2999999999999999889, 0.02000000000000000042 ) ) ;
#1660 = DIRECTION ( 'NONE',  ( 0.0000000000000000000, 1.000000000000000000, -0.0000000000000000000 ) ) ;
#1661 = CARTESIAN_POINT ( 'NONE',  ( 0.2999999999999999889, -0.2950000000000000955, 0.0000000000000000000 ) ) ;
#1662 = CARTESIAN_POINT ( 'NONE',  ( 0.3152661081140000210, 0.2999999999999999889, 0.0000000000000000000 ) ) ;
#1663 = AXIS2_PLACEMENT_3D ( 'NONE', #2951, #1583, #3656 ) ;
#1664 = EDGE_LOOP ( 'NONE', ( #3273, #3958, #811, #1751 ) ) ;
#1665 = STYLED_ITEM ( 'NONE', ( #399 ), #2197 ) ;
#1666 = VECTOR ( 'NONE', #1621, 1000.000000000000000 ) ;
#1667 = CARTESIAN_POINT ( 'NONE',  ( 0.4749999999999999778, -0.1645950378228042132, 0.02000000000000001082 ) ) ;
#1668 = ORIENTED_EDGE ( 'NONE', *, *, #2058, .T. ) ;
#1669 = CARTESIAN_POINT ( 'NONE',  ( 0.4999999999999027445, 0.2085786437627249190, 0.0000000000000000000 ) ) ;
#1670 = DIRECTION ( 'NONE',  ( 0.0000000000000000000, 0.0000000000000000000, 1.000000000000000000 ) ) ;
#1671 = COLOUR_RGB ( '',0.7803921568627451011, 0.5686274509803921351, 0.1137254901960784298 ) ;
#1672 = CIRCLE ( 'NONE', #2858, 0.2400000000000000466 ) ;
#1673 = FILL_AREA_STYLE_COLOUR ( '', #4061 ) ;
#1674 = COLOUR_RGB ( '',0.8274509803921568096, 0.8274509803921568096, 0.8274509803921568096 ) ;
#1675 = VERTEX_POINT ( 'NONE', #3179 ) ;
#1676 = CIRCLE ( 'NONE', #2935, 0.2000000000000000111 ) ;
#1677 = CARTESIAN_POINT ( 'NONE',  ( 0.5000000000000000000, 0.2999999999999999889, 0.08000000000000000167 ) ) ;
#1678 = EDGE_CURVE ( 'NONE', #2147, #11, #3478, .T. ) ;
#1679 = DIRECTION ( 'NONE',  ( 0.0000000000000000000, -1.224646799146999945E-16, -1.000000000000000000 ) ) ;
#1680 = VECTOR ( 'NONE', #531, 1000.000000000000000 ) ;
#1681 = AXIS2_PLACEMENT_3D ( 'NONE', #157, #4103, #1515 ) ;
#1682 = ADVANCED_FACE ( 'NONE', ( #2914 ), #4231, .F. ) ;
#1683 = LINE ( 'NONE', #3677, #3780 ) ;
#1684 =( NAMED_UNIT ( * ) SI_UNIT ( $, .STERADIAN. ) SOLID_ANGLE_UNIT ( ) );
#1685 =( LENGTH_UNIT ( ) NAMED_UNIT ( * ) SI_UNIT ( .MILLI., .METRE. ) );
#1686 =( NAMED_UNIT ( * ) SI_UNIT ( $, .STERADIAN. ) SOLID_ANGLE_UNIT ( ) );
#1687 = ORIENTED_EDGE ( 'NONE', *, *, #3366, .F. ) ;
#1688 = VECTOR ( 'NONE', #2867, 1000.000000000000000 ) ;
#1689 = ORIENTED_EDGE ( 'NONE', *, *, #2248, .F. ) ;
#1690 = VECTOR ( 'NONE', #1362, 1000.000000000000000 ) ;
#1691 = FILL_AREA_STYLE_COLOUR ( '', #863 ) ;
#1692 = ORIENTED_EDGE ( 'NONE', *, *, #1189, .F. ) ;
#1693 = SURFACE_STYLE_USAGE ( .BOTH. , #2699 ) ;
#1694 = DIRECTION ( 'NONE',  ( 0.0000000000000000000, 1.000000000000000000, -1.185846126156020475E-16 ) ) ;
#1695 = ORIENTED_EDGE ( 'NONE', *, *, #764, .T. ) ;
#1696 =( GEOMETRIC_REPRESENTATION_CONTEXT ( 3 ) GLOBAL_UNCERTAINTY_ASSIGNED_CONTEXT ( ( #2967 ) ) GLOBAL_UNIT_ASSIGNED_CONTEXT ( ( #527, #3834, #2836 ) ) REPRESENTATION_CONTEXT ( 'NONE', 'WORKASPACE' ) );
#1697 = DIRECTION ( 'NONE',  ( 0.0000000000000000000, -1.000000000000000000, 0.0000000000000000000 ) ) ;
#1698 =( LENGTH_UNIT ( ) NAMED_UNIT ( * ) SI_UNIT ( .MILLI., .METRE. ) );
#1699 = ORIENTED_EDGE ( 'NONE', *, *, #732, .T. ) ;
#1700 =( GEOMETRIC_REPRESENTATION_CONTEXT ( 3 ) GLOBAL_UNCERTAINTY_ASSIGNED_CONTEXT ( ( #552 ) ) GLOBAL_UNIT_ASSIGNED_CONTEXT ( ( #1584, #563, #4262 ) ) REPRESENTATION_CONTEXT ( 'NONE', 'WORKASPACE' ) );
#1701 = PRESENTATION_STYLE_ASSIGNMENT (( #2047 ) ) ;
#1702 = UNCERTAINTY_MEASURE_WITH_UNIT (LENGTH_MEASURE( 1.000000000000000082E-05 ), #3687, 'distance_accuracy_value', 'NONE');
#1703 = DIRECTION ( 'NONE',  ( 1.000000000000000000, 0.0000000000000000000, 0.0000000000000000000 ) ) ;
#1704 = DIRECTION ( 'NONE',  ( 1.000000000000000000, 0.0000000000000000000, 0.0000000000000000000 ) ) ;
#1705 = CARTESIAN_POINT ( 'NONE',  ( 0.4949999999999611933, 0.1577111547697170046, 0.01999999999999997960 ) ) ;
#1706 = EDGE_CURVE ( 'NONE', #2286, #2037, #1232, .T. ) ;
#1707 =( NAMED_UNIT ( * ) SI_UNIT ( $, .STERADIAN. ) SOLID_ANGLE_UNIT ( ) );
#1708 = CARTESIAN_POINT ( 'NONE',  ( 0.2999999999999999889, 0.2999999999999999889, 0.0000000000000000000 ) ) ;
#1709 = VERTEX_POINT ( 'NONE', #1919 ) ;
#1710 = ORIENTED_EDGE ( 'NONE', *, *, #276, .T. ) ;
#1711 = AXIS2_PLACEMENT_3D ( 'NONE', #2933, #2284, #3227 ) ;
#1712 = ORIENTED_EDGE ( 'NONE', *, *, #3469, .T. ) ;
#1713 = ORIENTED_EDGE ( 'NONE', *, *, #1089, .F. ) ;
#1714 = ADVANCED_FACE ( 'NONE', ( #1937 ), #2943, .T. ) ;
#1715 = SURFACE_STYLE_FILL_AREA ( #3646 ) ;
#1716 = ORIENTED_EDGE ( 'NONE', *, *, #2308, .T. ) ;
#1717 =( NAMED_UNIT ( * ) PLANE_ANGLE_UNIT ( ) SI_UNIT ( $, .RADIAN. ) );
#1718 = CARTESIAN_POINT ( 'NONE',  ( 0.2849999999999999756, -0.2849999999999999756, 0.1400000000000000133 ) ) ;
#1719 = FILL_AREA_STYLE_COLOUR ( '', #3259 ) ;
#1720 = SURFACE_STYLE_USAGE ( .BOTH. , #1980 ) ;
#1721 = DIRECTION ( 'NONE',  ( -0.0000000000000000000, 1.000000000000000000, 0.0000000000000000000 ) ) ;
#1722 = PRESENTATION_STYLE_ASSIGNMENT (( #4048 ) ) ;
#1723 = FILL_AREA_STYLE_COLOUR ( '', #3537 ) ;
#1724 = FILL_AREA_STYLE ('',( #1749 ) ) ;
#1725 =( LENGTH_UNIT ( ) NAMED_UNIT ( * ) SI_UNIT ( .MILLI., .METRE. ) );
#1726 = ORIENTED_EDGE ( 'NONE', *, *, #3189, .F. ) ;
#1727 = COLOUR_RGB ( '',0.0000000000000000000, 0.3333333333333333148, 0.0000000000000000000 ) ;
#1728 = ORIENTED_EDGE ( 'NONE', *, *, #2990, .T. ) ;
#1729 = FILL_AREA_STYLE ('',( #339 ) ) ;
#1730 = DIRECTION ( 'NONE',  ( 1.000000000000000000, 0.0000000000000000000, 0.0000000000000000000 ) ) ;
#1731 = ORIENTED_EDGE ( 'NONE', *, *, #2134, .T. ) ;
#1732 = MECHANICAL_DESIGN_GEOMETRIC_PRESENTATION_REPRESENTATION (  '', ( #3896 ), #3332 ) ;
#1733 = FILL_AREA_STYLE_COLOUR ( '', #1762 ) ;
#1734 = CIRCLE ( 'NONE', #4191, 0.1700000000000000122 ) ;
#1735 = DIRECTION ( 'NONE',  ( 1.000000000000000000, 0.0000000000000000000, 0.0000000000000000000 ) ) ;
#1736 = ORIENTED_EDGE ( 'NONE', *, *, #3173, .F. ) ;
#1737 = UNCERTAINTY_MEASURE_WITH_UNIT (LENGTH_MEASURE( 1.000000000000000082E-05 ), #2859, 'distance_accuracy_value', 'NONE');
#1738 =( GEOMETRIC_REPRESENTATION_CONTEXT ( 3 ) GLOBAL_UNCERTAINTY_ASSIGNED_CONTEXT ( ( #2956 ) ) GLOBAL_UNIT_ASSIGNED_CONTEXT ( ( #1242, #1944, #1964 ) ) REPRESENTATION_CONTEXT ( 'NONE', 'WORKASPACE' ) );
#1739 = PRESENTATION_LAYER_ASSIGNMENT (  '', '', ( #3906 ) ) ;
#1740 = DIRECTION ( 'NONE',  ( 0.0000000000000000000, 1.000000000000000000, -0.0000000000000000000 ) ) ;
#1741 = EDGE_CURVE ( 'NONE', #2485, #2286, #1811, .T. ) ;
#1742 = ORIENTED_EDGE ( 'NONE', *, *, #2357, .T. ) ;
#1743 = COLOUR_RGB ( '',0.7803921568627451011, 0.5686274509803921351, 0.1137254901960784298 ) ;
#1744 = UNCERTAINTY_MEASURE_WITH_UNIT (LENGTH_MEASURE( 1.000000000000000082E-05 ), #1898, 'distance_accuracy_value', 'NONE');
#1745 = SURFACE_SIDE_STYLE ('',( #3013 ) ) ;
#1746 = AXIS2_PLACEMENT_3D ( 'NONE', #4299, #1305, #3626 ) ;
#1747 = DIRECTION ( 'NONE',  ( -0.0000000000000000000, 1.000000000000000000, 0.0000000000000000000 ) ) ;
#1748 = DIRECTION ( 'NONE',  ( -0.0000000000000000000, -0.0000000000000000000, 1.000000000000000000 ) ) ;
#1749 = FILL_AREA_STYLE_COLOUR ( '', #3329 ) ;
#1750 = DIRECTION ( 'NONE',  ( -1.626303258728256257E-15, 1.000000000000000000, 1.224646799146999945E-16 ) ) ;
#1751 = ORIENTED_EDGE ( 'NONE', *, *, #1923, .F. ) ;
#1752 = DIRECTION ( 'NONE',  ( -0.0000000000000000000, -0.0000000000000000000, -1.000000000000000000 ) ) ;
#1753 = VECTOR ( 'NONE', #1224, 1000.000000000000000 ) ;
#1754 = EDGE_CURVE ( 'NONE', #389, #2934, #3971, .T. ) ;
#1755 = STYLED_ITEM ( 'NONE', ( #1722 ), #3792 ) ;
#1756 = DIRECTION ( 'NONE',  ( 1.000000000000000000, 0.0000000000000000000, 0.0000000000000000000 ) ) ;
#1757 = COLOUR_RGB ( '',0.0000000000000000000, 0.3333333333333333148, 0.0000000000000000000 ) ;
#1758 = ORIENTED_EDGE ( 'NONE', *, *, #1656, .T. ) ;
#1759 = EDGE_CURVE ( 'NONE', #1802, #4018, #1591, .T. ) ;
#1760 = CARTESIAN_POINT ( 'NONE',  ( -0.5500000000000000444, -0.3499999999999999778, -4.286263797015999754E-17 ) ) ;
#1761 = SURFACE_STYLE_FILL_AREA ( #2070 ) ;
#1762 = COLOUR_RGB ( '',0.7803921568627451011, 0.5686274509803921351, 0.1137254901960784298 ) ;
#1763 = SURFACE_SIDE_STYLE ('',( #3632 ) ) ;
#1764 = EDGE_CURVE ( 'NONE', #3640, #4076, #1432, .T. ) ;
#1765 = PRODUCT_CONTEXT ( 'NONE', #1367, 'mechanical' ) ;
#1766 = FILL_AREA_STYLE ('',( #3035 ) ) ;
#1767 = DIRECTION ( 'NONE',  ( -1.000000000000000000, 0.0000000000000000000, 0.0000000000000000000 ) ) ;
#1768 = UNCERTAINTY_MEASURE_WITH_UNIT (LENGTH_MEASURE( 1.000000000000000082E-05 ), #3904, 'distance_accuracy_value', 'NONE');
#1769 = DIRECTION ( 'NONE',  ( -1.000000000000000000, 0.0000000000000000000, 0.0000000000000000000 ) ) ;
#1770 = EDGE_LOOP ( 'NONE', ( #2606, #1462, #178, #1518 ) ) ;
#1771 = SURFACE_STYLE_FILL_AREA ( #761 ) ;
#1772 = VERTEX_POINT ( 'NONE', #3117 ) ;
#1773 = EDGE_LOOP ( 'NONE', ( #87, #324, #1986, #2305 ) ) ;
#1774 = SURFACE_SIDE_STYLE ('',( #1440 ) ) ;
#1775 = EDGE_CURVE ( 'NONE', #4277, #1802, #582, .T. ) ;
#1776 = CARTESIAN_POINT ( 'NONE',  ( 0.5500000000000000444, 0.3499999999999999778, 0.02000000000000000042 ) ) ;
#1777 = ORIENTED_EDGE ( 'NONE', *, *, #10, .T. ) ;
#1778 = DIRECTION ( 'NONE',  ( -0.0000000000000000000, -1.000000000000000000, -1.224646799146999945E-16 ) ) ;
#1779 = EDGE_CURVE ( 'NONE', #3155, #1047, #3328, .T. ) ;
#1780 =( NAMED_UNIT ( * ) SI_UNIT ( $, .STERADIAN. ) SOLID_ANGLE_UNIT ( ) );
#1781 = DIRECTION ( 'NONE',  ( 0.0000000000000000000, 0.0000000000000000000, 1.000000000000000000 ) ) ;
#1782 = SURFACE_STYLE_USAGE ( .BOTH. , #167 ) ;
#1783 = LINE ( 'NONE', #820, #258 ) ;
#1784 = ADVANCED_FACE ( 'NONE', ( #1990 ), #2959, .F. ) ;
#1785 = AXIS2_PLACEMENT_3D ( 'NONE', #1480, #841, #194 ) ;
#1786 = SURFACE_SIDE_STYLE ('',( #3695 ) ) ;
#1787 = SURFACE_STYLE_USAGE ( .BOTH. , #3781 ) ;
#1788 = CARTESIAN_POINT ( 'NONE',  ( -0.5000000000000000000, -0.2999999999999999889, 0.08000000000000000167 ) ) ;
#1789 = CARTESIAN_POINT ( 'NONE',  ( 0.1999999999999999833, 0.2600000000000000089, 0.0000000000000000000 ) ) ;
#1790 = ORIENTED_EDGE ( 'NONE', *, *, #4236, .T. ) ;
#1791 = CARTESIAN_POINT ( 'NONE',  ( 0.2000000000000000111, -0.2600000000000000089, -3.184081677782999738E-17 ) ) ;
#1792 = CARTESIAN_POINT ( 'NONE',  ( -0.2000000000000000111, 0.2999999999999999889, 0.02000000000000000042 ) ) ;
#1793 = VERTEX_POINT ( 'NONE', #3644 ) ;
#1794 = CIRCLE ( 'NONE', #1043, 0.005000000000000013115 ) ;
#1795 =( GEOMETRIC_REPRESENTATION_CONTEXT ( 3 ) GLOBAL_UNCERTAINTY_ASSIGNED_CONTEXT ( ( #3197 ) ) GLOBAL_UNIT_ASSIGNED_CONTEXT ( ( #1979, #1942, #2278 ) ) REPRESENTATION_CONTEXT ( 'NONE', 'WORKASPACE' ) );
#1796 = EDGE_LOOP ( 'NONE', ( #455, #2868, #3746, #3988 ) ) ;
#1797 = CARTESIAN_POINT ( 'NONE',  ( -0.5500000000000000444, 0.3499999999999999778, 4.286263797016299275E-17 ) ) ;
#1798 = AXIS2_PLACEMENT_3D ( 'NONE', #3492, #859, #528 ) ;
#1799 = COLOUR_RGB ( '',0.0000000000000000000, 0.3333333333333333148, 0.0000000000000000000 ) ;
#1800 = CYLINDRICAL_SURFACE ( 'NONE', #2512, 0.1499999999999999667 ) ;
#1801 = CIRCLE ( 'NONE', #3759, 0.2000000000000000389 ) ;
#1802 = VERTEX_POINT ( 'NONE', #1974 ) ;
#1803 = AXIS2_PLACEMENT_3D ( 'NONE', #1809, #2096, #1167 ) ;
#1804 = DIRECTION ( 'NONE',  ( 0.0000000000000000000, 1.224646799146999945E-16, -1.000000000000000000 ) ) ;
#1805 = CIRCLE ( 'NONE', #241, 0.005000000000000013115 ) ;
#1806 = CIRCLE ( 'NONE', #1056, 0.2000000000000000389 ) ;
#1807 = CARTESIAN_POINT ( 'NONE',  ( -0.5500000000000000444, -0.3499999999999999778, 0.06000000000000001166 ) ) ;
#1808 = FILL_AREA_STYLE_COLOUR ( '', #3274 ) ;
#1809 = CARTESIAN_POINT ( 'NONE',  ( -0.05000000000000000278, -0.2999999999999999889, 0.0000000000000000000 ) ) ;
#1810 = CARTESIAN_POINT ( 'NONE',  ( 0.4949999999998609956, -0.1891429205785933876, 0.02000000000000000042 ) ) ;
#1811 = CIRCLE ( 'NONE', #4276, 0.2400000000000000189 ) ;
#1812 = EDGE_CURVE ( 'NONE', #642, #2547, #2980, .T. ) ;
#1813 = SURFACE_STYLE_FILL_AREA ( #232 ) ;
#1814 = AXIS2_PLACEMENT_3D ( 'NONE', #406, #1769, #174 ) ;
#1815 = SHAPE_REPRESENTATION_RELATIONSHIP ( 'NONE' , 'NONE' ,  #2085, #422 ) ;
#1816 = CARTESIAN_POINT ( 'NONE',  ( 0.3152661081139450094, 0.2999999999999999889, 0.07999999999999998779 ) ) ;
#1817 = EDGE_CURVE ( 'NONE', #3077, #4065, #3823, .T. ) ;
#1818 = VECTOR ( 'NONE', #2945, 1000.000000000000000 ) ;
#1819 = DIRECTION ( 'NONE',  ( 0.0000000000000000000, 1.000000000000000000, -0.0000000000000000000 ) ) ;
#1820 = CARTESIAN_POINT ( 'NONE',  ( -0.3713942890050741519, 0.2600000000000166067, 3.184081677784202751E-17 ) ) ;
#1821 = ORIENTED_EDGE ( 'NONE', *, *, #635, .F. ) ;
#1822 = DIRECTION ( 'NONE',  ( 1.572093150103981429E-14, 1.000000000000000000, -1.355252715606880543E-16 ) ) ;
#1823 = DIRECTION ( 'NONE',  ( 0.0000000000000000000, 0.0000000000000000000, 1.000000000000000000 ) ) ;
#1824 = EDGE_LOOP ( 'NONE', ( #1225, #1165, #981, #3208 ) ) ;
#1825 = AXIS2_PLACEMENT_3D ( 'NONE', #3080, #2463, #3789 ) ;
#1826 = ORIENTED_EDGE ( 'NONE', *, *, #2074, .T. ) ;
#1827 = EDGE_CURVE ( 'NONE', #1079, #3303, #2298, .T. ) ;
#1828 = CARTESIAN_POINT ( 'NONE',  ( -0.4999999999999514277, -0.2085786437627077106, 0.0000000000000000000 ) ) ;
#1829 = DIRECTION ( 'NONE',  ( -1.000000000000000000, -0.0000000000000000000, -0.0000000000000000000 ) ) ;
#1830 = SURFACE_STYLE_USAGE ( .BOTH. , #458 ) ;
#1831 = PRODUCT ( 'Cut006', 'Cut006', '', ( #837 ) ) ;
#1832 = AXIS2_PLACEMENT_3D ( 'NONE', #2523, #918, #2239 ) ;
#1833 = ORIENTED_EDGE ( 'NONE', *, *, #2984, .T. ) ;
#1834 = CARTESIAN_POINT ( 'NONE',  ( 0.2000000000000000111, -0.2600000000000000089, -3.184081677782999738E-17 ) ) ;
#1835 =( GEOMETRIC_REPRESENTATION_CONTEXT ( 3 ) GLOBAL_UNCERTAINTY_ASSIGNED_CONTEXT ( ( #1019 ) ) GLOBAL_UNIT_ASSIGNED_CONTEXT ( ( #1924, #3912, #2644 ) ) REPRESENTATION_CONTEXT ( 'NONE', 'WORKASPACE' ) );
#1836 = UNCERTAINTY_MEASURE_WITH_UNIT (LENGTH_MEASURE( 1.000000000000000082E-05 ), #2190, 'distance_accuracy_value', 'NONE');
#1837 = SURFACE_STYLE_USAGE ( .BOTH. , #3842 ) ;
#1838 =( GEOMETRIC_REPRESENTATION_CONTEXT ( 3 ) GLOBAL_UNCERTAINTY_ASSIGNED_CONTEXT ( ( #1445 ) ) GLOBAL_UNIT_ASSIGNED_CONTEXT ( ( #3742, #202, #3102 ) ) REPRESENTATION_CONTEXT ( 'NONE', 'WORKASPACE' ) );
#1839 = SHAPE_REPRESENTATION_RELATIONSHIP ( 'NONE' , 'NONE' ,  #2535, #2118 ) ;
#1840 = DIRECTION ( 'NONE',  ( 0.0000000000000000000, -1.224646799146999945E-16, -1.000000000000000000 ) ) ;
#1841 = ADVANCED_FACE ( 'NONE', ( #256 ), #2521, .T. ) ;
#1842 = LINE ( 'NONE', #821, #1332 ) ;
#1843 = LINE ( 'NONE', #1525, #2030 ) ;
#1844 = ORIENTED_EDGE ( 'NONE', *, *, #247, .T. ) ;
#1845 = DIRECTION ( 'NONE',  ( 0.0000000000000000000, -1.224646799146999945E-16, -1.000000000000000000 ) ) ;
#1846 =( NAMED_UNIT ( * ) SI_UNIT ( $, .STERADIAN. ) SOLID_ANGLE_UNIT ( ) );
#1847 = EDGE_CURVE ( 'NONE', #1118, #395, #3456, .T. ) ;
#1848 = EDGE_LOOP ( 'NONE', ( #3805, #2621, #740, #49 ) ) ;
#1849 = ORIENTED_EDGE ( 'NONE', *, *, #1565, .F. ) ;
#1850 = MECHANICAL_DESIGN_GEOMETRIC_PRESENTATION_REPRESENTATION (  '', ( #408 ), #4184 ) ;
#1851 = LINE ( 'NONE', #4246, #2796 ) ;
#1852 = CARTESIAN_POINT ( 'NONE',  ( -0.05000000000000000971, -0.2999999999999999889, 0.0000000000000000000 ) ) ;
#1853 = DIRECTION ( 'NONE',  ( 0.0000000000000000000, 0.0000000000000000000, 1.000000000000000000 ) ) ;
#1854 = DIRECTION ( 'NONE',  ( 0.0000000000000000000, 1.000000000000000000, -1.129377263005733621E-16 ) ) ;
#1855 = CLOSED_SHELL ( 'NONE', ( #1425, #611, #197, #3530, #2960, #2283, #3903, #3962, #480, #2033, #2191, #678, #840, #939 ) ) ;
#1856 = CARTESIAN_POINT ( 'NONE',  ( -0.4749999999999999778, -0.2999999999999999889, 0.06000000000000000472 ) ) ;
#1857 = SURFACE_SIDE_STYLE ('',( #3516 ) ) ;
#1858 = CARTESIAN_POINT ( 'NONE',  ( 0.4949999999999999956, 0.2999999999999999889, 0.02000000000000000042 ) ) ;
#1859 = DIRECTION ( 'NONE',  ( -0.0000000000000000000, 0.0000000000000000000, -1.000000000000000000 ) ) ;
#1860 = CARTESIAN_POINT ( 'NONE',  ( 0.2999999999999999889, 0.2999999999999999889, 0.1250000000000000000 ) ) ;
#1861 = CYLINDRICAL_SURFACE ( 'NONE', #4040, 0.2000000000000000111 ) ;
#1862 = PLANE ( 'NONE',  #3481 ) ;
#1863 = UNCERTAINTY_MEASURE_WITH_UNIT (LENGTH_MEASURE( 1.000000000000000082E-05 ), #1899, 'distance_accuracy_value', 'NONE');
#1864 = DIRECTION ( 'NONE',  ( 0.0000000000000000000, 1.000000000000000000, -1.185846126156020228E-16 ) ) ;
#1865 = CARTESIAN_POINT ( 'NONE',  ( -0.3275140453870559187, 0.2600000000001834732, 0.05999999999999999084 ) ) ;
#1866 = CARTESIAN_POINT ( 'NONE',  ( 0.4749999999998638645, 0.1645950378226634647, -2.015707862251541810E-17 ) ) ;
#1867 =( NAMED_UNIT ( * ) PLANE_ANGLE_UNIT ( ) SI_UNIT ( $, .RADIAN. ) );
#1868 = ORIENTED_EDGE ( 'NONE', *, *, #209, .T. ) ;
#1869 = COLOUR_RGB ( '',0.7803921568627451011, 0.5686274509803921351, 0.1137254901960784298 ) ;
#1870 = CARTESIAN_POINT ( 'NONE',  ( 0.3713942890050658252, -0.2600000000000331490, -3.184081677784105993E-17 ) ) ;
#1871 = EDGE_CURVE ( 'NONE', #1615, #11, #1842, .T. ) ;
#1872 = CARTESIAN_POINT ( 'NONE',  ( -0.4949999999999999956, -0.2999999999999999889, 0.02000000000000000042 ) ) ;
#1873 = AXIS2_PLACEMENT_3D ( 'NONE', #2958, #1670, #3308 ) ;
#1874 = MECHANICAL_DESIGN_GEOMETRIC_PRESENTATION_REPRESENTATION (  '', ( #2983 ), #3612 ) ;
#1875 =( NAMED_UNIT ( * ) PLANE_ANGLE_UNIT ( ) SI_UNIT ( $, .RADIAN. ) );
#1876 = STYLED_ITEM ( 'NONE', ( #358 ), #939 ) ;
#1877 = SURFACE_STYLE_FILL_AREA ( #2583 ) ;
#1878 = CARTESIAN_POINT ( 'NONE',  ( 0.3563508326898146561, -0.2999999999999999889, 0.02000000000000000042 ) ) ;
#1879 = CARTESIAN_POINT ( 'NONE',  ( -0.5500000000000000444, 0.3499999999999999778, 0.0000000000000000000 ) ) ;
#1880 = STYLED_ITEM ( 'NONE', ( #45 ), #2033 ) ;
#1881 = COLOUR_RGB ( '',0.7803921568627451011, 0.5686274509803921351, 0.1137254901960784298 ) ;
#1882 = CARTESIAN_POINT ( 'NONE',  ( -0.4085786437627077494, 0.2999999999999513611, 0.0000000000000000000 ) ) ;
#1883 = ORIENTED_EDGE ( 'NONE', *, *, #508, .F. ) ;
#1884 = FILL_AREA_STYLE_COLOUR ( '', #465 ) ;
#1885 = UNCERTAINTY_MEASURE_WITH_UNIT (LENGTH_MEASURE( 1.000000000000000082E-05 ), #836, 'distance_accuracy_value', 'NONE');
#1886 = DIRECTION ( 'NONE',  ( -0.0000000000000000000, -0.0000000000000000000, -1.000000000000000000 ) ) ;
#1887 = CARTESIAN_POINT ( 'NONE',  ( 0.5000000000000000000, 0.2999999999999999889, 0.0000000000000000000 ) ) ;
#1888 = VECTOR ( 'NONE', #134, 1000.000000000000000 ) ;
#1889 = FILL_AREA_STYLE_COLOUR ( '', #990 ) ;
#1890 = VECTOR ( 'NONE', #1164, 1000.000000000000000 ) ;
#1891 = CARTESIAN_POINT ( 'NONE',  ( -0.4949999999999999956, -0.2999999999999999889, 0.06000000000000000472 ) ) ;
#1892 = CARTESIAN_POINT ( 'NONE',  ( -0.2999999999999999889, 0.2849999999999999756, 0.1250000000000000000 ) ) ;
#1893 = ORIENTED_EDGE ( 'NONE', *, *, #2308, .F. ) ;
#1894 = PRESENTATION_LAYER_ASSIGNMENT (  '', '', ( #854 ) ) ;
#1895 = ORIENTED_EDGE ( 'NONE', *, *, #2335, .F. ) ;
#1896 = DIRECTION ( 'NONE',  ( 1.000000000000000000, -0.0000000000000000000, 0.0000000000000000000 ) ) ;
#1897 =( LENGTH_UNIT ( ) NAMED_UNIT ( * ) SI_UNIT ( .MILLI., .METRE. ) );
#1898 =( LENGTH_UNIT ( ) NAMED_UNIT ( * ) SI_UNIT ( .MILLI., .METRE. ) );
#1899 =( LENGTH_UNIT ( ) NAMED_UNIT ( * ) SI_UNIT ( .MILLI., .METRE. ) );
#1900 =( NAMED_UNIT ( * ) SI_UNIT ( $, .STERADIAN. ) SOLID_ANGLE_UNIT ( ) );
#1901 = ADVANCED_FACE ( 'NONE', ( #2145 ), #1862, .F. ) ;
#1902 =( GEOMETRIC_REPRESENTATION_CONTEXT ( 3 ) GLOBAL_UNCERTAINTY_ASSIGNED_CONTEXT ( ( #941 ) ) GLOBAL_UNIT_ASSIGNED_CONTEXT ( ( #1897, #3551, #2221 ) ) REPRESENTATION_CONTEXT ( 'NONE', 'WORKASPACE' ) );
#1903 = SURFACE_STYLE_USAGE ( .BOTH. , #334 ) ;
#1904 = ADVANCED_FACE ( 'NONE', ( #4215 ), #1221, .T. ) ;
#1905 = ORIENTED_EDGE ( 'NONE', *, *, #3924, .F. ) ;
#1906 = PRESENTATION_STYLE_ASSIGNMENT (( #2207 ) ) ;
#1907 =( NAMED_UNIT ( * ) PLANE_ANGLE_UNIT ( ) SI_UNIT ( $, .RADIAN. ) );
#1908 = VERTEX_POINT ( 'NONE', #960 ) ;
#1909 =( GEOMETRIC_REPRESENTATION_CONTEXT ( 3 ) GLOBAL_UNCERTAINTY_ASSIGNED_CONTEXT ( ( #377 ) ) GLOBAL_UNIT_ASSIGNED_CONTEXT ( ( #687, #940, #2624 ) ) REPRESENTATION_CONTEXT ( 'NONE', 'WORKASPACE' ) );
#1910 = DIRECTION ( 'NONE',  ( 0.0000000000000000000, -1.224646799146999945E-16, -1.000000000000000000 ) ) ;
#1911 = STYLED_ITEM ( 'NONE', ( #587 ), #4086 ) ;
#1912 = DIRECTION ( 'NONE',  ( -0.0000000000000000000, 1.224646799146999945E-16, 1.000000000000000000 ) ) ;
#1913 =( NAMED_UNIT ( * ) PLANE_ANGLE_UNIT ( ) SI_UNIT ( $, .RADIAN. ) );
#1914 = DIRECTION ( 'NONE',  ( 0.0000000000000000000, 0.0000000000000000000, -1.000000000000000000 ) ) ;
#1915 = ORIENTED_EDGE ( 'NONE', *, *, #3818, .T. ) ;
#1916 = CARTESIAN_POINT ( 'NONE',  ( 0.3875192319069999947, 0.2999999999999999889, 0.0000000000000000000 ) ) ;
#1917 = SURFACE_STYLE_FILL_AREA ( #1296 ) ;
#1918 = CARTESIAN_POINT ( 'NONE',  ( -0.3875192319071404379, 0.2999999999999999889, 0.05999999999999999778 ) ) ;
#1919 = CARTESIAN_POINT ( 'NONE',  ( -0.05000000000000000278, -0.1500000000000000222, -0.01000000000000000021 ) ) ;
#1920 = CARTESIAN_POINT ( 'NONE',  ( 0.3875192319072686686, -0.3000000000000394573, 0.05999999999999999778 ) ) ;
#1921 = FACE_OUTER_BOUND ( 'NONE', #649, .T. ) ;
#1922 = ORIENTED_EDGE ( 'NONE', *, *, #3444, .T. ) ;
#1923 = EDGE_CURVE ( 'NONE', #3024, #676, #3257, .T. ) ;
#1924 =( LENGTH_UNIT ( ) NAMED_UNIT ( * ) SI_UNIT ( .MILLI., .METRE. ) );
#1925 = UNCERTAINTY_MEASURE_WITH_UNIT (LENGTH_MEASURE( 1.000000000000000082E-05 ), #4015, 'distance_accuracy_value', 'NONE');
#1926 =( NAMED_UNIT ( * ) SI_UNIT ( $, .STERADIAN. ) SOLID_ANGLE_UNIT ( ) );
#1927 = FILL_AREA_STYLE_COLOUR ( '', #2643 ) ;
#1928 = EDGE_LOOP ( 'NONE', ( #491, #3919, #3852, #1742 ) ) ;
#1929 = FILL_AREA_STYLE ('',( #1889 ) ) ;
#1930 = EDGE_CURVE ( 'NONE', #2153, #3630, #3983, .T. ) ;
#1931 = DIRECTION ( 'NONE',  ( -0.0000000000000000000, -0.0000000000000000000, -1.000000000000000000 ) ) ;
#1932 = SURFACE_STYLE_FILL_AREA ( #620 ) ;
#1933 = ORIENTED_EDGE ( 'NONE', *, *, #4063, .T. ) ;
#1934 = SURFACE_SIDE_STYLE ('',( #1025 ) ) ;
#1935 = FILL_AREA_STYLE_COLOUR ( '', #3430 ) ;
#1936 = SURFACE_STYLE_FILL_AREA ( #625 ) ;
#1937 = FACE_OUTER_BOUND ( 'NONE', #1552, .T. ) ;
#1938 = MECHANICAL_DESIGN_GEOMETRIC_PRESENTATION_REPRESENTATION (  '', ( #1998 ), #4257 ) ;
#1939 = ORIENTED_EDGE ( 'NONE', *, *, #3733, .F. ) ;
#1940 = AXIS2_PLACEMENT_3D ( 'NONE', #2304, #344, #1312 ) ;
#1941 = PLANE ( 'NONE',  #1178 ) ;
#1942 =( NAMED_UNIT ( * ) PLANE_ANGLE_UNIT ( ) SI_UNIT ( $, .RADIAN. ) );
#1943 = ORIENTED_EDGE ( 'NONE', *, *, #1010, .T. ) ;
#1944 =( NAMED_UNIT ( * ) PLANE_ANGLE_UNIT ( ) SI_UNIT ( $, .RADIAN. ) );
#1945 = UNCERTAINTY_MEASURE_WITH_UNIT (LENGTH_MEASURE( 1.000000000000000082E-05 ), #4263, 'distance_accuracy_value', 'NONE');
#1946 = VECTOR ( 'NONE', #3676, 1000.000000000000000 ) ;
#1947 =( LENGTH_UNIT ( ) NAMED_UNIT ( * ) SI_UNIT ( .MILLI., .METRE. ) );
#1948 = CYLINDRICAL_SURFACE ( 'NONE', #3532, 0.1700000000000000122 ) ;
#1949 = AXIS2_PLACEMENT_3D ( 'NONE', #4112, #4068, #1376 ) ;
#1950 = CARTESIAN_POINT ( 'NONE',  ( -0.3563508326896523415, -0.2999999999999102274, -3.673940397441400060E-17 ) ) ;
#1951 = VERTEX_POINT ( 'NONE', #1600 ) ;
#1952 = EDGE_CURVE ( 'NONE', #4018, #1247, #2032, .T. ) ;
#1953 = EDGE_LOOP ( 'NONE', ( #1096, #1286, #2287, #1439 ) ) ;
#1954 = AXIS2_PLACEMENT_3D ( 'NONE', #1230, #2833, #549 ) ;
#1955 = CARTESIAN_POINT ( 'NONE',  ( 0.5500000000000000444, 0.3499999999999999778, 0.05999999999999999778 ) ) ;
#1956 = PRESENTATION_STYLE_ASSIGNMENT (( #3873 ) ) ;
#1957 = STYLED_ITEM ( 'NONE', ( #2623 ), #2810 ) ;
#1958 = PRESENTATION_LAYER_ASSIGNMENT (  '', '', ( #2522 ) ) ;
#1959 = DIRECTION ( 'NONE',  ( -0.0000000000000000000, 1.000000000000000000, 0.0000000000000000000 ) ) ;
#1960 = ORIENTED_EDGE ( 'NONE', *, *, #546, .T. ) ;
#1961 = VECTOR ( 'NONE', #1730, 1000.000000000000000 ) ;
#1962 =( LENGTH_UNIT ( ) NAMED_UNIT ( * ) SI_UNIT ( .MILLI., .METRE. ) );
#1963 = EDGE_LOOP ( 'NONE', ( #2347, #2898, #405 ) ) ;
#1964 =( NAMED_UNIT ( * ) SI_UNIT ( $, .STERADIAN. ) SOLID_ANGLE_UNIT ( ) );
#1965 = VECTOR ( 'NONE', #343, 1000.000000000000000 ) ;
#1966 = EDGE_CURVE ( 'NONE', #2636, #3303, #603, .T. ) ;
#1967 =( NAMED_UNIT ( * ) PLANE_ANGLE_UNIT ( ) SI_UNIT ( $, .RADIAN. ) );
#1968 = CARTESIAN_POINT ( 'NONE',  ( -0.2999999999999999889, 0.2999999999999999889, 0.1400000000000000133 ) ) ;
#1969 = ORIENTED_EDGE ( 'NONE', *, *, #3499, .T. ) ;
#1970 = PRESENTATION_STYLE_ASSIGNMENT (( #2657 ) ) ;
#1971 = DIRECTION ( 'NONE',  ( -0.0000000000000000000, 1.224646799146999945E-16, 1.000000000000000000 ) ) ;
#1972 =( NAMED_UNIT ( * ) PLANE_ANGLE_UNIT ( ) SI_UNIT ( $, .RADIAN. ) );
#1973 = CIRCLE ( 'NONE', #3657, 0.1499999999999999667 ) ;
#1974 = CARTESIAN_POINT ( 'NONE',  ( 0.2849999999999999756, 0.2849999999999999756, 0.1400000000000000133 ) ) ;
#1975 = CARTESIAN_POINT ( 'NONE',  ( -0.5500000000000000444, -0.3499999999999999778, 0.0000000000000000000 ) ) ;
#1976 = EDGE_CURVE ( 'NONE', #4058, #1262, #1801, .T. ) ;
#1977 = PRESENTATION_STYLE_ASSIGNMENT (( #1031 ) ) ;
#1978 = EDGE_LOOP ( 'NONE', ( #1522, #1011, #3292, #1668 ) ) ;
#1979 =( LENGTH_UNIT ( ) NAMED_UNIT ( * ) SI_UNIT ( .MILLI., .METRE. ) );
#1980 = SURFACE_SIDE_STYLE ('',( #354 ) ) ;
#1981 = VERTEX_POINT ( 'NONE', #3938 ) ;
#1982 = LINE ( 'NONE', #1004, #1468 ) ;
#1983 = DIRECTION ( 'NONE',  ( 0.0000000000000000000, 0.0000000000000000000, -1.000000000000000000 ) ) ;
#1984 = DIRECTION ( 'NONE',  ( 1.000000000000000000, 0.0000000000000000000, 0.0000000000000000000 ) ) ;
#1985 = CARTESIAN_POINT ( 'NONE',  ( -0.1000000000000000056, -0.1499999999999999944, 0.0000000000000000000 ) ) ;
#1986 = ORIENTED_EDGE ( 'NONE', *, *, #4155, .T. ) ;
#1987 = ORIENTED_EDGE ( 'NONE', *, *, #2134, .F. ) ;
#1988 =( NAMED_UNIT ( * ) PLANE_ANGLE_UNIT ( ) SI_UNIT ( $, .RADIAN. ) );
#1989 = FACE_OUTER_BOUND ( 'NONE', #3075, .T. ) ;
#1990 = FACE_OUTER_BOUND ( 'NONE', #3910, .T. ) ;
#1991 = PRESENTATION_LAYER_ASSIGNMENT (  '', '', ( #3122 ) ) ;
#1992 = EDGE_CURVE ( 'NONE', #476, #2791, #1982, .T. ) ;
#1993 = DIRECTION ( 'NONE',  ( -0.0000000000000000000, -0.0000000000000000000, -1.000000000000000000 ) ) ;
#1994 = AXIS2_PLACEMENT_3D ( 'NONE', #978, #1886, #272 ) ;
#1995 = SURFACE_STYLE_USAGE ( .BOTH. , #2705 ) ;
#1996 = VERTEX_POINT ( 'NONE', #275 ) ;
#1997 = EDGE_CURVE ( 'NONE', #1793, #855, #1309, .T. ) ;
#1998 = STYLED_ITEM ( 'NONE', ( #3404 ), #611 ) ;
#1999 = SURFACE_SIDE_STYLE ('',( #1374 ) ) ;
#2000 = PRESENTATION_STYLE_ASSIGNMENT (( #4188 ) ) ;
#2001 = UNCERTAINTY_MEASURE_WITH_UNIT (LENGTH_MEASURE( 1.000000000000000082E-05 ), #4154, 'distance_accuracy_value', 'NONE');
#2002 = CARTESIAN_POINT ( 'NONE',  ( -0.3152661081140000210, -0.2999999999999999889, 0.0000000000000000000 ) ) ;
#2003 = DIRECTION ( 'NONE',  ( 1.000000000000000000, 0.0000000000000000000, 0.0000000000000000000 ) ) ;
#2004 = MECHANICAL_DESIGN_GEOMETRIC_PRESENTATION_REPRESENTATION (  '', ( #2360 ), #3472 ) ;
#2005 = CARTESIAN_POINT ( 'NONE',  ( -0.4949999999999611933, -0.1577111547697170046, 0.06000000000000001860 ) ) ;
#2006 = STYLED_ITEM ( 'NONE', ( #195 ), #422 ) ;
#2007 = SURFACE_STYLE_USAGE ( .BOTH. , #1763 ) ;
#2008 = EDGE_CURVE ( 'NONE', #4058, #2934, #2587, .T. ) ;
#2009 = DIRECTION ( 'NONE',  ( 5.421010862427522170E-15, 1.000000000000000000, 1.224646799146999945E-16 ) ) ;
#2010 = LINE ( 'NONE', #3344, #2702 ) ;
#2011 = LINE ( 'NONE', #3164, #3063 ) ;
#2012 = ORIENTED_EDGE ( 'NONE', *, *, #3310, .T. ) ;
#2013 = CIRCLE ( 'NONE', #3827, 0.1499999999999999667 ) ;
#2014 = ORIENTED_EDGE ( 'NONE', *, *, #4029, .T. ) ;
#2015 = MECHANICAL_DESIGN_GEOMETRIC_PRESENTATION_REPRESENTATION (  '', ( #3906 ), #703 ) ;
#2016 = VERTEX_POINT ( 'NONE', #2259 ) ;
#2017 = DIRECTION ( 'NONE',  ( 0.0000000000000000000, 0.0000000000000000000, -1.000000000000000000 ) ) ;
#2018 = SURFACE_SIDE_STYLE ('',( #3394 ) ) ;
#2019 = VECTOR ( 'NONE', #1740, 1000.000000000000000 ) ;
#2020 = PRODUCT_RELATED_PRODUCT_CATEGORY ( 'part', '', ( #3006 ) ) ;
#2021 = EDGE_LOOP ( 'NONE', ( #2527, #3460, #581, #3170 ) ) ;
#2022 = AXIS2_PLACEMENT_3D ( 'NONE', #2159, #2762, #2487 ) ;
#2023 = EDGE_CURVE ( 'NONE', #3921, #3680, #3620, .T. ) ;
#2024 = FILL_AREA_STYLE ('',( #3690 ) ) ;
#2025 = STYLED_ITEM ( 'NONE', ( #3399 ), #3139 ) ;
#2026 = DIRECTION ( 'NONE',  ( 0.0000000000000000000, 0.0000000000000000000, 1.000000000000000000 ) ) ;
#2027 = FACE_OUTER_BOUND ( 'NONE', #430, .T. ) ;
#2028 =( REPRESENTATION_RELATIONSHIP ('NONE','NONE', #2345, #1577 ) REPRESENTATION_RELATIONSHIP_WITH_TRANSFORMATION ( #191 )SHAPE_REPRESENTATION_RELATIONSHIP( ) );
#2029 = PRODUCT_DEFINITION_SHAPE ( 'NONE', 'NONE',  #1581 ) ;
#2030 = VECTOR ( 'NONE', #2192, 1000.000000000000000 ) ;
#2031 =( NAMED_UNIT ( * ) SI_UNIT ( $, .STERADIAN. ) SOLID_ANGLE_UNIT ( ) );
#2032 =( BOUNDED_CURVE ( )  B_SPLINE_CURVE ( 3, ( #2608, #1657, #2970, #1327 ),
 .UNSPECIFIED., .F., .T. ) 
 B_SPLINE_CURVE_WITH_KNOTS ( ( 4, 4 ),
 ( 4.712388980384689674, 6.283185307179586232 ),
 .UNSPECIFIED. ) 
 CURVE ( )  GEOMETRIC_REPRESENTATION_ITEM ( )  RATIONAL_B_SPLINE_CURVE ( ( 1.000000000000000000, 0.8047378541243649375, 0.8047378541243649375, 1.000000000000000000 ) ) 
 REPRESENTATION_ITEM ( '' )  );
#2033 = ADVANCED_FACE ( 'NONE', ( #318 ), #2630, .T. ) ;
#2034 = SURFACE_STYLE_USAGE ( .BOTH. , #2717 ) ;
#2035 = DIRECTION ( 'NONE',  ( -1.000000000000000000, -9.566489757225037615E-16, 0.0000000000000000000 ) ) ;
#2036 = AXIS2_PLACEMENT_3D ( 'NONE', #1602, #3939, #3985 ) ;
#2037 = VERTEX_POINT ( 'NONE', #4002 ) ;
#2038 = DIRECTION ( 'NONE',  ( 0.0000000000000000000, 1.000000000000000000, -1.224646799146999699E-16 ) ) ;
#2039 = AXIS2_PLACEMENT_3D ( 'NONE', #1544, #4210, #2537 ) ;
#2040 = SURFACE_SIDE_STYLE ('',( #407 ) ) ;
#2041 = UNCERTAINTY_MEASURE_WITH_UNIT (LENGTH_MEASURE( 1.000000000000000082E-05 ), #1037, 'distance_accuracy_value', 'NONE');
#2042 = AXIS2_PLACEMENT_3D ( 'NONE', #397, #227, #2738 ) ;
#2043 =( NAMED_UNIT ( * ) SI_UNIT ( $, .STERADIAN. ) SOLID_ANGLE_UNIT ( ) );
#2044 = STYLED_ITEM ( 'NONE', ( #1956 ), #4093 ) ;
#2045 = EDGE_LOOP ( 'NONE', ( #4200, #3869, #4152, #2870 ) ) ;
#2046 = VECTOR ( 'NONE', #3037, 1000.000000000000000 ) ;
#2047 = SURFACE_STYLE_USAGE ( .BOTH. , #1356 ) ;
#2048 = LINE ( 'NONE', #2383, #3961 ) ;
#2049 = DIRECTION ( 'NONE',  ( 0.0000000000000000000, -1.000000000000000000, 0.0000000000000000000 ) ) ;
#2050 = PRESENTATION_STYLE_ASSIGNMENT (( #3316 ) ) ;
#2051 = CARTESIAN_POINT ( 'NONE',  ( 0.2000000000000000111, -0.2999999999999999889, 0.06000000000000000472 ) ) ;
#2052 = EDGE_CURVE ( 'NONE', #1981, #1204, #1264, .T. ) ;
#2053 =( LENGTH_UNIT ( ) NAMED_UNIT ( * ) SI_UNIT ( .MILLI., .METRE. ) );
#2054 = DIRECTION ( 'NONE',  ( -0.0000000000000000000, -1.000000000000000000, -1.224646799146999945E-16 ) ) ;
#2055 = FILL_AREA_STYLE ('',( #3038 ) ) ;
#2056 = ORIENTED_EDGE ( 'NONE', *, *, #1365, .T. ) ;
#2057 = ORIENTED_EDGE ( 'NONE', *, *, #1343, .F. ) ;
#2058 = EDGE_CURVE ( 'NONE', #4252, #3043, #1022, .T. ) ;
#2059 = PLANE ( 'NONE',  #3081 ) ;
#2060 = EDGE_LOOP ( 'NONE', ( #3312, #3230, #2257, #2374 ) ) ;
#2061 =( LENGTH_UNIT ( ) NAMED_UNIT ( * ) SI_UNIT ( .MILLI., .METRE. ) );
#2062 = FILL_AREA_STYLE ('',( #3023 ) ) ;
#2063 = ORIENTED_EDGE ( 'NONE', *, *, #4014, .F. ) ;
#2064 = CARTESIAN_POINT ( 'NONE',  ( -0.2000000000000000111, 0.2600000000000000089, 0.02000000000000000042 ) ) ;
#2065 = CARTESIAN_POINT ( 'NONE',  ( 0.2950000000000000400, -0.3000000000000000444, 0.0000000000000000000 ) ) ;
#2066 = DIRECTION ( 'NONE',  ( 0.0000000000000000000, 1.224646799146999945E-16, -1.000000000000000000 ) ) ;
#2067 = ORIENTED_EDGE ( 'NONE', *, *, #3955, .F. ) ;
#2068 = VECTOR ( 'NONE', #3092, 1000.000000000000000 ) ;
#2069 =( LENGTH_UNIT ( ) NAMED_UNIT ( * ) SI_UNIT ( .MILLI., .METRE. ) );
#2070 = FILL_AREA_STYLE ('',( #463 ) ) ;
#2071 = AXIS2_PLACEMENT_3D ( 'NONE', #608, #1589, #1317 ) ;
#2072 = DIRECTION ( 'NONE',  ( 0.0000000000000000000, 0.0000000000000000000, -1.000000000000000000 ) ) ;
#2073 = SURFACE_SIDE_STYLE ('',( #3736 ) ) ;
#2074 = EDGE_CURVE ( 'NONE', #2037, #292, #102, .T. ) ;
#2075 = ORIENTED_EDGE ( 'NONE', *, *, #1450, .F. ) ;
#2076 = CARTESIAN_POINT ( 'NONE',  ( 0.2849999999999999756, 0.2849999999999999756, 0.1400000000000000133 ) ) ;
#2077 = LINE ( 'NONE', #738, #3984 ) ;
#2078 = DIRECTION ( 'NONE',  ( -1.000000000000000000, 0.0000000000000000000, -0.0000000000000000000 ) ) ;
#2079 =( GEOMETRIC_REPRESENTATION_CONTEXT ( 3 ) GLOBAL_UNCERTAINTY_ASSIGNED_CONTEXT ( ( #966 ) ) GLOBAL_UNIT_ASSIGNED_CONTEXT ( ( #3309, #468, #4117 ) ) REPRESENTATION_CONTEXT ( 'NONE', 'WORKASPACE' ) );
#2080 = SURFACE_SIDE_STYLE ('',( #2418 ) ) ;
#2081 = SURFACE_STYLE_USAGE ( .BOTH. , #1416 ) ;
#2082 = EDGE_CURVE ( 'NONE', #16, #2286, #712, .T. ) ;
#2083 = ORIENTED_EDGE ( 'NONE', *, *, #94, .F. ) ;
#2084 = ORIENTED_EDGE ( 'NONE', *, *, #4296, .F. ) ;
#2085 = SHAPE_REPRESENTATION ( 'Cut006', ( #269 ), #91 ) ;
#2086 = AXIS2_PLACEMENT_3D ( 'NONE', #2766, #2713, #122 ) ;
#2087 = PRESENTATION_LAYER_ASSIGNMENT (  '', '', ( #3973 ) ) ;
#2088 = DIRECTION ( 'NONE',  ( 1.000000000000000000, 0.0000000000000000000, 0.0000000000000000000 ) ) ;
#2089 = PRESENTATION_STYLE_ASSIGNMENT (( #2421 ) ) ;
#2090 = MECHANICAL_DESIGN_GEOMETRIC_PRESENTATION_REPRESENTATION (  '', ( #2992 ), #1546 ) ;
#2091 = STYLED_ITEM ( 'NONE', ( #1102 ), #1611 ) ;
#2092 = LINE ( 'NONE', #2112, #1890 ) ;
#2093 = VERTEX_POINT ( 'NONE', #689 ) ;
#2094 = VECTOR ( 'NONE', #346, 1000.000000000000000 ) ;
#2095 = FILL_AREA_STYLE_COLOUR ( '', #1055 ) ;
#2096 = DIRECTION ( 'NONE',  ( 1.000000000000000000, 0.0000000000000000000, 0.0000000000000000000 ) ) ;
#2097 = STYLED_ITEM ( 'NONE', ( #972 ), #3085 ) ;
#2098 = DIRECTION ( 'NONE',  ( -0.0000000000000000000, -0.0000000000000000000, -1.000000000000000000 ) ) ;
#2099 = DIRECTION ( 'NONE',  ( 0.0000000000000000000, -1.000000000000000000, -1.034036596358999946E-18 ) ) ;
#2100 = CARTESIAN_POINT ( 'NONE',  ( 0.4949999999999999956, 0.1891429205790000068, 0.02000000000000000042 ) ) ;
#2101 = SURFACE_STYLE_USAGE ( .BOTH. , #665 ) ;
#2102 = CARTESIAN_POINT ( 'NONE',  ( 0.5500000000000000444, 0.3499999999999999778, 0.02000000000000000042 ) ) ;
#2103 = PRODUCT_DEFINITION ( 'UNKNOWN', '', #166, #2228 ) ;
#2104 = ORIENTED_EDGE ( 'NONE', *, *, #3310, .F. ) ;
#2105 = PRODUCT ( 'Gr\X2\207f\X0\n', 'Gr\X2\207f\X0\n', '', ( #1765 ) ) ;
#2106 = STYLED_ITEM ( 'NONE', ( #3042 ), #3340 ) ;
#2107 = FACE_OUTER_BOUND ( 'NONE', #3402, .T. ) ;
#2108 = CARTESIAN_POINT ( 'NONE',  ( -0.3275140453871118185, -0.2600000000000452505, 0.05999999999999999084 ) ) ;
#2109 = COLOUR_RGB ( '',0.0000000000000000000, 0.3333333333333333148, 0.0000000000000000000 ) ;
#2110 = DIRECTION ( 'NONE',  ( -0.0000000000000000000, 1.224646799146999945E-16, 1.000000000000000000 ) ) ;
#2111 = ADVANCED_FACE ( 'NONE', ( #2027 ), #1361, .T. ) ;
#2112 = CARTESIAN_POINT ( 'NONE',  ( -0.2000000000000000111, -0.2600000000000000089, 0.02000000000000000042 ) ) ;
#2113 = VERTEX_POINT ( 'NONE', #1705 ) ;
#2114 = EDGE_CURVE ( 'NONE', #1320, #4178, #4071, .T. ) ;
#2115 = CARTESIAN_POINT ( 'NONE',  ( 0.4999999999999514277, 0.2085786437627077106, 0.0000000000000000000 ) ) ;
#2116 = PRESENTATION_STYLE_ASSIGNMENT (( #4229 ) ) ;
#2117 = DIRECTION ( 'NONE',  ( 0.0000000000000000000, -1.000000000000000000, -0.0000000000000000000 ) ) ;
#2118 = ADVANCED_BREP_SHAPE_REPRESENTATION ( '', ( #1132, #269 ), #500 ) ;
#2119 = DIRECTION ( 'NONE',  ( 1.000000000000000000, 0.0000000000000000000, -0.0000000000000000000 ) ) ;
#2120 = STYLED_ITEM ( 'NONE', ( #452 ), #4242 ) ;
#2121 = FILL_AREA_STYLE ('',( #3819 ) ) ;
#2122 = APPLICATION_PROTOCOL_DEFINITION ( 'draft international standard', 'automotive_design', 1998, #116 ) ;
#2123 = DIRECTION ( 'NONE',  ( 0.0000000000000000000, 0.0000000000000000000, 1.000000000000000000 ) ) ;
#2124 = PRESENTATION_STYLE_ASSIGNMENT (( #1787 ) ) ;
#2125 = CARTESIAN_POINT ( 'NONE',  ( -0.5500000000000000444, 0.3499999999999999778, -4.286263797010733491E-17 ) ) ;
#2126 = CARTESIAN_POINT ( 'NONE',  ( -0.5500000000000000444, 0.3499999999999999778, 0.02000000000000000042 ) ) ;
#2127 = VERTEX_POINT ( 'NONE', #1092 ) ;
#2128 = SURFACE_STYLE_FILL_AREA ( #564 ) ;
#2129 = ORIENTED_EDGE ( 'NONE', *, *, #1775, .F. ) ;
#2130 = ORIENTED_EDGE ( 'NONE', *, *, #1976, .F. ) ;
#2131 = DIRECTION ( 'NONE',  ( -0.0000000000000000000, 1.224646799146999945E-16, -1.000000000000000000 ) ) ;
#2132 =( NAMED_UNIT ( * ) SI_UNIT ( $, .STERADIAN. ) SOLID_ANGLE_UNIT ( ) );
#2133 = DIRECTION ( 'NONE',  ( -0.0000000000000000000, -1.000000000000000000, -1.224646799146999945E-16 ) ) ;
#2134 = EDGE_CURVE ( 'NONE', #2547, #3640, #2013, .T. ) ;
#2135 = VERTEX_POINT ( 'NONE', #3199 ) ;
#2136 = LINE ( 'NONE', #2800, #1680 ) ;
#2137 = FILL_AREA_STYLE_COLOUR ( '', #1380 ) ;
#2138 =( NAMED_UNIT ( * ) PLANE_ANGLE_UNIT ( ) SI_UNIT ( $, .RADIAN. ) );
#2139 =( NAMED_UNIT ( * ) SI_UNIT ( $, .STERADIAN. ) SOLID_ANGLE_UNIT ( ) );
#2140 = EDGE_CURVE ( 'NONE', #3192, #2936, #2861, .T. ) ;
#2141 = VECTOR ( 'NONE', #2054, 1000.000000000000000 ) ;
#2142 =( NAMED_UNIT ( * ) SI_UNIT ( $, .STERADIAN. ) SOLID_ANGLE_UNIT ( ) );
#2143 = CARTESIAN_POINT ( 'NONE',  ( 0.2999999999999999889, -0.2999999999999999889, 0.1250000000000000000 ) ) ;
#2144 = ADVANCED_FACE ( 'NONE', ( #3113 ), #229, .F. ) ;
#2145 = FACE_OUTER_BOUND ( 'NONE', #877, .T. ) ;
#2146 = AXIS2_PLACEMENT_3D ( 'NONE', #1297, #3573, #2615 ) ;
#2147 = VERTEX_POINT ( 'NONE', #3798 ) ;
#2148 = CARTESIAN_POINT ( 'NONE',  ( -0.5500000000000000444, -0.3499999999999999778, 0.06000000000000001860 ) ) ;
#2149 = CARTESIAN_POINT ( 'NONE',  ( 0.3563508326898146561, 0.2999999999999999889, 0.02000000000000000389 ) ) ;
#2150 = ORIENTED_EDGE ( 'NONE', *, *, #2114, .T. ) ;
#2151 = COLOUR_RGB ( '',0.8274509803921568096, 0.8274509803921568096, 0.8274509803921568096 ) ;
#2152 = MECHANICAL_DESIGN_GEOMETRIC_PRESENTATION_REPRESENTATION (  '', ( #3889 ), #25 ) ;
#2153 = VERTEX_POINT ( 'NONE', #4209 ) ;
#2154 = CARTESIAN_POINT ( 'NONE',  ( -0.2999999999999999889, 0.2950000000000000400, 0.0000000000000000000 ) ) ;
#2155 = AXIS2_PLACEMENT_3D ( 'NONE', #3757, #1071, #715 ) ;
#2156 =( NAMED_UNIT ( * ) SI_UNIT ( $, .STERADIAN. ) SOLID_ANGLE_UNIT ( ) );
#2157 = PRESENTATION_STYLE_ASSIGNMENT (( #4175 ) ) ;
#2158 = ORIENTED_EDGE ( 'NONE', *, *, #435, .F. ) ;
#2159 = CARTESIAN_POINT ( 'NONE',  ( 0.4949999999999999956, -0.2999999999999999889, 0.02000000000000000042 ) ) ;
#2160 = PRODUCT_RELATED_PRODUCT_CATEGORY ( 'part', '', ( #1215 ) ) ;
#2161 = COLOUR_RGB ( '',0.7803921568627451011, 0.5686274509803921351, 0.1137254901960784298 ) ;
#2162 = AXIS2_PLACEMENT_3D ( 'NONE', #2881, #1302, #2555 ) ;
#2163 = DIRECTION ( 'NONE',  ( -0.0000000000000000000, -0.0000000000000000000, 1.000000000000000000 ) ) ;
#2164 = CIRCLE ( 'NONE', #309, 0.1700000000000000122 ) ;
#2165 = EDGE_CURVE ( 'NONE', #1526, #1527, #2491, .T. ) ;
#2166 =( NAMED_UNIT ( * ) PLANE_ANGLE_UNIT ( ) SI_UNIT ( $, .RADIAN. ) );
#2167 = DIRECTION ( 'NONE',  ( -1.000000000000000000, 0.0000000000000000000, 0.0000000000000000000 ) ) ;
#2168 = MECHANICAL_DESIGN_GEOMETRIC_PRESENTATION_REPRESENTATION (  '', ( #4128 ), #383 ) ;
#2169 = SURFACE_SIDE_STYLE ('',( #3821 ) ) ;
#2170 = CARTESIAN_POINT ( 'NONE',  ( -0.05000000000000000278, 0.2999999999999999889, 0.0000000000000000000 ) ) ;
#2171 = EDGE_CURVE ( 'NONE', #3630, #292, #3763, .T. ) ;
#2172 = SURFACE_SIDE_STYLE ('',( #2827 ) ) ;
#2173 = ORIENTED_EDGE ( 'NONE', *, *, #835, .T. ) ;
#2174 = SURFACE_STYLE_USAGE ( .BOTH. , #4196 ) ;
#2175 = VERTEX_POINT ( 'NONE', #3498 ) ;
#2176 = APPLICATION_CONTEXT ( 'automotive_design' ) ;
#2177 = ORIENTED_EDGE ( 'NONE', *, *, #756, .T. ) ;
#2178 = CIRCLE ( 'NONE', #4216, 0.2000000000000000389 ) ;
#2179 = LINE ( 'NONE', #3193, #3087 ) ;
#2180 = CARTESIAN_POINT ( 'NONE',  ( -0.4999999999999027445, -0.2085786437627248913, 0.0000000000000000000 ) ) ;
#2181 = DIRECTION ( 'NONE',  ( 0.0000000000000000000, -1.224646799146999945E-16, -1.000000000000000000 ) ) ;
#2182 = PRODUCT_DEFINITION_SHAPE ( 'NONE', 'NONE',  #2103 ) ;
#2183 = VECTOR ( 'NONE', #1747, 1000.000000000000000 ) ;
#2184 = DIRECTION ( 'NONE',  ( 0.0000000000000000000, 1.000000000000000000, 0.0000000000000000000 ) ) ;
#2185 = PRESENTATION_LAYER_ASSIGNMENT (  '', '', ( #538 ) ) ;
#2186 = DIRECTION ( 'NONE',  ( -1.000000000000000000, 0.0000000000000000000, 0.0000000000000000000 ) ) ;
#2187 = CARTESIAN_POINT ( 'NONE',  ( -0.2999999999999999889, -0.2999999999999999889, 0.0000000000000000000 ) ) ;
#2188 = UNCERTAINTY_MEASURE_WITH_UNIT (LENGTH_MEASURE( 1.000000000000000082E-05 ), #1315, 'distance_accuracy_value', 'NONE');
#2189 = PRESENTATION_LAYER_ASSIGNMENT (  '', '', ( #3581 ) ) ;
#2190 =( LENGTH_UNIT ( ) NAMED_UNIT ( * ) SI_UNIT ( .MILLI., .METRE. ) );
#2191 = ADVANCED_FACE ( 'NONE', ( #534 ), #3536, .T. ) ;
#2192 = DIRECTION ( 'NONE',  ( 0.0000000000000000000, -1.224646799146999945E-16, -1.000000000000000000 ) ) ;
#2193 = DIRECTION ( 'NONE',  ( -1.084202172485504434E-15, 1.000000000000000000, 1.224646799146999945E-16 ) ) ;
#2194 =( LENGTH_UNIT ( ) NAMED_UNIT ( * ) SI_UNIT ( .MILLI., .METRE. ) );
#2195 = CARTESIAN_POINT ( 'NONE',  ( -0.2974999999999999867, -0.2975000000000000977, 0.1250000000000000000 ) ) ;
#2196 = ORIENTED_EDGE ( 'NONE', *, *, #385, .T. ) ;
#2197 = ADVANCED_FACE ( 'NONE', ( #3031 ), #3405, .F. ) ;
#2198 = VERTEX_POINT ( 'NONE', #816 ) ;
#2199 = FILL_AREA_STYLE_COLOUR ( '', #1743 ) ;
#2200 = CARTESIAN_POINT ( 'NONE',  ( -0.4949999999999304956, 0.1891429205785696566, 0.01999999999999999001 ) ) ;
#2201 = CARTESIAN_POINT ( 'NONE',  ( -0.05000000000000000278, 0.2999999999999999889, -0.01000000000000000021 ) ) ;
#2202 = DIRECTION ( 'NONE',  ( -1.000000000000000000, 0.0000000000000000000, 0.0000000000000000000 ) ) ;
#2203 = CARTESIAN_POINT ( 'NONE',  ( -0.1000000000000000056, 0.1499999999999999944, -0.01000000000000000021 ) ) ;
#2204 = CARTESIAN_POINT ( 'NONE',  ( 0.2000000000000000111, -0.2600000000000000089, 0.02000000000000000042 ) ) ;
#2205 = DIRECTION ( 'NONE',  ( 1.000000000000000000, 0.0000000000000000000, 0.0000000000000000000 ) ) ;
#2206 =( NAMED_UNIT ( * ) SI_UNIT ( $, .STERADIAN. ) SOLID_ANGLE_UNIT ( ) );
#2207 = SURFACE_STYLE_USAGE ( .BOTH. , #3562 ) ;
#2208 = PRESENTATION_STYLE_ASSIGNMENT (( #3563 ) ) ;
#2209 =( NAMED_UNIT ( * ) PLANE_ANGLE_UNIT ( ) SI_UNIT ( $, .RADIAN. ) );
#2210 = CARTESIAN_POINT ( 'NONE',  ( -0.4949999999999304956, -0.1891429205785696566, 0.02000000000000001082 ) ) ;
#2211 =( GEOMETRIC_REPRESENTATION_CONTEXT ( 3 ) GLOBAL_UNCERTAINTY_ASSIGNED_CONTEXT ( ( #916 ) ) GLOBAL_UNIT_ASSIGNED_CONTEXT ( ( #357, #47, #1684 ) ) REPRESENTATION_CONTEXT ( 'NONE', 'WORKASPACE' ) );
#2212 = STYLED_ITEM ( 'NONE', ( #3057 ), #480 ) ;
#2213 =( LENGTH_UNIT ( ) NAMED_UNIT ( * ) SI_UNIT ( .MILLI., .METRE. ) );
#2214 = ADVANCED_FACE ( 'NONE', ( #2741 ), #1105, .F. ) ;
#2215 = DIRECTION ( 'NONE',  ( 0.0000000000000000000, 1.000000000000000000, 1.185846126156020475E-16 ) ) ;
#2216 = DIRECTION ( 'NONE',  ( -0.0000000000000000000, 1.000000000000000000, 1.224646799146999945E-16 ) ) ;
#2217 = CARTESIAN_POINT ( 'NONE',  ( -0.2999999999999999889, -0.2999999999999999889, 0.1337867965644035650 ) ) ;
#2218 = EDGE_LOOP ( 'NONE', ( #2811, #366, #4056, #545 ) ) ;
#2219 = VERTEX_POINT ( 'NONE', #3753 ) ;
#2220 = LINE ( 'NONE', #1870, #2994 ) ;
#2221 =( NAMED_UNIT ( * ) SI_UNIT ( $, .STERADIAN. ) SOLID_ANGLE_UNIT ( ) );
#2222 = EDGE_CURVE ( 'NONE', #395, #1355, #1405, .T. ) ;
#2223 = FACE_OUTER_BOUND ( 'NONE', #3589, .T. ) ;
#2224 = COLOUR_RGB ( '',0.7803921568627451011, 0.5686274509803921351, 0.1137254901960784298 ) ;
#2225 = MECHANICAL_DESIGN_GEOMETRIC_PRESENTATION_REPRESENTATION (  '', ( #1533 ), #1381 ) ;
#2226 = DIRECTION ( 'NONE',  ( 0.0000000000000000000, -1.224646799146999945E-16, -1.000000000000000000 ) ) ;
#2227 = PRESENTATION_LAYER_ASSIGNMENT (  '', '', ( #3896 ) ) ;
#2228 = PRODUCT_DEFINITION_CONTEXT ( 'detailed design', #2479, 'design' ) ;
#2229 = CARTESIAN_POINT ( 'NONE',  ( 0.4949999999999306066, 0.1891429205785696288, 0.05999999999999998390 ) ) ;
#2230 =( GEOMETRIC_REPRESENTATION_CONTEXT ( 3 ) GLOBAL_UNCERTAINTY_ASSIGNED_CONTEXT ( ( #2306 ) ) GLOBAL_UNIT_ASSIGNED_CONTEXT ( ( #777, #3033, #1378 ) ) REPRESENTATION_CONTEXT ( 'NONE', 'WORKASPACE' ) );
#2231 = VECTOR ( 'NONE', #3281, 1000.000000000000000 ) ;
#2232 = CARTESIAN_POINT ( 'NONE',  ( 0.5000000000000000000, -0.2999999999999999889, 0.0000000000000000000 ) ) ;
#2233 = ORIENTED_EDGE ( 'NONE', *, *, #1300, .T. ) ;
#2234 = PRESENTATION_LAYER_ASSIGNMENT (  '', '', ( #920 ) ) ;
#2235 = PLANE ( 'NONE',  #1251 ) ;
#2236 = ORIENTED_EDGE ( 'NONE', *, *, #2413, .F. ) ;
#2237 = STYLED_ITEM ( 'NONE', ( #3571 ), #2601 ) ;
#2238 = CARTESIAN_POINT ( 'NONE',  ( 0.3275140453871118185, 0.2600000000000452505, 0.06000000000000001166 ) ) ;
#2239 = DIRECTION ( 'NONE',  ( 0.0000000000000000000, 0.0000000000000000000, -1.000000000000000000 ) ) ;
#2240 = DIRECTION ( 'NONE',  ( 0.0000000000000000000, 0.0000000000000000000, -1.000000000000000000 ) ) ;
#2241 = PRESENTATION_STYLE_ASSIGNMENT (( #2329 ) ) ;
#2242 = ORIENTED_EDGE ( 'NONE', *, *, #1605, .T. ) ;
#2243 = EDGE_CURVE ( 'NONE', #3303, #2485, #4110, .T. ) ;
#2244 = DIRECTION ( 'NONE',  ( -0.0000000000000000000, 1.224646799146999945E-16, 1.000000000000000000 ) ) ;
#2245 = CARTESIAN_POINT ( 'NONE',  ( -0.5000000000000000000, 0.2999999999999999889, 0.02000000000000000042 ) ) ;
#2246 = DIRECTION ( 'NONE',  ( 0.0000000000000000000, -1.224646799146999945E-16, -1.000000000000000000 ) ) ;
#2247 =( NAMED_UNIT ( * ) PLANE_ANGLE_UNIT ( ) SI_UNIT ( $, .RADIAN. ) );
#2248 = EDGE_CURVE ( 'NONE', #132, #2985, #3714, .T. ) ;
#2249 = AXIS2_PLACEMENT_3D ( 'NONE', #1206, #1575, #2893 ) ;
#2250 = PLANE ( 'NONE',  #4059 ) ;
#2251 =( GEOMETRIC_REPRESENTATION_CONTEXT ( 3 ) GLOBAL_UNCERTAINTY_ASSIGNED_CONTEXT ( ( #3059 ) ) GLOBAL_UNIT_ASSIGNED_CONTEXT ( ( #5, #2371, #390 ) ) REPRESENTATION_CONTEXT ( 'NONE', 'WORKASPACE' ) );
#2252 = PRESENTATION_STYLE_ASSIGNMENT (( #1903 ) ) ;
#2253 = VERTEX_POINT ( 'NONE', #483 ) ;
#2254 = EDGE_LOOP ( 'NONE', ( #812, #3769, #2084 ) ) ;
#2255 = STYLED_ITEM ( 'NONE', ( #873 ), #3659 ) ;
#2256 =( NAMED_UNIT ( * ) PLANE_ANGLE_UNIT ( ) SI_UNIT ( $, .RADIAN. ) );
#2257 = ORIENTED_EDGE ( 'NONE', *, *, #4264, .F. ) ;
#2258 = STYLED_ITEM ( 'NONE', ( #3518 ), #3920 ) ;
#2259 = CARTESIAN_POINT ( 'NONE',  ( 0.4749999999999319211, -0.1645950378226359589, 0.06000000000000001860 ) ) ;
#2260 = AXIS2_PLACEMENT_3D ( 'NONE', #4157, #1163, #2483 ) ;
#2261 = CARTESIAN_POINT ( 'NONE',  ( 0.5500000000000000444, 0.3499999999999999778, 0.01999999999999997960 ) ) ;
#2262 = CARTESIAN_POINT ( 'NONE',  ( -0.5500000000000000444, -0.3499999999999999778, 0.01999999999999999001 ) ) ;
#2263 = FILL_AREA_STYLE_COLOUR ( '', #1017 ) ;
#2264 = SURFACE_SIDE_STYLE ('',( #3942 ) ) ;
#2265 = COLOUR_RGB ( '',0.7803921568627451011, 0.5686274509803921351, 0.1137254901960784298 ) ;
#2266 =( NAMED_UNIT ( * ) PLANE_ANGLE_UNIT ( ) SI_UNIT ( $, .RADIAN. ) );
#2267 = PRESENTATION_STYLE_ASSIGNMENT (( #900 ) ) ;
#2268 = FILL_AREA_STYLE_COLOUR ( '', #3655 ) ;
#2269 = CARTESIAN_POINT ( 'NONE',  ( -0.1000000000000000056, -0.1499999999999999944, -0.01000000000000000021 ) ) ;
#2270 =( LENGTH_UNIT ( ) NAMED_UNIT ( * ) SI_UNIT ( .MILLI., .METRE. ) );
#2271 = COLOUR_RGB ( '',0.7921568627450980005, 0.8196078431372548767, 0.9333333333333333481 ) ;
#2272 = FILL_AREA_STYLE ('',( #1578 ) ) ;
#2273 = ORIENTED_EDGE ( 'NONE', *, *, #1162, .F. ) ;
#2274 = LINE ( 'NONE', #2297, #2661 ) ;
#2275 = UNCERTAINTY_MEASURE_WITH_UNIT (LENGTH_MEASURE( 1.000000000000000082E-05 ), #1294, 'distance_accuracy_value', 'NONE');
#2276 = ADVANCED_FACE ( 'NONE', ( #1474 ), #1150, .F. ) ;
#2277 = DIRECTION ( 'NONE',  ( -0.0000000000000000000, -0.0000000000000000000, 1.000000000000000000 ) ) ;
#2278 =( NAMED_UNIT ( * ) SI_UNIT ( $, .STERADIAN. ) SOLID_ANGLE_UNIT ( ) );
#2279 = FILL_AREA_STYLE ('',( #1927 ) ) ;
#2280 = VERTEX_POINT ( 'NONE', #1234 ) ;
#2281 = CARTESIAN_POINT ( 'NONE',  ( 0.5500000000000000444, -0.3499999999999999778, 0.02000000000000000042 ) ) ;
#2282 = LINE ( 'NONE', #673, #2391 ) ;
#2283 = ADVANCED_FACE ( 'NONE', ( #3496 ), #4207, .T. ) ;
#2284 = DIRECTION ( 'NONE',  ( 0.0000000000000000000, 0.0000000000000000000, -1.000000000000000000 ) ) ;
#2285 = CARTESIAN_POINT ( 'NONE',  ( 0.5500000000000000444, -0.3499999999999999778, 0.02000000000000000042 ) ) ;
#2286 = VERTEX_POINT ( 'NONE', #2840 ) ;
#2287 = ORIENTED_EDGE ( 'NONE', *, *, #3052, .F. ) ;
#2288 = AXIS2_PLACEMENT_3D ( 'NONE', #1288, #2610, #3940 ) ;
#2289 = CARTESIAN_POINT ( 'NONE',  ( 0.5000000000000000000, 0.2999999999999999889, 0.0000000000000000000 ) ) ;
#2290 = LINE ( 'NONE', #3947, #1617 ) ;
#2291 = CARTESIAN_POINT ( 'NONE',  ( -0.5500000000000000444, -0.3499999999999999778, 0.02000000000000000042 ) ) ;
#2292 = CARTESIAN_POINT ( 'NONE',  ( -0.05000000000000000278, 0.1499999999999999944, 0.0000000000000000000 ) ) ;
#2293 = AXIS2_PLACEMENT_3D ( 'NONE', #3980, #1341, #3730 ) ;
#2294 = SURFACE_STYLE_USAGE ( .BOTH. , #1534 ) ;
#2295 = VERTEX_POINT ( 'NONE', #2229 ) ;
#2296 = AXIS2_PLACEMENT_3D ( 'NONE', #741, #1028, #2351 ) ;
#2297 = CARTESIAN_POINT ( 'NONE',  ( -0.3275140453870000190, 0.2999999999999999889, 0.08000000000000000167 ) ) ;
#2298 = CIRCLE ( 'NONE', #235, 0.2400000000000000466 ) ;
#2299 = SURFACE_STYLE_FILL_AREA ( #3671 ) ;
#2300 = ORIENTED_EDGE ( 'NONE', *, *, #818, .T. ) ;
#2301 = AXIS2_PLACEMENT_3D ( 'NONE', #1858, #817, #1129 ) ;
#2302 = EDGE_CURVE ( 'NONE', #4032, #2395, #881, .T. ) ;
#2303 = FILL_AREA_STYLE ('',( #3963 ) ) ;
#2304 = CARTESIAN_POINT ( 'NONE',  ( 0.5500000000000000444, -0.3499999999999999778, 0.06000000000000001860 ) ) ;
#2305 = ORIENTED_EDGE ( 'NONE', *, *, #1992, .T. ) ;
#2306 = UNCERTAINTY_MEASURE_WITH_UNIT (LENGTH_MEASURE( 1.000000000000000082E-05 ), #777, 'distance_accuracy_value', 'NONE');
#2307 = ORIENTED_EDGE ( 'NONE', *, *, #3548, .T. ) ;
#2308 = EDGE_CURVE ( 'NONE', #1646, #827, #3471, .T. ) ;
#2309 = VECTOR ( 'NONE', #3398, 1000.000000000000000 ) ;
#2310 = DIRECTION ( 'NONE',  ( 0.0000000000000000000, -0.0000000000000000000, 1.000000000000000000 ) ) ;
#2311 = DIRECTION ( 'NONE',  ( -0.0000000000000000000, -0.0000000000000000000, 1.000000000000000000 ) ) ;
#2312 =( LENGTH_UNIT ( ) NAMED_UNIT ( * ) SI_UNIT ( .MILLI., .METRE. ) );
#2313 = DIRECTION ( 'NONE',  ( -1.000000000000000000, 0.0000000000000000000, 0.0000000000000000000 ) ) ;
#2314 = UNCERTAINTY_MEASURE_WITH_UNIT (LENGTH_MEASURE( 1.000000000000000082E-05 ), #1171, 'distance_accuracy_value', 'NONE');
#2315 = MECHANICAL_DESIGN_GEOMETRIC_PRESENTATION_REPRESENTATION (  '', ( #1557 ), #454 ) ;
#2316 = FILL_AREA_STYLE ('',( #999 ) ) ;
#2317 = AXIS2_PLACEMENT_3D ( 'NONE', #1397, #1697, #370 ) ;
#2318 = ORIENTED_EDGE ( 'NONE', *, *, #2243, .T. ) ;
#2319 = MECHANICAL_DESIGN_GEOMETRIC_PRESENTATION_REPRESENTATION (  '', ( #3848 ), #3996 ) ;
#2320 = FILL_AREA_STYLE_COLOUR ( '', #726 ) ;
#2321 = CARTESIAN_POINT ( 'NONE',  ( 0.3713942890050741519, -0.2600000000000165512, -3.184081677783202500E-17 ) ) ;
#2322 = DIRECTION ( 'NONE',  ( 1.000000000000000000, 0.0000000000000000000, 0.0000000000000000000 ) ) ;
#2323 = CARTESIAN_POINT ( 'NONE',  ( 0.4949999999999999956, -0.2999999999999999889, 0.02000000000000000042 ) ) ;
#2324 = EDGE_LOOP ( 'NONE', ( #924, #1511, #4172, #3459 ) ) ;
#2325 = FILL_AREA_STYLE ('',( #982 ) ) ;
#2326 = LINE ( 'NONE', #3658, #1690 ) ;
#2327 = CARTESIAN_POINT ( 'NONE',  ( -0.5500000000000000444, 0.3499999999999999778, 0.02000000000000000042 ) ) ;
#2328 = DIRECTION ( 'NONE',  ( 0.0000000000000000000, 0.0000000000000000000, -1.000000000000000000 ) ) ;
#2329 = SURFACE_STYLE_USAGE ( .BOTH. , #2264 ) ;
#2330 = EDGE_CURVE ( 'NONE', #1303, #3346, #1805, .T. ) ;
#2331 = EDGE_LOOP ( 'NONE', ( #1883, #2909, #90, #1161 ) ) ;
#2332 = PLANE ( 'NONE',  #1814 ) ;
#2333 = DIRECTION ( 'NONE',  ( -0.0000000000000000000, 0.0000000000000000000, 1.000000000000000000 ) ) ;
#2334 = CARTESIAN_POINT ( 'NONE',  ( -0.4949999999999222799, -0.1577111547697281346, 1.931404608786746271E-17 ) ) ;
#2335 = EDGE_CURVE ( 'NONE', #1622, #3077, #828, .T. ) ;
#2336 = FILL_AREA_STYLE ('',( #1014 ) ) ;
#2337 = EDGE_CURVE ( 'NONE', #3378, #132, #3747, .T. ) ;
#2338 = FILL_AREA_STYLE_COLOUR ( '', #38 ) ;
#2339 = ORIENTED_EDGE ( 'NONE', *, *, #2697, .F. ) ;
#2340 = DIRECTION ( 'NONE',  ( 1.000000000000000000, 0.0000000000000000000, -0.0000000000000000000 ) ) ;
#2341 = DIRECTION ( 'NONE',  ( -1.000000000000000000, 0.0000000000000000000, 0.0000000000000000000 ) ) ;
#2342 = DIRECTION ( 'NONE',  ( 1.000000000000000000, 0.0000000000000000000, 0.0000000000000000000 ) ) ;
#2343 = CARTESIAN_POINT ( 'NONE',  ( 0.2000000000000000111, -0.2999999999999999889, 0.08000000000000000167 ) ) ;
#2344 = DIRECTION ( 'NONE',  ( -1.000000000000000000, -0.0000000000000000000, -0.0000000000000000000 ) ) ;
#2345 = SHAPE_REPRESENTATION ( 'User Library-LED_1006_G', ( #362, #2782, #911, #1461, #2573, #1257 ), #1795 ) ;
#2346 = CARTESIAN_POINT ( 'NONE',  ( 0.5500000000000000444, -0.3499999999999999778, 0.02000000000000000042 ) ) ;
#2347 = ORIENTED_EDGE ( 'NONE', *, *, #3686, .T. ) ;
#2348 = CARTESIAN_POINT ( 'NONE',  ( 0.4949999999999999956, -0.1891429205790000068, 0.02000000000000000042 ) ) ;
#2349 = ORIENTED_EDGE ( 'NONE', *, *, #3574, .F. ) ;
#2350 = CARTESIAN_POINT ( 'NONE',  ( 0.5500000000000000444, -0.3499999999999999778, 0.02000000000000000042 ) ) ;
#2351 = DIRECTION ( 'NONE',  ( 0.0000000000000000000, 1.000000000000000000, -1.129377263005733621E-16 ) ) ;
#2352 = ADVANCED_FACE ( 'NONE', ( #4130 ), #477, .T. ) ;
#2353 = SURFACE_SIDE_STYLE ('',( #2733 ) ) ;
#2354 = PRESENTATION_LAYER_ASSIGNMENT (  '', '', ( #2212 ) ) ;
#2355 = ORIENTED_EDGE ( 'NONE', *, *, #3107, .T. ) ;
#2356 = COLOUR_RGB ( '',0.0000000000000000000, 1.000000000000000000, 0.0000000000000000000 ) ;
#2357 = EDGE_CURVE ( 'NONE', #2280, #3898, #3771, .T. ) ;
#2358 = FILL_AREA_STYLE_COLOUR ( '', #933 ) ;
#2359 = SURFACE_STYLE_FILL_AREA ( #3178 ) ;
#2360 = STYLED_ITEM ( 'NONE', ( #2848 ), #840 ) ;
#2361 = DIRECTION ( 'NONE',  ( 1.000000000000000000, 0.0000000000000000000, 0.0000000000000000000 ) ) ;
#2362 = LINE ( 'NONE', #1007, #535 ) ;
#2363 = DIRECTION ( 'NONE',  ( 1.000000000000000000, 0.0000000000000000000, 0.0000000000000000000 ) ) ;
#2364 = SURFACE_STYLE_USAGE ( .BOTH. , #1041 ) ;
#2365 = PLANE ( 'NONE',  #2505 ) ;
#2366 = ORIENTED_EDGE ( 'NONE', *, *, #2302, .F. ) ;
#2367 = VECTOR ( 'NONE', #17, 1000.000000000000000 ) ;
#2368 = COLOUR_RGB ( '',0.0000000000000000000, 1.000000000000000000, 0.0000000000000000000 ) ;
#2369 = VERTEX_POINT ( 'NONE', #2154 ) ;
#2370 = PRESENTATION_LAYER_ASSIGNMENT (  '', '', ( #779 ) ) ;
#2371 =( NAMED_UNIT ( * ) PLANE_ANGLE_UNIT ( ) SI_UNIT ( $, .RADIAN. ) );
#2372 = ORIENTED_EDGE ( 'NONE', *, *, #3818, .F. ) ;
#2373 = CARTESIAN_POINT ( 'NONE',  ( -0.4749999999999999778, 0.2999999999999999889, 0.0000000000000000000 ) ) ;
#2374 = ORIENTED_EDGE ( 'NONE', *, *, #1565, .T. ) ;
#2375 = AXIS2_PLACEMENT_3D ( 'NONE', #4, #1012, #1350 ) ;
#2376 =( NAMED_UNIT ( * ) SI_UNIT ( $, .STERADIAN. ) SOLID_ANGLE_UNIT ( ) );
#2377 =( GEOMETRIC_REPRESENTATION_CONTEXT ( 3 ) GLOBAL_UNCERTAINTY_ASSIGNED_CONTEXT ( ( #3672 ) ) GLOBAL_UNIT_ASSIGNED_CONTEXT ( ( #3204, #975, #4166 ) ) REPRESENTATION_CONTEXT ( 'NONE', 'WORKASPACE' ) );
#2378 = EDGE_CURVE ( 'NONE', #3953, #1622, #1143, .T. ) ;
#2379 = ORIENTED_EDGE ( 'NONE', *, *, #3396, .F. ) ;
#2380 = VECTOR ( 'NONE', #4205, 1000.000000000000000 ) ;
#2381 = FILL_AREA_STYLE_COLOUR ( '', #1674 ) ;
#2382 =( NAMED_UNIT ( * ) PLANE_ANGLE_UNIT ( ) SI_UNIT ( $, .RADIAN. ) );
#2383 = CARTESIAN_POINT ( 'NONE',  ( 0.4749999999999999778, -0.1645950378230000011, 2.015707862250000449E-17 ) ) ;
#2384 = MECHANICAL_DESIGN_GEOMETRIC_PRESENTATION_REPRESENTATION (  '', ( #2455 ), #1902 ) ;
#2385 = PRESENTATION_STYLE_ASSIGNMENT (( #3110 ) ) ;
#2386 = CARTESIAN_POINT ( 'NONE',  ( -0.4749999999999319766, -0.1645950378226359312, 0.02000000000000001082 ) ) ;
#2387 = EDGE_CURVE ( 'NONE', #2500, #2016, #3121, .T. ) ;
#2388 = VECTOR ( 'NONE', #2977, 1000.000000000000000 ) ;
#2389 = CARTESIAN_POINT ( 'NONE',  ( 0.4085786437628452505, 0.2999999999999999889, 0.0000000000000000000 ) ) ;
#2390 = FACE_OUTER_BOUND ( 'NONE', #335, .T. ) ;
#2391 = VECTOR ( 'NONE', #20, 1000.000000000000000 ) ;
#2392 = ORIENTED_EDGE ( 'NONE', *, *, #4007, .F. ) ;
#2393 = CARTESIAN_POINT ( 'NONE',  ( -0.3563508326896523970, 0.2999999999999102274, 3.673940397441400060E-17 ) ) ;
#2394 = CARTESIAN_POINT ( 'NONE',  ( -0.3713942890050741519, 0.2600000000000166067, 0.01999999999999999695 ) ) ;
#2395 = VERTEX_POINT ( 'NONE', #793 ) ;
#2396 =( NAMED_UNIT ( * ) PLANE_ANGLE_UNIT ( ) SI_UNIT ( $, .RADIAN. ) );
#2397 = CARTESIAN_POINT ( 'NONE',  ( -0.4085786437627249024, 0.2999999999999027889, 0.0000000000000000000 ) ) ;
#2398 = EDGE_LOOP ( 'NONE', ( #1790, #274, #3243 ) ) ;
#2399 = PRESENTATION_LAYER_ASSIGNMENT (  '', '', ( #1911 ) ) ;
#2400 = DIRECTION ( 'NONE',  ( 0.0000000000000000000, 1.000000000000000000, 1.224646799146999945E-16 ) ) ;
#2401 = AXIS2_PLACEMENT_3D ( 'NONE', #1458, #1415, #2789 ) ;
#2402 = FILL_AREA_STYLE ('',( #2338 ) ) ;
#2403 = ORIENTED_EDGE ( 'NONE', *, *, #1535, .T. ) ;
#2404 = PRESENTATION_STYLE_ASSIGNMENT (( #4019 ) ) ;
#2405 = EDGE_CURVE ( 'NONE', #1262, #3186, #156, .T. ) ;
#2406 = SURFACE_STYLE_FILL_AREA ( #1034 ) ;
#2407 = PRODUCT_DEFINITION_CONTEXT ( 'detailed design', #994, 'design' ) ;
#2408 = LINE ( 'NONE', #2669, #826 ) ;
#2409 = DIRECTION ( 'NONE',  ( -0.0000000000000000000, 1.000000000000000000, 1.224646799146999945E-16 ) ) ;
#2410 = FILL_AREA_STYLE_COLOUR ( '', #173 ) ;
#2411 = SURFACE_STYLE_USAGE ( .BOTH. , #382 ) ;
#2412 = CONTEXT_DEPENDENT_SHAPE_REPRESENTATION ( #2028, #753 ) ;
#2413 = EDGE_CURVE ( 'NONE', #4081, #4277, #3488, .T. ) ;
#2414 = LINE ( 'NONE', #1069, #1033 ) ;
#2415 = SURFACE_SIDE_STYLE ('',( #2634 ) ) ;
#2416 = CARTESIAN_POINT ( 'NONE',  ( 0.2950000000000000400, -0.2950000000000000400, 0.0000000000000000000 ) ) ;
#2417 = ORIENTED_EDGE ( 'NONE', *, *, #3046, .T. ) ;
#2418 = SURFACE_STYLE_FILL_AREA ( #1098 ) ;
#2419 = LINE ( 'NONE', #2397, #1654 ) ;
#2420 = ORIENTED_EDGE ( 'NONE', *, *, #1847, .T. ) ;
#2421 = SURFACE_STYLE_USAGE ( .BOTH. , #3177 ) ;
#2422 = ORIENTED_EDGE ( 'NONE', *, *, #2903, .F. ) ;
#2423 = STYLED_ITEM ( 'NONE', ( #3587 ), #135 ) ;
#2424 = FILL_AREA_STYLE ('',( #2839 ) ) ;
#2425 = SURFACE_SIDE_STYLE ('',( #503 ) ) ;
#2426 = DIRECTION ( 'NONE',  ( 0.0000000000000000000, -0.0000000000000000000, -1.000000000000000000 ) ) ;
#2427 =( LENGTH_UNIT ( ) NAMED_UNIT ( * ) SI_UNIT ( .MILLI., .METRE. ) );
#2428 = MECHANICAL_DESIGN_GEOMETRIC_PRESENTATION_REPRESENTATION (  '', ( #1650 ), #4027 ) ;
#2429 = EDGE_CURVE ( 'NONE', #3326, #660, #3490, .T. ) ;
#2430 = SHAPE_DEFINITION_REPRESENTATION ( #2182, #2085 ) ;
#2431 = VECTOR ( 'NONE', #2753, 1000.000000000000000 ) ;
#2432 = CARTESIAN_POINT ( 'NONE',  ( -0.3713942890050412338, -0.2600000000000000089, 0.02000000000000000042 ) ) ;
#2433 = ORIENTED_EDGE ( 'NONE', *, *, #485, .T. ) ;
#2434 = UNCERTAINTY_MEASURE_WITH_UNIT (LENGTH_MEASURE( 1.000000000000000082E-05 ), #509, 'distance_accuracy_value', 'NONE');
#2435 = SURFACE_STYLE_FILL_AREA ( #1115 ) ;
#2436 = VERTEX_POINT ( 'NONE', #2732 ) ;
#2437 =( GEOMETRIC_REPRESENTATION_CONTEXT ( 3 ) GLOBAL_UNCERTAINTY_ASSIGNED_CONTEXT ( ( #326 ) ) GLOBAL_UNIT_ASSIGNED_CONTEXT ( ( #3166, #199, #539 ) ) REPRESENTATION_CONTEXT ( 'NONE', 'WORKASPACE' ) );
#2438 = FILL_AREA_STYLE_COLOUR ( '', #1426 ) ;
#2439 =( NAMED_UNIT ( * ) SI_UNIT ( $, .STERADIAN. ) SOLID_ANGLE_UNIT ( ) );
#2440 = ORIENTED_EDGE ( 'NONE', *, *, #3555, .F. ) ;
#2441 = EDGE_CURVE ( 'NONE', #1204, #851, #3461, .T. ) ;
#2442 = ORIENTED_EDGE ( 'NONE', *, *, #704, .F. ) ;
#2443 = MECHANICAL_DESIGN_GEOMETRIC_PRESENTATION_REPRESENTATION (  '', ( #3833 ), #844 ) ;
#2444 = VECTOR ( 'NONE', #4045, 1000.000000000000000 ) ;
#2445 = COLOUR_RGB ( '',0.7803921568627451011, 0.5686274509803921351, 0.1137254901960784298 ) ;
#2446 =( LENGTH_UNIT ( ) NAMED_UNIT ( * ) SI_UNIT ( .MILLI., .METRE. ) );
#2447 = ORIENTED_EDGE ( 'NONE', *, *, #488, .F. ) ;
#2448 = PRESENTATION_LAYER_ASSIGNMENT (  '', '', ( #3557 ) ) ;
#2449 = UNCERTAINTY_MEASURE_WITH_UNIT (LENGTH_MEASURE( 1.000000000000000082E-05 ), #638, 'distance_accuracy_value', 'NONE');
#2450 = SURFACE_STYLE_USAGE ( .BOTH. , #439 ) ;
#2451 = DIRECTION ( 'NONE',  ( -0.0000000000000000000, -0.0000000000000000000, -1.000000000000000000 ) ) ;
#2452 = CARTESIAN_POINT ( 'NONE',  ( -0.2975000000000000977, 0.2974999999999999867, 0.1250000000000000000 ) ) ;
#2453 =( NAMED_UNIT ( * ) PLANE_ANGLE_UNIT ( ) SI_UNIT ( $, .RADIAN. ) );
#2454 = DIRECTION ( 'NONE',  ( 1.000000000000000000, 0.0000000000000000000, 0.0000000000000000000 ) ) ;
#2455 = STYLED_ITEM ( 'NONE', ( #2267 ), #3290 ) ;
#2456 = LINE ( 'NONE', #1788, #3564 ) ;
#2457 = EDGE_CURVE ( 'NONE', #363, #1675, #495, .T. ) ;
#2458 = ORIENTED_EDGE ( 'NONE', *, *, #2816, .T. ) ;
#2459 = VECTOR ( 'NONE', #3391, 1000.000000000000000 ) ;
#2460 = FILL_AREA_STYLE_COLOUR ( '', #2265 ) ;
#2461 = CARTESIAN_POINT ( 'NONE',  ( -0.2937867965644035406, -0.2937867965644035406, 0.1399999999999999856 ) ) ;
#2462 = DIRECTION ( 'NONE',  ( 0.0000000000000000000, 1.224646799146999945E-16, -1.000000000000000000 ) ) ;
#2463 = DIRECTION ( 'NONE',  ( 0.0000000000000000000, 1.224646799146999945E-16, -1.000000000000000000 ) ) ;
#2464 = STYLED_ITEM ( 'NONE', ( #2000 ), #3962 ) ;
#2465 = FILL_AREA_STYLE ('',( #1182 ) ) ;
#2466 = EDGE_LOOP ( 'NONE', ( #2458, #3417, #1905, #3069, #759, #2130, #3438, #2735, #1032, #832, #2891, #765 ) ) ;
#2467 = MECHANICAL_DESIGN_GEOMETRIC_PRESENTATION_REPRESENTATION (  '', ( #333 ), #1569 ) ;
#2468 =( NAMED_UNIT ( * ) PLANE_ANGLE_UNIT ( ) SI_UNIT ( $, .RADIAN. ) );
#2469 = PRESENTATION_STYLE_ASSIGNMENT (( #2490 ) ) ;
#2470 = DIRECTION ( 'NONE',  ( 1.000000000000000000, 0.0000000000000000000, -0.0000000000000000000 ) ) ;
#2471 = DIRECTION ( 'NONE',  ( 0.0000000000000000000, 1.224646799146999945E-16, -1.000000000000000000 ) ) ;
#2472 = DIRECTION ( 'NONE',  ( 0.0000000000000000000, 0.0000000000000000000, -1.000000000000000000 ) ) ;
#2473 = FILL_AREA_STYLE_COLOUR ( '', #2708 ) ;
#2474 = CARTESIAN_POINT ( 'NONE',  ( -0.4949999999998609956, -0.1891429205785933876, 0.02000000000000000042 ) ) ;
#2475 = PRESENTATION_STYLE_ASSIGNMENT (( #1157 ) ) ;
#2476 = ORIENTED_EDGE ( 'NONE', *, *, #1535, .F. ) ;
#2477 = FACE_OUTER_BOUND ( 'NONE', #3017, .T. ) ;
#2478 = ORIENTED_EDGE ( 'NONE', *, *, #4113, .F. ) ;
#2479 = APPLICATION_CONTEXT ( 'automotive_design' ) ;
#2480 = VERTEX_POINT ( 'NONE', #2064 ) ;
#2481 = CLOSED_SHELL ( 'NONE', ( #3167, #4291, #2838, #1629, #1396, #3416, #1026, #1784, #2197, #903 ) ) ;
#2482 = CARTESIAN_POINT ( 'NONE',  ( 0.5000000000000000000, 0.1563508326898145895, -2.143131898505168298E-17 ) ) ;
#2483 = DIRECTION ( 'NONE',  ( 0.0000000000000000000, 1.000000000000000000, -1.224646799146999945E-16 ) ) ;
#2484 = CYLINDRICAL_SURFACE ( 'NONE', #2916, 0.1700000000000000122 ) ;
#2485 = VERTEX_POINT ( 'NONE', #1419 ) ;
#2486 = EDGE_CURVE ( 'NONE', #3480, #2497, #4120, .T. ) ;
#2487 = DIRECTION ( 'NONE',  ( 0.0000000000000000000, 1.000000000000000000, 1.224646799146999945E-16 ) ) ;
#2488 = UNCERTAINTY_MEASURE_WITH_UNIT (LENGTH_MEASURE( 1.000000000000000082E-05 ), #1685, 'distance_accuracy_value', 'NONE');
#2489 = CARTESIAN_POINT ( 'NONE',  ( 0.2950000000000000400, 0.2950000000000000400, 0.0000000000000000000 ) ) ;
#2490 = SURFACE_STYLE_USAGE ( .BOTH. , #864 ) ;
#2491 = LINE ( 'NONE', #1810, #37 ) ;
#2492 = CIRCLE ( 'NONE', #3877, 0.2400000000000000466 ) ;
#2493 = PRODUCT_CONTEXT ( 'NONE', #60, 'mechanical' ) ;
#2494 = SURFACE_STYLE_USAGE ( .BOTH. , #537 ) ;
#2495 = FILL_AREA_STYLE ('',( #2845 ) ) ;
#2496 =( LENGTH_UNIT ( ) NAMED_UNIT ( * ) SI_UNIT ( .MILLI., .METRE. ) );
#2497 = VERTEX_POINT ( 'NONE', #3422 ) ;
#2498 = LINE ( 'NONE', #3828, #4077 ) ;
#2499 = SURFACE_STYLE_USAGE ( .BOTH. , #3868 ) ;
#2500 = VERTEX_POINT ( 'NONE', #3590 ) ;
#2501 = AXIS2_PLACEMENT_3D ( 'NONE', #1892, #3830, #4151 ) ;
#2502 = ORIENTED_EDGE ( 'NONE', *, *, #3705, .T. ) ;
#2503 = DIRECTION ( 'NONE',  ( 0.0000000000000000000, -1.000000000000000000, -1.034036596358999946E-18 ) ) ;
#2504 = VECTOR ( 'NONE', #3802, 1000.000000000000000 ) ;
#2505 = AXIS2_PLACEMENT_3D ( 'NONE', #3737, #3411, #446 ) ;
#2506 = LINE ( 'NONE', #2065, #2664 ) ;
#2507 = PRESENTATION_STYLE_ASSIGNMENT (( #4104 ) ) ;
#2508 = COLOUR_RGB ( '',0.7803921568627451011, 0.5686274509803921351, 0.1137254901960784298 ) ;
#2509 = ORIENTED_EDGE ( 'NONE', *, *, #2617, .F. ) ;
#2510 =( GEOMETRIC_REPRESENTATION_CONTEXT ( 3 ) GLOBAL_UNCERTAINTY_ASSIGNED_CONTEXT ( ( #876 ) ) GLOBAL_UNIT_ASSIGNED_CONTEXT ( ( #1962, #2256, #3981 ) ) REPRESENTATION_CONTEXT ( 'NONE', 'WORKASPACE' ) );
#2511 = DIRECTION ( 'NONE',  ( 0.0000000000000000000, -1.224646799146999945E-16, -1.000000000000000000 ) ) ;
#2512 = AXIS2_PLACEMENT_3D ( 'NONE', #3447, #1442, #2760 ) ;
#2513 = EDGE_CURVE ( 'NONE', #4032, #481, #2220, .T. ) ;
#2514 = DIRECTION ( 'NONE',  ( 0.0000000000000000000, 0.0000000000000000000, -1.000000000000000000 ) ) ;
#2515 = VECTOR ( 'NONE', #2088, 1000.000000000000000 ) ;
#2516 = DIRECTION ( 'NONE',  ( 0.0000000000000000000, -1.224646799146999945E-16, -1.000000000000000000 ) ) ;
#2517 = CARTESIAN_POINT ( 'NONE',  ( 0.5500000000000000444, -0.3499999999999999778, 0.0000000000000000000 ) ) ;
#2518 = VECTOR ( 'NONE', #3371, 1000.000000000000000 ) ;
#2519 =( LENGTH_UNIT ( ) NAMED_UNIT ( * ) SI_UNIT ( .MILLI., .METRE. ) );
#2520 = ORIENTED_EDGE ( 'NONE', *, *, #10, .F. ) ;
#2521 = CYLINDRICAL_SURFACE ( 'NONE', #95, 0.2000000000000000389 ) ;
#2522 = STYLED_ITEM ( 'NONE', ( #1423 ), #2960 ) ;
#2523 = CARTESIAN_POINT ( 'NONE',  ( 0.2000000000000000111, -0.2999999999999999889, 0.0000000000000000000 ) ) ;
#2524 = ORIENTED_EDGE ( 'NONE', *, *, #1349, .F. ) ;
#2525 = SURFACE_STYLE_FILL_AREA ( #544 ) ;
#2526 = VERTEX_POINT ( 'NONE', #3547 ) ;
#2527 = ORIENTED_EDGE ( 'NONE', *, *, #4206, .F. ) ;
#2528 = LINE ( 'NONE', #3211, #3420 ) ;
#2529 = VECTOR ( 'NONE', #347, 1000.000000000000000 ) ;
#2530 =( LENGTH_UNIT ( ) NAMED_UNIT ( * ) SI_UNIT ( .MILLI., .METRE. ) );
#2531 = CARTESIAN_POINT ( 'NONE',  ( -0.3152661081140000210, 0.2999999999999999889, 0.0000000000000000000 ) ) ;
#2532 = PRESENTATION_LAYER_ASSIGNMENT (  '', '', ( #3293 ) ) ;
#2533 = FILL_AREA_STYLE_COLOUR ( '', #2161 ) ;
#2534 = MECHANICAL_DESIGN_GEOMETRIC_PRESENTATION_REPRESENTATION (  '', ( #3857 ), #336 ) ;
#2535 = SHAPE_REPRESENTATION ( 'Cut005', ( #269 ), #500 ) ;
#2536 = EDGE_CURVE ( 'NONE', #3680, #3066, #4268, .T. ) ;
#2537 = DIRECTION ( 'NONE',  ( -1.000000000000000000, 0.0000000000000000000, 0.0000000000000000000 ) ) ;
#2538 = UNCERTAINTY_MEASURE_WITH_UNIT (LENGTH_MEASURE( 1.000000000000000082E-05 ), #3379, 'distance_accuracy_value', 'NONE');
#2539 = STYLED_ITEM ( 'NONE', ( #4150 ), #4179 ) ;
#2540 = SURFACE_STYLE_FILL_AREA ( #1195 ) ;
#2541 = PRESENTATION_STYLE_ASSIGNMENT (( #3477 ) ) ;
#2542 = EDGE_CURVE ( 'NONE', #2974, #373, #2528, .T. ) ;
#2543 = CARTESIAN_POINT ( 'NONE',  ( -0.4085786437628452505, -0.2999999999999999889, 0.0000000000000000000 ) ) ;
#2544 = ORIENTED_EDGE ( 'NONE', *, *, #2903, .T. ) ;
#2545 = DIRECTION ( 'NONE',  ( 0.0000000000000000000, -1.224646799146999945E-16, 1.000000000000000000 ) ) ;
#2546 = DIRECTION ( 'NONE',  ( 1.000000000000000000, 0.0000000000000000000, 0.0000000000000000000 ) ) ;
#2547 = VERTEX_POINT ( 'NONE', #1828 ) ;
#2548 = EDGE_CURVE ( 'NONE', #4153, #3801, #1851, .T. ) ;
#2549 = SURFACE_STYLE_USAGE ( .BOTH. , #281 ) ;
#2550 = DIRECTION ( 'NONE',  ( -0.0000000000000000000, 1.224646799146999945E-16, 1.000000000000000000 ) ) ;
#2551 = DIRECTION ( 'NONE',  ( 0.0000000000000000000, 1.224646799146999945E-16, -1.000000000000000000 ) ) ;
#2552 = CARTESIAN_POINT ( 'NONE',  ( 0.5500000000000000444, -0.3499999999999999778, 0.08000000000000001554 ) ) ;
#2553 = CLOSED_SHELL ( 'NONE', ( #813, #1841, #135, #4179, #3951, #591, #3112, #3131, #1484, #3139, #2559, #3085, #2736, #2276, #4173, #2601, #3290, #1542, #1304, #4086, #429, #4273, #1217, #139, #788, #3340 ) ) ;
#2554 = PRESENTATION_STYLE_ASSIGNMENT (( #3158 ) ) ;
#2555 = DIRECTION ( 'NONE',  ( 0.0000000000000000000, 0.0000000000000000000, 1.000000000000000000 ) ) ;
#2556 = ORIENTED_EDGE ( 'NONE', *, *, #2763, .T. ) ;
#2557 = FILL_AREA_STYLE_COLOUR ( '', #1757 ) ;
#2558 = DIRECTION ( 'NONE',  ( 1.000000000000000000, 0.0000000000000000000, 0.0000000000000000000 ) ) ;
#2559 = ADVANCED_FACE ( 'NONE', ( #928 ), #4202, .T. ) ;
#2560 = VERTEX_POINT ( 'NONE', #4226 ) ;
#2561 = MECHANICAL_DESIGN_GEOMETRIC_PRESENTATION_REPRESENTATION (  '', ( #3125 ), #629 ) ;
#2562 = CARTESIAN_POINT ( 'NONE',  ( 0.4949999999999999956, -0.1891429205787729384, 0.06000000000000001166 ) ) ;
#2563 =( NAMED_UNIT ( * ) PLANE_ANGLE_UNIT ( ) SI_UNIT ( $, .RADIAN. ) );
#2564 = EDGE_CURVE ( 'NONE', #851, #2436, #2656, .T. ) ;
#2565 = EDGE_LOOP ( 'NONE', ( #2233, #3853, #3766, #3943, #1044, #792, #426, #3358 ) ) ;
#2566 =( GEOMETRIC_REPRESENTATION_CONTEXT ( 3 ) GLOBAL_UNCERTAINTY_ASSIGNED_CONTEXT ( ( #1863 ) ) GLOBAL_UNIT_ASSIGNED_CONTEXT ( ( #1899, #2468, #774 ) ) REPRESENTATION_CONTEXT ( 'NONE', 'WORKASPACE' ) );
#2567 = ORIENTED_EDGE ( 'NONE', *, *, #1323, .F. ) ;
#2568 = CARTESIAN_POINT ( 'NONE',  ( -0.4949999999999999956, 0.2999999999999999889, 0.02000000000000007674 ) ) ;
#2569 = LINE ( 'NONE', #1916, #530 ) ;
#2570 = SURFACE_STYLE_USAGE ( .BOTH. , #931 ) ;
#2571 = CIRCLE ( 'NONE', #1940, 0.2000000000000000111 ) ;
#2572 = FILL_AREA_STYLE ('',( #800 ) ) ;
#2573 = AXIS2_PLACEMENT_3D ( 'NONE', #1036, #4282, #1284 ) ;
#2574 = EDGE_CURVE ( 'NONE', #3047, #3186, #1549, .T. ) ;
#2575 = SURFACE_STYLE_USAGE ( .BOTH. , #971 ) ;
#2576 = PRESENTATION_LAYER_ASSIGNMENT (  '', '', ( #4051 ) ) ;
#2577 = PRESENTATION_LAYER_ASSIGNMENT (  '', '', ( #772 ) ) ;
#2578 = UNCERTAINTY_MEASURE_WITH_UNIT (LENGTH_MEASURE( 1.000000000000000082E-05 ), #2584, 'distance_accuracy_value', 'NONE');
#2579 = VECTOR ( 'NONE', #883, 1000.000000000000000 ) ;
#2580 = EDGE_LOOP ( 'NONE', ( #3722, #3147, #1844, #1689 ) ) ;
#2581 = COLOUR_RGB ( '',0.8274509803921568096, 0.8274509803921568096, 0.8274509803921568096 ) ;
#2582 = CARTESIAN_POINT ( 'NONE',  ( 0.4085786437630000156, 0.2999999999999999889, 0.0000000000000000000 ) ) ;
#2583 = FILL_AREA_STYLE ('',( #600 ) ) ;
#2584 =( LENGTH_UNIT ( ) NAMED_UNIT ( * ) SI_UNIT ( .MILLI., .METRE. ) );
#2585 = ORIENTED_EDGE ( 'NONE', *, *, #4160, .T. ) ;
#2586 = PRESENTATION_LAYER_ASSIGNMENT (  '', '', ( #926 ) ) ;
#2587 = LINE ( 'NONE', #3915, #3755 ) ;
#2588 = FACE_OUTER_BOUND ( 'NONE', #2331, .T. ) ;
#2589 = ORIENTED_EDGE ( 'NONE', *, *, #2330, .F. ) ;
#2590 = AXIS2_PLACEMENT_3D ( 'NONE', #3449, #815, #2819 ) ;
#2591 = SURFACE_STYLE_USAGE ( .BOTH. , #264 ) ;
#2592 = DIRECTION ( 'NONE',  ( 1.000000000000000000, 0.0000000000000000000, 0.0000000000000000000 ) ) ;
#2593 = DIRECTION ( 'NONE',  ( 0.0000000000000000000, 1.000000000000000000, 1.224646799146999945E-16 ) ) ;
#2594 = DIRECTION ( 'NONE',  ( -1.000000000000000000, 0.0000000000000000000, 0.0000000000000000000 ) ) ;
#2595 = CIRCLE ( 'NONE', #2873, 0.1700000000000000122 ) ;
#2596 = EDGE_CURVE ( 'NONE', #1292, #676, #899, .T. ) ;
#2597 = SURFACE_STYLE_FILL_AREA ( #3619 ) ;
#2598 = MECHANICAL_DESIGN_GEOMETRIC_PRESENTATION_REPRESENTATION (  '', ( #2255 ), #3997 ) ;
#2599 = CARTESIAN_POINT ( 'NONE',  ( -0.5500000000000000444, -0.3499999999999999778, 0.02000000000000002470 ) ) ;
#2600 = ORIENTED_EDGE ( 'NONE', *, *, #1570, .F. ) ;
#2601 = ADVANCED_FACE ( 'NONE', ( #1205 ), #2852, .F. ) ;
#2602 =( GEOMETRIC_REPRESENTATION_CONTEXT ( 3 ) GLOBAL_UNCERTAINTY_ASSIGNED_CONTEXT ( ( #3627 ) ) GLOBAL_UNIT_ASSIGNED_CONTEXT ( ( #193, #2166, #536 ) ) REPRESENTATION_CONTEXT ( 'NONE', 'WORKASPACE' ) );
#2603 = SURFACE_STYLE_FILL_AREA ( #312 ) ;
#2604 = DIRECTION ( 'NONE',  ( 0.0000000000000000000, 0.0000000000000000000, 1.000000000000000000 ) ) ;
#2605 = PRESENTATION_STYLE_ASSIGNMENT (( #914 ) ) ;
#2606 = ORIENTED_EDGE ( 'NONE', *, *, #2222, .F. ) ;
#2607 = MECHANICAL_DESIGN_GEOMETRIC_PRESENTATION_REPRESENTATION (  '', ( #2044 ), #1086 ) ;
#2608 = CARTESIAN_POINT ( 'NONE',  ( 0.2849999999999999756, -0.2849999999999999756, 0.1400000000000000133 ) ) ;
#2609 = UNCERTAINTY_MEASURE_WITH_UNIT (LENGTH_MEASURE( 1.000000000000000082E-05 ), #453, 'distance_accuracy_value', 'NONE');
#2610 = DIRECTION ( 'NONE',  ( -0.0000000000000000000, 1.000000000000000000, 1.224646799146999945E-16 ) ) ;
#2611 = DIRECTION ( 'NONE',  ( 0.0000000000000000000, 0.0000000000000000000, 1.000000000000000000 ) ) ;
#2612 = ORIENTED_EDGE ( 'NONE', *, *, #3864, .F. ) ;
#2613 = CARTESIAN_POINT ( 'NONE',  ( -0.3275140453870000190, -0.2600000000000000089, 0.06000000000000000472 ) ) ;
#2614 = CARTESIAN_POINT ( 'NONE',  ( -0.5000000000000000000, 0.2085786437629999490, 0.0000000000000000000 ) ) ;
#2615 = DIRECTION ( 'NONE',  ( 0.0000000000000000000, 1.000000000000000000, -1.355252715606880296E-16 ) ) ;
#2616 = DIRECTION ( 'NONE',  ( 0.0000000000000000000, -1.000000000000000000, 0.0000000000000000000 ) ) ;
#2617 = EDGE_CURVE ( 'NONE', #206, #1802, #1335, .T. ) ;
#2618 = SURFACE_SIDE_STYLE ('',( #2896 ) ) ;
#2619 = DIRECTION ( 'NONE',  ( 0.0000000000000000000, -1.224646799146999945E-16, -1.000000000000000000 ) ) ;
#2620 = EDGE_CURVE ( 'NONE', #3921, #3630, #2695, .T. ) ;
#2621 = ORIENTED_EDGE ( 'NONE', *, *, #3245, .T. ) ;
#2622 = APPLICATION_CONTEXT ( 'automotive_design' ) ;
#2623 = PRESENTATION_STYLE_ASSIGNMENT (( #560 ) ) ;
#2624 =( NAMED_UNIT ( * ) SI_UNIT ( $, .STERADIAN. ) SOLID_ANGLE_UNIT ( ) );
#2625 = UNCERTAINTY_MEASURE_WITH_UNIT (LENGTH_MEASURE( 1.000000000000000082E-05 ), #1344, 'distance_accuracy_value', 'NONE');
#2626 = DIRECTION ( 'NONE',  ( 1.000000000000000000, 0.0000000000000000000, 0.0000000000000000000 ) ) ;
#2627 =( NAMED_UNIT ( * ) PLANE_ANGLE_UNIT ( ) SI_UNIT ( $, .RADIAN. ) );
#2628 = EDGE_CURVE ( 'NONE', #1291, #2135, #4049, .T. ) ;
#2629 = ORIENTED_EDGE ( 'NONE', *, *, #351, .F. ) ;
#2630 = CYLINDRICAL_SURFACE ( 'NONE', #2086, 0.01499999999999999944 ) ;
#2631 = SURFACE_STYLE_USAGE ( .BOTH. , #4287 ) ;
#2632 = FILL_AREA_STYLE_COLOUR ( '', #4094 ) ;
#2633 = FILL_AREA_STYLE ('',( #3320 ) ) ;
#2634 = SURFACE_STYLE_FILL_AREA ( #1 ) ;
#2635 = ORIENTED_EDGE ( 'NONE', *, *, #2763, .F. ) ;
#2636 = VERTEX_POINT ( 'NONE', #26 ) ;
#2637 = VECTOR ( 'NONE', #1984, 1000.000000000000000 ) ;
#2638 = PRESENTATION_STYLE_ASSIGNMENT (( #2659 ) ) ;
#2639 = PRESENTATION_LAYER_ASSIGNMENT (  '', '', ( #3889 ) ) ;
#2640 = CARTESIAN_POINT ( 'NONE',  ( 0.5500000000000000444, 0.3499999999999999778, -4.286263797015999754E-17 ) ) ;
#2641 = ORIENTED_EDGE ( 'NONE', *, *, #2082, .T. ) ;
#2642 = COLOUR_RGB ( '',0.7803921568627451011, 0.5686274509803921351, 0.1137254901960784298 ) ;
#2643 = COLOUR_RGB ( '',0.7803921568627451011, 0.5686274509803921351, 0.1137254901960784298 ) ;
#2644 =( NAMED_UNIT ( * ) SI_UNIT ( $, .STERADIAN. ) SOLID_ANGLE_UNIT ( ) );
#2645 = ORIENTED_EDGE ( 'NONE', *, *, #1605, .F. ) ;
#2646 = DIRECTION ( 'NONE',  ( 0.0000000000000000000, 0.0000000000000000000, -1.000000000000000000 ) ) ;
#2647 = VECTOR ( 'NONE', #4088, 1000.000000000000000 ) ;
#2648 =( GEOMETRIC_REPRESENTATION_CONTEXT ( 3 ) GLOBAL_UNCERTAINTY_ASSIGNED_CONTEXT ( ( #1177 ) ) GLOBAL_UNIT_ASSIGNED_CONTEXT ( ( #632, #2627, #980 ) ) REPRESENTATION_CONTEXT ( 'NONE', 'WORKASPACE' ) );
#2649 = DIRECTION ( 'NONE',  ( 0.0000000000000000000, -1.000000000000000000, -0.0000000000000000000 ) ) ;
#2650 = DIRECTION ( 'NONE',  ( -0.0000000000000000000, -0.0000000000000000000, -1.000000000000000000 ) ) ;
#2651 = PRESENTATION_LAYER_ASSIGNMENT (  '', '', ( #3072 ) ) ;
#2652 =( LENGTH_UNIT ( ) NAMED_UNIT ( * ) SI_UNIT ( .MILLI., .METRE. ) );
#2653 = MECHANICAL_DESIGN_GEOMETRIC_PRESENTATION_REPRESENTATION (  '', ( #2091 ), #176 ) ;
#2654 =( NAMED_UNIT ( * ) PLANE_ANGLE_UNIT ( ) SI_UNIT ( $, .RADIAN. ) );
#2655 = ORIENTED_EDGE ( 'NONE', *, *, #460, .F. ) ;
#2656 = CIRCLE ( 'NONE', #1060, 0.2000000000000000389 ) ;
#2657 = SURFACE_STYLE_USAGE ( .BOTH. , #697 ) ;
#2658 = CARTESIAN_POINT ( 'NONE',  ( -0.1000000000000000056, 0.1499999999999999944, -3.877637236346249075E-20 ) ) ;
#2659 = SURFACE_STYLE_USAGE ( .BOTH. , #3993 ) ;
#2660 = SURFACE_SIDE_STYLE ('',( #1936 ) ) ;
#2661 = VECTOR ( 'NONE', #4217, 1000.000000000000000 ) ;
#2662 =( GEOMETRIC_REPRESENTATION_CONTEXT ( 3 ) GLOBAL_UNCERTAINTY_ASSIGNED_CONTEXT ( ( #1582 ) ) GLOBAL_UNIT_ASSIGNED_CONTEXT ( ( #934, #3858, #1233 ) ) REPRESENTATION_CONTEXT ( 'NONE', 'WORKASPACE' ) );
#2663 =( NAMED_UNIT ( * ) SI_UNIT ( $, .STERADIAN. ) SOLID_ANGLE_UNIT ( ) );
#2664 = VECTOR ( 'NONE', #434, 1000.000000000000000 ) ;
#2665 = ORIENTED_EDGE ( 'NONE', *, *, #65, .F. ) ;
#2666 = FILL_AREA_STYLE ('',( #2358 ) ) ;
#2667 = VECTOR ( 'NONE', #2592, 1000.000000000000000 ) ;
#2668 = DIRECTION ( 'NONE',  ( 0.0000000000000000000, -1.000000000000000000, -1.224646799146999945E-16 ) ) ;
#2669 = CARTESIAN_POINT ( 'NONE',  ( 0.4949999999999222799, 0.1577111547697281069, -1.931404608786746271E-17 ) ) ;
#2670 = SHAPE_REPRESENTATION_RELATIONSHIP ( 'NONE' , 'NONE' ,  #2878, #18 ) ;
#2671 = PLANE ( 'NONE',  #2793 ) ;
#2672 = EDGE_CURVE ( 'NONE', #1793, #2295, #2164, .T. ) ;
#2673 = VECTOR ( 'NONE', #1859, 1000.000000000000000 ) ;
#2674 = LINE ( 'NONE', #3015, #1965 ) ;
#2675 = CARTESIAN_POINT ( 'NONE',  ( 0.4949999999999999956, -0.2999999999999999889, 0.02000000000000000042 ) ) ;
#2676 = VECTOR ( 'NONE', #2843, 1000.000000000000000 ) ;
#2677 = ORIENTED_EDGE ( 'NONE', *, *, #4127, .F. ) ;
#2678 = DIRECTION ( 'NONE',  ( 0.0000000000000000000, 0.0000000000000000000, 1.000000000000000000 ) ) ;
#2679 = CARTESIAN_POINT ( 'NONE',  ( 0.4085786437628452505, 0.2999999999999999889, 0.08000000000000000167 ) ) ;
#2680 = ORIENTED_EDGE ( 'NONE', *, *, #1817, .F. ) ;
#2681 = LINE ( 'NONE', #1669, #3297 ) ;
#2682 = DIRECTION ( 'NONE',  ( 0.0000000000000000000, 0.0000000000000000000, 1.000000000000000000 ) ) ;
#2683 = ADVANCED_FACE ( 'NONE', ( #3262 ), #3967, .T. ) ;
#2684 = CARTESIAN_POINT ( 'NONE',  ( 0.5500000000000000444, -0.3499999999999999778, 0.01999999999999999348 ) ) ;
#2685 = ORIENTED_EDGE ( 'NONE', *, *, #3955, .T. ) ;
#2686 = SURFACE_SIDE_STYLE ('',( #3055 ) ) ;
#2687 = CARTESIAN_POINT ( 'NONE',  ( -0.4949999999999304956, 0.1891429205785696566, 0.05999999999999999778 ) ) ;
#2688 = DIRECTION ( 'NONE',  ( 0.0000000000000000000, 0.0000000000000000000, -1.000000000000000000 ) ) ;
#2689 = FACE_OUTER_BOUND ( 'NONE', #240, .T. ) ;
#2690 =( NAMED_UNIT ( * ) SI_UNIT ( $, .STERADIAN. ) SOLID_ANGLE_UNIT ( ) );
#2691 =( LENGTH_UNIT ( ) NAMED_UNIT ( * ) SI_UNIT ( .MILLI., .METRE. ) );
#2692 = SURFACE_STYLE_FILL_AREA ( #2633 ) ;
#2693 = EDGE_LOOP ( 'NONE', ( #705, #3296, #2998, #3770 ) ) ;
#2694 = ORIENTED_EDGE ( 'NONE', *, *, #378, .F. ) ;
#2695 = LINE ( 'NONE', #2348, #3631 ) ;
#2696 = SURFACE_STYLE_FILL_AREA ( #3020 ) ;
#2697 = EDGE_CURVE ( 'NONE', #3346, #4277, #4009, .T. ) ;
#2698 = ORIENTED_EDGE ( 'NONE', *, *, #643, .T. ) ;
#2699 = SURFACE_SIDE_STYLE ('',( #3723 ) ) ;
#2700 = DIRECTION ( 'NONE',  ( 0.0000000000000000000, 0.0000000000000000000, 1.000000000000000000 ) ) ;
#2701 = ORIENTED_EDGE ( 'NONE', *, *, #204, .T. ) ;
#2702 = VECTOR ( 'NONE', #3016, 1000.000000000000000 ) ;
#2703 = PRESENTATION_STYLE_ASSIGNMENT (( #3005 ) ) ;
#2704 = ADVANCED_FACE ( 'NONE', ( #3990 ), #2332, .T. ) ;
#2705 = SURFACE_SIDE_STYLE ('',( #3974 ) ) ;
#2706 = ORIENTED_EDGE ( 'NONE', *, *, #2486, .F. ) ;
#2707 = STYLED_ITEM ( 'NONE', ( #2116 ), #618 ) ;
#2708 = COLOUR_RGB ( '',0.7921568627450980005, 0.8196078431372548767, 0.9333333333333333481 ) ;
#2709 = CARTESIAN_POINT ( 'NONE',  ( 0.3713942890050741519, -0.2600000000000166067, 0.02000000000000000389 ) ) ;
#2710 = SURFACE_SIDE_STYLE ('',( #1375 ) ) ;
#2711 = PRESENTATION_LAYER_ASSIGNMENT (  '', '', ( #2360 ) ) ;
#2712 = FILL_AREA_STYLE ('',( #4023 ) ) ;
#2713 = DIRECTION ( 'NONE',  ( 0.0000000000000000000, -1.000000000000000000, 0.0000000000000000000 ) ) ;
#2714 = AXIS2_PLACEMENT_3D ( 'NONE', #1318, #3970, #2313 ) ;
#2715 = PRESENTATION_LAYER_ASSIGNMENT (  '', '', ( #1539 ) ) ;
#2716 = DIRECTION ( 'NONE',  ( -1.000000000000000000, 0.0000000000000000000, 0.0000000000000000000 ) ) ;
#2717 = SURFACE_SIDE_STYLE ('',( #3065 ) ) ;
#2718 = PRESENTATION_STYLE_ASSIGNMENT (( #736 ) ) ;
#2719 = VERTEX_POINT ( 'NONE', #3070 ) ;
#2720 = COLOUR_RGB ( '',0.0000000000000000000, 1.000000000000000000, 0.0000000000000000000 ) ;
#2721 = MECHANICAL_DESIGN_GEOMETRIC_PRESENTATION_REPRESENTATION (  '', ( #1472 ), #2648 ) ;
#2722 = EDGE_LOOP ( 'NONE', ( #2509, #1160, #3486, #3831 ) ) ;
#2723 = FILL_AREA_STYLE ('',( #1387 ) ) ;
#2724 = VECTOR ( 'NONE', #2117, 1000.000000000000000 ) ;
#2725 = AXIS2_PLACEMENT_3D ( 'NONE', #2232, #2205, #3952 ) ;
#2726 = LINE ( 'NONE', #758, #2944 ) ;
#2727 = EDGE_LOOP ( 'NONE', ( #3579, #1016, #784, #83 ) ) ;
#2728 = FILL_AREA_STYLE ('',( #52 ) ) ;
#2729 = ORIENTED_EDGE ( 'NONE', *, *, #2357, .F. ) ;
#2730 = COLOUR_RGB ( '',0.7803921568627451011, 0.5686274509803921351, 0.1137254901960784298 ) ;
#2731 = EDGE_CURVE ( 'NONE', #1675, #3322, #2749, .T. ) ;
#2732 = CARTESIAN_POINT ( 'NONE',  ( -0.4749999999999319766, 0.1645950378226359589, 0.05999999999999998390 ) ) ;
#2733 = SURFACE_STYLE_FILL_AREA ( #2336 ) ;
#2734 = FACE_OUTER_BOUND ( 'NONE', #150, .T. ) ;
#2735 = ORIENTED_EDGE ( 'NONE', *, *, #1754, .F. ) ;
#2736 = ADVANCED_FACE ( 'NONE', ( #1433 ), #3762, .T. ) ;
#2737 = SURFACE_STYLE_FILL_AREA ( #57 ) ;
#2738 = DIRECTION ( 'NONE',  ( 1.000000000000000000, 0.0000000000000000000, 0.0000000000000000000 ) ) ;
#2739 = SURFACE_STYLE_USAGE ( .BOTH. , #2710 ) ;
#2740 = PRESENTATION_LAYER_ASSIGNMENT (  '', '', ( #320 ) ) ;
#2741 = FACE_OUTER_BOUND ( 'NONE', #50, .T. ) ;
#2742 = EDGE_CURVE ( 'NONE', #1573, #1303, #2077, .T. ) ;
#2743 = APPLICATION_PROTOCOL_DEFINITION ( 'draft international standard', 'automotive_design', 1998, #2176 ) ;
#2744 = CARTESIAN_POINT ( 'NONE',  ( -0.2999999999999999889, 0.2999999999999999889, 0.1337867965644035650 ) ) ;
#2745 = CARTESIAN_POINT ( 'NONE',  ( 0.4949999999999999956, -0.2999999999999999889, 0.05999999999999999778 ) ) ;
#2746 =( LENGTH_UNIT ( ) NAMED_UNIT ( * ) SI_UNIT ( .MILLI., .METRE. ) );
#2747 = ORIENTED_EDGE ( 'NONE', *, *, #3331, .F. ) ;
#2748 = CIRCLE ( 'NONE', #866, 0.2000000000000000111 ) ;
#2749 = LINE ( 'NONE', #1412, #2518 ) ;
#2750 = MECHANICAL_DESIGN_GEOMETRIC_PRESENTATION_REPRESENTATION (  '', ( #2464 ), #3854 ) ;
#2751 = LINE ( 'NONE', #1487, #532 ) ;
#2752 = VERTEX_POINT ( 'NONE', #1486 ) ;
#2753 = DIRECTION ( 'NONE',  ( -0.0000000000000000000, 1.224646799146999945E-16, 1.000000000000000000 ) ) ;
#2754 = ORIENTED_EDGE ( 'NONE', *, *, #2023, .T. ) ;
#2755 = UNCERTAINTY_MEASURE_WITH_UNIT (LENGTH_MEASURE( 1.000000000000000082E-05 ), #1698, 'distance_accuracy_value', 'NONE');
#2756 = VECTOR ( 'NONE', #2311, 1000.000000000000000 ) ;
#2757 = DIRECTION ( 'NONE',  ( -0.0000000000000000000, -1.224646799146999945E-16, 1.000000000000000000 ) ) ;
#2758 =( NAMED_UNIT ( * ) PLANE_ANGLE_UNIT ( ) SI_UNIT ( $, .RADIAN. ) );
#2759 = EDGE_CURVE ( 'NONE', #676, #1996, #3003, .T. ) ;
#2760 = DIRECTION ( 'NONE',  ( -1.000000000000000000, 0.0000000000000000000, 0.0000000000000000000 ) ) ;
#2761 = EDGE_LOOP ( 'NONE', ( #628, #1551, #4039, #1713 ) ) ;
#2762 = DIRECTION ( 'NONE',  ( -0.0000000000000000000, 1.224646799146999945E-16, -1.000000000000000000 ) ) ;
#2763 = EDGE_CURVE ( 'NONE', #814, #4149, #3838, .T. ) ;
#2764 = FACE_OUTER_BOUND ( 'NONE', #2398, .T. ) ;
#2765 = FACE_OUTER_BOUND ( 'NONE', #596, .T. ) ;
#2766 = CARTESIAN_POINT ( 'NONE',  ( 0.2849999999999999756, 0.2999999999999999889, 0.1250000000000000000 ) ) ;
#2767 = CARTESIAN_POINT ( 'NONE',  ( -0.2849999999999999756, 0.2849999999999999756, 0.1400000000000000133 ) ) ;
#2768 = EDGE_CURVE ( 'NONE', #2934, #1951, #4119, .T. ) ;
#2769 = DIRECTION ( 'NONE',  ( -1.000000000000000000, -0.0000000000000000000, -0.0000000000000000000 ) ) ;
#2770 = SURFACE_SIDE_STYLE ('',( #719 ) ) ;
#2771 = ORIENTED_EDGE ( 'NONE', *, *, #835, .F. ) ;
#2772 = FILL_AREA_STYLE ('',( #2460 ) ) ;
#2773 = ORIENTED_EDGE ( 'NONE', *, *, #3686, .F. ) ;
#2774 =( NAMED_UNIT ( * ) SI_UNIT ( $, .STERADIAN. ) SOLID_ANGLE_UNIT ( ) );
#2775 = DIRECTION ( 'NONE',  ( 0.0000000000000000000, 0.0000000000000000000, 1.000000000000000000 ) ) ;
#2776 = ORIENTED_EDGE ( 'NONE', *, *, #3891, .T. ) ;
#2777 = VECTOR ( 'NONE', #1194, 1000.000000000000000 ) ;
#2778 = CARTESIAN_POINT ( 'NONE',  ( -0.4949999999999999956, -0.2999999999999999889, 0.06000000000000000472 ) ) ;
#2779 = EDGE_CURVE ( 'NONE', #1291, #389, #2456, .T. ) ;
#2780 =( GEOMETRIC_REPRESENTATION_CONTEXT ( 3 ) GLOBAL_UNCERTAINTY_ASSIGNED_CONTEXT ( ( #1222 ) ) GLOBAL_UNIT_ASSIGNED_CONTEXT ( ( #2312, #3994, #2942 ) ) REPRESENTATION_CONTEXT ( 'NONE', 'WORKASPACE' ) );
#2781 = DIRECTION ( 'NONE',  ( 0.0000000000000000000, 0.0000000000000000000, 1.000000000000000000 ) ) ;
#2782 = AXIS2_PLACEMENT_3D ( 'NONE', #15, #2026, #380 ) ;
#2783 =( NAMED_UNIT ( * ) SI_UNIT ( $, .STERADIAN. ) SOLID_ANGLE_UNIT ( ) );
#2784 = EDGE_CURVE ( 'NONE', #2497, #3507, #84, .T. ) ;
#2785 = DIRECTION ( 'NONE',  ( -0.0000000000000000000, 1.224646799146999945E-16, 1.000000000000000000 ) ) ;
#2786 =( NAMED_UNIT ( * ) SI_UNIT ( $, .STERADIAN. ) SOLID_ANGLE_UNIT ( ) );
#2787 = ORIENTED_EDGE ( 'NONE', *, *, #3758, .T. ) ;
#2788 = VECTOR ( 'NONE', #356, 1000.000000000000000 ) ;
#2789 = DIRECTION ( 'NONE',  ( 0.0000000000000000000, 0.0000000000000000000, -1.000000000000000000 ) ) ;
#2790 =( GEOMETRIC_REPRESENTATION_CONTEXT ( 3 ) GLOBAL_UNCERTAINTY_ASSIGNED_CONTEXT ( ( #2314 ) ) GLOBAL_UNIT_ASSIGNED_CONTEXT ( ( #1171, #2866, #233 ) ) REPRESENTATION_CONTEXT ( 'NONE', 'WORKASPACE' ) );
#2791 = VERTEX_POINT ( 'NONE', #3138 ) ;
#2792 = AXIS2_PLACEMENT_3D ( 'NONE', #2821, #2163, #214 ) ;
#2793 = AXIS2_PLACEMENT_3D ( 'NONE', #3732, #417, #3407 ) ;
#2794 = DIRECTION ( 'NONE',  ( -0.0000000000000000000, 1.224646799146999945E-16, 1.000000000000000000 ) ) ;
#2795 = CARTESIAN_POINT ( 'NONE',  ( 0.1000000000000000194, 0.2999999999999999889, -0.01000000000000000021 ) ) ;
#2796 = VECTOR ( 'NONE', #566, 1000.000000000000000 ) ;
#2797 = FACE_OUTER_BOUND ( 'NONE', #1664, .T. ) ;
#2798 = ORIENTED_EDGE ( 'NONE', *, *, #3583, .T. ) ;
#2799 = COLOUR_RGB ( '',0.7803921568627451011, 0.5686274509803921351, 0.1137254901960784298 ) ;
#2800 = CARTESIAN_POINT ( 'NONE',  ( 0.5000000000000000000, -0.2999999999999999889, 0.08000000000000000167 ) ) ;
#2801 =( NAMED_UNIT ( * ) SI_UNIT ( $, .STERADIAN. ) SOLID_ANGLE_UNIT ( ) );
#2802 = PRESENTATION_LAYER_ASSIGNMENT (  '', '', ( #3773 ) ) ;
#2803 = SURFACE_STYLE_FILL_AREA ( #3136 ) ;
#2804 = PRESENTATION_STYLE_ASSIGNMENT (( #3502 ) ) ;
#2805 = CARTESIAN_POINT ( 'NONE',  ( -0.5500000000000000444, 0.3499999999999999778, 4.286263797015999754E-17 ) ) ;
#2806 = DIRECTION ( 'NONE',  ( -0.0000000000000000000, -1.224646799146999945E-16, 1.000000000000000000 ) ) ;
#2807 = FACE_OUTER_BOUND ( 'NONE', #2254, .T. ) ;
#2808 = ORIENTED_EDGE ( 'NONE', *, *, #1992, .F. ) ;
#2809 = PRODUCT_DEFINITION_SHAPE ( 'NONE', 'NONE',  #4302 ) ;
#2810 = ADVANCED_FACE ( 'NONE', ( #3721 ), #2059, .F. ) ;
#2811 = ORIENTED_EDGE ( 'NONE', *, *, #4063, .F. ) ;
#2812 = EDGE_LOOP ( 'NONE', ( #201, #2829, #3103, #3054 ) ) ;
#2813 = COLOUR_RGB ( '',0.7803921568627451011, 0.5686274509803921351, 0.1137254901960784298 ) ;
#2814 = FILL_AREA_STYLE ('',( #1463 ) ) ;
#2815 = SURFACE_SIDE_STYLE ('',( #4083 ) ) ;
#2816 = EDGE_CURVE ( 'NONE', #660, #1615, #2274, .T. ) ;
#2817 =( LENGTH_UNIT ( ) NAMED_UNIT ( * ) SI_UNIT ( .MILLI., .METRE. ) );
#2818 = VERTEX_POINT ( 'NONE', #848 ) ;
#2819 = DIRECTION ( 'NONE',  ( 0.0000000000000000000, -0.0000000000000000000, -1.000000000000000000 ) ) ;
#2820 =( GEOMETRIC_REPRESENTATION_CONTEXT ( 3 ) GLOBAL_UNCERTAINTY_ASSIGNED_CONTEXT ( ( #2488 ) ) GLOBAL_UNIT_ASSIGNED_CONTEXT ( ( #1685, #322, #2954 ) ) REPRESENTATION_CONTEXT ( 'NONE', 'WORKASPACE' ) );
#2821 = CARTESIAN_POINT ( 'NONE',  ( 0.5500000000000000444, -0.3499999999999999778, 0.05999999999999999778 ) ) ;
#2822 = SURFACE_STYLE_USAGE ( .BOTH. , #1169 ) ;
#2823 = CARTESIAN_POINT ( 'NONE',  ( 0.3875192319071404379, -0.2999999999999999889, 0.05999999999999999778 ) ) ;
#2824 =( NAMED_UNIT ( * ) SI_UNIT ( $, .STERADIAN. ) SOLID_ANGLE_UNIT ( ) );
#2825 = ORIENTED_EDGE ( 'NONE', *, *, #3239, .F. ) ;
#2826 = UNCERTAINTY_MEASURE_WITH_UNIT (LENGTH_MEASURE( 1.000000000000000082E-05 ), #3775, 'distance_accuracy_value', 'NONE');
#2827 = SURFACE_STYLE_FILL_AREA ( #4167 ) ;
#2828 = VECTOR ( 'NONE', #472, 1000.000000000000000 ) ;
#2829 = ORIENTED_EDGE ( 'NONE', *, *, #2816, .F. ) ;
#2830 = CARTESIAN_POINT ( 'NONE',  ( 0.4949999999999611933, 0.1577111547697170046, 0.05999999999999998390 ) ) ;
#2831 = ORIENTED_EDGE ( 'NONE', *, *, #4160, .F. ) ;
#2832 = ORIENTED_EDGE ( 'NONE', *, *, #514, .T. ) ;
#2833 = DIRECTION ( 'NONE',  ( -0.0000000000000000000, -0.0000000000000000000, -1.000000000000000000 ) ) ;
#2834 = ADVANCED_FACE ( 'NONE', ( #12 ), #1616, .T. ) ;
#2835 = CARTESIAN_POINT ( 'NONE',  ( 0.5000000000000000000, 0.2999999999999999889, 0.0000000000000000000 ) ) ;
#2836 =( NAMED_UNIT ( * ) SI_UNIT ( $, .STERADIAN. ) SOLID_ANGLE_UNIT ( ) );
#2837 = VERTEX_POINT ( 'NONE', #3294 ) ;
#2838 = ADVANCED_FACE ( 'NONE', ( #337 ), #3978, .F. ) ;
#2839 = FILL_AREA_STYLE_COLOUR ( '', #3004 ) ;
#2840 = CARTESIAN_POINT ( 'NONE',  ( 0.3152661081139450094, -0.2999999999999999889, 0.08000000000000001554 ) ) ;
#2841 = SURFACE_STYLE_FILL_AREA ( #865 ) ;
#2842 =( GEOMETRIC_REPRESENTATION_CONTEXT ( 3 ) GLOBAL_UNCERTAINTY_ASSIGNED_CONTEXT ( ( #3916 ) ) GLOBAL_UNIT_ASSIGNED_CONTEXT ( ( #2691, #1094, #104 ) ) REPRESENTATION_CONTEXT ( 'NONE', 'WORKASPACE' ) );
#2843 = DIRECTION ( 'NONE',  ( 1.000000000000000000, 0.0000000000000000000, 0.0000000000000000000 ) ) ;
#2844 = VECTOR ( 'NONE', #58, 1000.000000000000000 ) ;
#2845 = FILL_AREA_STYLE_COLOUR ( '', #2642 ) ;
#2846 = STYLED_ITEM ( 'NONE', ( #3266 ), #678 ) ;
#2847 = CARTESIAN_POINT ( 'NONE',  ( 0.5500000000000000444, -0.3499999999999999778, -4.286263797015299024E-17 ) ) ;
#2848 = PRESENTATION_STYLE_ASSIGNMENT (( #2499 ) ) ;
#2849 = ORIENTED_EDGE ( 'NONE', *, *, #4127, .T. ) ;
#2850 = MECHANICAL_DESIGN_GEOMETRIC_PRESENTATION_REPRESENTATION (  '', ( #360 ), #1595 ) ;
#2851 = EDGE_LOOP ( 'NONE', ( #1199, #2685, #2556, #1562, #1529, #825, #3914, #4099 ) ) ;
#2852 = PLANE ( 'NONE',  #2375 ) ;
#2853 = VECTOR ( 'NONE', #559, 1000.000000000000000 ) ;
#2854 = LINE ( 'NONE', #1852, #1209 ) ;
#2855 = SURFACE_STYLE_FILL_AREA ( #590 ) ;
#2856 = FILL_AREA_STYLE_COLOUR ( '', #3639 ) ;
#2857 = AXIS2_PLACEMENT_3D ( 'NONE', #1152, #802, #2470 ) ;
#2858 = AXIS2_PLACEMENT_3D ( 'NONE', #4037, #745, #394 ) ;
#2859 =( LENGTH_UNIT ( ) NAMED_UNIT ( * ) SI_UNIT ( .MILLI., .METRE. ) );
#2860 = ADVANCED_FACE ( 'NONE', ( #3651 ), #3359, .T. ) ;
#2861 = LINE ( 'NONE', #190, #2579 ) ;
#2862 = VECTOR ( 'NONE', #4102, 1000.000000000000000 ) ;
#2863 = DIRECTION ( 'NONE',  ( 1.000000000000000000, -9.274621392321998436E-15, 1.135813540141000073E-30 ) ) ;
#2864 =( GEOMETRIC_REPRESENTATION_CONTEXT ( 3 ) GLOBAL_UNCERTAINTY_ASSIGNED_CONTEXT ( ( #4255 ) ) GLOBAL_UNIT_ASSIGNED_CONTEXT ( ( #3739, #448, #470 ) ) REPRESENTATION_CONTEXT ( 'NONE', 'WORKASPACE' ) );
#2865 =( NAMED_UNIT ( * ) SI_UNIT ( $, .STERADIAN. ) SOLID_ANGLE_UNIT ( ) );
#2866 =( NAMED_UNIT ( * ) PLANE_ANGLE_UNIT ( ) SI_UNIT ( $, .RADIAN. ) );
#2867 = DIRECTION ( 'NONE',  ( 0.0000000000000000000, -1.000000000000000000, -0.0000000000000000000 ) ) ;
#2868 = ORIENTED_EDGE ( 'NONE', *, *, #630, .F. ) ;
#2869 =( NAMED_UNIT ( * ) SI_UNIT ( $, .STERADIAN. ) SOLID_ANGLE_UNIT ( ) );
#2870 = ORIENTED_EDGE ( 'NONE', *, *, #3681, .T. ) ;
#2871 = UNCERTAINTY_MEASURE_WITH_UNIT (LENGTH_MEASURE( 1.000000000000000082E-05 ), #1342, 'distance_accuracy_value', 'NONE');
#2872 =( NAMED_UNIT ( * ) SI_UNIT ( $, .STERADIAN. ) SOLID_ANGLE_UNIT ( ) );
#2873 = AXIS2_PLACEMENT_3D ( 'NONE', #2126, #450, #3074 ) ;
#2874 = CARTESIAN_POINT ( 'NONE',  ( -0.4750000000000030309, 0.1645950378230000011, 2.015707862250000449E-17 ) ) ;
#2875 = CARTESIAN_POINT ( 'NONE',  ( 0.3713942890050412338, 0.2600000000000000089, 1.592040838892100143E-17 ) ) ;
#2876 = PRESENTATION_STYLE_ASSIGNMENT (( #2575 ) ) ;
#2877 = VECTOR ( 'NONE', #804, 1000.000000000000000 ) ;
#2878 = SHAPE_REPRESENTATION ( 'Pad001', ( #269 ), #1045 ) ;
#2879 = MECHANICAL_DESIGN_GEOMETRIC_PRESENTATION_REPRESENTATION (  '', ( #1568 ), #1696 ) ;
#2880 = SURFACE_STYLE_FILL_AREA ( #4234 ) ;
#2881 = CARTESIAN_POINT ( 'NONE',  ( -0.5000000000000000000, -0.2999999999999999889, 0.0000000000000000000 ) ) ;
#2882 = EDGE_LOOP ( 'NONE', ( #1384, #4079, #1103, #4105 ) ) ;
#2883 = PRESENTATION_LAYER_ASSIGNMENT (  '', '', ( #333 ) ) ;
#2884 = ADVANCED_FACE ( 'NONE', ( #396 ), #686, .F. ) ;
#2885 = UNCERTAINTY_MEASURE_WITH_UNIT (LENGTH_MEASURE( 1.000000000000000082E-05 ), #4279, 'distance_accuracy_value', 'NONE');
#2886 = CIRCLE ( 'NONE', #208, 0.2000000000000000111 ) ;
#2887 = DIRECTION ( 'NONE',  ( 0.0000000000000000000, 1.000000000000000000, 1.224646799146999945E-16 ) ) ;
#2888 = ORIENTED_EDGE ( 'NONE', *, *, #2908, .T. ) ;
#2889 = CARTESIAN_POINT ( 'NONE',  ( 0.4999999999999101274, -0.1563508326896523304, 1.914745467975008224E-17 ) ) ;
#2890 = CARTESIAN_POINT ( 'NONE',  ( 0.4949999999999611933, -0.1577111547697170046, 0.02000000000000002470 ) ) ;
#2891 = ORIENTED_EDGE ( 'NONE', *, *, #4029, .F. ) ;
#2892 = ORIENTED_EDGE ( 'NONE', *, *, #3396, .T. ) ;
#2893 = DIRECTION ( 'NONE',  ( 1.000000000000000000, 0.0000000000000000000, -0.0000000000000000000 ) ) ;
#2894 = LINE ( 'NONE', #1872, #667 ) ;
#2895 =( NAMED_UNIT ( * ) SI_UNIT ( $, .STERADIAN. ) SOLID_ANGLE_UNIT ( ) );
#2896 = SURFACE_STYLE_FILL_AREA ( #593 ) ;
#2897 = LINE ( 'NONE', #1637, #3761 ) ;
#2898 = ORIENTED_EDGE ( 'NONE', *, *, #796, .T. ) ;
#2899 = DIRECTION ( 'NONE',  ( -1.000000000000000000, 0.0000000000000000000, 0.0000000000000000000 ) ) ;
#2900 = VERTEX_POINT ( 'NONE', #1186 ) ;
#2901 = CARTESIAN_POINT ( 'NONE',  ( 0.3875192319072565672, 0.3000000000000788702, 0.02000000000000000042 ) ) ;
#2902 = UNCERTAINTY_MEASURE_WITH_UNIT (LENGTH_MEASURE( 1.000000000000000082E-05 ), #279, 'distance_accuracy_value', 'NONE');
#2903 = EDGE_CURVE ( 'NONE', #373, #3374, #4159, .T. ) ;
#2904 = VECTOR ( 'NONE', #1703, 1000.000000000000000 ) ;
#2905 = FILL_AREA_STYLE ('',( #278 ) ) ;
#2906 = CARTESIAN_POINT ( 'NONE',  ( 0.4749999999999319766, 0.1645950378226359312, 0.07999999999999998779 ) ) ;
#2907 = DIRECTION ( 'NONE',  ( 1.000000000000000000, 0.0000000000000000000, 0.0000000000000000000 ) ) ;
#2908 = EDGE_CURVE ( 'NONE', #133, #3921, #1149, .T. ) ;
#2909 = ORIENTED_EDGE ( 'NONE', *, *, #2058, .F. ) ;
#2910 = CARTESIAN_POINT ( 'NONE',  ( -0.3152661081139450094, -0.2999999999999999889, 0.08000000000000001554 ) ) ;
#2911 = PLANE ( 'NONE',  #3512 ) ;
#2912 = CARTESIAN_POINT ( 'NONE',  ( -0.4949999999999999956, -0.2999999999999999889, 0.02000000000000000042 ) ) ;
#2913 = PRESENTATION_LAYER_ASSIGNMENT (  '', '', ( #2006 ) ) ;
#2914 = FACE_OUTER_BOUND ( 'NONE', #3851, .T. ) ;
#2915 = EDGE_CURVE ( 'NONE', #2560, #3679, #1676, .T. ) ;
#2916 = AXIS2_PLACEMENT_3D ( 'NONE', #1776, #769, #3513 ) ;
#2917 =( GEOMETRIC_REPRESENTATION_CONTEXT ( 3 ) GLOBAL_UNCERTAINTY_ASSIGNED_CONTEXT ( ( #3703 ) ) GLOBAL_UNIT_ASSIGNED_CONTEXT ( ( #1156, #868, #3519 ) ) REPRESENTATION_CONTEXT ( 'NONE', 'WORKASPACE' ) );
#2918 = LINE ( 'NONE', #1210, #4281 ) ;
#2919 = COLOUR_RGB ( '',0.7803921568627451011, 0.5686274509803921351, 0.1137254901960784298 ) ;
#2920 = MECHANICAL_DESIGN_GEOMETRIC_PRESENTATION_REPRESENTATION (  '', ( #838 ), #33 ) ;
#2921 =( NAMED_UNIT ( * ) PLANE_ANGLE_UNIT ( ) SI_UNIT ( $, .RADIAN. ) );
#2922 = ORIENTED_EDGE ( 'NONE', *, *, #2779, .T. ) ;
#2923 =( REPRESENTATION_RELATIONSHIP ('NONE','NONE', #2345, #2535 ) REPRESENTATION_RELATIONSHIP_WITH_TRANSFORMATION ( #819 )SHAPE_REPRESENTATION_RELATIONSHIP( ) );
#2924 =( GEOMETRIC_REPRESENTATION_CONTEXT ( 3 ) GLOBAL_UNCERTAINTY_ASSIGNED_CONTEXT ( ( #3442 ) ) GLOBAL_UNIT_ASSIGNED_CONTEXT ( ( #882, #2921, #1236 ) ) REPRESENTATION_CONTEXT ( 'NONE', 'WORKASPACE' ) );
#2925 = SURFACE_STYLE_USAGE ( .BOTH. , #3628 ) ;
#2926 = CARTESIAN_POINT ( 'NONE',  ( 0.0000000000000000000, 0.0000000000000000000, 0.0000000000000000000 ) ) ;
#2927 = CARTESIAN_POINT ( 'NONE',  ( -0.4999999999999551470, 0.1563508326896407286, 0.07999999999999998779 ) ) ;
#2928 = ORIENTED_EDGE ( 'NONE', *, *, #1764, .T. ) ;
#2929 = AXIS2_PLACEMENT_3D ( 'NONE', #661, #67, #3641 ) ;
#2930 = DIRECTION ( 'NONE',  ( 0.0000000000000000000, -1.000000000000000000, -0.0000000000000000000 ) ) ;
#2931 =( GEOMETRIC_REPRESENTATION_CONTEXT ( 3 ) GLOBAL_UNCERTAINTY_ASSIGNED_CONTEXT ( ( #4290 ) ) GLOBAL_UNIT_ASSIGNED_CONTEXT ( ( #550, #1875, #1900 ) ) REPRESENTATION_CONTEXT ( 'NONE', 'WORKASPACE' ) );
#2932 = FILL_AREA_STYLE ('',( #3692 ) ) ;
#2933 = CARTESIAN_POINT ( 'NONE',  ( 0.5500000000000000444, 0.3499999999999999778, 0.05999999999999999778 ) ) ;
#2934 = VERTEX_POINT ( 'NONE', #834 ) ;
#2935 = AXIS2_PLACEMENT_3D ( 'NONE', #4085, #2511, #3816 ) ;
#2936 = VERTEX_POINT ( 'NONE', #2115 ) ;
#2937 = FILL_AREA_STYLE_COLOUR ( '', #2730 ) ;
#2938 = SURFACE_SIDE_STYLE ('',( #1610 ) ) ;
#2939 = EDGE_CURVE ( 'NONE', #1158, #3172, #3157, .T. ) ;
#2940 =( GEOMETRIC_REPRESENTATION_CONTEXT ( 3 ) GLOBAL_UNCERTAINTY_ASSIGNED_CONTEXT ( ( #1619 ) ) GLOBAL_UNIT_ASSIGNED_CONTEXT ( ( #1354, #3026, #2376 ) ) REPRESENTATION_CONTEXT ( 'NONE', 'WORKASPACE' ) );
#2941 = CARTESIAN_POINT ( 'NONE',  ( -0.3152661081139450094, -0.2999999999999999889, 0.06000000000000000472 ) ) ;
#2942 =( NAMED_UNIT ( * ) SI_UNIT ( $, .STERADIAN. ) SOLID_ANGLE_UNIT ( ) );
#2943 = CYLINDRICAL_SURFACE ( 'NONE', #3062, 0.2400000000000000466 ) ;
#2944 = VECTOR ( 'NONE', #2078, 1000.000000000000000 ) ;
#2945 = DIRECTION ( 'NONE',  ( 1.000000000000000000, 0.0000000000000000000, 0.0000000000000000000 ) ) ;
#2946 = EDGE_CURVE ( 'NONE', #1951, #2436, #118, .T. ) ;
#2947 = CARTESIAN_POINT ( 'NONE',  ( 0.4949999999999304956, -0.1891429205785696566, 0.02000000000000001082 ) ) ;
#2948 = ORIENTED_EDGE ( 'NONE', *, *, #2946, .T. ) ;
#2949 = SURFACE_SIDE_STYLE ('',( #2603 ) ) ;
#2950 = VERTEX_POINT ( 'NONE', #3126 ) ;
#2951 = CARTESIAN_POINT ( 'NONE',  ( 0.5500000000000000444, 0.3499999999999999778, 0.02000000000000000042 ) ) ;
#2952 = VECTOR ( 'NONE', #1845, 1000.000000000000000 ) ;
#2953 =( NAMED_UNIT ( * ) PLANE_ANGLE_UNIT ( ) SI_UNIT ( $, .RADIAN. ) );
#2954 =( NAMED_UNIT ( * ) SI_UNIT ( $, .STERADIAN. ) SOLID_ANGLE_UNIT ( ) );
#2955 = FILL_AREA_STYLE_COLOUR ( '', #1799 ) ;
#2956 = UNCERTAINTY_MEASURE_WITH_UNIT (LENGTH_MEASURE( 1.000000000000000082E-05 ), #1242, 'distance_accuracy_value', 'NONE');
#2957 = CARTESIAN_POINT ( 'NONE',  ( -0.2950000000000000955, -0.2999999999999999889, 0.0000000000000000000 ) ) ;
#2958 = CARTESIAN_POINT ( 'NONE',  ( 0.2950000000000000400, -0.2950000000000000400, 0.0000000000000000000 ) ) ;
#2959 = CYLINDRICAL_SURFACE ( 'NONE', #2714, 0.1700000000000000122 ) ;
#2960 = ADVANCED_FACE ( 'NONE', ( #461 ), #3494, .T. ) ;
#2961 = FACE_OUTER_BOUND ( 'NONE', #4245, .T. ) ;
#2962 = CIRCLE ( 'NONE', #3, 0.1499999999999999667 ) ;
#2963 = FACE_OUTER_BOUND ( 'NONE', #4091, .T. ) ;
#2964 = EDGE_LOOP ( 'NONE', ( #1372, #1237, #1758, #3351, #529, #68, #3611, #3018 ) ) ;
#2965 = PRESENTATION_STYLE_ASSIGNMENT (( #4192 ) ) ;
#2966 = CYLINDRICAL_SURFACE ( 'NONE', #2042, 0.005000000000000013115 ) ;
#2967 = UNCERTAINTY_MEASURE_WITH_UNIT (LENGTH_MEASURE( 1.000000000000000082E-05 ), #527, 'distance_accuracy_value', 'NONE');
#2968 = DIRECTION ( 'NONE',  ( 0.0000000000000000000, 0.0000000000000000000, 1.000000000000000000 ) ) ;
#2969 = ORIENTED_EDGE ( 'NONE', *, *, #3812, .F. ) ;
#2970 = CARTESIAN_POINT ( 'NONE',  ( 0.2999999999999999889, -0.2999999999999999889, 0.1337867965644035650 ) ) ;
#2971 = DIRECTION ( 'NONE',  ( -0.0000000000000000000, -0.0000000000000000000, -1.000000000000000000 ) ) ;
#2972 = PLANE ( 'NONE',  #2288 ) ;
#2973 = FILL_AREA_STYLE ('',( #1627 ) ) ;
#2974 = VERTEX_POINT ( 'NONE', #482 ) ;
#2975 = COLOUR_RGB ( '',0.7803921568627451011, 0.5686274509803921351, 0.1137254901960784298 ) ;
#2976 = SURFACE_STYLE_FILL_AREA ( #1314 ) ;
#2977 = DIRECTION ( 'NONE',  ( -0.0000000000000000000, 1.000000000000000000, 0.0000000000000000000 ) ) ;
#2978 = CARTESIAN_POINT ( 'NONE',  ( 0.4949999999999999956, 0.2999999999999999889, 0.02000000000000000042 ) ) ;
#2979 = COLOUR_RGB ( '',0.7803921568627451011, 0.5686274509803921351, 0.1137254901960784298 ) ;
#2980 = LINE ( 'NONE', #489, #1258 ) ;
#2981 = CIRCLE ( 'NONE', #631, 0.2400000000000000189 ) ;
#2982 = FILL_AREA_STYLE_COLOUR ( '', #3500 ) ;
#2983 = STYLED_ITEM ( 'NONE', ( #255 ), #372 ) ;
#2984 = EDGE_CURVE ( 'NONE', #3679, #413, #2136, .T. ) ;
#2985 = VERTEX_POINT ( 'NONE', #3468 ) ;
#2986 = CIRCLE ( 'NONE', #3406, 0.005000000000000013115 ) ;
#2987 = DIRECTION ( 'NONE',  ( 0.0000000000000000000, 0.0000000000000000000, 1.000000000000000000 ) ) ;
#2988 =( GEOMETRIC_REPRESENTATION_CONTEXT ( 3 ) GLOBAL_UNCERTAINTY_ASSIGNED_CONTEXT ( ( #659 ) ) GLOBAL_UNIT_ASSIGNED_CONTEXT ( ( #2427, #78, #1066 ) ) REPRESENTATION_CONTEXT ( 'NONE', 'WORKASPACE' ) );
#2989 = MECHANICAL_DESIGN_GEOMETRIC_PRESENTATION_REPRESENTATION (  '', ( #1465 ), #97 ) ;
#2990 = EDGE_CURVE ( 'NONE', #2395, #493, #501, .T. ) ;
#2991 = SURFACE_STYLE_FILL_AREA ( #3338 ) ;
#2992 = STYLED_ITEM ( 'NONE', ( #2385 ), #2214 ) ;
#2993 = CARTESIAN_POINT ( 'NONE',  ( -0.5500000000000000444, -0.3499999999999999778, 0.02000000000000000042 ) ) ;
#2994 = VECTOR ( 'NONE', #1180, 1000.000000000000000 ) ;
#2995 =( NAMED_UNIT ( * ) SI_UNIT ( $, .STERADIAN. ) SOLID_ANGLE_UNIT ( ) );
#2996 =( GEOMETRIC_REPRESENTATION_CONTEXT ( 3 ) GLOBAL_UNCERTAINTY_ASSIGNED_CONTEXT ( ( #2755 ) ) GLOBAL_UNIT_ASSIGNED_CONTEXT ( ( #1698, #3330, #3727 ) ) REPRESENTATION_CONTEXT ( 'NONE', 'WORKASPACE' ) );
#2997 = LINE ( 'NONE', #1346, #1390 ) ;
#2998 = ORIENTED_EDGE ( 'NONE', *, *, #402, .T. ) ;
#2999 =( GEOMETRIC_REPRESENTATION_CONTEXT ( 3 ) GLOBAL_UNCERTAINTY_ASSIGNED_CONTEXT ( ( #4021 ) ) GLOBAL_UNIT_ASSIGNED_CONTEXT ( ( #207, #585, #2872 ) ) REPRESENTATION_CONTEXT ( 'NONE', 'WORKASPACE' ) );
#3000 = FILL_AREA_STYLE_COLOUR ( '', #2799 ) ;
#3001 = ORIENTED_EDGE ( 'NONE', *, *, #8, .F. ) ;
#3002 = PRESENTATION_STYLE_ASSIGNMENT (( #1693 ) ) ;
#3003 = CIRCLE ( 'NONE', #3911, 0.1700000000000000122 ) ;
#3004 = COLOUR_RGB ( '',0.0000000000000000000, 1.000000000000000000, 0.0000000000000000000 ) ;
#3005 = SURFACE_STYLE_USAGE ( .BOTH. , #1319 ) ;
#3006 = PRODUCT ( 'User Library-LED_1006_G', 'User Library-LED_1006_G', '', ( #3661 ) ) ;
#3007 = EDGE_LOOP ( 'NONE', ( #1594, #2173, #1411, #1179 ) ) ;
#3008 = FILL_AREA_STYLE_COLOUR ( '', #113 ) ;
#3009 = PRESENTATION_LAYER_ASSIGNMENT (  '', '', ( #2106 ) ) ;
#3010 =( NAMED_UNIT ( * ) PLANE_ANGLE_UNIT ( ) SI_UNIT ( $, .RADIAN. ) );
#3011 = DIRECTION ( 'NONE',  ( 0.0000000000000000000, 0.0000000000000000000, -1.000000000000000000 ) ) ;
#3012 = SURFACE_STYLE_USAGE ( .BOTH. , #3674 ) ;
#3013 = SURFACE_STYLE_FILL_AREA ( #3365 ) ;
#3014 = EDGE_CURVE ( 'NONE', #3346, #1498, #3182, .T. ) ;
#3015 = CARTESIAN_POINT ( 'NONE',  ( -0.2999999999999999889, 0.2950000000000000955, 0.0000000000000000000 ) ) ;
#3016 = DIRECTION ( 'NONE',  ( 1.000000000000000000, 0.0000000000000000000, -0.0000000000000000000 ) ) ;
#3017 = EDGE_LOOP ( 'NONE', ( #451, #3808, #3744, #2196, #3191, #4240, #3596, #897 ) ) ;
#3018 = ORIENTED_EDGE ( 'NONE', *, *, #685, .T. ) ;
#3019 = EDGE_CURVE ( 'NONE', #602, #206, #4181, .T. ) ;
#3020 = FILL_AREA_STYLE ('',( #1691 ) ) ;
#3021 = VERTEX_POINT ( 'NONE', #3515 ) ;
#3022 = CARTESIAN_POINT ( 'NONE',  ( -0.05000000000000000278, 0.2999999999999999889, -0.01000000000000000021 ) ) ;
#3023 = FILL_AREA_STYLE_COLOUR ( '', #2224 ) ;
#3024 = VERTEX_POINT ( 'NONE', #551 ) ;
#3025 =( GEOMETRIC_REPRESENTATION_CONTEXT ( 3 ) GLOBAL_UNCERTAINTY_ASSIGNED_CONTEXT ( ( #502 ) ) GLOBAL_UNIT_ASSIGNED_CONTEXT ( ( #473, #3439, #151 ) ) REPRESENTATION_CONTEXT ( 'NONE', 'WORKASPACE' ) );
#3026 =( NAMED_UNIT ( * ) PLANE_ANGLE_UNIT ( ) SI_UNIT ( $, .RADIAN. ) );
#3027 = CARTESIAN_POINT ( 'NONE',  ( -0.4085786437630000156, -0.2999999999999999889, 0.0000000000000000000 ) ) ;
#3028 = ORIENTED_EDGE ( 'NONE', *, *, #1923, .T. ) ;
#3029 = CARTESIAN_POINT ( 'NONE',  ( -0.2000000000000000111, -0.2999999999999999889, 0.08000000000000000167 ) ) ;
#3030 = CARTESIAN_POINT ( 'NONE',  ( 0.3875192319069999947, -0.2999999999999999889, 0.0000000000000000000 ) ) ;
#3031 = FACE_OUTER_BOUND ( 'NONE', #1978, .T. ) ;
#3032 = DIRECTION ( 'NONE',  ( 0.0000000000000000000, 0.0000000000000000000, 1.000000000000000000 ) ) ;
#3033 =( NAMED_UNIT ( * ) PLANE_ANGLE_UNIT ( ) SI_UNIT ( $, .RADIAN. ) );
#3034 = AXIS2_PLACEMENT_3D ( 'NONE', #2847, #874, #2193 ) ;
#3035 = FILL_AREA_STYLE_COLOUR ( '', #2109 ) ;
#3036 = LINE ( 'NONE', #2675, #2141 ) ;
#3037 = DIRECTION ( 'NONE',  ( 0.0000000000000000000, 0.0000000000000000000, -1.000000000000000000 ) ) ;
#3038 = FILL_AREA_STYLE_COLOUR ( '', #506 ) ;
#3039 = EDGE_CURVE ( 'NONE', #3966, #1320, #646, .T. ) ;
#3040 = ORIENTED_EDGE ( 'NONE', *, *, #4007, .T. ) ;
#3041 = ORIENTED_EDGE ( 'NONE', *, *, #1246, .F. ) ;
#3042 = PRESENTATION_STYLE_ASSIGNMENT (( #4292 ) ) ;
#3043 = VERTEX_POINT ( 'NONE', #1920 ) ;
#3044 = CARTESIAN_POINT ( 'NONE',  ( -0.4750000000000015321, 0.1645950378228042132, -3.150985829630565726E-17 ) ) ;
#3045 = DIRECTION ( 'NONE',  ( 1.000000000000000000, 0.0000000000000000000, -0.0000000000000000000 ) ) ;
#3046 = EDGE_CURVE ( 'NONE', #3066, #1413, #2918, .T. ) ;
#3047 = VERTEX_POINT ( 'NONE', #3196 ) ;
#3048 =( GEOMETRIC_REPRESENTATION_CONTEXT ( 3 ) GLOBAL_UNCERTAINTY_ASSIGNED_CONTEXT ( ( #2902 ) ) GLOBAL_UNIT_ASSIGNED_CONTEXT ( ( #279, #3606, #948 ) ) REPRESENTATION_CONTEXT ( 'NONE', 'WORKASPACE' ) );
#3049 = CARTESIAN_POINT ( 'NONE',  ( -0.5500000000000000444, -0.3499999999999999778, 0.08000000000000001554 ) ) ;
#3050 =( NAMED_UNIT ( * ) PLANE_ANGLE_UNIT ( ) SI_UNIT ( $, .RADIAN. ) );
#3051 = MECHANICAL_DESIGN_GEOMETRIC_PRESENTATION_REPRESENTATION (  '', ( #2212 ), #4180 ) ;
#3052 = EDGE_CURVE ( 'NONE', #875, #2147, #4297, .T. ) ;
#3053 = CYLINDRICAL_SURFACE ( 'NONE', #1477, 0.2000000000000000389 ) ;
#3054 = ORIENTED_EDGE ( 'NONE', *, *, #4016, .F. ) ;
#3055 = SURFACE_STYLE_FILL_AREA ( #728 ) ;
#3056 =( NAMED_UNIT ( * ) SI_UNIT ( $, .STERADIAN. ) SOLID_ANGLE_UNIT ( ) );
#3057 = PRESENTATION_STYLE_ASSIGNMENT (( #3713 ) ) ;
#3058 = COLOUR_RGB ( '',0.0000000000000000000, 1.000000000000000000, 0.0000000000000000000 ) ;
#3059 = UNCERTAINTY_MEASURE_WITH_UNIT (LENGTH_MEASURE( 1.000000000000000082E-05 ), #5, 'distance_accuracy_value', 'NONE');
#3060 = DIRECTION ( 'NONE',  ( -0.0000000000000000000, -0.0000000000000000000, 1.000000000000000000 ) ) ;
#3061 = ITEM_DEFINED_TRANSFORMATION ( 'NONE', 'NONE', #1257,  #269 ) ;
#3062 = AXIS2_PLACEMENT_3D ( 'NONE', #3531, #4295, #1854 ) ;
#3063 = VECTOR ( 'NONE', #1840, 1000.000000000000000 ) ;
#3064 = LINE ( 'NONE', #3734, #2183 ) ;
#3065 = SURFACE_STYLE_FILL_AREA ( #3718 ) ;
#3066 = VERTEX_POINT ( 'NONE', #1878 ) ;
#3067 = STYLED_ITEM ( 'NONE', ( #1475 ), #2144 ) ;
#3068 = COLOUR_RGB ( '',0.7803921568627451011, 0.5686274509803921351, 0.1137254901960784298 ) ;
#3069 = ORIENTED_EDGE ( 'NONE', *, *, #2574, .T. ) ;
#3070 = CARTESIAN_POINT ( 'NONE',  ( 0.5000000000000000000, -0.2085786437628452672, 0.0000000000000000000 ) ) ;
#3071 = PRODUCT_RELATED_PRODUCT_CATEGORY ( 'part', '', ( #970 ) ) ;
#3072 = STYLED_ITEM ( 'NONE', ( #2554 ), #2283 ) ;
#3073 = STYLED_ITEM ( 'NONE', ( #1977 ), #1586 ) ;
#3074 = DIRECTION ( 'NONE',  ( -1.000000000000000000, 0.0000000000000000000, 0.0000000000000000000 ) ) ;
#3075 = EDGE_LOOP ( 'NONE', ( #2012, #3104, #853, #1695, #153, #684, #915, #1922 ) ) ;
#3076 = SURFACE_STYLE_USAGE ( .BOTH. , #3785 ) ;
#3077 = VERTEX_POINT ( 'NONE', #3253 ) ;
#3078 = SURFACE_STYLE_USAGE ( .BOTH. , #1774 ) ;
#3079 = ADVANCED_FACE ( 'NONE', ( #907 ), #2250, .F. ) ;
#3080 = CARTESIAN_POINT ( 'NONE',  ( 0.5500000000000000444, 0.3499999999999999778, 0.02000000000000001082 ) ) ;
#3081 = AXIS2_PLACEMENT_3D ( 'NONE', #3187, #1819, #219 ) ;
#3082 =( NAMED_UNIT ( * ) PLANE_ANGLE_UNIT ( ) SI_UNIT ( $, .RADIAN. ) );
#3083 = EDGE_LOOP ( 'NONE', ( #1388, #3662, #655, #2075 ) ) ;
#3084 = VECTOR ( 'NONE', #2184, 1000.000000000000000 ) ;
#3085 = ADVANCED_FACE ( 'NONE', ( #3595 ), #1613, .T. ) ;
#3086 = DIRECTION ( 'NONE',  ( 0.0000000000000000000, 1.000000000000000000, 1.224646799146999945E-16 ) ) ;
#3087 = VECTOR ( 'NONE', #305, 1000.000000000000000 ) ;
#3088 =( LENGTH_UNIT ( ) NAMED_UNIT ( * ) SI_UNIT ( .MILLI., .METRE. ) );
#3089 = ITEM_DEFINED_TRANSFORMATION ( 'NONE', 'NONE', #2782,  #269 ) ;
#3090 = VECTOR ( 'NONE', #4122, 1000.000000000000000 ) ;
#3091 = DIRECTION ( 'NONE',  ( 1.084202172485504434E-15, 1.000000000000000000, -1.224646799146999945E-16 ) ) ;
#3092 = DIRECTION ( 'NONE',  ( 0.0000000000000000000, 0.0000000000000000000, 1.000000000000000000 ) ) ;
#3093 =( NAMED_UNIT ( * ) PLANE_ANGLE_UNIT ( ) SI_UNIT ( $, .RADIAN. ) );
#3094 = CARTESIAN_POINT ( 'NONE',  ( 0.1000000000000000194, -0.2999999999999999889, -0.01000000000000000021 ) ) ;
#3095 = ORIENTED_EDGE ( 'NONE', *, *, #3717, .T. ) ;
#3096 =( GEOMETRIC_REPRESENTATION_CONTEXT ( 3 ) GLOBAL_UNCERTAINTY_ASSIGNED_CONTEXT ( ( #556 ) ) GLOBAL_UNIT_ASSIGNED_CONTEXT ( ( #2053, #1479, #1707 ) ) REPRESENTATION_CONTEXT ( 'NONE', 'WORKASPACE' ) );
#3097 = CARTESIAN_POINT ( 'NONE',  ( 0.2999999999999999889, 0.2999999999999999889, 0.1337867965644035650 ) ) ;
#3098 = SURFACE_STYLE_USAGE ( .BOTH. , #2770 ) ;
#3099 = COLOUR_RGB ( '',0.7803921568627451011, 0.5686274509803921351, 0.1137254901960784298 ) ;
#3100 =( NAMED_UNIT ( * ) PLANE_ANGLE_UNIT ( ) SI_UNIT ( $, .RADIAN. ) );
#3101 = ORIENTED_EDGE ( 'NONE', *, *, #3717, .F. ) ;
#3102 =( NAMED_UNIT ( * ) SI_UNIT ( $, .STERADIAN. ) SOLID_ANGLE_UNIT ( ) );
#3103 = ORIENTED_EDGE ( 'NONE', *, *, #756, .F. ) ;
#3104 = ORIENTED_EDGE ( 'NONE', *, *, #2784, .F. ) ;
#3105 = PRESENTATION_LAYER_ASSIGNMENT (  '', '', ( #2539 ) ) ;
#3106 = CARTESIAN_POINT ( 'NONE',  ( -0.5500000000000000444, 0.3499999999999999778, 0.05999999999999999778 ) ) ;
#3107 = EDGE_CURVE ( 'NONE', #389, #642, #1054, .T. ) ;
#3108 = ORIENTED_EDGE ( 'NONE', *, *, #1530, .F. ) ;
#3109 =( NAMED_UNIT ( * ) PLANE_ANGLE_UNIT ( ) SI_UNIT ( $, .RADIAN. ) );
#3110 = SURFACE_STYLE_USAGE ( .BOTH. , #100 ) ;
#3111 =( LENGTH_UNIT ( ) NAMED_UNIT ( * ) SI_UNIT ( .MILLI., .METRE. ) );
#3112 = ADVANCED_FACE ( 'NONE', ( #411 ), #93, .T. ) ;
#3113 = FACE_OUTER_BOUND ( 'NONE', #3389, .T. ) ;
#3114 = CONTEXT_DEPENDENT_SHAPE_REPRESENTATION ( #3593, #2809 ) ;
#3115 = SURFACE_STYLE_USAGE ( .BOTH. , #1506 ) ;
#3116 = ORIENTED_EDGE ( 'NONE', *, *, #2378, .F. ) ;
#3117 = CARTESIAN_POINT ( 'NONE',  ( 0.4749999999999334754, 0.1645950378226353483, 0.01999999999999999001 ) ) ;
#3118 = ORIENTED_EDGE ( 'NONE', *, *, #3189, .T. ) ;
#3119 =( NAMED_UNIT ( * ) PLANE_ANGLE_UNIT ( ) SI_UNIT ( $, .RADIAN. ) );
#3120 = ORIENTED_EDGE ( 'NONE', *, *, #3258, .T. ) ;
#3121 = LINE ( 'NONE', #3150, #3693 ) ;
#3122 = STYLED_ITEM ( 'NONE', ( #657 ), #139 ) ;
#3123 = SURFACE_STYLE_FILL_AREA ( #3154 ) ;
#3124 = ORIENTED_EDGE ( 'NONE', *, *, #276, .F. ) ;
#3125 = STYLED_ITEM ( 'NONE', ( #942 ), #429 ) ;
#3126 = CARTESIAN_POINT ( 'NONE',  ( 0.4999999999999551470, -0.1563508326896407286, 3.100504632490238188E-17 ) ) ;
#3127 = DIRECTION ( 'NONE',  ( 0.0000000000000000000, 1.000000000000000000, 1.224646799146999945E-16 ) ) ;
#3128 = FILL_AREA_STYLE_COLOUR ( '', #3144 ) ;
#3129 = MECHANICAL_DESIGN_GEOMETRIC_PRESENTATION_REPRESENTATION (  '', ( #1528 ), #2566 ) ;
#3130 = APPLICATION_PROTOCOL_DEFINITION ( 'draft international standard', 'automotive_design', 1998, #4286 ) ;
#3131 = ADVANCED_FACE ( 'NONE', ( #2961 ), #1082, .F. ) ;
#3132 = STYLED_ITEM ( 'NONE', ( #3458 ), #903 ) ;
#3133 = LINE ( 'NONE', #170, #2877 ) ;
#3134 = COLOUR_RGB ( '',0.7921568627450980005, 0.8196078431372548767, 0.9333333333333333481 ) ;
#3135 = LINE ( 'NONE', #1860, #2777 ) ;
#3136 = FILL_AREA_STYLE ('',( #2473 ) ) ;
#3137 = MECHANICAL_DESIGN_GEOMETRIC_PRESENTATION_REPRESENTATION (  '', ( #1539 ), #3901 ) ;
#3138 = CARTESIAN_POINT ( 'NONE',  ( 0.5000000000000000000, 0.1563508326898145895, 0.07999999999999998779 ) ) ;
#3139 = ADVANCED_FACE ( 'NONE', ( #349 ), #1649, .T. ) ;
#3140 = PRESENTATION_STYLE_ASSIGNMENT (( #808 ) ) ;
#3141 = ORIENTED_EDGE ( 'NONE', *, *, #1827, .T. ) ;
#3142 = VECTOR ( 'NONE', #2646, 1000.000000000000000 ) ;
#3143 = CARTESIAN_POINT ( 'NONE',  ( 0.5500000000000000444, 0.3499999999999999778, 0.08000000000000000167 ) ) ;
#3144 = COLOUR_RGB ( '',0.0000000000000000000, 0.3333333333333333148, 0.0000000000000000000 ) ;
#3145 = CARTESIAN_POINT ( 'NONE',  ( -0.4949999999999611933, 0.1577111547697170046, 0.05999999999999998390 ) ) ;
#3146 = ORIENTED_EDGE ( 'NONE', *, *, #2939, .F. ) ;
#3147 = ORIENTED_EDGE ( 'NONE', *, *, #3548, .F. ) ;
#3148 =( GEOMETRIC_REPRESENTATION_CONTEXT ( 3 ) GLOBAL_UNCERTAINTY_ASSIGNED_CONTEXT ( ( #1283 ) ) GLOBAL_UNIT_ASSIGNED_CONTEXT ( ( #3183, #3839, #249 ) ) REPRESENTATION_CONTEXT ( 'NONE', 'WORKASPACE' ) );
#3149 = STYLED_ITEM ( 'NONE', ( #3577 ), #1510 ) ;
#3150 = CARTESIAN_POINT ( 'NONE',  ( 0.4749999999999999778, -0.2999999999999999889, 0.06000000000000000472 ) ) ;
#3151 = DIRECTION ( 'NONE',  ( 0.0000000000000000000, 1.000000000000000000, 1.224646799146999945E-16 ) ) ;
#3152 = VECTOR ( 'NONE', #1896, 1000.000000000000000 ) ;
#3153 = COLOUR_RGB ( '',0.0000000000000000000, 0.3333333333333333148, 0.0000000000000000000 ) ;
#3154 = FILL_AREA_STYLE ('',( #210 ) ) ;
#3155 = VERTEX_POINT ( 'NONE', #2795 ) ;
#3156 = AXIS2_PLACEMENT_3D ( 'NONE', #787, #757, #148 ) ;
#3157 = LINE ( 'NONE', #138, #3913 ) ;
#3158 = SURFACE_STYLE_USAGE ( .BOTH. , #1857 ) ;
#3159 = VECTOR ( 'NONE', #1778, 1000.000000000000000 ) ;
#3160 = PRESENTATION_LAYER_ASSIGNMENT (  '', '', ( #1491 ) ) ;
#3161 = LINE ( 'NONE', #4141, #898 ) ;
#3162 =( NAMED_UNIT ( * ) PLANE_ANGLE_UNIT ( ) SI_UNIT ( $, .RADIAN. ) );
#3163 =( REPRESENTATION_RELATIONSHIP ('NONE','NONE', #2345, #1643 ) REPRESENTATION_RELATIONSHIP_WITH_TRANSFORMATION ( #3089 )SHAPE_REPRESENTATION_RELATIONSHIP( ) );
#3164 = CARTESIAN_POINT ( 'NONE',  ( 0.3275140453871118185, -0.2600000000000453615, 0.05999999999999999084 ) ) ;
#3165 = ORIENTED_EDGE ( 'NONE', *, *, #3705, .F. ) ;
#3166 =( LENGTH_UNIT ( ) NAMED_UNIT ( * ) SI_UNIT ( .MILLI., .METRE. ) );
#3167 = ADVANCED_FACE ( 'NONE', ( #1441 ), #795, .T. ) ;
#3168 = COLOUR_RGB ( '',0.0000000000000000000, 1.000000000000000000, 0.0000000000000000000 ) ;
#3169 = DIRECTION ( 'NONE',  ( 0.0000000000000000000, 0.0000000000000000000, 1.000000000000000000 ) ) ;
#3170 = ORIENTED_EDGE ( 'NONE', *, *, #3891, .F. ) ;
#3171 = MECHANICAL_DESIGN_GEOMETRIC_PRESENTATION_REPRESENTATION (  '', ( #462 ), #119 ) ;
#3172 = VERTEX_POINT ( 'NONE', #3446 ) ;
#3173 = EDGE_CURVE ( 'NONE', #2719, #2950, #1466, .T. ) ;
#3174 = EDGE_LOOP ( 'NONE', ( #437, #1868, #2892, #742 ) ) ;
#3175 =( GEOMETRIC_REPRESENTATION_CONTEXT ( 3 ) GLOBAL_UNCERTAINTY_ASSIGNED_CONTEXT ( ( #3314 ) ) GLOBAL_UNIT_ASSIGNED_CONTEXT ( ( #1259, #271, #2142 ) ) REPRESENTATION_CONTEXT ( 'NONE', 'WORKASPACE' ) );
#3176 = DIRECTION ( 'NONE',  ( 0.0000000000000000000, 1.000000000000000000, -1.355252715606880296E-16 ) ) ;
#3177 = SURFACE_SIDE_STYLE ('',( #1120 ) ) ;
#3178 = FILL_AREA_STYLE ('',( #4020 ) ) ;
#3179 = CARTESIAN_POINT ( 'NONE',  ( -0.3713942890050412338, -0.2600000000000000089, -1.592040838891600018E-17 ) ) ;
#3180 = EDGE_LOOP ( 'NONE', ( #2014, #2403, #2928, #1308, #4096, #327, #223, #404 ) ) ;
#3181 = MECHANICAL_DESIGN_GEOMETRIC_PRESENTATION_REPRESENTATION (  '', ( #2120 ), #1298 ) ;
#3182 = LINE ( 'NONE', #212, #652 ) ;
#3183 =( LENGTH_UNIT ( ) NAMED_UNIT ( * ) SI_UNIT ( .MILLI., .METRE. ) );
#3184 = FACE_OUTER_BOUND ( 'NONE', #3837, .T. ) ;
#3185 = PRESENTATION_STYLE_ASSIGNMENT (( #1837 ) ) ;
#3186 = VERTEX_POINT ( 'NONE', #1145 ) ;
#3187 = CARTESIAN_POINT ( 'NONE',  ( 0.1000000000000000056, -0.2999999999999999889, 0.0000000000000000000 ) ) ;
#3188 = SURFACE_STYLE_USAGE ( .BOTH. , #2172 ) ;
#3189 = EDGE_CURVE ( 'NONE', #3708, #827, #3992, .T. ) ;
#3190 = ORIENTED_EDGE ( 'NONE', *, *, #1764, .F. ) ;
#3191 = ORIENTED_EDGE ( 'NONE', *, *, #3210, .T. ) ;
#3192 = VERTEX_POINT ( 'NONE', #2482 ) ;
#3193 = CARTESIAN_POINT ( 'NONE',  ( -0.05000000000000000278, -0.1499999999999999944, 0.0000000000000000000 ) ) ;
#3194 = LINE ( 'NONE', #3029, #1502 ) ;
#3195 = DIRECTION ( 'NONE',  ( -0.0000000000000000000, 1.224646799146999945E-16, 1.000000000000000000 ) ) ;
#3196 = CARTESIAN_POINT ( 'NONE',  ( -0.4085786437627077494, 0.2999999999999513611, 0.08000000000000000167 ) ) ;
#3197 = UNCERTAINTY_MEASURE_WITH_UNIT (LENGTH_MEASURE( 1.000000000000000082E-05 ), #1979, 'distance_accuracy_value', 'NONE');
#3198 = LINE ( 'NONE', #4162, #4270 ) ;
#3199 = CARTESIAN_POINT ( 'NONE',  ( -0.4085786437628452505, -0.2999999999999999889, 0.08000000000000000167 ) ) ;
#3200 = FILL_AREA_STYLE_COLOUR ( '', #4072 ) ;
#3201 = ORIENTED_EDGE ( 'NONE', *, *, #3039, .T. ) ;
#3202 = DIRECTION ( 'NONE',  ( 0.0000000000000000000, -1.000000000000000000, 0.0000000000000000000 ) ) ;
#3203 = AXIS2_PLACEMENT_3D ( 'NONE', #679, #1275, #3592 ) ;
#3204 =( LENGTH_UNIT ( ) NAMED_UNIT ( * ) SI_UNIT ( .MILLI., .METRE. ) );
#3205 = CARTESIAN_POINT ( 'NONE',  ( -0.4749999999998638645, 0.1645950378226634925, -2.015707862251542426E-17 ) ) ;
#3206 = CARTESIAN_POINT ( 'NONE',  ( 0.4085786437627077494, -0.2999999999999513611, 0.08000000000000000167 ) ) ;
#3207 =( NAMED_UNIT ( * ) PLANE_ANGLE_UNIT ( ) SI_UNIT ( $, .RADIAN. ) );
#3208 = ORIENTED_EDGE ( 'NONE', *, *, #1706, .F. ) ;
#3209 = ORIENTED_EDGE ( 'NONE', *, *, #2946, .F. ) ;
#3210 = EDGE_CURVE ( 'NONE', #3982, #2837, #4174, .T. ) ;
#3211 = CARTESIAN_POINT ( 'NONE',  ( -0.05000000000000000278, 0.2999999999999999889, 0.0000000000000000000 ) ) ;
#3212 = DIRECTION ( 'NONE',  ( 0.0000000000000000000, -1.000000000000000000, -1.034036596358999946E-18 ) ) ;
#3213 = MECHANICAL_DESIGN_GEOMETRIC_PRESENTATION_REPRESENTATION (  '', ( #1880 ), #2230 ) ;
#3214 = MECHANICAL_DESIGN_GEOMETRIC_PRESENTATION_REPRESENTATION (  '', ( #3973 ), #927 ) ;
#3215 = VECTOR ( 'NONE', #3127, 1000.000000000000000 ) ;
#3216 =( GEOMETRIC_REPRESENTATION_CONTEXT ( 3 ) GLOBAL_UNCERTAINTY_ASSIGNED_CONTEXT ( ( #22 ) ) GLOBAL_UNIT_ASSIGNED_CONTEXT ( ( #2817, #3465, #3749 ) ) REPRESENTATION_CONTEXT ( 'NONE', 'WORKASPACE' ) );
#3217 = DIRECTION ( 'NONE',  ( -0.0000000000000000000, -0.0000000000000000000, -1.000000000000000000 ) ) ;
#3218 = SURFACE_STYLE_FILL_AREA ( #2272 ) ;
#3219 = ORIENTED_EDGE ( 'NONE', *, *, #958, .T. ) ;
#3220 = EDGE_CURVE ( 'NONE', #1247, #3172, #2506, .T. ) ;
#3221 = AXIS2_PLACEMENT_3D ( 'NONE', #3049, #2110, #115 ) ;
#3222 = FILL_AREA_STYLE ('',( #1884 ) ) ;
#3223 = LINE ( 'NONE', #291, #1666 ) ;
#3224 = DIRECTION ( 'NONE',  ( 0.0000000000000000000, -1.224646799146999945E-16, -1.000000000000000000 ) ) ;
#3225 = UNCERTAINTY_MEASURE_WITH_UNIT (LENGTH_MEASURE( 1.000000000000000082E-05 ), #3956, 'distance_accuracy_value', 'NONE');
#3226 =( NAMED_UNIT ( * ) SI_UNIT ( $, .STERADIAN. ) SOLID_ANGLE_UNIT ( ) );
#3227 = DIRECTION ( 'NONE',  ( -1.000000000000000000, 0.0000000000000000000, 0.0000000000000000000 ) ) ;
#3228 = PLANE ( 'NONE',  #1508 ) ;
#3229 = DIRECTION ( 'NONE',  ( 0.0000000000000000000, -1.000000000000000000, -0.0000000000000000000 ) ) ;
#3230 = ORIENTED_EDGE ( 'NONE', *, *, #1516, .T. ) ;
#3231 = COLOUR_RGB ( '',0.7803921568627451011, 0.5686274509803921351, 0.1137254901960784298 ) ;
#3232 = ORIENTED_EDGE ( 'NONE', *, *, #3388, .T. ) ;
#3233 = FILL_AREA_STYLE ('',( #2199 ) ) ;
#3234 = VECTOR ( 'NONE', #328, 1000.000000000000000 ) ;
#3235 = DIRECTION ( 'NONE',  ( 0.0000000000000000000, 1.000000000000000000, -0.0000000000000000000 ) ) ;
#3236 = CARTESIAN_POINT ( 'NONE',  ( 0.3152661081140000210, -0.2999999999999999889, 0.0000000000000000000 ) ) ;
#3237 = UNCERTAINTY_MEASURE_WITH_UNIT (LENGTH_MEASURE( 1.000000000000000082E-05 ), #2194, 'distance_accuracy_value', 'NONE');
#3238 = ORIENTED_EDGE ( 'NONE', *, *, #3282, .T. ) ;
#3239 = EDGE_CURVE ( 'NONE', #1709, #3378, #2179, .T. ) ;
#3240 =( LENGTH_UNIT ( ) NAMED_UNIT ( * ) SI_UNIT ( .MILLI., .METRE. ) );
#3241 = SHAPE_REPRESENTATION_RELATIONSHIP ( 'NONE' , 'NONE' ,  #1577, #372 ) ;
#3242 = SURFACE_STYLE_FILL_AREA ( #2279 ) ;
#3243 = ORIENTED_EDGE ( 'NONE', *, *, #2697, .T. ) ;
#3244 = CYLINDRICAL_SURFACE ( 'NONE', #2036, 0.1499999999999999667 ) ;
#3245 = EDGE_CURVE ( 'NONE', #3708, #4054, #1556, .T. ) ;
#3246 = LINE ( 'NONE', #1866, #2952 ) ;
#3247 = DIRECTION ( 'NONE',  ( 0.0000000000000000000, 1.224646799146999945E-16, -1.000000000000000000 ) ) ;
#3248 = ORIENTED_EDGE ( 'NONE', *, *, #1189, .T. ) ;
#3249 = ORIENTED_EDGE ( 'NONE', *, *, #2620, .T. ) ;
#3250 = CARTESIAN_POINT ( 'NONE',  ( 0.2000000000000000111, -0.2999999999999999889, 0.02000000000000000042 ) ) ;
#3251 = DIRECTION ( 'NONE',  ( 1.000000000000000000, 0.0000000000000000000, 0.0000000000000000000 ) ) ;
#3252 = DIRECTION ( 'NONE',  ( -1.807003620809173794E-15, 1.000000000000000000, -1.129377263005733621E-16 ) ) ;
#3253 = CARTESIAN_POINT ( 'NONE',  ( -0.3875192319071404379, -0.2999999999999999889, 0.05999999999999999778 ) ) ;
#3254 = PRODUCT_RELATED_PRODUCT_CATEGORY ( 'part', '', ( #3881 ) ) ;
#3255 = DIRECTION ( 'NONE',  ( 0.0000000000000000000, 0.0000000000000000000, -1.000000000000000000 ) ) ;
#3256 = VERTEX_POINT ( 'NONE', #2200 ) ;
#3257 = LINE ( 'NONE', #2901, #3142 ) ;
#3258 = EDGE_CURVE ( 'NONE', #2219, #132, #2854, .T. ) ;
#3259 = COLOUR_RGB ( '',0.0000000000000000000, 1.000000000000000000, 0.0000000000000000000 ) ;
#3260 = CARTESIAN_POINT ( 'NONE',  ( 0.5500000000000000444, -0.3499999999999999778, 0.08000000000000000167 ) ) ;
#3261 = SURFACE_SIDE_STYLE ('',( #1932 ) ) ;
#3262 = FACE_OUTER_BOUND ( 'NONE', #1184, .T. ) ;
#3263 = FILL_AREA_STYLE ('',( #1935 ) ) ;
#3264 = DIRECTION ( 'NONE',  ( -0.0000000000000000000, 1.224646799146999945E-16, 1.000000000000000000 ) ) ;
#3265 =( GEOMETRIC_REPRESENTATION_CONTEXT ( 3 ) GLOBAL_UNCERTAINTY_ASSIGNED_CONTEXT ( ( #3863 ) ) GLOBAL_UNIT_ASSIGNED_CONTEXT ( ( #520, #3207, #2869 ) ) REPRESENTATION_CONTEXT ( 'NONE', 'WORKASPACE' ) );
#3266 = PRESENTATION_STYLE_ASSIGNMENT (( #7 ) ) ;
#3267 = PRODUCT_DEFINITION_FORMATION_WITH_SPECIFIED_SOURCE ( 'ANY', '', #2105, .NOT_KNOWN. ) ;
#3268 = PRESENTATION_LAYER_ASSIGNMENT (  '', '', ( #700 ) ) ;
#3269 = AXIS2_PLACEMENT_3D ( 'NONE', #48, #4090, #1750 ) ;
#3270 = PRESENTATION_STYLE_ASSIGNMENT (( #284 ) ) ;
#3271 = PRESENTATION_LAYER_ASSIGNMENT (  '', '', ( #838 ) ) ;
#3272 = CARTESIAN_POINT ( 'NONE',  ( 0.4949999999999304956, -0.1891429205785696566, 0.05999999999999999778 ) ) ;
#3273 = ORIENTED_EDGE ( 'NONE', *, *, #72, .F. ) ;
#3274 = COLOUR_RGB ( '',0.0000000000000000000, 1.000000000000000000, 0.0000000000000000000 ) ;
#3275 = CARTESIAN_POINT ( 'NONE',  ( -0.3563508326896407952, -0.2999999999999550804, 0.01999999999999999695 ) ) ;
#3276 = UNCERTAINTY_MEASURE_WITH_UNIT (LENGTH_MEASURE( 1.000000000000000082E-05 ), #2069, 'distance_accuracy_value', 'NONE');
#3277 = LINE ( 'NONE', #313, #3540 ) ;
#3278 = ORIENTED_EDGE ( 'NONE', *, *, #2114, .F. ) ;
#3279 = DIRECTION ( 'NONE',  ( -1.000000000000000000, -9.566489757225037615E-16, 0.0000000000000000000 ) ) ;
#3280 = SURFACE_STYLE_FILL_AREA ( #2303 ) ;
#3281 = DIRECTION ( 'NONE',  ( 0.0000000000000000000, 1.224646799146999945E-16, -1.000000000000000000 ) ) ;
#3282 = EDGE_CURVE ( 'NONE', #1981, #4149, #3528, .T. ) ;
#3283 = ORIENTED_EDGE ( 'NONE', *, *, #3499, .F. ) ;
#3284 = AXIS2_PLACEMENT_3D ( 'NONE', #3729, #3709, #3335 ) ;
#3285 = ORIENTED_EDGE ( 'NONE', *, *, #3788, .F. ) ;
#3286 = DIRECTION ( 'NONE',  ( -1.000000000000000000, 0.0000000000000000000, 0.0000000000000000000 ) ) ;
#3287 = LINE ( 'NONE', #2957, #2529 ) ;
#3288 = AXIS2_PLACEMENT_3D ( 'NONE', #3462, #496, #3151 ) ;
#3289 = FACE_OUTER_BOUND ( 'NONE', #4129, .T. ) ;
#3290 = ADVANCED_FACE ( 'NONE', ( #950 ), #265, .T. ) ;
#3291 = VECTOR ( 'NONE', #2471, 1000.000000000000000 ) ;
#3292 = ORIENTED_EDGE ( 'NONE', *, *, #729, .F. ) ;
#3293 = STYLED_ITEM ( 'NONE', ( #1357 ), #3944 ) ;
#3294 = CARTESIAN_POINT ( 'NONE',  ( -0.4949999999999999956, -0.1891429205787729384, 0.05999999999999999778 ) ) ;
#3295 = PLANE ( 'NONE',  #1191 ) ;
#3296 = ORIENTED_EDGE ( 'NONE', *, *, #3305, .F. ) ;
#3297 = VECTOR ( 'NONE', #1048, 1000.000000000000000 ) ;
#3298 = DIRECTION ( 'NONE',  ( 0.0000000000000000000, 1.000000000000000000, -1.355252715606880296E-16 ) ) ;
#3299 = COLOUR_RGB ( '',0.7803921568627451011, 0.5686274509803921351, 0.1137254901960784298 ) ;
#3300 = DIRECTION ( 'NONE',  ( 0.0000000000000000000, 1.000000000000000000, -1.129377263005733621E-16 ) ) ;
#3301 = DIRECTION ( 'NONE',  ( -1.000000000000000000, 0.0000000000000000000, 0.0000000000000000000 ) ) ;
#3302 = LINE ( 'NONE', #1950, #2231 ) ;
#3303 = VERTEX_POINT ( 'NONE', #1249 ) ;
#3304 =( NAMED_UNIT ( * ) SI_UNIT ( $, .STERADIAN. ) SOLID_ANGLE_UNIT ( ) );
#3305 = EDGE_CURVE ( 'NONE', #2526, #1793, #2569, .T. ) ;
#3306 = LINE ( 'NONE', #3991, #3234 ) ;
#3307 = DIRECTION ( 'NONE',  ( 0.0000000000000000000, -0.0000000000000000000, 1.000000000000000000 ) ) ;
#3308 = DIRECTION ( 'NONE',  ( 1.000000000000000000, 0.0000000000000000000, 0.0000000000000000000 ) ) ;
#3309 =( LENGTH_UNIT ( ) NAMED_UNIT ( * ) SI_UNIT ( .MILLI., .METRE. ) );
#3310 = EDGE_CURVE ( 'NONE', #3720, #3507, #930, .T. ) ;
#3311 = DIRECTION ( 'NONE',  ( -1.000000000000000000, 0.0000000000000000000, 0.0000000000000000000 ) ) ;
#3312 = ORIENTED_EDGE ( 'NONE', *, *, #460, .T. ) ;
#3313 = DIRECTION ( 'NONE',  ( 0.0000000000000000000, -1.224646799146999945E-16, -1.000000000000000000 ) ) ;
#3314 = UNCERTAINTY_MEASURE_WITH_UNIT (LENGTH_MEASURE( 1.000000000000000082E-05 ), #1259, 'distance_accuracy_value', 'NONE');
#3315 = SURFACE_SIDE_STYLE ('',( #2991 ) ) ;
#3316 = SURFACE_STYLE_USAGE ( .BOTH. , #1745 ) ;
#3317 = ORIENTED_EDGE ( 'NONE', *, *, #1678, .T. ) ;
#3318 = CARTESIAN_POINT ( 'NONE',  ( 0.4999999999999551470, -0.1563508326896407286, 0.08000000000000001554 ) ) ;
#3319 = CARTESIAN_POINT ( 'NONE',  ( 0.4949999999998611067, 0.1891429205785933598, 0.02000000000000000042 ) ) ;
#3320 = FILL_AREA_STYLE_COLOUR ( '', #2271 ) ;
#3321 = SURFACE_STYLE_FILL_AREA ( #1604 ) ;
#3322 = VERTEX_POINT ( 'NONE', #1588 ) ;
#3323 = CIRCLE ( 'NONE', #4100, 0.1700000000000000122 ) ;
#3324 = SURFACE_STYLE_USAGE ( .BOTH. , #1934 ) ;
#3325 = SURFACE_STYLE_USAGE ( .BOTH. , #2040 ) ;
#3326 = VERTEX_POINT ( 'NONE', #2910 ) ;
#3327 = FACE_OUTER_BOUND ( 'NONE', #1000, .T. ) ;
#3328 = LINE ( 'NONE', #127, #1464 ) ;
#3329 = COLOUR_RGB ( '',0.7921568627450980005, 0.8196078431372548767, 0.9333333333333333481 ) ;
#3330 =( NAMED_UNIT ( * ) PLANE_ANGLE_UNIT ( ) SI_UNIT ( $, .RADIAN. ) );
#3331 = EDGE_CURVE ( 'NONE', #1554, #3378, #1274, .T. ) ;
#3332 =( GEOMETRIC_REPRESENTATION_CONTEXT ( 3 ) GLOBAL_UNCERTAINTY_ASSIGNED_CONTEXT ( ( #1385 ) ) GLOBAL_UNIT_ASSIGNED_CONTEXT ( ( #2270, #2247, #1208 ) ) REPRESENTATION_CONTEXT ( 'NONE', 'WORKASPACE' ) );
#3333 = VERTEX_POINT ( 'NONE', #3922 ) ;
#3334 = MECHANICAL_DESIGN_GEOMETRIC_PRESENTATION_REPRESENTATION (  '', ( #295 ), #231 ) ;
#3335 = DIRECTION ( 'NONE',  ( 0.0000000000000000000, 0.0000000000000000000, 1.000000000000000000 ) ) ;
#3336 = COLOUR_RGB ( '',0.0000000000000000000, 0.3333333333333333148, 0.0000000000000000000 ) ;
#3337 = MECHANICAL_DESIGN_GEOMETRIC_PRESENTATION_REPRESENTATION (  '', ( #772 ), #2510 ) ;
#3338 = FILL_AREA_STYLE ('',( #1719 ) ) ;
#3339 = LINE ( 'NONE', #77, #3829 ) ;
#3340 = ADVANCED_FACE ( 'NONE', ( #3591 ), #624, .F. ) ;
#3341 = SURFACE_STYLE_FILL_AREA ( #3691 ) ;
#3342 =( GEOMETRIC_REPRESENTATION_CONTEXT ( 3 ) GLOBAL_UNCERTAINTY_ASSIGNED_CONTEXT ( ( #3882 ) ) GLOBAL_UNIT_ASSIGNED_CONTEXT ( ( #3731, #416, #1780 ) ) REPRESENTATION_CONTEXT ( 'NONE', 'WORKASPACE' ) );
#3343 = DIRECTION ( 'NONE',  ( 0.0000000000000000000, 0.0000000000000000000, 1.000000000000000000 ) ) ;
#3344 = CARTESIAN_POINT ( 'NONE',  ( 0.5000000000000000000, -0.2599999999999999534, 0.0000000000000000000 ) ) ;
#3345 = FILL_AREA_STYLE_COLOUR ( '', #641 ) ;
#3346 = VERTEX_POINT ( 'NONE', #4030 ) ;
#3347 = ORIENTED_EDGE ( 'NONE', *, *, #2742, .F. ) ;
#3348 = STYLED_ITEM ( 'NONE', ( #4092 ), #2736 ) ;
#3349 =( LENGTH_UNIT ( ) NAMED_UNIT ( * ) SI_UNIT ( .MILLI., .METRE. ) );
#3350 = FACE_OUTER_BOUND ( 'NONE', #721, .T. ) ;
#3351 = ORIENTED_EDGE ( 'NONE', *, *, #3107, .F. ) ;
#3352 = DIRECTION ( 'NONE',  ( 0.0000000000000000000, -1.000000000000000000, -0.0000000000000000000 ) ) ;
#3353 =( LENGTH_UNIT ( ) NAMED_UNIT ( * ) SI_UNIT ( .MILLI., .METRE. ) );
#3354 = PRESENTATION_LAYER_ASSIGNMENT (  '', '', ( #1557 ) ) ;
#3355 = VECTOR ( 'NONE', #3251, 1000.000000000000000 ) ;
#3356 =( NAMED_UNIT ( * ) SI_UNIT ( $, .STERADIAN. ) SOLID_ANGLE_UNIT ( ) );
#3357 = AXIS2_PLACEMENT_3D ( 'NONE', #129, #1752, #3415 ) ;
#3358 = ORIENTED_EDGE ( 'NONE', *, *, #2759, .T. ) ;
#3359 = PLANE ( 'NONE',  #3702 ) ;
#3360 = MECHANICAL_DESIGN_GEOMETRIC_PRESENTATION_REPRESENTATION (  '', ( #1755 ), #3096 ) ;
#3361 = DIRECTION ( 'NONE',  ( -0.0000000000000000000, -0.0000000000000000000, -1.000000000000000000 ) ) ;
#3362 = UNCERTAINTY_MEASURE_WITH_UNIT (LENGTH_MEASURE( 1.000000000000000082E-05 ), #3349, 'distance_accuracy_value', 'NONE');
#3363 = DIRECTION ( 'NONE',  ( 1.135813540141000073E-30, -1.053424055708070232E-44, -1.000000000000000000 ) ) ;
#3364 = PRESENTATION_STYLE_ASSIGNMENT (( #3012 ) ) ;
#3365 = FILL_AREA_STYLE ('',( #2410 ) ) ;
#3366 = EDGE_CURVE ( 'NONE', #4153, #1158, #3287, .T. ) ;
#3367 = VECTOR ( 'NONE', #2133, 1000.000000000000000 ) ;
#3368 = ORIENTED_EDGE ( 'NONE', *, *, #1450, .T. ) ;
#3369 = ORIENTED_EDGE ( 'NONE', *, *, #3444, .F. ) ;
#3370 = PRESENTATION_LAYER_ASSIGNMENT (  '', '', ( #3923 ) ) ;
#3371 = DIRECTION ( 'NONE',  ( 1.000000000000000000, 0.0000000000000000000, -0.0000000000000000000 ) ) ;
#3372 = EDGE_CURVE ( 'NONE', #1118, #2127, #3306, .T. ) ;
#3373 = DIRECTION ( 'NONE',  ( -1.000000000000000000, 0.0000000000000000000, -0.0000000000000000000 ) ) ;
#3374 = VERTEX_POINT ( 'NONE', #2658 ) ;
#3375 =( LENGTH_UNIT ( ) NAMED_UNIT ( * ) SI_UNIT ( .MILLI., .METRE. ) );
#3376 = STYLED_ITEM ( 'NONE', ( #3508 ), #4273 ) ;
#3377 = PRESENTATION_LAYER_ASSIGNMENT (  '', '', ( #408 ) ) ;
#3378 = VERTEX_POINT ( 'NONE', #85 ) ;
#3379 =( LENGTH_UNIT ( ) NAMED_UNIT ( * ) SI_UNIT ( .MILLI., .METRE. ) );
#3380 = CIRCLE ( 'NONE', #1517, 0.1499999999999999667 ) ;
#3381 = FILL_AREA_STYLE_COLOUR ( '', #3099 ) ;
#3382 =( LENGTH_UNIT ( ) NAMED_UNIT ( * ) SI_UNIT ( .MILLI., .METRE. ) );
#3383 = DIRECTION ( 'NONE',  ( -0.0000000000000000000, -1.000000000000000000, -1.224646799146999945E-16 ) ) ;
#3384 = CARTESIAN_POINT ( 'NONE',  ( -0.05000000000000000278, 0.1499999999999999944, -0.01000000000000000021 ) ) ;
#3385 = ADVANCED_FACE ( 'NONE', ( #1369 ), #1046, .T. ) ;
#3386 = DIRECTION ( 'NONE',  ( 0.0000000000000000000, 0.0000000000000000000, -1.000000000000000000 ) ) ;
#3387 = VERTEX_POINT ( 'NONE', #1667 ) ;
#3388 = EDGE_CURVE ( 'NONE', #133, #2153, #2290, .T. ) ;
#3389 = EDGE_LOOP ( 'NONE', ( #3867, #177, #1417, #633, #2372, #1736, #2629, #3283, #3001, #3124, #2520, #74, #3493, #1692 ) ) ;
#3390 = FILL_AREA_STYLE_COLOUR ( '', #1276 ) ;
#3391 = DIRECTION ( 'NONE',  ( 1.000000000000000000, 0.0000000000000000000, 0.0000000000000000000 ) ) ;
#3392 = VERTEX_POINT ( 'NONE', #2679 ) ;
#3393 = FACE_OUTER_BOUND ( 'NONE', #1848, .T. ) ;
#3394 = SURFACE_STYLE_FILL_AREA ( #2062 ) ;
#3395 = UNCERTAINTY_MEASURE_WITH_UNIT (LENGTH_MEASURE( 1.000000000000000082E-05 ), #571, 'distance_accuracy_value', 'NONE');
#3396 = EDGE_CURVE ( 'NONE', #3322, #261, #720, .T. ) ;
#3397 = PRESENTATION_LAYER_ASSIGNMENT (  '', '', ( #2423 ) ) ;
#3398 = DIRECTION ( 'NONE',  ( -0.0000000000000000000, -0.0000000000000000000, 1.000000000000000000 ) ) ;
#3399 = PRESENTATION_STYLE_ASSIGNMENT (( #744 ) ) ;
#3400 = COLOUR_RGB ( '',0.7803921568627451011, 0.5686274509803921351, 0.1137254901960784298 ) ;
#3401 = CARTESIAN_POINT ( 'NONE',  ( 0.2999999999999999889, -0.2950000000000000400, 0.0000000000000000000 ) ) ;
#3402 = EDGE_LOOP ( 'NONE', ( #4126, #1728, #1710, #944 ) ) ;
#3403 = VECTOR ( 'NONE', #2246, 1000.000000000000000 ) ;
#3404 = PRESENTATION_STYLE_ASSIGNMENT (( #902 ) ) ;
#3405 = PLANE ( 'NONE',  #1197 ) ;
#3406 = AXIS2_PLACEMENT_3D ( 'NONE', #428, #474, #1735 ) ;
#3407 = DIRECTION ( 'NONE',  ( 0.0000000000000000000, 1.000000000000000000, 1.224646799146999945E-16 ) ) ;
#3408 = CIRCLE ( 'NONE', #1798, 0.2000000000000000111 ) ;
#3409 = MECHANICAL_DESIGN_GEOMETRIC_PRESENTATION_REPRESENTATION (  '', ( #165 ), #2917 ) ;
#3410 = CARTESIAN_POINT ( 'NONE',  ( 0.1000000000000000056, -0.2999999999999999889, 0.0000000000000000000 ) ) ;
#3411 = DIRECTION ( 'NONE',  ( 1.000000000000000000, 0.0000000000000000000, 0.0000000000000000000 ) ) ;
#3412 = EDGE_LOOP ( 'NONE', ( #2729, #2698, #3369, #4224 ) ) ;
#3413 = STYLED_ITEM ( 'NONE', ( #228 ), #1425 ) ;
#3414 = AXIS2_PLACEMENT_3D ( 'NONE', #2684, #2066, #4017 ) ;
#3415 = DIRECTION ( 'NONE',  ( -1.000000000000000000, 0.0000000000000000000, 0.0000000000000000000 ) ) ;
#3416 = ADVANCED_FACE ( 'NONE', ( #3350 ), #698, .F. ) ;
#3417 = ORIENTED_EDGE ( 'NONE', *, *, #114, .T. ) ;
#3418 = SURFACE_STYLE_USAGE ( .BOTH. , #2080 ) ;
#3419 = ADVANCED_BREP_SHAPE_REPRESENTATION ( '', ( #1076, #269 ), #3782 ) ;
#3420 = VECTOR ( 'NONE', #2503, 1000.000000000000000 ) ;
#3421 = ORIENTED_EDGE ( 'NONE', *, *, #1997, .F. ) ;
#3422 = CARTESIAN_POINT ( 'NONE',  ( -0.3563508326896408507, 0.2999999999999550804, 3.673940397442249318E-17 ) ) ;
#3423 = FACE_OUTER_BOUND ( 'NONE', #2021, .T. ) ;
#3424 = ORIENTED_EDGE ( 'NONE', *, *, #1444, .T. ) ;
#3425 = MECHANICAL_DESIGN_GEOMETRIC_PRESENTATION_REPRESENTATION (  '', ( #2522 ), #3841 ) ;
#3426 = SURFACE_STYLE_USAGE ( .BOTH. , #773 ) ;
#3427 = MECHANICAL_DESIGN_GEOMETRIC_PRESENTATION_REPRESENTATION (  '', ( #1491 ), #2940 ) ;
#3428 = PLANE ( 'NONE',  #98 ) ;
#3429 = CARTESIAN_POINT ( 'NONE',  ( -0.5500000000000000444, -0.3499999999999999778, 0.0000000000000000000 ) ) ;
#3430 = COLOUR_RGB ( '',0.7803921568627451011, 0.5686274509803921351, 0.1137254901960784298 ) ;
#3431 = LINE ( 'NONE', #466, #4221 ) ;
#3432 =( NAMED_UNIT ( * ) SI_UNIT ( $, .STERADIAN. ) SOLID_ANGLE_UNIT ( ) );
#3433 =( NAMED_UNIT ( * ) PLANE_ANGLE_UNIT ( ) SI_UNIT ( $, .RADIAN. ) );
#3434 = EDGE_LOOP ( 'NONE', ( #3095, #3238, #2585, #2349 ) ) ;
#3435 = AXIS2_PLACEMENT_3D ( 'NONE', #62, #692, #2009 ) ;
#3436 = DIRECTION ( 'NONE',  ( -0.0000000000000000000, -0.0000000000000000000, 1.000000000000000000 ) ) ;
#3437 = VECTOR ( 'NONE', #3313, 1000.000000000000000 ) ;
#3438 = ORIENTED_EDGE ( 'NONE', *, *, #2008, .T. ) ;
#3439 =( NAMED_UNIT ( * ) PLANE_ANGLE_UNIT ( ) SI_UNIT ( $, .RADIAN. ) );
#3440 =( NAMED_UNIT ( * ) PLANE_ANGLE_UNIT ( ) SI_UNIT ( $, .RADIAN. ) );
#3441 = EDGE_LOOP ( 'NONE', ( #155, #2300, #1687 ) ) ;
#3442 = UNCERTAINTY_MEASURE_WITH_UNIT (LENGTH_MEASURE( 1.000000000000000082E-05 ), #882, 'distance_accuracy_value', 'NONE');
#3443 = AXIS2_PLACEMENT_3D ( 'NONE', #2350, #2017, #664 ) ;
#3444 = EDGE_CURVE ( 'NONE', #3649, #3720, #4148, .T. ) ;
#3445 = CARTESIAN_POINT ( 'NONE',  ( 0.4949999999999999956, -0.2999999999999999889, 0.06000000000000000472 ) ) ;
#3446 = CARTESIAN_POINT ( 'NONE',  ( 0.2950000000000000400, -0.3000000000000000444, 0.0000000000000000000 ) ) ;
#3447 = CARTESIAN_POINT ( 'NONE',  ( 0.5500000000000000444, 0.3499999999999999778, 0.0000000000000000000 ) ) ;
#3448 = EDGE_LOOP ( 'NONE', ( #2417, #1969, #2849, #2641, #1097, #1826, #1960, #317 ) ) ;
#3449 = CARTESIAN_POINT ( 'NONE',  ( 0.2999999999999999889, -0.2999999999999999889, 0.0000000000000000000 ) ) ;
#3450 = SURFACE_SIDE_STYLE ('',( #3795 ) ) ;
#3451 = CARTESIAN_POINT ( 'NONE',  ( -0.05000000000000000278, -0.2999999999999999889, -6.204219578153998520E-19 ) ) ;
#3452 = FILL_AREA_STYLE_COLOUR ( '', #2368 ) ;
#3453 = SURFACE_STYLE_FILL_AREA ( #2121 ) ;
#3454 = SHAPE_REPRESENTATION_RELATIONSHIP ( 'NONE' , 'NONE' ,  #1643, #3419 ) ;
#3455 = SURFACE_STYLE_USAGE ( .BOTH. , #1786 ) ;
#3456 = LINE ( 'NONE', #2474, #2504 ) ;
#3457 = ORIENTED_EDGE ( 'NONE', *, *, #1812, .T. ) ;
#3458 = PRESENTATION_STYLE_ASSIGNMENT (( #810 ) ) ;
#3459 = ORIENTED_EDGE ( 'NONE', *, *, #1530, .T. ) ;
#3460 = ORIENTED_EDGE ( 'NONE', *, *, #4155, .F. ) ;
#3461 = LINE ( 'NONE', #92, #584 ) ;
#3462 = CARTESIAN_POINT ( 'NONE',  ( -0.4949999999999999956, -0.2999999999999999889, 0.02000000000000000042 ) ) ;
#3463 = CYLINDRICAL_SURFACE ( 'NONE', #2260, 0.2000000000000000111 ) ;
#3464 = MECHANICAL_DESIGN_GEOMETRIC_PRESENTATION_REPRESENTATION (  '', ( #2423 ), #3048 ) ;
#3465 =( NAMED_UNIT ( * ) PLANE_ANGLE_UNIT ( ) SI_UNIT ( $, .RADIAN. ) );
#3466 = ORIENTED_EDGE ( 'NONE', *, *, #1300, .F. ) ;
#3467 = AXIS2_PLACEMENT_3D ( 'NONE', #1640, #3011, #2341 ) ;
#3468 = CARTESIAN_POINT ( 'NONE',  ( 0.1000000000000000194, -0.2999999999999999889, -1.551054894538499630E-19 ) ) ;
#3469 = EDGE_CURVE ( 'NONE', #4178, #3155, #1434, .T. ) ;
#3470 = CARTESIAN_POINT ( 'NONE',  ( 0.2950000000000000400, 0.2950000000000000400, 0.0000000000000000000 ) ) ;
#3471 = LINE ( 'NONE', #504, #442 ) ;
#3472 =( GEOMETRIC_REPRESENTATION_CONTEXT ( 3 ) GLOBAL_UNCERTAINTY_ASSIGNED_CONTEXT ( ( #147 ) ) GLOBAL_UNIT_ASSIGNED_CONTEXT ( ( #1512, #1867, #1846 ) ) REPRESENTATION_CONTEXT ( 'NONE', 'WORKASPACE' ) );
#3473 = AXIS2_PLACEMENT_3D ( 'NONE', #2926, #2968, #2342 ) ;
#3474 = EDGE_CURVE ( 'NONE', #3256, #1292, #2595, .T. ) ;
#3475 = FILL_AREA_STYLE_COLOUR ( '', #1111 ) ;
#3476 =( LENGTH_UNIT ( ) NAMED_UNIT ( * ) SI_UNIT ( .MILLI., .METRE. ) );
#3477 = SURFACE_STYLE_USAGE ( .BOTH. , #3504 ) ;
#3478 = CIRCLE ( 'NONE', #1596, 0.2400000000000000466 ) ;
#3479 = COLOUR_RGB ( '',0.7803921568627451011, 0.5686274509803921351, 0.1137254901960784298 ) ;
#3480 = VERTEX_POINT ( 'NONE', #1820 ) ;
#3481 = AXIS2_PLACEMENT_3D ( 'NONE', #2170, #3202, #1547 ) ;
#3482 = DIRECTION ( 'NONE',  ( -0.0000000000000000000, 1.224646799146999945E-16, 1.000000000000000000 ) ) ;
#3483 = MECHANICAL_DESIGN_GEOMETRIC_PRESENTATION_REPRESENTATION (  '', ( #3413 ), #1126 ) ;
#3484 = VERTEX_POINT ( 'NONE', #1789 ) ;
#3485 = UNCERTAINTY_MEASURE_WITH_UNIT (LENGTH_MEASURE( 1.000000000000000082E-05 ), #2519, 'distance_accuracy_value', 'NONE');
#3486 = ORIENTED_EDGE ( 'NONE', *, *, #144, .F. ) ;
#3487 = COLOUR_RGB ( '',0.0000000000000000000, 0.3333333333333333148, 0.0000000000000000000 ) ;
#3488 = LINE ( 'NONE', #1494, #2515 ) ;
#3489 = LINE ( 'NONE', #3511, #949 ) ;
#3490 = CIRCLE ( 'NONE', #3221, 0.2400000000000000189 ) ;
#3491 = CIRCLE ( 'NONE', #1188, 0.1700000000000000122 ) ;
#3492 = CARTESIAN_POINT ( 'NONE',  ( -0.5500000000000000444, -0.3499999999999999778, 4.286263797010336595E-17 ) ) ;
#3493 = ORIENTED_EDGE ( 'NONE', *, *, #1030, .F. ) ;
#3494 = PLANE ( 'NONE',  #2590 ) ;
#3495 = UNCERTAINTY_MEASURE_WITH_UNIT (LENGTH_MEASURE( 1.000000000000000082E-05 ), #3476, 'distance_accuracy_value', 'NONE');
#3496 = FACE_OUTER_BOUND ( 'NONE', #3441, .T. ) ;
#3497 = MECHANICAL_DESIGN_GEOMETRIC_PRESENTATION_REPRESENTATION (  '', ( #1001 ), #2662 ) ;
#3498 = CARTESIAN_POINT ( 'NONE',  ( 0.4949999999999306066, 0.1891429205785696288, 0.01999999999999999001 ) ) ;
#3499 = EDGE_CURVE ( 'NONE', #1413, #3333, #2751, .T. ) ;
#3500 = COLOUR_RGB ( '',0.7803921568627451011, 0.5686274509803921351, 0.1137254901960784298 ) ;
#3501 = PRESENTATION_STYLE_ASSIGNMENT (( #2494 ) ) ;
#3502 = SURFACE_STYLE_USAGE ( .BOTH. , #2169 ) ;
#3503 = ORIENTED_EDGE ( 'NONE', *, *, #1067, .F. ) ;
#3504 = SURFACE_SIDE_STYLE ('',( #3847 ) ) ;
#3505 = PRESENTATION_LAYER_ASSIGNMENT (  '', '', ( #325 ) ) ;
#3506 = DIRECTION ( 'NONE',  ( -0.0000000000000000000, 1.224646799146999945E-16, 1.000000000000000000 ) ) ;
#3507 = VERTEX_POINT ( 'NONE', #4095 ) ;
#3508 = PRESENTATION_STYLE_ASSIGNMENT (( #2174 ) ) ;
#3509 = LINE ( 'NONE', #3544, #767 ) ;
#3510 = ORIENTED_EDGE ( 'NONE', *, *, #818, .F. ) ;
#3511 = CARTESIAN_POINT ( 'NONE',  ( -0.1000000000000000056, -0.1499999999999999944, 0.0000000000000000000 ) ) ;
#3512 = AXIS2_PLACEMENT_3D ( 'NONE', #2201, #567, #3212 ) ;
#3513 = DIRECTION ( 'NONE',  ( -1.000000000000000000, 0.0000000000000000000, 0.0000000000000000000 ) ) ;
#3514 = MECHANICAL_DESIGN_GEOMETRIC_PRESENTATION_REPRESENTATION (  '', ( #2539 ), #3025 ) ;
#3515 = CARTESIAN_POINT ( 'NONE',  ( 0.4949999999999999956, 0.1891429205787729384, 0.05999999999999999778 ) ) ;
#3516 = SURFACE_STYLE_FILL_AREA ( #1501 ) ;
#3517 =( NAMED_UNIT ( * ) PLANE_ANGLE_UNIT ( ) SI_UNIT ( $, .RADIAN. ) );
#3518 = PRESENTATION_STYLE_ASSIGNMENT (( #2822 ) ) ;
#3519 =( NAMED_UNIT ( * ) SI_UNIT ( $, .STERADIAN. ) SOLID_ANGLE_UNIT ( ) );
#3520 = UNCERTAINTY_MEASURE_WITH_UNIT (LENGTH_MEASURE( 1.000000000000000082E-05 ), #3382, 'distance_accuracy_value', 'NONE');
#3521 = SURFACE_STYLE_FILL_AREA ( #3803 ) ;
#3522 = LINE ( 'NONE', #1243, #3572 ) ;
#3523 = LINE ( 'NONE', #562, #2828 ) ;
#3524 = DIRECTION ( 'NONE',  ( 0.0000000000000000000, 1.000000000000000000, 1.224646799146999945E-16 ) ) ;
#3525 = EDGE_CURVE ( 'NONE', #1488, #3043, #471, .T. ) ;
#3526 = ORIENTED_EDGE ( 'NONE', *, *, #1966, .T. ) ;
#3527 = SURFACE_STYLE_FILL_AREA ( #3233 ) ;
#3528 = LINE ( 'NONE', #2874, #4136 ) ;
#3529 = CARTESIAN_POINT ( 'NONE',  ( -0.4749999999999319766, 0.1645950378226359589, 0.07999999999999998779 ) ) ;
#3530 = ADVANCED_FACE ( 'NONE', ( #2807 ), #517, .T. ) ;
#3531 = CARTESIAN_POINT ( 'NONE',  ( 0.5500000000000000444, 0.3499999999999999778, 0.06000000000000000472 ) ) ;
#3532 = AXIS2_PLACEMENT_3D ( 'NONE', #2327, #734, #1023 ) ;
#3533 = PRODUCT_DEFINITION_CONTEXT ( 'detailed design', #116, 'design' ) ;
#3534 = SURFACE_SIDE_STYLE ('',( #2880 ) ) ;
#3535 = CARTESIAN_POINT ( 'NONE',  ( 0.4749999999999999778, 0.2999999999999999889, 0.08000000000000000167 ) ) ;
#3536 = CYLINDRICAL_SURFACE ( 'NONE', #1949, 0.01500000000000001159 ) ;
#3537 = COLOUR_RGB ( '',0.0000000000000000000, 1.000000000000000000, 0.0000000000000000000 ) ;
#3538 = CARTESIAN_POINT ( 'NONE',  ( 0.4949999999999999956, -0.1891429205787729384, 0.02000000000000001082 ) ) ;
#3539 = UNCERTAINTY_MEASURE_WITH_UNIT (LENGTH_MEASURE( 1.000000000000000082E-05 ), #2213, 'distance_accuracy_value', 'NONE');
#3540 = VECTOR ( 'NONE', #1620, 1000.000000000000000 ) ;
#3541 = CARTESIAN_POINT ( 'NONE',  ( -0.2000000000000000111, -0.2999999999999999889, 0.06000000000000000472 ) ) ;
#3542 = AXIS2_PLACEMENT_3D ( 'NONE', #3724, #1050, #1694 ) ;
#3543 = DIRECTION ( 'NONE',  ( 0.0000000000000000000, 0.0000000000000000000, -1.000000000000000000 ) ) ;
#3544 = CARTESIAN_POINT ( 'NONE',  ( -0.5000000000000000000, 0.2999999999999999889, 0.0000000000000000000 ) ) ;
#3545 = VERTEX_POINT ( 'NONE', #2394 ) ;
#3546 = ORIENTED_EDGE ( 'NONE', *, *, #597, .F. ) ;
#3547 = CARTESIAN_POINT ( 'NONE',  ( 0.3875192319071404379, 0.2999999999999999889, 0.02000000000000000042 ) ) ;
#3548 = EDGE_CURVE ( 'NONE', #1047, #2219, #2726, .T. ) ;
#3549 = MECHANICAL_DESIGN_GEOMETRIC_PRESENTATION_REPRESENTATION (  '', ( #368 ), #1738 ) ;
#3550 = PRESENTATION_LAYER_ASSIGNMENT (  '', '', ( #369 ) ) ;
#3551 =( NAMED_UNIT ( * ) PLANE_ANGLE_UNIT ( ) SI_UNIT ( $, .RADIAN. ) );
#3552 = CARTESIAN_POINT ( 'NONE',  ( 0.4749999999998638089, -0.1645950378226634925, 2.015707862251542426E-17 ) ) ;
#3553 = MECHANICAL_DESIGN_GEOMETRIC_PRESENTATION_REPRESENTATION (  '', ( #920 ), #172 ) ;
#3554 = PRESENTATION_LAYER_ASSIGNMENT (  '', '', ( #1053 ) ) ;
#3555 = EDGE_CURVE ( 'NONE', #2436, #4058, #561, .T. ) ;
#3556 = FILL_AREA_STYLE_COLOUR ( '', #857 ) ;
#3557 = STYLED_ITEM ( 'NONE', ( #1970 ), #2683 ) ;
#3558 = CIRCLE ( 'NONE', #3625, 0.2000000000000000111 ) ;
#3559 = DIRECTION ( 'NONE',  ( -1.000000000000000000, 0.0000000000000000000, -0.0000000000000000000 ) ) ;
#3560 = CARTESIAN_POINT ( 'NONE',  ( 0.4749999999999999778, 0.2999999999999999889, 0.0000000000000000000 ) ) ;
#3561 = ORIENTED_EDGE ( 'NONE', *, *, #732, .F. ) ;
#3562 = SURFACE_SIDE_STYLE ('',( #1813 ) ) ;
#3563 = SURFACE_STYLE_USAGE ( .BOTH. , #4238 ) ;
#3564 = VECTOR ( 'NONE', #1074, 1000.000000000000000 ) ;
#3565 = DIRECTION ( 'NONE',  ( 0.0000000000000000000, 1.224646799146999945E-16, -1.000000000000000000 ) ) ;
#3566 = ORIENTED_EDGE ( 'NONE', *, *, #888, .F. ) ;
#3567 = SURFACE_SIDE_STYLE ('',( #3585 ) ) ;
#3568 = CARTESIAN_POINT ( 'NONE',  ( -0.3875192319071404379, 0.2999999999999999889, 0.05999999999999999778 ) ) ;
#3569 = SURFACE_STYLE_FILL_AREA ( #619 ) ;
#3570 =( LENGTH_UNIT ( ) NAMED_UNIT ( * ) SI_UNIT ( .MILLI., .METRE. ) );
#3571 = PRESENTATION_STYLE_ASSIGNMENT (( #2591 ) ) ;
#3572 = VECTOR ( 'NONE', #1931, 1000.000000000000000 ) ;
#3573 = DIRECTION ( 'NONE',  ( 0.0000000000000000000, -1.224646799146999945E-16, -1.000000000000000000 ) ) ;
#3574 = EDGE_CURVE ( 'NONE', #1340, #1431, #1843, .T. ) ;
#3575 = CIRCLE ( 'NONE', #1563, 0.1700000000000000122 ) ;
#3576 =( LENGTH_UNIT ( ) NAMED_UNIT ( * ) SI_UNIT ( .MILLI., .METRE. ) );
#3577 = PRESENTATION_STYLE_ASSIGNMENT (( #3860 ) ) ;
#3578 = EDGE_CURVE ( 'NONE', #251, #3192, #4064, .T. ) ;
#3579 = ORIENTED_EDGE ( 'NONE', *, *, #2742, .T. ) ;
#3580 = UNCERTAINTY_MEASURE_WITH_UNIT (LENGTH_MEASURE( 1.000000000000000082E-05 ), #3804, 'distance_accuracy_value', 'NONE');
#3581 = STYLED_ITEM ( 'NONE', ( #519 ), #4185 ) ;
#3582 = SURFACE_SIDE_STYLE ('',( #2540 ) ) ;
#3583 = EDGE_CURVE ( 'NONE', #3679, #2950, #578, .T. ) ;
#3584 = ORIENTED_EDGE ( 'NONE', *, *, #2564, .F. ) ;
#3585 = SURFACE_STYLE_FILL_AREA ( #1929 ) ;
#3586 = SURFACE_STYLE_USAGE ( .BOTH. , #947 ) ;
#3587 = PRESENTATION_STYLE_ASSIGNMENT (( #4261 ) ) ;
#3588 = FILL_AREA_STYLE_COLOUR ( '', #3299 ) ;
#3589 = EDGE_LOOP ( 'NONE', ( #1255, #869, #2754, #66 ) ) ;
#3590 = CARTESIAN_POINT ( 'NONE',  ( 0.4749999999999319766, 0.1645950378226359312, 0.05999999999999998390 ) ) ;
#3591 = FACE_OUTER_BOUND ( 'NONE', #2812, .T. ) ;
#3592 = DIRECTION ( 'NONE',  ( -1.000000000000000000, 0.0000000000000000000, 0.0000000000000000000 ) ) ;
#3593 =( REPRESENTATION_RELATIONSHIP ('NONE','NONE', #2345, #2085 ) REPRESENTATION_RELATIONSHIP_WITH_TRANSFORMATION ( #1093 )SHAPE_REPRESENTATION_RELATIONSHIP( ) );
#3594 = CLOSED_SHELL ( 'NONE', ( #3385, #1901, #1682, #2810, #1401, #976, #929, #2214, #3792, #4093 ) ) ;
#3595 = FACE_OUTER_BOUND ( 'NONE', #2851, .T. ) ;
#3596 = ORIENTED_EDGE ( 'NONE', *, *, #3525, .T. ) ;
#3597 = SURFACE_SIDE_STYLE ('',( #3521 ) ) ;
#3598 = EDGE_CURVE ( 'NONE', #3966, #3374, #1509, .T. ) ;
#3599 =( NAMED_UNIT ( * ) SI_UNIT ( $, .STERADIAN. ) SOLID_ANGLE_UNIT ( ) );
#3600 = DIRECTION ( 'NONE',  ( 0.0000000000000000000, 0.0000000000000000000, -1.000000000000000000 ) ) ;
#3601 = CARTESIAN_POINT ( 'NONE',  ( 0.5000000000000000000, 0.2999999999999999889, 0.02000000000000000042 ) ) ;
#3602 = ORIENTED_EDGE ( 'NONE', *, *, #2023, .F. ) ;
#3603 = DIRECTION ( 'NONE',  ( -0.0000000000000000000, -0.0000000000000000000, 1.000000000000000000 ) ) ;
#3604 = EDGE_CURVE ( 'NONE', #1488, #2198, #3522, .T. ) ;
#3605 = CARTESIAN_POINT ( 'NONE',  ( -0.3875192319071404379, 0.2999999999999999889, 0.02000000000000000042 ) ) ;
#3606 =( NAMED_UNIT ( * ) PLANE_ANGLE_UNIT ( ) SI_UNIT ( $, .RADIAN. ) );
#3607 = CARTESIAN_POINT ( 'NONE',  ( 0.0000000000000000000, 0.0000000000000000000, 0.0000000000000000000 ) ) ;
#3608 = ORIENTED_EDGE ( 'NONE', *, *, #3633, .T. ) ;
#3609 = UNCERTAINTY_MEASURE_WITH_UNIT (LENGTH_MEASURE( 1.000000000000000082E-05 ), #218, 'distance_accuracy_value', 'NONE');
#3610 = AXIS2_PLACEMENT_3D ( 'NONE', #2978, #2594, #1632 ) ;
#3611 = ORIENTED_EDGE ( 'NONE', *, *, #4212, .T. ) ;
#3612 =( GEOMETRIC_REPRESENTATION_CONTEXT ( 3 ) GLOBAL_UNCERTAINTY_ASSIGNED_CONTEXT ( ( #880 ) ) GLOBAL_UNIT_ASSIGNED_CONTEXT ( ( #558, #1907, #1567 ) ) REPRESENTATION_CONTEXT ( 'NONE', 'WORKASPACE' ) );
#3613 = SURFACE_SIDE_STYLE ('',( #2696 ) ) ;
#3614 =( NAMED_UNIT ( * ) PLANE_ANGLE_UNIT ( ) SI_UNIT ( $, .RADIAN. ) );
#3615 = MECHANICAL_DESIGN_GEOMETRIC_PRESENTATION_REPRESENTATION (  '', ( #3132 ), #3265 ) ;
#3616 = CARTESIAN_POINT ( 'NONE',  ( -0.5000000000000000000, -0.1563508326898145895, 2.143131898505168298E-17 ) ) ;
#3617 = MECHANICAL_DESIGN_GEOMETRIC_PRESENTATION_REPRESENTATION (  '', ( #700 ), #2079 ) ;
#3618 = STYLED_ITEM ( 'NONE', ( #4214 ), #1132 ) ;
#3619 = FILL_AREA_STYLE ('',( #2856 ) ) ;
#3620 = CIRCLE ( 'NONE', #4115, 0.1700000000000000122 ) ;
#3621 = COLOUR_RGB ( '',0.8274509803921568096, 0.8274509803921568096, 0.8274509803921568096 ) ;
#3622 = CARTESIAN_POINT ( 'NONE',  ( -0.5500000000000000444, 0.3499999999999999778, 0.02000000000000000736 ) ) ;
#3623 = ORIENTED_EDGE ( 'NONE', *, *, #3239, .T. ) ;
#3624 = MECHANICAL_DESIGN_GEOMETRIC_PRESENTATION_REPRESENTATION (  '', ( #3072 ), #3148 ) ;
#3625 = AXIS2_PLACEMENT_3D ( 'NONE', #2599, #2619, #1593 ) ;
#3626 = DIRECTION ( 'NONE',  ( 0.0000000000000000000, 1.000000000000000000, -1.129377263005733621E-16 ) ) ;
#3627 = UNCERTAINTY_MEASURE_WITH_UNIT (LENGTH_MEASURE( 1.000000000000000082E-05 ), #193, 'distance_accuracy_value', 'NONE');
#3628 = SURFACE_SIDE_STYLE ('',( #1877 ) ) ;
#3629 = CARTESIAN_POINT ( 'NONE',  ( 0.0000000000000000000, 0.0000000000000000000, 0.0000000000000000000 ) ) ;
#3630 = VERTEX_POINT ( 'NONE', #2562 ) ;
#3631 = VECTOR ( 'NONE', #2678, 1000.000000000000000 ) ;
#3632 = SURFACE_STYLE_FILL_AREA ( #2325 ) ;
#3633 = EDGE_CURVE ( 'NONE', #669, #814, #1266, .T. ) ;
#3634 = PRESENTATION_LAYER_ASSIGNMENT (  '', '', ( #1065 ) ) ;
#3635 = LINE ( 'NONE', #1644, #393 ) ;
#3636 = SURFACE_STYLE_USAGE ( .BOTH. , #919 ) ;
#3637 = DIRECTION ( 'NONE',  ( 0.0000000000000000000, 1.000000000000000000, 1.224646799146999945E-16 ) ) ;
#3638 = EDGE_CURVE ( 'NONE', #2113, #1772, #2178, .T. ) ;
#3639 = COLOUR_RGB ( '',0.7803921568627451011, 0.5686274509803921351, 0.1137254901960784298 ) ;
#3640 = VERTEX_POINT ( 'NONE', #2543 ) ;
#3641 = DIRECTION ( 'NONE',  ( -1.000000000000000000, 0.0000000000000000000, 0.0000000000000000000 ) ) ;
#3642 = DIRECTION ( 'NONE',  ( 0.0000000000000000000, -1.034036596358999946E-18, 1.000000000000000000 ) ) ;
#3643 = VECTOR ( 'NONE', #1993, 1000.000000000000000 ) ;
#3644 = CARTESIAN_POINT ( 'NONE',  ( 0.3875192319071404379, 0.2999999999999999889, 0.05999999999999999778 ) ) ;
#3645 = ADVANCED_FACE ( 'NONE', ( #542 ), #3890, .T. ) ;
#3646 = FILL_AREA_STYLE ('',( #1673 ) ) ;
#3647 = COLOUR_RGB ( '',0.7803921568627451011, 0.5686274509803921351, 0.1137254901960784298 ) ;
#3648 = DIRECTION ( 'NONE',  ( 0.0000000000000000000, -1.224646799146999945E-16, -1.000000000000000000 ) ) ;
#3649 = VERTEX_POINT ( 'NONE', #3568 ) ;
#3650 = PRESENTATION_LAYER_ASSIGNMENT (  '', '', ( #1568 ) ) ;
#3651 = FACE_OUTER_BOUND ( 'NONE', #1334, .T. ) ;
#3652 = CARTESIAN_POINT ( 'NONE',  ( -0.5000000000000000000, 0.2600000000000000089, 0.0000000000000000000 ) ) ;
#3653 = DIRECTION ( 'NONE',  ( 0.0000000000000000000, 0.0000000000000000000, -1.000000000000000000 ) ) ;
#3654 = ORIENTED_EDGE ( 'NONE', *, *, #3758, .F. ) ;
#3655 = COLOUR_RGB ( '',0.7803921568627451011, 0.5686274509803921351, 0.1137254901960784298 ) ;
#3656 = DIRECTION ( 'NONE',  ( -1.000000000000000000, 0.0000000000000000000, 0.0000000000000000000 ) ) ;
#3657 = AXIS2_PLACEMENT_3D ( 'NONE', #3143, #1159, #3806 ) ;
#3658 = CARTESIAN_POINT ( 'NONE',  ( -0.4749999999999999778, -0.1645950378230000011, 0.02000000000000000042 ) ) ;
#3659 = ADVANCED_FACE ( 'NONE', ( #3850 ), #3244, .F. ) ;
#3660 = CARTESIAN_POINT ( 'NONE',  ( -0.1999999999999999833, 0.2600000000000000089, 0.0000000000000000000 ) ) ;
#3661 = PRODUCT_CONTEXT ( 'NONE', #4046, 'mechanical' ) ;
#3662 = ORIENTED_EDGE ( 'NONE', *, *, #2387, .F. ) ;
#3663 = FILL_AREA_STYLE ('',( #3000 ) ) ;
#3664 = EDGE_CURVE ( 'NONE', #1908, #2974, #984, .T. ) ;
#3665 = CARTESIAN_POINT ( 'NONE',  ( -0.2974999999999999867, -0.2975000000000000977, 0.1250000000000000000 ) ) ;
#3666 = DIRECTION ( 'NONE',  ( -0.0000000000000000000, 1.000000000000000000, 0.0000000000000000000 ) ) ;
#3667 = DIRECTION ( 'NONE',  ( 1.000000000000000000, 0.0000000000000000000, -0.0000000000000000000 ) ) ;
#3668 = DIRECTION ( 'NONE',  ( -0.0000000000000000000, -0.0000000000000000000, -1.000000000000000000 ) ) ;
#3669 = ORIENTED_EDGE ( 'NONE', *, *, #1560, .F. ) ;
#3670 =( NAMED_UNIT ( * ) SI_UNIT ( $, .STERADIAN. ) SOLID_ANGLE_UNIT ( ) );
#3671 = FILL_AREA_STYLE ('',( #2320 ) ) ;
#3672 = UNCERTAINTY_MEASURE_WITH_UNIT (LENGTH_MEASURE( 1.000000000000000082E-05 ), #3204, 'distance_accuracy_value', 'NONE');
#3673 = DIRECTION ( 'NONE',  ( 1.000000000000000000, 0.0000000000000000000, 0.0000000000000000000 ) ) ;
#3674 = SURFACE_SIDE_STYLE ('',( #315 ) ) ;
#3675 = LINE ( 'NONE', #1021, #371 ) ;
#3676 = DIRECTION ( 'NONE',  ( 1.000000000000000000, -0.0000000000000000000, 0.0000000000000000000 ) ) ;
#3677 = CARTESIAN_POINT ( 'NONE',  ( 0.5000000000000000000, 0.1563508326899999967, 0.0000000000000000000 ) ) ;
#3678 =( NAMED_UNIT ( * ) SI_UNIT ( $, .STERADIAN. ) SOLID_ANGLE_UNIT ( ) );
#3679 = VERTEX_POINT ( 'NONE', #3318 ) ;
#3680 = VERTEX_POINT ( 'NONE', #1659 ) ;
#3681 = EDGE_CURVE ( 'NONE', #4081, #2369, #2674, .T. ) ;
#3682 = CARTESIAN_POINT ( 'NONE',  ( -0.5000000000000000000, -0.1563508326899999967, 0.0000000000000000000 ) ) ;
#3683 = CARTESIAN_POINT ( 'NONE',  ( -0.5500000000000000444, -0.3499999999999999778, 0.06000000000000000472 ) ) ;
#3684 = VECTOR ( 'NONE', #2454, 1000.000000000000000 ) ;
#3685 = ORIENTED_EDGE ( 'NONE', *, *, #3366, .T. ) ;
#3686 = EDGE_CURVE ( 'NONE', #4081, #1498, #3635, .T. ) ;
#3687 =( LENGTH_UNIT ( ) NAMED_UNIT ( * ) SI_UNIT ( .MILLI., .METRE. ) );
#3688 = MECHANICAL_DESIGN_GEOMETRIC_PRESENTATION_REPRESENTATION (  '', ( #1053 ), #991 ) ;
#3689 = SURFACE_STYLE_USAGE ( .BOTH. , #1496 ) ;
#3690 = FILL_AREA_STYLE_COLOUR ( '', #3400 ) ;
#3691 = FILL_AREA_STYLE ('',( #1038 ) ) ;
#3692 = FILL_AREA_STYLE_COLOUR ( '', #2813 ) ;
#3693 = VECTOR ( 'NONE', #3809, 1000.000000000000000 ) ;
#3694 = PRESENTATION_STYLE_ASSIGNMENT (( #2364 ) ) ;
#3695 = SURFACE_STYLE_FILL_AREA ( #386 ) ;
#3696 = ORIENTED_EDGE ( 'NONE', *, *, #61, .T. ) ;
#3697 = PRESENTATION_LAYER_ASSIGNMENT (  '', '', ( #4128 ) ) ;
#3698 =( NAMED_UNIT ( * ) SI_UNIT ( $, .STERADIAN. ) SOLID_ANGLE_UNIT ( ) );
#3699 = CARTESIAN_POINT ( 'NONE',  ( -0.1999999999999999833, 0.2999999999999999889, 0.0000000000000000000 ) ) ;
#3700 = ORIENTED_EDGE ( 'NONE', *, *, #2248, .T. ) ;
#3701 = PRESENTATION_STYLE_ASSIGNMENT (( #2081 ) ) ;
#3702 = AXIS2_PLACEMENT_3D ( 'NONE', #1677, #2987, #2340 ) ;
#3703 = UNCERTAINTY_MEASURE_WITH_UNIT (LENGTH_MEASURE( 1.000000000000000082E-05 ), #1156, 'distance_accuracy_value', 'NONE');
#3704 = MECHANICAL_DESIGN_GEOMETRIC_PRESENTATION_REPRESENTATION (  '', ( #320 ), #252 ) ;
#3705 = EDGE_CURVE ( 'NONE', #2974, #4178, #2282, .T. ) ;
#3706 = DIRECTION ( 'NONE',  ( 0.0000000000000000000, 1.000000000000000000, -1.129377263005733621E-16 ) ) ;
#3707 = MECHANICAL_DESIGN_GEOMETRIC_PRESENTATION_REPRESENTATION (  '', ( #1212 ), #4289 ) ;
#3708 = VERTEX_POINT ( 'NONE', #46 ) ;
#3709 = DIRECTION ( 'NONE',  ( -1.000000000000000000, 0.0000000000000000000, 0.0000000000000000000 ) ) ;
#3710 = VECTOR ( 'NONE', #79, 1000.000000000000000 ) ;
#3711 = UNCERTAINTY_MEASURE_WITH_UNIT (LENGTH_MEASURE( 1.000000000000000082E-05 ), #1495, 'distance_accuracy_value', 'NONE');
#3712 = EDGE_CURVE ( 'NONE', #2369, #3801, #2362, .T. ) ;
#3713 = SURFACE_STYLE_USAGE ( .BOTH. , #3315 ) ;
#3714 = LINE ( 'NONE', #3451, #1125 ) ;
#3715 = CIRCLE ( 'NONE', #2039, 0.1700000000000000122 ) ;
#3716 = CARTESIAN_POINT ( 'NONE',  ( 0.2000000000000000111, 0.2999999999999999889, 0.0000000000000000000 ) ) ;
#3717 = EDGE_CURVE ( 'NONE', #1340, #1981, #2326, .T. ) ;
#3718 = FILL_AREA_STYLE ('',( #1723 ) ) ;
#3719 = SURFACE_SIDE_STYLE ('',( #1410 ) ) ;
#3720 = VERTEX_POINT ( 'NONE', #3605 ) ;
#3721 = FACE_OUTER_BOUND ( 'NONE', #2580, .T. ) ;
#3722 = ORIENTED_EDGE ( 'NONE', *, *, #3258, .F. ) ;
#3723 = SURFACE_STYLE_FILL_AREA ( #2728 ) ;
#3724 = CARTESIAN_POINT ( 'NONE',  ( 0.5500000000000000444, -0.3499999999999999778, 0.02000000000000002470 ) ) ;
#3725 = CARTESIAN_POINT ( 'NONE',  ( -0.4949999999999999956, 0.1891429205790000068, 0.02000000000000000042 ) ) ;
#3726 = DIRECTION ( 'NONE',  ( 0.0000000000000000000, -1.224646799146999945E-16, -1.000000000000000000 ) ) ;
#3727 =( NAMED_UNIT ( * ) SI_UNIT ( $, .STERADIAN. ) SOLID_ANGLE_UNIT ( ) );
#3728 = ORIENTED_EDGE ( 'NONE', *, *, #3305, .T. ) ;
#3729 = CARTESIAN_POINT ( 'NONE',  ( 0.4949999999999999956, -0.2999999999999999889, 0.02000000000000000042 ) ) ;
#3730 = DIRECTION ( 'NONE',  ( 0.0000000000000000000, -0.0000000000000000000, 1.000000000000000000 ) ) ;
#3731 =( LENGTH_UNIT ( ) NAMED_UNIT ( * ) SI_UNIT ( .MILLI., .METRE. ) );
#3732 = CARTESIAN_POINT ( 'NONE',  ( -0.4949999999999999956, -0.2999999999999999889, 0.06000000000000000472 ) ) ;
#3733 = EDGE_CURVE ( 'NONE', #2791, #3192, #1683, .T. ) ;
#3734 = CARTESIAN_POINT ( 'NONE',  ( -0.05000000000000000278, -0.2999999999999999889, -0.01000000000000000021 ) ) ;
#3735 = LINE ( 'NONE', #444, #1587 ) ;
#3736 = SURFACE_STYLE_FILL_AREA ( #1724 ) ;
#3737 = CARTESIAN_POINT ( 'NONE',  ( -0.4949999999999999956, 0.2999999999999999889, 0.02000000000000000042 ) ) ;
#3738 = EDGE_CURVE ( 'NONE', #1622, #1118, #3575, .T. ) ;
#3739 =( LENGTH_UNIT ( ) NAMED_UNIT ( * ) SI_UNIT ( .MILLI., .METRE. ) );
#3740 = FILL_AREA_STYLE_COLOUR ( '', #3168 ) ;
#3741 = ORIENTED_EDGE ( 'NONE', *, *, #3864, .T. ) ;
#3742 =( LENGTH_UNIT ( ) NAMED_UNIT ( * ) SI_UNIT ( .MILLI., .METRE. ) );
#3743 = LINE ( 'NONE', #2108, #2431 ) ;
#3744 = ORIENTED_EDGE ( 'NONE', *, *, #1349, .T. ) ;
#3745 = UNCERTAINTY_MEASURE_WITH_UNIT (LENGTH_MEASURE( 1.000000000000000082E-05 ), #412, 'distance_accuracy_value', 'NONE');
#3746 = ORIENTED_EDGE ( 'NONE', *, *, #4014, .T. ) ;
#3747 = LINE ( 'NONE', #1395, #1338 ) ;
#3748 = AXIS2_PLACEMENT_3D ( 'NONE', #886, #2277, #254 ) ;
#3749 =( NAMED_UNIT ( * ) SI_UNIT ( $, .STERADIAN. ) SOLID_ANGLE_UNIT ( ) );
#3750 = ORIENTED_EDGE ( 'NONE', *, *, #3843, .F. ) ;
#3751 = CIRCLE ( 'NONE', #3542, 0.2000000000000000111 ) ;
#3752 = SURFACE_STYLE_FILL_AREA ( #2424 ) ;
#3753 = CARTESIAN_POINT ( 'NONE',  ( -0.05000000000000000971, -0.2999999999999999889, -0.01000000000000000021 ) ) ;
#3754 = COLOUR_RGB ( '',0.0000000000000000000, 1.000000000000000000, 0.0000000000000000000 ) ;
#3755 = VECTOR ( 'NONE', #2930, 1000.000000000000000 ) ;
#3756 =( LENGTH_UNIT ( ) NAMED_UNIT ( * ) SI_UNIT ( .MILLI., .METRE. ) );
#3757 = CARTESIAN_POINT ( 'NONE',  ( -0.05000000000000000278, -0.1499999999999999944, 0.0000000000000000000 ) ) ;
#3758 = EDGE_CURVE ( 'NONE', #4076, #1675, #4144, .T. ) ;
#3759 = AXIS2_PLACEMENT_3D ( 'NONE', #293, #1910, #3298 ) ;
#3760 = CARTESIAN_POINT ( 'NONE',  ( 0.2937867965644035406, 0.2937867965644035406, 0.1399999999999999856 ) ) ;
#3761 = VECTOR ( 'NONE', #1614, 1000.000000000000000 ) ;
#3762 = PLANE ( 'NONE',  #3156 ) ;
#3763 = CIRCLE ( 'NONE', #2792, 0.1700000000000000122 ) ;
#3764 = PRESENTATION_LAYER_ASSIGNMENT (  '', '', ( #3073 ) ) ;
#3765 = SURFACE_SIDE_STYLE ('',( #2435 ) ) ;
#3766 = ORIENTED_EDGE ( 'NONE', *, *, #729, .T. ) ;
#3767 = SURFACE_STYLE_USAGE ( .BOTH. , #2018 ) ;
#3768 = ADVANCED_FACE ( 'NONE', ( #384 ), #4025, .T. ) ;
#3769 = ORIENTED_EDGE ( 'NONE', *, *, #635, .T. ) ;
#3770 = ORIENTED_EDGE ( 'NONE', *, *, #168, .T. ) ;
#3771 = LINE ( 'NONE', #3725, #2309 ) ;
#3772 = ORIENTED_EDGE ( 'NONE', *, *, #2984, .F. ) ;
#3773 = STYLED_ITEM ( 'NONE', ( #1701 ), #2884 ) ;
#3774 = CARTESIAN_POINT ( 'NONE',  ( -0.05000000000000000278, 0.1499999999999999944, -1.551054894538499630E-19 ) ) ;
#3775 =( LENGTH_UNIT ( ) NAMED_UNIT ( * ) SI_UNIT ( .MILLI., .METRE. ) );
#3776 = PRESENTATION_LAYER_ASSIGNMENT (  '', '', ( #2455 ) ) ;
#3777 = FILL_AREA_STYLE ('',( #2095 ) ) ;
#3778 = DIRECTION ( 'NONE',  ( 0.0000000000000000000, 1.000000000000000000, 1.224646799146999945E-16 ) ) ;
#3779 = LINE ( 'NONE', #1482, #2853 ) ;
#3780 = VECTOR ( 'NONE', #1983, 1000.000000000000000 ) ;
#3781 = SURFACE_SIDE_STYLE ('',( #234 ) ) ;
#3782 =( GEOMETRIC_REPRESENTATION_CONTEXT ( 3 ) GLOBAL_UNCERTAINTY_ASSIGNED_CONTEXT ( ( #3926 ) ) GLOBAL_UNIT_ASSIGNED_CONTEXT ( ( #2652, #63, #2995 ) ) REPRESENTATION_CONTEXT ( 'NONE', 'WORKASPACE' ) );
#3783 = EDGE_CURVE ( 'NONE', #2985, #1908, #1068, .T. ) ;
#3784 = ORIENTED_EDGE ( 'NONE', *, *, #2915, .T. ) ;
#3785 = SURFACE_SIDE_STYLE ('',( #4169 ) ) ;
#3786 = FACE_OUTER_BOUND ( 'NONE', #71, .T. ) ;
#3787 = DIRECTION ( 'NONE',  ( 0.0000000000000000000, 0.0000000000000000000, 1.000000000000000000 ) ) ;
#3788 = EDGE_CURVE ( 'NONE', #206, #4081, #1018, .T. ) ;
#3789 = DIRECTION ( 'NONE',  ( 0.0000000000000000000, 1.000000000000000000, 1.185846126156020228E-16 ) ) ;
#3790 = CARTESIAN_POINT ( 'NONE',  ( -0.3275140453870000190, -0.2999999999999999889, 0.06000000000000000472 ) ) ;
#3791 = ORIENTED_EDGE ( 'NONE', *, *, #2405, .T. ) ;
#3792 = ADVANCED_FACE ( 'NONE', ( #754 ), #143, .F. ) ;
#3793 =( NAMED_UNIT ( * ) SI_UNIT ( $, .STERADIAN. ) SOLID_ANGLE_UNIT ( ) );
#3794 = UNCERTAINTY_MEASURE_WITH_UNIT (LENGTH_MEASURE( 1.000000000000000082E-05 ), #2061, 'distance_accuracy_value', 'NONE');
#3795 = SURFACE_STYLE_FILL_AREA ( #3874 ) ;
#3796 = DIRECTION ( 'NONE',  ( 0.0000000000000000000, -1.224646799146999945E-16, 1.000000000000000000 ) ) ;
#3797 = SURFACE_STYLE_FILL_AREA ( #4138 ) ;
#3798 = CARTESIAN_POINT ( 'NONE',  ( -0.3152661081139450094, 0.2999999999999999889, 0.05999999999999999778 ) ) ;
#3799 = APPLICATION_PROTOCOL_DEFINITION ( 'draft international standard', 'automotive_design', 1998, #36 ) ;
#3800 = PRESENTATION_STYLE_ASSIGNMENT (( #1070 ) ) ;
#3801 = VERTEX_POINT ( 'NONE', #419 ) ;
#3802 = DIRECTION ( 'NONE',  ( 0.0000000000000000000, 0.0000000000000000000, 1.000000000000000000 ) ) ;
#3803 = FILL_AREA_STYLE ('',( #1523 ) ) ;
#3804 =( LENGTH_UNIT ( ) NAMED_UNIT ( * ) SI_UNIT ( .MILLI., .METRE. ) );
#3805 = ORIENTED_EDGE ( 'NONE', *, *, #270, .T. ) ;
#3806 = DIRECTION ( 'NONE',  ( -1.000000000000000000, 0.0000000000000000000, 0.0000000000000000000 ) ) ;
#3807 = PLANE ( 'NONE',  #1460 ) ;
#3808 = ORIENTED_EDGE ( 'NONE', *, *, #72, .T. ) ;
#3809 = DIRECTION ( 'NONE',  ( -0.0000000000000000000, -1.000000000000000000, -1.224646799146999945E-16 ) ) ;
#3810 = CARTESIAN_POINT ( 'NONE',  ( -0.4949999999999999956, 0.2999999999999999889, 0.05999999999999999778 ) ) ;
#3811 = CARTESIAN_POINT ( 'NONE',  ( -0.1000000000000000056, 0.1499999999999999944, -0.01000000000000000021 ) ) ;
#3812 = EDGE_CURVE ( 'NONE', #2219, #1709, #3064, .T. ) ;
#3813 = PRODUCT_DEFINITION_SHAPE ( 'NONE', 'NONE',  #583 ) ;
#3814 = EDGE_LOOP ( 'NONE', ( #2502, #3278, #1326, #1313 ) ) ;
#3815 = PRESENTATION_LAYER_ASSIGNMENT (  '', '', ( #1650 ) ) ;
#3816 = DIRECTION ( 'NONE',  ( 0.0000000000000000000, 1.000000000000000000, -1.355252715606880543E-16 ) ) ;
#3817 =( LENGTH_UNIT ( ) NAMED_UNIT ( * ) SI_UNIT ( .MILLI., .METRE. ) );
#3818 = EDGE_CURVE ( 'NONE', #2950, #2253, #2748, .T. ) ;
#3819 = FILL_AREA_STYLE_COLOUR ( '', #2508 ) ;
#3820 = CIRCLE ( 'NONE', #3203, 0.1700000000000000122 ) ;
#3821 = SURFACE_STYLE_FILL_AREA ( #1521 ) ;
#3822 = EDGE_CURVE ( 'NONE', #3545, #3480, #1429, .T. ) ;
#3823 = LINE ( 'NONE', #3541, #3684 ) ;
#3824 = VECTOR ( 'NONE', #2616, 1000.000000000000000 ) ;
#3825 = VECTOR ( 'NONE', #1112, 1000.000000000000000 ) ;
#3826 = ORIENTED_EDGE ( 'NONE', *, *, #402, .F. ) ;
#3827 = AXIS2_PLACEMENT_3D ( 'NONE', #3429, #2451, #4163 ) ;
#3828 = CARTESIAN_POINT ( 'NONE',  ( 0.3000000000000000444, 0.2950000000000000400, 0.0000000000000000000 ) ) ;
#3829 = VECTOR ( 'NONE', #1377, 1000.000000000000000 ) ;
#3830 = DIRECTION ( 'NONE',  ( 1.000000000000000000, 0.0000000000000000000, 0.0000000000000000000 ) ) ;
#3831 = ORIENTED_EDGE ( 'NONE', *, *, #1759, .F. ) ;
#3832 = EDGE_LOOP ( 'NONE', ( #3602, #699, #3561, #1849, #4008, #107, #3826, #4298, #1726, #409, #1493, #2366, #3669, #521 ) ) ;
#3833 = STYLED_ITEM ( 'NONE', ( #570 ), #2276 ) ;
#3834 =( NAMED_UNIT ( * ) PLANE_ANGLE_UNIT ( ) SI_UNIT ( $, .RADIAN. ) );
#3835 =( GEOMETRIC_REPRESENTATION_CONTEXT ( 3 ) GLOBAL_UNCERTAINTY_ASSIGNED_CONTEXT ( ( #76 ) ) GLOBAL_UNIT_ASSIGNED_CONTEXT ( ( #1248, #2266, #1609 ) ) REPRESENTATION_CONTEXT ( 'NONE', 'WORKASPACE' ) );
#3836 =( NAMED_UNIT ( * ) SI_UNIT ( $, .STERADIAN. ) SOLID_ANGLE_UNIT ( ) );
#3837 = EDGE_LOOP ( 'NONE', ( #3347, #1821, #3146, #3510, #1123, #4259, #2, #2589 ) ) ;
#3838 = CIRCLE ( 'NONE', #1136, 0.2000000000000000389 ) ;
#3839 =( NAMED_UNIT ( * ) PLANE_ANGLE_UNIT ( ) SI_UNIT ( $, .RADIAN. ) );
#3840 = SURFACE_STYLE_FILL_AREA ( #1151 ) ;
#3841 =( GEOMETRIC_REPRESENTATION_CONTEXT ( 3 ) GLOBAL_UNCERTAINTY_ASSIGNED_CONTEXT ( ( #885 ) ) GLOBAL_UNIT_ASSIGNED_CONTEXT ( ( #161, #3109, #3793 ) ) REPRESENTATION_CONTEXT ( 'NONE', 'WORKASPACE' ) );
#3842 = SURFACE_SIDE_STYLE ('',( #2841 ) ) ;
#3843 = EDGE_CURVE ( 'NONE', #3982, #3256, #4089, .T. ) ;
#3844 = MECHANICAL_DESIGN_GEOMETRIC_PRESENTATION_REPRESENTATION (  '', ( #2025 ), #1144 ) ;
#3845 = CARTESIAN_POINT ( 'NONE',  ( -0.05000000000000000278, 0.1499999999999999944, -3.877637236346249075E-20 ) ) ;
#3846 = CARTESIAN_POINT ( 'NONE',  ( -0.2950000000000000400, -0.2999999999999999889, 0.0000000000000000000 ) ) ;
#3847 = SURFACE_STYLE_FILL_AREA ( #576 ) ;
#3848 = STYLED_ITEM ( 'NONE', ( #3140 ), #3416 ) ;
#3849 = EDGE_CURVE ( 'NONE', #2900, #2636, #3431, .T. ) ;
#3850 = FACE_OUTER_BOUND ( 'NONE', #82, .T. ) ;
#3851 = EDGE_LOOP ( 'NONE', ( #112, #1513, #3741, #345 ) ) ;
#3852 = ORIENTED_EDGE ( 'NONE', *, *, #888, .T. ) ;
#3853 = ORIENTED_EDGE ( 'NONE', *, *, #1005, .T. ) ;
#3854 =( GEOMETRIC_REPRESENTATION_CONTEXT ( 3 ) GLOBAL_UNCERTAINTY_ASSIGNED_CONTEXT ( ( #2885 ) ) GLOBAL_UNIT_ASSIGNED_CONTEXT ( ( #4279, #3010, #3599 ) ) REPRESENTATION_CONTEXT ( 'NONE', 'WORKASPACE' ) );
#3855 = DIRECTION ( 'NONE',  ( -1.000000000000000000, 0.0000000000000000000, -0.0000000000000000000 ) ) ;
#3856 = FILL_AREA_STYLE ('',( #2268 ) ) ;
#3857 = STYLED_ITEM ( 'NONE', ( #3002 ), #4173 ) ;
#3858 =( NAMED_UNIT ( * ) PLANE_ANGLE_UNIT ( ) SI_UNIT ( $, .RADIAN. ) );
#3859 = CARTESIAN_POINT ( 'NONE',  ( -0.2950000000000000400, -0.2950000000000000400, 0.0000000000000000000 ) ) ;
#3860 = SURFACE_STYLE_USAGE ( .BOTH. , #310 ) ;
#3861 = FILL_AREA_STYLE ('',( #2557 ) ) ;
#3862 = CARTESIAN_POINT ( 'NONE',  ( 0.5000000000000000000, -0.2085786437628452672, 0.08000000000000000167 ) ) ;
#3863 = UNCERTAINTY_MEASURE_WITH_UNIT (LENGTH_MEASURE( 1.000000000000000082E-05 ), #520, 'distance_accuracy_value', 'NONE');
#3864 = EDGE_CURVE ( 'NONE', #3155, #1908, #3133, .T. ) ;
#3865 = CARTESIAN_POINT ( 'NONE',  ( -0.5000000000000000000, 0.2999999999999999889, 0.0000000000000000000 ) ) ;
#3866 = CIRCLE ( 'NONE', #962, 0.2000000000000000111 ) ;
#3867 = ORIENTED_EDGE ( 'NONE', *, *, #40, .F. ) ;
#3868 = SURFACE_SIDE_STYLE ('',( #2525 ) ) ;
#3869 = ORIENTED_EDGE ( 'NONE', *, *, #2548, .F. ) ;
#3870 = EDGE_CURVE ( 'NONE', #2480, #261, #1783, .T. ) ;
#3871 = ORIENTED_EDGE ( 'NONE', *, *, #4212, .F. ) ;
#3872 = FILL_AREA_STYLE ('',( #879 ) ) ;
#3873 = SURFACE_STYLE_USAGE ( .BOTH. , #4203 ) ;
#3874 = FILL_AREA_STYLE ('',( #2137 ) ) ;
#3875 = DIRECTION ( 'NONE',  ( 0.0000000000000000000, 1.000000000000000000, -1.129377263005733621E-16 ) ) ;
#3876 = DIRECTION ( 'NONE',  ( 1.000000000000000000, 0.0000000000000000000, 0.0000000000000000000 ) ) ;
#3877 = AXIS2_PLACEMENT_3D ( 'NONE', #4243, #3892, #3300 ) ;
#3878 = DIRECTION ( 'NONE',  ( 0.0000000000000000000, 0.0000000000000000000, 1.000000000000000000 ) ) ;
#3879 = CARTESIAN_POINT ( 'NONE',  ( -0.3875192319072686686, -0.3000000000000395128, 0.05999999999999999778 ) ) ;
#3880 = ORIENTED_EDGE ( 'NONE', *, *, #2413, .T. ) ;
#3881 = PRODUCT ( 'Cut005', 'Cut005', '', ( #1503 ) ) ;
#3882 = UNCERTAINTY_MEASURE_WITH_UNIT (LENGTH_MEASURE( 1.000000000000000082E-05 ), #3731, 'distance_accuracy_value', 'NONE');
#3883 = CARTESIAN_POINT ( 'NONE',  ( -0.5000000000000000000, -0.1563508326898145895, 0.08000000000000001554 ) ) ;
#3884 = AXIS2_PLACEMENT_3D ( 'NONE', #1337, #3949, #2682 ) ;
#3885 = FILL_AREA_STYLE ('',( #575 ) ) ;
#3886 = ORIENTED_EDGE ( 'NONE', *, *, #1741, .T. ) ;
#3887 = CARTESIAN_POINT ( 'NONE',  ( 0.4949999999999999956, -0.2999999999999999889, 0.06000000000000000472 ) ) ;
#3888 =( GEOMETRIC_REPRESENTATION_CONTEXT ( 3 ) GLOBAL_UNCERTAINTY_ASSIGNED_CONTEXT ( ( #1945 ) ) GLOBAL_UNIT_ASSIGNED_CONTEXT ( ( #4263, #2563, #21 ) ) REPRESENTATION_CONTEXT ( 'NONE', 'WORKASPACE' ) );
#3889 = STYLED_ITEM ( 'NONE', ( #3800 ), #2118 ) ;
#3890 = PLANE ( 'NONE',  #1832 ) ;
#3891 = EDGE_CURVE ( 'NONE', #3392, #222, #1238, .T. ) ;
#3892 = DIRECTION ( 'NONE',  ( -0.0000000000000000000, 1.224646799146999945E-16, 1.000000000000000000 ) ) ;
#3893 = FACE_OUTER_BOUND ( 'NONE', #565, .T. ) ;
#3894 = FACE_OUTER_BOUND ( 'NONE', #1796, .T. ) ;
#3895 = ORIENTED_EDGE ( 'NONE', *, *, #2513, .T. ) ;
#3896 = STYLED_ITEM ( 'NONE', ( #932 ), #1714 ) ;
#3897 = CIRCLE ( 'NONE', #3269, 0.2000000000000000389 ) ;
#3898 = VERTEX_POINT ( 'NONE', #839 ) ;
#3899 = SURFACE_STYLE_FILL_AREA ( #1555 ) ;
#3900 = VECTOR ( 'NONE', #1721, 1000.000000000000000 ) ;
#3901 =( GEOMETRIC_REPRESENTATION_CONTEXT ( 3 ) GLOBAL_UNCERTAINTY_ASSIGNED_CONTEXT ( ( #319 ) ) GLOBAL_UNIT_ASSIGNED_CONTEXT ( ( #1725, #106, #1686 ) ) REPRESENTATION_CONTEXT ( 'NONE', 'WORKASPACE' ) );
#3902 = DIRECTION ( 'NONE',  ( 0.0000000000000000000, -0.0000000000000000000, 1.000000000000000000 ) ) ;
#3903 = ADVANCED_FACE ( 'NONE', ( #1504 ), #1564, .T. ) ;
#3904 =( LENGTH_UNIT ( ) NAMED_UNIT ( * ) SI_UNIT ( .MILLI., .METRE. ) );
#3905 = FILL_AREA_STYLE ('',( #626 ) ) ;
#3906 = STYLED_ITEM ( 'NONE', ( #1655 ), #1396 ) ;
#3907 = EDGE_CURVE ( 'NONE', #3077, #395, #3715, .T. ) ;
#3908 = PRESENTATION_LAYER_ASSIGNMENT (  '', '', ( #2091 ) ) ;
#3909 =( NAMED_UNIT ( * ) PLANE_ANGLE_UNIT ( ) SI_UNIT ( $, .RADIAN. ) );
#3910 = EDGE_LOOP ( 'NONE', ( #1642, #2694, #672, #2567 ) ) ;
#3911 = AXIS2_PLACEMENT_3D ( 'NONE', #2102, #3436, #1455 ) ;
#3912 =( NAMED_UNIT ( * ) PLANE_ANGLE_UNIT ( ) SI_UNIT ( $, .RADIAN. ) );
#3913 = VECTOR ( 'NONE', #1124, 1000.000000000000000 ) ;
#3914 = ORIENTED_EDGE ( 'NONE', *, *, #2564, .T. ) ;
#3915 = CARTESIAN_POINT ( 'NONE',  ( -0.4749999999999999778, 0.2999999999999999889, 0.08000000000000000167 ) ) ;
#3916 = UNCERTAINTY_MEASURE_WITH_UNIT (LENGTH_MEASURE( 1.000000000000000082E-05 ), #2691, 'distance_accuracy_value', 'NONE');
#3917 = SURFACE_STYLE_FILL_AREA ( #2905 ) ;
#3918 = DIRECTION ( 'NONE',  ( -1.000000000000000000, 0.0000000000000000000, 0.0000000000000000000 ) ) ;
#3919 = ORIENTED_EDGE ( 'NONE', *, *, #2441, .F. ) ;
#3920 = MANIFOLD_SOLID_BREP ( 'Imported1', #3594 ) ;
#3921 = VERTEX_POINT ( 'NONE', #3538 ) ;
#3922 = CARTESIAN_POINT ( 'NONE',  ( 0.4085786437627077494, -0.2999999999999513611, 0.0000000000000000000 ) ) ;
#3923 = STYLED_ITEM ( 'NONE', ( #497 ), #4034 ) ;
#3924 = EDGE_CURVE ( 'NONE', #3047, #875, #215, .T. ) ;
#3925 = COLOUR_RGB ( '',0.7803921568627451011, 0.5686274509803921351, 0.1137254901960784298 ) ;
#3926 = UNCERTAINTY_MEASURE_WITH_UNIT (LENGTH_MEASURE( 1.000000000000000082E-05 ), #2652, 'distance_accuracy_value', 'NONE');
#3927 = CARTESIAN_POINT ( 'NONE',  ( -0.2950000000000000400, 0.3000000000000000444, 0.0000000000000000000 ) ) ;
#3928 = EDGE_LOOP ( 'NONE', ( #2798, #1915, #2655, #1699, #3232, #1638, #4171, #3784 ) ) ;
#3929 = EDGE_CURVE ( 'NONE', #117, #2500, #4187, .T. ) ;
#3930 = VECTOR ( 'NONE', #3264, 1000.000000000000000 ) ;
#3931 =( NAMED_UNIT ( * ) SI_UNIT ( $, .STERADIAN. ) SOLID_ANGLE_UNIT ( ) );
#3932 = SURFACE_STYLE_USAGE ( .BOTH. , #3979 ) ;
#3933 =( NAMED_UNIT ( * ) PLANE_ANGLE_UNIT ( ) SI_UNIT ( $, .RADIAN. ) );
#3934 = MECHANICAL_DESIGN_GEOMETRIC_PRESENTATION_REPRESENTATION (  '', ( #3376 ), #1700 ) ;
#3935 = CARTESIAN_POINT ( 'NONE',  ( 0.0000000000000000000, 0.0000000000000000000, 0.01000000000000000021 ) ) ;
#3936 = PLANE ( 'NONE',  #645 ) ;
#3937 = ORIENTED_EDGE ( 'NONE', *, *, #4016, .T. ) ;
#3938 = CARTESIAN_POINT ( 'NONE',  ( -0.4750000000000030309, 0.1645950378228036026, 0.01999999999999999001 ) ) ;
#3939 = DIRECTION ( 'NONE',  ( 0.0000000000000000000, 0.0000000000000000000, -1.000000000000000000 ) ) ;
#3940 = DIRECTION ( 'NONE',  ( 0.0000000000000000000, -1.224646799146999945E-16, 1.000000000000000000 ) ) ;
#3941 = SURFACE_STYLE_FILL_AREA ( #921 ) ;
#3942 = SURFACE_STYLE_FILL_AREA ( #2973 ) ;
#3943 = ORIENTED_EDGE ( 'NONE', *, *, #1323, .T. ) ;
#3944 = MANIFOLD_SOLID_BREP ( 'Imported1', #2481 ) ;
#3945 = ORIENTED_EDGE ( 'NONE', *, *, #485, .F. ) ;
#3946 = CARTESIAN_POINT ( 'NONE',  ( -0.2999999999999999889, 0.2849999999999999756, 0.1400000000000000133 ) ) ;
#3947 = CARTESIAN_POINT ( 'NONE',  ( 0.4949999999999222799, -0.1577111547697281346, 1.931404608786746271E-17 ) ) ;
#3948 = DIRECTION ( 'NONE',  ( -1.000000000000000000, 0.0000000000000000000, 0.0000000000000000000 ) ) ;
#3949 = DIRECTION ( 'NONE',  ( 0.0000000000000000000, 1.000000000000000000, 0.0000000000000000000 ) ) ;
#3950 = SURFACE_STYLE_USAGE ( .BOTH. , #2618 ) ;
#3951 = ADVANCED_FACE ( 'NONE', ( #670 ), #573, .T. ) ;
#3952 = DIRECTION ( 'NONE',  ( 0.0000000000000000000, 0.0000000000000000000, -1.000000000000000000 ) ) ;
#3953 = VERTEX_POINT ( 'NONE', #3275 ) ;
#3954 = SURFACE_STYLE_USAGE ( .BOTH. , #957 ) ;
#3955 = EDGE_CURVE ( 'NONE', #1262, #814, #338, .T. ) ;
#3956 =( LENGTH_UNIT ( ) NAMED_UNIT ( * ) SI_UNIT ( .MILLI., .METRE. ) );
#3957 =( NAMED_UNIT ( * ) PLANE_ANGLE_UNIT ( ) SI_UNIT ( $, .RADIAN. ) );
#3958 = ORIENTED_EDGE ( 'NONE', *, *, #1059, .T. ) ;
#3959 = VECTOR ( 'NONE', #1660, 1000.000000000000000 ) ;
#3960 =( REPRESENTATION_RELATIONSHIP ('NONE','NONE', #2345, #2878 ) REPRESENTATION_RELATIONSHIP_WITH_TRANSFORMATION ( #3061 )SHAPE_REPRESENTATION_RELATIONSHIP( ) );
#3961 = VECTOR ( 'NONE', #3363, 1000.000000000000000 ) ;
#3962 = ADVANCED_FACE ( 'NONE', ( #651 ), #2966, .T. ) ;
#3963 = FILL_AREA_STYLE_COLOUR ( '', #2975 ) ;
#3964 = FILL_AREA_STYLE_COLOUR ( '', #3754 ) ;
#3965 = VECTOR ( 'NONE', #3235, 1000.000000000000000 ) ;
#3966 = VERTEX_POINT ( 'NONE', #3811 ) ;
#3967 = PLANE ( 'NONE',  #44 ) ;
#3968 = STYLED_ITEM ( 'NONE', ( #2241 ), #929 ) ;
#3969 = CYLINDRICAL_SURFACE ( 'NONE', #3884, 0.01500000000000001159 ) ;
#3970 = DIRECTION ( 'NONE',  ( -0.0000000000000000000, -0.0000000000000000000, -1.000000000000000000 ) ) ;
#3971 = CIRCLE ( 'NONE', #4190, 0.2000000000000000111 ) ;
#3972 = PRESENTATION_LAYER_ASSIGNMENT (  '', '', ( #1880 ) ) ;
#3973 = STYLED_ITEM ( 'NONE', ( #2252 ), #1484 ) ;
#3974 = SURFACE_STYLE_FILL_AREA ( #2402 ) ;
#3975 = ORIENTED_EDGE ( 'NONE', *, *, #3907, .T. ) ;
#3976 = PRODUCT_RELATED_PRODUCT_CATEGORY ( 'part', '', ( #2105 ) ) ;
#3977 = AXIS2_PLACEMENT_3D ( 'NONE', #3859, #3878, #4161 ) ;
#3978 = PLANE ( 'NONE',  #3284 ) ;
#3979 = SURFACE_SIDE_STYLE ('',( #2299 ) ) ;
#3980 = CARTESIAN_POINT ( 'NONE',  ( -0.2999999999999999889, 0.2999999999999999889, 0.0000000000000000000 ) ) ;
#3981 =( NAMED_UNIT ( * ) SI_UNIT ( $, .STERADIAN. ) SOLID_ANGLE_UNIT ( ) );
#3982 = VERTEX_POINT ( 'NONE', #2687 ) ;
#3983 = LINE ( 'NONE', #3887, #4269 ) ;
#3984 = VECTOR ( 'NONE', #807, 1000.000000000000000 ) ;
#3985 = DIRECTION ( 'NONE',  ( -1.000000000000000000, 0.0000000000000000000, 0.0000000000000000000 ) ) ;
#3986 = LINE ( 'NONE', #3319, #822 ) ;
#3987 = ORIENTED_EDGE ( 'NONE', *, *, #3664, .F. ) ;
#3988 = ORIENTED_EDGE ( 'NONE', *, *, #301, .F. ) ;
#3989 = EDGE_CURVE ( 'NONE', #746, #3484, #707, .T. ) ;
#3990 = FACE_OUTER_BOUND ( 'NONE', #24, .T. ) ;
#3991 = CARTESIAN_POINT ( 'NONE',  ( -0.4949999999999999956, -0.2999999999999999889, 0.02000000000000000042 ) ) ;
#3992 = CIRCLE ( 'NONE', #1825, 0.2000000000000000389 ) ;
#3993 = SURFACE_SIDE_STYLE ('',( #69 ) ) ;
#3994 =( NAMED_UNIT ( * ) PLANE_ANGLE_UNIT ( ) SI_UNIT ( $, .RADIAN. ) );
#3995 = MANIFOLD_SOLID_BREP ( 'Imported1', #1310 ) ;
#3996 =( GEOMETRIC_REPRESENTATION_CONTEXT ( 3 ) GLOBAL_UNCERTAINTY_ASSIGNED_CONTEXT ( ( #253 ) ) GLOBAL_UNIT_ASSIGNED_CONTEXT ( ( #739, #3100, #2786 ) ) REPRESENTATION_CONTEXT ( 'NONE', 'WORKASPACE' ) );
#3997 =( GEOMETRIC_REPRESENTATION_CONTEXT ( 3 ) GLOBAL_UNCERTAINTY_ASSIGNED_CONTEXT ( ( #2625 ) ) GLOBAL_UNIT_ASSIGNED_CONTEXT ( ( #1344, #297, #2690 ) ) REPRESENTATION_CONTEXT ( 'NONE', 'WORKASPACE' ) );
#3998 = EDGE_LOOP ( 'NONE', ( #159, #1370, #4194, #3685 ) ) ;
#3999 =( NAMED_UNIT ( * ) PLANE_ANGLE_UNIT ( ) SI_UNIT ( $, .RADIAN. ) );
#4000 =( NAMED_UNIT ( * ) SI_UNIT ( $, .STERADIAN. ) SOLID_ANGLE_UNIT ( ) );
#4001 = PRESENTATION_LAYER_ASSIGNMENT (  '', '', ( #3857 ) ) ;
#4002 = CARTESIAN_POINT ( 'NONE',  ( 0.3152661081139450094, -0.2999999999999999889, 0.06000000000000001166 ) ) ;
#4003 = AXIS2_PLACEMENT_3D ( 'NONE', #2285, #2328, #3301 ) ;
#4004 = DIRECTION ( 'NONE',  ( -1.000000000000000000, 0.0000000000000000000, 0.0000000000000000000 ) ) ;
#4005 = LINE ( 'NONE', #3410, #2068 ) ;
#4006 = LINE ( 'NONE', #1662, #300 ) ;
#4007 = EDGE_CURVE ( 'NONE', #2547, #1291, #1088, .T. ) ;
#4008 = ORIENTED_EDGE ( 'NONE', *, *, #3638, .F. ) ;
#4009 = LINE ( 'NONE', #623, #2094 ) ;
#4010 = CARTESIAN_POINT ( 'NONE',  ( -0.05000000000000000278, 0.2999999999999999889, 0.0000000000000000000 ) ) ;
#4011 = ORIENTED_EDGE ( 'NONE', *, *, #456, .F. ) ;
#4012 = CARTESIAN_POINT ( 'NONE',  ( -0.5000000000000000000, 0.2999999999999999889, 0.0000000000000000000 ) ) ;
#4013 = LINE ( 'NONE', #2334, #3403 ) ;
#4014 = EDGE_CURVE ( 'NONE', #2818, #1554, #3489, .T. ) ;
#4015 =( LENGTH_UNIT ( ) NAMED_UNIT ( * ) SI_UNIT ( .MILLI., .METRE. ) );
#4016 = EDGE_CURVE ( 'NONE', #11, #2752, #4044, .T. ) ;
#4017 = DIRECTION ( 'NONE',  ( 0.0000000000000000000, 1.000000000000000000, 1.185846126156020475E-16 ) ) ;
#4018 = VERTEX_POINT ( 'NONE', #1718 ) ;
#4019 = SURFACE_STYLE_USAGE ( .BOTH. , #1999 ) ;
#4020 = FILL_AREA_STYLE_COLOUR ( '', #3925 ) ;
#4021 = UNCERTAINTY_MEASURE_WITH_UNIT (LENGTH_MEASURE( 1.000000000000000082E-05 ), #207, 'distance_accuracy_value', 'NONE');
#4022 = CYLINDRICAL_SURFACE ( 'NONE', #158, 0.2000000000000000111 ) ;
#4023 = FILL_AREA_STYLE_COLOUR ( '', #3621 ) ;
#4024 = DIRECTION ( 'NONE',  ( 0.0000000000000000000, 1.000000000000000000, -1.185846126156020228E-16 ) ) ;
#4025 = PLANE ( 'NONE',  #662 ) ;
#4026 = ORIENTED_EDGE ( 'NONE', *, *, #3474, .F. ) ;
#4027 =( GEOMETRIC_REPRESENTATION_CONTEXT ( 3 ) GLOBAL_UNCERTAINTY_ASSIGNED_CONTEXT ( ( #2434 ) ) GLOBAL_UNIT_ASSIGNED_CONTEXT ( ( #509, #2453, #3432 ) ) REPRESENTATION_CONTEXT ( 'NONE', 'WORKASPACE' ) );
#4028 =( NAMED_UNIT ( * ) PLANE_ANGLE_UNIT ( ) SI_UNIT ( $, .RADIAN. ) );
#4029 = EDGE_CURVE ( 'NONE', #3326, #2135, #3194, .T. ) ;
#4030 = CARTESIAN_POINT ( 'NONE',  ( 0.2950000000000000400, 0.3000000000000000444, 0.0000000000000000000 ) ) ;
#4031 = EDGE_LOOP ( 'NONE', ( #1085, #1490, #268, #2544, #716, #4288, #1058, #3700 ) ) ;
#4032 = VERTEX_POINT ( 'NONE', #2709 ) ;
#4033 = PRESENTATION_LAYER_ASSIGNMENT (  '', '', ( #2846 ) ) ;
#4034 = ADVANCED_FACE ( 'NONE', ( #75 ), #3463, .T. ) ;
#4035 = VECTOR ( 'NONE', #3524, 1000.000000000000000 ) ;
#4036 = CARTESIAN_POINT ( 'NONE',  ( -0.5500000000000000444, 0.3499999999999999778, -4.286263797015999754E-17 ) ) ;
#4037 = CARTESIAN_POINT ( 'NONE',  ( 0.5500000000000000444, 0.3499999999999999778, 0.05999999999999999778 ) ) ;
#4038 = MECHANICAL_DESIGN_GEOMETRIC_PRESENTATION_REPRESENTATION (  '', ( #505 ), #640 ) ;
#4039 = ORIENTED_EDGE ( 'NONE', *, *, #3849, .F. ) ;
#4040 = AXIS2_PLACEMENT_3D ( 'NONE', #1641, #3565, #2887 ) ;
#4041 = EDGE_CURVE ( 'NONE', #2016, #2560, #829, .T. ) ;
#4042 = SURFACE_STYLE_USAGE ( .BOTH. , #2686 ) ;
#4043 = MECHANICAL_DESIGN_GEOMETRIC_PRESENTATION_REPRESENTATION (  '', ( #1122 ), #2437 ) ;
#4044 = LINE ( 'NONE', #3790, #3367 ) ;
#4045 = DIRECTION ( 'NONE',  ( -1.000000000000000000, 0.0000000000000000000, -0.0000000000000000000 ) ) ;
#4046 = APPLICATION_CONTEXT ( 'automotive_design' ) ;
#4047 = MECHANICAL_DESIGN_GEOMETRIC_PRESENTATION_REPRESENTATION (  '', ( #4275 ), #2996 ) ;
#4048 = SURFACE_STYLE_USAGE ( .BOTH. , #4073 ) ;
#4049 = CIRCLE ( 'NONE', #2929, 0.1499999999999999667 ) ;
#4050 =( LENGTH_UNIT ( ) NAMED_UNIT ( * ) SI_UNIT ( .MILLI., .METRE. ) );
#4051 = STYLED_ITEM ( 'NONE', ( #2876 ), #1682 ) ;
#4052 = DIRECTION ( 'NONE',  ( 0.0000000000000000000, -0.0000000000000000000, 1.000000000000000000 ) ) ;
#4053 = ORIENTED_EDGE ( 'NONE', *, *, #3843, .T. ) ;
#4054 = VERTEX_POINT ( 'NONE', #2875 ) ;
#4055 = CARTESIAN_POINT ( 'NONE',  ( -0.05000000000000000278, 0.2999999999999999889, -0.01000000000000000021 ) ) ;
#4056 = ORIENTED_EDGE ( 'NONE', *, *, #764, .F. ) ;
#4057 = FILL_AREA_STYLE_COLOUR ( '', #1155 ) ;
#4058 = VERTEX_POINT ( 'NONE', #3529 ) ;
#4059 = AXIS2_PLACEMENT_3D ( 'NONE', #4233, #3876, #1301 ) ;
#4060 = UNCERTAINTY_MEASURE_WITH_UNIT (LENGTH_MEASURE( 1.000000000000000082E-05 ), #3111, 'distance_accuracy_value', 'NONE');
#4061 = COLOUR_RGB ( '',0.7803921568627451011, 0.5686274509803921351, 0.1137254901960784298 ) ;
#4062 = DIRECTION ( 'NONE',  ( 0.0000000000000000000, -0.0000000000000000000, -1.000000000000000000 ) ) ;
#4063 = EDGE_CURVE ( 'NONE', #3186, #669, #1576, .T. ) ;
#4064 = CIRCLE ( 'NONE', #1147, 0.2000000000000000389 ) ;
#4065 = VERTEX_POINT ( 'NONE', #2941 ) ;
#4066 =( NAMED_UNIT ( * ) SI_UNIT ( $, .STERADIAN. ) SOLID_ANGLE_UNIT ( ) );
#4067 = PRESENTATION_STYLE_ASSIGNMENT (( #2739 ) ) ;
#4068 = DIRECTION ( 'NONE',  ( -1.000000000000000000, 0.0000000000000000000, 0.0000000000000000000 ) ) ;
#4069 = CARTESIAN_POINT ( 'NONE',  ( -0.4999999999999514277, -0.2085786437627077106, 0.08000000000000000167 ) ) ;
#4070 = EDGE_CURVE ( 'NONE', #2093, #3256, #2894, .T. ) ;
#4071 = LINE ( 'NONE', #3384, #3900 ) ;
#4072 = COLOUR_RGB ( '',0.0000000000000000000, 1.000000000000000000, 0.0000000000000000000 ) ;
#4073 = SURFACE_SIDE_STYLE ('',( #1408 ) ) ;
#4074 = AXIS2_PLACEMENT_3D ( 'NONE', #1231, #2550, #901 ) ;
#4075 =( NAMED_UNIT ( * ) PLANE_ANGLE_UNIT ( ) SI_UNIT ( $, .RADIAN. ) );
#4076 = VERTEX_POINT ( 'NONE', #4248 ) ;
#4077 = VECTOR ( 'NONE', #852, 1000.000000000000000 ) ;
#4078 = CARTESIAN_POINT ( 'NONE',  ( -0.4949999999999999956, -0.2999999999999999889, 0.05999999999999999778 ) ) ;
#4079 = ORIENTED_EDGE ( 'NONE', *, *, #1952, .T. ) ;
#4080 = DIRECTION ( 'NONE',  ( 0.0000000000000000000, 1.224646799146999945E-16, -1.000000000000000000 ) ) ;
#4081 = VERTEX_POINT ( 'NONE', #244 ) ;
#4082 = DIRECTION ( 'NONE',  ( 0.0000000000000000000, 1.000000000000000000, 1.224646799146999699E-16 ) ) ;
#4083 = SURFACE_STYLE_FILL_AREA ( #457 ) ;
#4084 = ORIENTED_EDGE ( 'NONE', *, *, #954, .F. ) ;
#4085 = CARTESIAN_POINT ( 'NONE',  ( 0.5500000000000000444, -0.3499999999999999778, 0.08000000000000002942 ) ) ;
#4086 = ADVANCED_FACE ( 'NONE', ( #1207 ), #951, .T. ) ;
#4087 = CARTESIAN_POINT ( 'NONE',  ( 0.5000000000000000000, -0.2999999999999999889, 0.0000000000000000000 ) ) ;
#4088 = DIRECTION ( 'NONE',  ( -1.000000000000000000, 0.0000000000000000000, -0.0000000000000000000 ) ) ;
#4089 = LINE ( 'NONE', #1109, #1418 ) ;
#4090 = DIRECTION ( 'NONE',  ( -0.0000000000000000000, -1.224646799146999945E-16, 1.000000000000000000 ) ) ;
#4091 = EDGE_LOOP ( 'NONE', ( #896, #4165, #1939, #988, #1507, #341, #1235, #211 ) ) ;
#4092 = PRESENTATION_STYLE_ASSIGNMENT (( #3098 ) ) ;
#4093 = ADVANCED_FACE ( 'NONE', ( #3289 ), #2911, .F. ) ;
#4094 = COLOUR_RGB ( '',0.7803921568627451011, 0.5686274509803921351, 0.1137254901960784298 ) ;
#4095 = CARTESIAN_POINT ( 'NONE',  ( -0.3563508326896408507, 0.2999999999999550804, 0.02000000000000000042 ) ) ;
#4096 = ORIENTED_EDGE ( 'NONE', *, *, #2378, .T. ) ;
#4097 = SURFACE_STYLE_USAGE ( .BOTH. , #1116 ) ;
#4098 = FACE_OUTER_BOUND ( 'NONE', #1953, .T. ) ;
#4099 = ORIENTED_EDGE ( 'NONE', *, *, #3555, .T. ) ;
#4100 = AXIS2_PLACEMENT_3D ( 'NONE', #867, #781, #1767 ) ;
#4101 = ORIENTED_EDGE ( 'NONE', *, *, #2731, .F. ) ;
#4102 = DIRECTION ( 'NONE',  ( -1.000000000000000000, -0.0000000000000000000, -0.0000000000000000000 ) ) ;
#4103 = DIRECTION ( 'NONE',  ( 0.0000000000000000000, -1.224646799146999945E-16, -1.000000000000000000 ) ) ;
#4104 = SURFACE_STYLE_USAGE ( .BOTH. , #1467 ) ;
#4105 = ORIENTED_EDGE ( 'NONE', *, *, #1775, .T. ) ;
#4106 = COLOUR_RGB ( '',0.7803921568627451011, 0.5686274509803921351, 0.1137254901960784298 ) ;
#4107 = PRESENTATION_LAYER_ASSIGNMENT (  '', '', ( #1533 ) ) ;
#4108 = DIRECTION ( 'NONE',  ( -1.000000000000000000, -0.0000000000000000000, -0.0000000000000000000 ) ) ;
#4109 = DIRECTION ( 'NONE',  ( 0.0000000000000000000, 0.0000000000000000000, 1.000000000000000000 ) ) ;
#4110 = LINE ( 'NONE', #1128, #2724 ) ;
#4111 =( NAMED_UNIT ( * ) SI_UNIT ( $, .STERADIAN. ) SOLID_ANGLE_UNIT ( ) );
#4112 = CARTESIAN_POINT ( 'NONE',  ( 0.2999999999999999889, -0.2849999999999999756, 0.1250000000000000000 ) ) ;
#4113 = EDGE_CURVE ( 'NONE', #2500, #4219, #4230, .T. ) ;
#4114 = APPLICATION_PROTOCOL_DEFINITION ( 'draft international standard', 'automotive_design', 1998, #938 ) ;
#4115 = AXIS2_PLACEMENT_3D ( 'NONE', #2281, #3603, #3279 ) ;
#4116 = MECHANICAL_DESIGN_GEOMETRIC_PRESENTATION_REPRESENTATION (  '', ( #369 ), #2790 ) ;
#4117 =( NAMED_UNIT ( * ) SI_UNIT ( $, .STERADIAN. ) SOLID_ANGLE_UNIT ( ) );
#4118 = ADVANCED_FACE ( 'NONE', ( #2223 ), #1027, .T. ) ;
#4119 = LINE ( 'NONE', #490, #1481 ) ;
#4120 = CIRCLE ( 'NONE', #589, 0.2000000000000000389 ) ;
#4121 = CIRCLE ( 'NONE', #3414, 0.2000000000000000111 ) ;
#4122 = DIRECTION ( 'NONE',  ( -0.0000000000000000000, 0.0000000000000000000, -1.000000000000000000 ) ) ;
#4123 = ORIENTED_EDGE ( 'NONE', *, *, #1444, .F. ) ;
#4124 = PLANE ( 'NONE',  #1633 ) ;
#4125 = CYLINDRICAL_SURFACE ( 'NONE', #2501, 0.01499999999999999944 ) ;
#4126 = ORIENTED_EDGE ( 'NONE', *, *, #2302, .T. ) ;
#4127 = EDGE_CURVE ( 'NONE', #3333, #16, #1389, .T. ) ;
#4128 = STYLED_ITEM ( 'NONE', ( #1087 ), #2838 ) ;
#4129 = EDGE_LOOP ( 'NONE', ( #35, #2307, #860, #762, #459, #3201, #2150, #1712 ) ) ;
#4130 = FACE_OUTER_BOUND ( 'NONE', #1174, .T. ) ;
#4131 = DIRECTION ( 'NONE',  ( -0.0000000000000000000, 1.000000000000000000, 0.0000000000000000000 ) ) ;
#4132 = MECHANICAL_DESIGN_GEOMETRIC_PRESENTATION_REPRESENTATION (  '', ( #3773 ), #4134 ) ;
#4133 = ORIENTED_EDGE ( 'NONE', *, *, #2171, .T. ) ;
#4134 =( GEOMETRIC_REPRESENTATION_CONTEXT ( 3 ) GLOBAL_UNCERTAINTY_ASSIGNED_CONTEXT ( ( #2538 ) ) GLOBAL_UNIT_ASSIGNED_CONTEXT ( ( #3379, #1717, #4066 ) ) REPRESENTATION_CONTEXT ( 'NONE', 'WORKASPACE' ) );
#4135 = CARTESIAN_POINT ( 'NONE',  ( 0.4949999999999999956, -0.2999999999999999889, 0.02000000000000000042 ) ) ;
#4136 = VECTOR ( 'NONE', #4247, 1000.000000000000000 ) ;
#4137 = CARTESIAN_POINT ( 'NONE',  ( -0.1000000000000000056, 0.1499999999999999944, 0.0000000000000000000 ) ) ;
#4138 = FILL_AREA_STYLE ('',( #3452 ) ) ;
#4139 = CONTEXT_DEPENDENT_SHAPE_REPRESENTATION ( #3163, #1175 ) ;
#4140 = COLOUR_RGB ( '',0.7803921568627451011, 0.5686274509803921351, 0.1137254901960784298 ) ;
#4141 = CARTESIAN_POINT ( 'NONE',  ( -0.1000000000000000056, 0.2999999999999999889, 0.0000000000000000000 ) ) ;
#4142 = SURFACE_SIDE_STYLE ('',( #2803 ) ) ;
#4143 = ORIENTED_EDGE ( 'NONE', *, *, #351, .T. ) ;
#4144 = CIRCLE ( 'NONE', #3435, 0.2000000000000000111 ) ;
#4145 = DIRECTION ( 'NONE',  ( 0.0000000000000000000, 1.000000000000000000, 1.224646799146999699E-16 ) ) ;
#4146 = SURFACE_STYLE_FILL_AREA ( #425 ) ;
#4147 = VECTOR ( 'NONE', #1402, 1000.000000000000000 ) ;
#4148 = LINE ( 'NONE', #1456, #3090 ) ;
#4149 = VERTEX_POINT ( 'NONE', #3044 ) ;
#4150 = PRESENTATION_STYLE_ASSIGNMENT (( #3076 ) ) ;
#4151 = DIRECTION ( 'NONE',  ( 0.0000000000000000000, 0.0000000000000000000, -1.000000000000000000 ) ) ;
#4152 = ORIENTED_EDGE ( 'NONE', *, *, #597, .T. ) ;
#4153 = VERTEX_POINT ( 'NONE', #3665 ) ;
#4154 =( LENGTH_UNIT ( ) NAMED_UNIT ( * ) SI_UNIT ( .MILLI., .METRE. ) );
#4155 = EDGE_CURVE ( 'NONE', #2936, #476, #2681, .T. ) ;
#4156 = STYLED_ITEM ( 'NONE', ( #986 ), #4291 ) ;
#4157 = CARTESIAN_POINT ( 'NONE',  ( 0.5500000000000000444, -0.3499999999999999778, 4.286263797015999754E-17 ) ) ;
#4158 = EDGE_LOOP ( 'NONE', ( #2825, #2969, #3120, #205 ) ) ;
#4159 = LINE ( 'NONE', #3774, #1485 ) ;
#4160 = EDGE_CURVE ( 'NONE', #4149, #1431, #88, .T. ) ;
#4161 = DIRECTION ( 'NONE',  ( 1.000000000000000000, 0.0000000000000000000, 0.0000000000000000000 ) ) ;
#4162 = CARTESIAN_POINT ( 'NONE',  ( 0.5000000000000000000, 0.2600000000000000089, 0.0000000000000000000 ) ) ;
#4163 = DIRECTION ( 'NONE',  ( -1.000000000000000000, 0.0000000000000000000, 0.0000000000000000000 ) ) ;
#4164 = CONTEXT_DEPENDENT_SHAPE_REPRESENTATION ( #2923, #1449 ) ;
#4165 = ORIENTED_EDGE ( 'NONE', *, *, #3578, .T. ) ;
#4166 =( NAMED_UNIT ( * ) SI_UNIT ( $, .STERADIAN. ) SOLID_ANGLE_UNIT ( ) );
#4167 = FILL_AREA_STYLE ('',( #4260 ) ) ;
#4168 = ORIENTED_EDGE ( 'NONE', *, *, #225, .F. ) ;
#4169 = SURFACE_STYLE_FILL_AREA ( #1436 ) ;
#4170 = CARTESIAN_POINT ( 'NONE',  ( -0.2950000000000000400, -0.2950000000000000400, 0.0000000000000000000 ) ) ;
#4171 = ORIENTED_EDGE ( 'NONE', *, *, #4041, .T. ) ;
#4172 = ORIENTED_EDGE ( 'NONE', *, *, #2784, .T. ) ;
#4173 = ADVANCED_FACE ( 'NONE', ( #1989 ), #1631, .T. ) ;
#4174 = LINE ( 'NONE', #3810, #4285 ) ;
#4175 = SURFACE_STYLE_USAGE ( .BOTH. , #858 ) ;
#4176 = CARTESIAN_POINT ( 'NONE',  ( -0.5500000000000000444, 0.3499999999999999778, 0.05999999999999999084 ) ) ;
#4177 = PRODUCT_DEFINITION_SHAPE ( 'NONE', 'NONE',  #1211 ) ;
#4178 = VERTEX_POINT ( 'NONE', #3022 ) ;
#4179 = ADVANCED_FACE ( 'NONE', ( #1647 ), #723, .T. ) ;
#4180 =( GEOMETRIC_REPRESENTATION_CONTEXT ( 3 ) GLOBAL_UNCERTAINTY_ASSIGNED_CONTEXT ( ( #3520 ) ) GLOBAL_UNIT_ASSIGNED_CONTEXT ( ( #3382, #3999, #42 ) ) REPRESENTATION_CONTEXT ( 'NONE', 'WORKASPACE' ) );
#4181 = LINE ( 'NONE', #862, #3084 ) ;
#4182 =( LENGTH_UNIT ( ) NAMED_UNIT ( * ) SI_UNIT ( .MILLI., .METRE. ) );
#4183 = VECTOR ( 'NONE', #1013, 1000.000000000000000 ) ;
#4184 =( GEOMETRIC_REPRESENTATION_CONTEXT ( 3 ) GLOBAL_UNCERTAINTY_ASSIGNED_CONTEXT ( ( #2449 ) ) GLOBAL_UNIT_ASSIGNED_CONTEXT ( ( #638, #1967, #145 ) ) REPRESENTATION_CONTEXT ( 'NONE', 'WORKASPACE' ) );
#4185 = ADVANCED_FACE ( 'NONE', ( #2107 ), #4124, .T. ) ;
#4186 = PRESENTATION_LAYER_ASSIGNMENT (  '', '', ( #3968 ) ) ;
#4187 = LINE ( 'NONE', #1192, #1220 ) ;
#4188 = SURFACE_STYLE_USAGE ( .BOTH. , #2949 ) ;
#4189 = FILL_AREA_STYLE_COLOUR ( '', #3134 ) ;
#4190 = AXIS2_PLACEMENT_3D ( 'NONE', #904, #2226, #283 ) ;
#4191 = AXIS2_PLACEMENT_3D ( 'NONE', #2346, #1095, #2035 ) ;
#4192 = SURFACE_STYLE_USAGE ( .BOTH. , #3597 ) ;
#4193 =( NAMED_UNIT ( * ) PLANE_ANGLE_UNIT ( ) SI_UNIT ( $, .RADIAN. ) );
#4194 = ORIENTED_EDGE ( 'NONE', *, *, #294, .T. ) ;
#4195 = MECHANICAL_DESIGN_GEOMETRIC_PRESENTATION_REPRESENTATION (  '', ( #3067 ), #778 ) ;
#4196 = SURFACE_SIDE_STYLE ('',( #3941 ) ) ;
#4197 = AXIS2_PLACEMENT_3D ( 'NONE', #440, #3032, #1424 ) ;
#4198 = DIRECTION ( 'NONE',  ( -1.000000000000000000, -0.0000000000000000000, 0.0000000000000000000 ) ) ;
#4199 = ORIENTED_EDGE ( 'NONE', *, *, #168, .F. ) ;
#4200 = ORIENTED_EDGE ( 'NONE', *, *, #3712, .T. ) ;
#4201 = PRESENTATION_LAYER_ASSIGNMENT (  '', '', ( #3149 ) ) ;
#4202 = PLANE ( 'NONE',  #1476 ) ;
#4203 = SURFACE_SIDE_STYLE ('',( #1917 ) ) ;
#4204 = MECHANICAL_DESIGN_GEOMETRIC_PRESENTATION_REPRESENTATION (  '', ( #374 ), #445 ) ;
#4205 = DIRECTION ( 'NONE',  ( -0.0000000000000000000, 0.0000000000000000000, -1.000000000000000000 ) ) ;
#4206 = EDGE_CURVE ( 'NONE', #476, #3392, #1973, .T. ) ;
#4207 = CYLINDRICAL_SURFACE ( 'NONE', #3977, 0.005000000000000013115 ) ;
#4208 = LINE ( 'NONE', #3535, #1543 ) ;
#4209 = CARTESIAN_POINT ( 'NONE',  ( 0.4949999999999611933, -0.1577111547697170046, 0.06000000000000001860 ) ) ;
#4210 = DIRECTION ( 'NONE',  ( 0.0000000000000000000, 0.0000000000000000000, 1.000000000000000000 ) ) ;
#4211 = UNCERTAINTY_MEASURE_WITH_UNIT (LENGTH_MEASURE( 1.000000000000000082E-05 ), #4182, 'distance_accuracy_value', 'NONE');
#4212 = EDGE_CURVE ( 'NONE', #1951, #1355, #2886, .T. ) ;
#4213 = DIRECTION ( 'NONE',  ( 9.274621392321998436E-15, 1.000000000000000000, 0.0000000000000000000 ) ) ;
#4214 = PRESENTATION_STYLE_ASSIGNMENT (( #3115 ) ) ;
#4215 = FACE_OUTER_BOUND ( 'NONE', #2693, .T. ) ;
#4216 = AXIS2_PLACEMENT_3D ( 'NONE', #2261, #891, #1864 ) ;
#4217 = DIRECTION ( 'NONE',  ( -0.0000000000000000000, 1.000000000000000000, 0.0000000000000000000 ) ) ;
#4218 = CARTESIAN_POINT ( 'NONE',  ( -0.1000000000000000056, 0.1499999999999999944, 0.0000000000000000000 ) ) ;
#4219 = VERTEX_POINT ( 'NONE', #2830 ) ;
#4220 = PRODUCT_DEFINITION_SHAPE ( 'NONE', 'NONE',  #4305 ) ;
#4221 = VECTOR ( 'NONE', #3778, 1000.000000000000000 ) ;
#4222 = CARTESIAN_POINT ( 'NONE',  ( 0.3713942890049999890, 0.2600000000000000089, 3.184081677782999738E-17 ) ) ;
#4223 = ORIENTED_EDGE ( 'NONE', *, *, #2457, .T. ) ;
#4224 = ORIENTED_EDGE ( 'NONE', *, *, #1635, .F. ) ;
#4225 = STYLED_ITEM ( 'NONE', ( #1906 ), #3903 ) ;
#4226 = CARTESIAN_POINT ( 'NONE',  ( 0.4749999999999319211, -0.1645950378226359589, 0.08000000000000001554 ) ) ;
#4227 = SURFACE_SIDE_STYLE ('',( #226 ) ) ;
#4228 =( NAMED_UNIT ( * ) SI_UNIT ( $, .STERADIAN. ) SOLID_ANGLE_UNIT ( ) );
#4229 = SURFACE_STYLE_USAGE ( .BOTH. , #2425 ) ;
#4230 = CIRCLE ( 'NONE', #4074, 0.2000000000000000389 ) ;
#4231 = PLANE ( 'NONE',  #516 ) ;
#4232 = PRESENTATION_LAYER_ASSIGNMENT (  '', '', ( #2120 ) ) ;
#4233 = CARTESIAN_POINT ( 'NONE',  ( 0.3275140453870000190, -0.2600000000000000089, 0.06000000000000000472 ) ) ;
#4234 = FILL_AREA_STYLE ('',( #2533 ) ) ;
#4235 = ORIENTED_EDGE ( 'NONE', *, *, #514, .F. ) ;
#4236 = EDGE_CURVE ( 'NONE', #4277, #1303, #2498, .T. ) ;
#4237 = DIRECTION ( 'NONE',  ( 0.0000000000000000000, 0.0000000000000000000, 1.000000000000000000 ) ) ;
#4238 = SURFACE_SIDE_STYLE ('',( #289 ) ) ;
#4239 = CARTESIAN_POINT ( 'NONE',  ( -0.2000000000000000111, -0.2600000000000000089, 0.02000000000000000042 ) ) ;
#4240 = ORIENTED_EDGE ( 'NONE', *, *, #378, .T. ) ;
#4241 = CARTESIAN_POINT ( 'NONE',  ( 0.5500000000000000444, 0.3499999999999999778, 0.07999999999999998779 ) ) ;
#4242 = ADVANCED_FACE ( 'NONE', ( #3393 ), #427, .T. ) ;
#4243 = CARTESIAN_POINT ( 'NONE',  ( -0.5500000000000000444, 0.3499999999999999778, 0.07999999999999998779 ) ) ;
#4244 = ORIENTED_EDGE ( 'NONE', *, *, #4206, .T. ) ;
#4245 = EDGE_LOOP ( 'NONE', ( #2476, #937, #2392, #1731 ) ) ;
#4246 = CARTESIAN_POINT ( 'NONE',  ( -0.3000000000000000444, -0.2950000000000000400, 0.0000000000000000000 ) ) ;
#4247 = DIRECTION ( 'NONE',  ( -1.135813540141000073E-30, -1.053424055708070232E-44, -1.000000000000000000 ) ) ;
#4248 = CARTESIAN_POINT ( 'NONE',  ( -0.3563508326896407952, -0.2999999999999550804, -3.673940397441449980E-17 ) ) ;
#4249 = PLANE ( 'NONE',  #3610 ) ;
#4250 = SURFACE_STYLE_FILL_AREA ( #3905 ) ;
#4251 = FACE_OUTER_BOUND ( 'NONE', #1348, .T. ) ;
#4252 = VERTEX_POINT ( 'NONE', #1226 ) ;
#4253 = STYLED_ITEM ( 'NONE', ( #2208 ), #421 ) ;
#4254 = CARTESIAN_POINT ( 'NONE',  ( -0.5000000000000000000, 0.2999999999999999889, 0.08000000000000000167 ) ) ;
#4255 = UNCERTAINTY_MEASURE_WITH_UNIT (LENGTH_MEASURE( 1.000000000000000082E-05 ), #3739, 'distance_accuracy_value', 'NONE');
#4256 = FILL_AREA_STYLE ('',( #1306 ) ) ;
#4257 =( GEOMETRIC_REPRESENTATION_CONTEXT ( 3 ) GLOBAL_UNCERTAINTY_ASSIGNED_CONTEXT ( ( #2826 ) ) GLOBAL_UNIT_ASSIGNED_CONTEXT ( ( #3775, #140, #2895 ) ) REPRESENTATION_CONTEXT ( 'NONE', 'WORKASPACE' ) );
#4258 = LINE ( 'NONE', #1887, #917 ) ;
#4259 = ORIENTED_EDGE ( 'NONE', *, *, #796, .F. ) ;
#4260 = FILL_AREA_STYLE_COLOUR ( '', #4140 ) ;
#4261 = SURFACE_STYLE_USAGE ( .BOTH. , #963 ) ;
#4262 =( NAMED_UNIT ( * ) SI_UNIT ( $, .STERADIAN. ) SOLID_ANGLE_UNIT ( ) );
#4263 =( LENGTH_UNIT ( ) NAMED_UNIT ( * ) SI_UNIT ( .MILLI., .METRE. ) );
#4264 = EDGE_CURVE ( 'NONE', #1772, #251, #3246, .T. ) ;
#4265 = VECTOR ( 'NONE', #953, 1000.000000000000000 ) ;
#4266 = PRESENTATION_LAYER_ASSIGNMENT (  '', '', ( #3618 ) ) ;
#4267 = ORIENTED_EDGE ( 'NONE', *, *, #2387, .T. ) ;
#4268 = LINE ( 'NONE', #3250, #647 ) ;
#4269 = VECTOR ( 'NONE', #4300, 1000.000000000000000 ) ;
#4270 = VECTOR ( 'NONE', #1106, 1000.000000000000000 ) ;
#4271 = CARTESIAN_POINT ( 'NONE',  ( -0.05000000000000000278, -0.1500000000000000222, -4.653164683615499853E-19 ) ) ;
#4272 = CARTESIAN_POINT ( 'NONE',  ( 0.3875192319072686686, 0.3000000000000394018, 0.02000000000000000042 ) ) ;
#4273 = ADVANCED_FACE ( 'NONE', ( #3893 ), #3228, .T. ) ;
#4274 = COLOUR_RGB ( '',0.0000000000000000000, 1.000000000000000000, 0.0000000000000000000 ) ;
#4275 = STYLED_ITEM ( 'NONE', ( #1015 ), #1542 ) ;
#4276 = AXIS2_PLACEMENT_3D ( 'NONE', #2552, #3195, #3252 ) ;
#4277 = VERTEX_POINT ( 'NONE', #1200 ) ;
#4278 = MECHANICAL_DESIGN_GEOMETRIC_PRESENTATION_REPRESENTATION (  '', ( #1957 ), #108 ) ;
#4279 =( LENGTH_UNIT ( ) NAMED_UNIT ( * ) SI_UNIT ( .MILLI., .METRE. ) );
#4280 = DIRECTION ( 'NONE',  ( 1.000000000000000000, 0.0000000000000000000, 0.0000000000000000000 ) ) ;
#4281 = VECTOR ( 'NONE', #1537, 1000.000000000000000 ) ;
#4282 = DIRECTION ( 'NONE',  ( 0.0000000000000000000, 0.0000000000000000000, 1.000000000000000000 ) ) ;
#4283 = FACE_OUTER_BOUND ( 'NONE', #1773, .T. ) ;
#4284 = ORIENTED_EDGE ( 'NONE', *, *, #540, .F. ) ;
#4285 = VECTOR ( 'NONE', #525, 1000.000000000000000 ) ;
#4286 = APPLICATION_CONTEXT ( 'automotive_design' ) ;
#4287 = SURFACE_SIDE_STYLE ('',( #1624 ) ) ;
#4288 = ORIENTED_EDGE ( 'NONE', *, *, #3331, .T. ) ;
#4289 =( GEOMETRIC_REPRESENTATION_CONTEXT ( 3 ) GLOBAL_UNCERTAINTY_ASSIGNED_CONTEXT ( ( #3580 ) ) GLOBAL_UNIT_ASSIGNED_CONTEXT ( ( #3804, #149, #109 ) ) REPRESENTATION_CONTEXT ( 'NONE', 'WORKASPACE' ) );
#4290 = UNCERTAINTY_MEASURE_WITH_UNIT (LENGTH_MEASURE( 1.000000000000000082E-05 ), #550, 'distance_accuracy_value', 'NONE');
#4291 = ADVANCED_FACE ( 'NONE', ( #2588 ), #221, .F. ) ;
#4292 = SURFACE_STYLE_USAGE ( .BOTH. , #2938 ) ;
#4293 =( NAMED_UNIT ( * ) SI_UNIT ( $, .STERADIAN. ) SOLID_ANGLE_UNIT ( ) );
#4294 = LINE ( 'NONE', #2292, #4183 ) ;
#4295 = DIRECTION ( 'NONE',  ( 0.0000000000000000000, -1.224646799146999945E-16, -1.000000000000000000 ) ) ;
#4296 = EDGE_CURVE ( 'NONE', #1247, #1573, #675, .T. ) ;
#4297 = LINE ( 'NONE', #2531, #2380 ) ;
#4298 = ORIENTED_EDGE ( 'NONE', *, *, #1253, .F. ) ;
#4299 = CARTESIAN_POINT ( 'NONE',  ( 0.5500000000000000444, -0.3499999999999999778, 0.06000000000000000472 ) ) ;
#4300 = DIRECTION ( 'NONE',  ( -0.0000000000000000000, -1.000000000000000000, -1.224646799146999945E-16 ) ) ;
#4301 = NEXT_ASSEMBLY_USAGE_OCCURRENCE ( 'NAUO1', ' ', ' ', #1581, #583, $ ) ;
#4302 = NEXT_ASSEMBLY_USAGE_OCCURRENCE ( 'NAUO2', ' ', ' ', #1581, #2103, $ ) ;
#4303 = NEXT_ASSEMBLY_USAGE_OCCURRENCE ( 'NAUO3', ' ', ' ', #1581, #1211, $ ) ;
#4304 = NEXT_ASSEMBLY_USAGE_OCCURRENCE ( 'NAUO4', ' ', ' ', #1581, #751, $ ) ;
#4305 = NEXT_ASSEMBLY_USAGE_OCCURRENCE ( 'NAUO5', ' ', ' ', #1581, #1267, $ ) ;
ENDSEC;
END-ISO-10303-21;
