ISO-10303-21;
HEADER;
FILE_DESCRIPTION (( 'STEP AP214' ),
    '1' );
FILE_NAME ('User Library-LED_1006_R.STEP',
    '2026-08-14T18:22:25',
    ( '' ),
    ( '' ),
    'SwSTEP 2.0',
    'SolidWorks 2022',
    '' );
FILE_SCHEMA (( 'AUTOMOTIVE_DESIGN' ));
ENDSEC;

DATA;
#1 =( LENGTH_UNIT ( ) NAMED_UNIT ( * ) SI_UNIT ( .MILLI., .METRE. ) );
#2 = EDGE_CURVE ( 'NONE', #3516, #397, #2411, .T. ) ;
#3 = VERTEX_POINT ( 'NONE', #811 ) ;
#4 = ORIENTED_EDGE ( 'NONE', *, *, #2097, .T. ) ;
#5 = ADVANCED_BREP_SHAPE_REPRESENTATION ( '', ( #2632, #1974 ), #3859 ) ;
#6 = EDGE_CURVE ( 'NONE', #3772, #2784, #2730, .T. ) ;
#7 = DIRECTION ( 'NONE',  ( 0.0000000000000000000, -0.0000000000000000000, -1.000000000000000000 ) ) ;
#8 = VECTOR ( 'NONE', #1617, 1000.000000000000000 ) ;
#9 = DIRECTION ( 'NONE',  ( 1.000000000000000000, 0.0000000000000000000, 0.0000000000000000000 ) ) ;
#10 = EDGE_LOOP ( 'NONE', ( #1679, #800, #1201, #28 ) ) ;
#11 = ORIENTED_EDGE ( 'NONE', *, *, #2142, .F. ) ;
#12 = PRESENTATION_LAYER_ASSIGNMENT (  '', '', ( #3900 ) ) ;
#13 = STYLED_ITEM ( 'NONE', ( #2485 ), #4091 ) ;
#14 = DIRECTION ( 'NONE',  ( 0.0000000000000000000, 0.0000000000000000000, 1.000000000000000000 ) ) ;
#15 = DIRECTION ( 'NONE',  ( -0.0000000000000000000, -0.0000000000000000000, -1.000000000000000000 ) ) ;
#16 = EDGE_CURVE ( 'NONE', #2784, #271, #4102, .T. ) ;
#17 = DIRECTION ( 'NONE',  ( 0.0000000000000000000, -0.0000000000000000000, -1.000000000000000000 ) ) ;
#18 = ADVANCED_FACE ( 'NONE', ( #1832 ), #1768, .F. ) ;
#19 = SURFACE_STYLE_USAGE ( .BOTH. , #1955 ) ;
#20 = FILL_AREA_STYLE_COLOUR ( '', #4150 ) ;
#21 = ORIENTED_EDGE ( 'NONE', *, *, #3526, .F. ) ;
#22 = CARTESIAN_POINT ( 'NONE',  ( 0.3713942890049999890, 0.2600000000000000089, 3.184081677782999738E-17 ) ) ;
#23 = STYLED_ITEM ( 'NONE', ( #1277 ), #66 ) ;
#24 =( NAMED_UNIT ( * ) SI_UNIT ( $, .STERADIAN. ) SOLID_ANGLE_UNIT ( ) );
#25 = CARTESIAN_POINT ( 'NONE',  ( 0.2975000000000000422, 0.2974999999999999867, 0.1250000000000000000 ) ) ;
#26 = LINE ( 'NONE', #935, #899 ) ;
#27 = ORIENTED_EDGE ( 'NONE', *, *, #2267, .T. ) ;
#28 = ORIENTED_EDGE ( 'NONE', *, *, #16, .F. ) ;
#29 = FACE_OUTER_BOUND ( 'NONE', #1987, .T. ) ;
#30 = VECTOR ( 'NONE', #2684, 1000.000000000000000 ) ;
#31 = LINE ( 'NONE', #2477, #2532 ) ;
#32 = PRESENTATION_STYLE_ASSIGNMENT (( #3941 ) ) ;
#33 = VERTEX_POINT ( 'NONE', #3392 ) ;
#34 = LINE ( 'NONE', #764, #1342 ) ;
#35 = FILL_AREA_STYLE_COLOUR ( '', #3716 ) ;
#36 = DIRECTION ( 'NONE',  ( -1.000000000000000000, -0.0000000000000000000, -0.0000000000000000000 ) ) ;
#37 = FILL_AREA_STYLE ('',( #1399 ) ) ;
#38 = EDGE_CURVE ( 'NONE', #2034, #323, #3725, .T. ) ;
#39 =( NAMED_UNIT ( * ) PLANE_ANGLE_UNIT ( ) SI_UNIT ( $, .RADIAN. ) );
#40 = CARTESIAN_POINT ( 'NONE',  ( -0.3152661081140000210, 0.2999999999999999889, 0.0000000000000000000 ) ) ;
#41 = STYLED_ITEM ( 'NONE', ( #2389 ), #1302 ) ;
#42 = SURFACE_STYLE_USAGE ( .BOTH. , #2378 ) ;
#43 = ORIENTED_EDGE ( 'NONE', *, *, #1111, .T. ) ;
#44 =( GEOMETRIC_REPRESENTATION_CONTEXT ( 3 ) GLOBAL_UNCERTAINTY_ASSIGNED_CONTEXT ( ( #579 ) ) GLOBAL_UNIT_ASSIGNED_CONTEXT ( ( #4116, #553, #1233 ) ) REPRESENTATION_CONTEXT ( 'NONE', 'WORKASPACE' ) );
#45 = FILL_AREA_STYLE_COLOUR ( '', #3352 ) ;
#46 =( NAMED_UNIT ( * ) PLANE_ANGLE_UNIT ( ) SI_UNIT ( $, .RADIAN. ) );
#47 = CARTESIAN_POINT ( 'NONE',  ( -0.2950000000000000400, 0.3000000000000000444, 0.0000000000000000000 ) ) ;
#48 = MECHANICAL_DESIGN_GEOMETRIC_PRESENTATION_REPRESENTATION (  '', ( #1904 ), #590 ) ;
#49 = EDGE_CURVE ( 'NONE', #329, #1010, #156, .T. ) ;
#50 = VERTEX_POINT ( 'NONE', #2070 ) ;
#51 = MECHANICAL_DESIGN_GEOMETRIC_PRESENTATION_REPRESENTATION (  '', ( #1502 ), #2949 ) ;
#52 = COLOUR_RGB ( '',0.7803921568627451011, 0.5686274509803921351, 0.1137254901960784298 ) ;
#53 = DIRECTION ( 'NONE',  ( -1.000000000000000000, -0.0000000000000000000, 0.0000000000000000000 ) ) ;
#54 = EDGE_CURVE ( 'NONE', #2128, #3279, #76, .T. ) ;
#55 = DIRECTION ( 'NONE',  ( 0.0000000000000000000, -1.224646799146999945E-16, -1.000000000000000000 ) ) ;
#56 = STYLED_ITEM ( 'NONE', ( #32 ), #2780 ) ;
#57 = COLOUR_RGB ( '',0.8274509803921568096, 0.8274509803921568096, 0.8274509803921568096 ) ;
#58 =( NAMED_UNIT ( * ) PLANE_ANGLE_UNIT ( ) SI_UNIT ( $, .RADIAN. ) );
#59 = FILL_AREA_STYLE ('',( #3403 ) ) ;
#60 = MECHANICAL_DESIGN_GEOMETRIC_PRESENTATION_REPRESENTATION (  '', ( #334 ), #3162 ) ;
#61 = FACE_OUTER_BOUND ( 'NONE', #3636, .T. ) ;
#62 = EDGE_LOOP ( 'NONE', ( #229, #4151, #3658, #986 ) ) ;
#63 = CARTESIAN_POINT ( 'NONE',  ( -0.1000000000000000056, -0.1500000000000000222, -1.163291170903874963E-19 ) ) ;
#64 = CARTESIAN_POINT ( 'NONE',  ( -0.5500000000000000444, 0.3499999999999999778, 0.01999999999999997960 ) ) ;
#65 = PRESENTATION_LAYER_ASSIGNMENT (  '', '', ( #1996 ) ) ;
#66 = ADVANCED_FACE ( 'NONE', ( #281 ), #3919, .T. ) ;
#67 = COLOUR_RGB ( '',0.7803921568627451011, 0.5686274509803921351, 0.1137254901960784298 ) ;
#68 = FILL_AREA_STYLE_COLOUR ( '', #52 ) ;
#69 = SURFACE_STYLE_USAGE ( .BOTH. , #441 ) ;
#70 = VERTEX_POINT ( 'NONE', #3968 ) ;
#71 = VECTOR ( 'NONE', #2759, 1000.000000000000000 ) ;
#72 = DIRECTION ( 'NONE',  ( 0.0000000000000000000, 0.0000000000000000000, 1.000000000000000000 ) ) ;
#73 = SURFACE_STYLE_FILL_AREA ( #86 ) ;
#74 = DIRECTION ( 'NONE',  ( 0.0000000000000000000, 0.0000000000000000000, -1.000000000000000000 ) ) ;
#75 = CARTESIAN_POINT ( 'NONE',  ( -0.3275140453871118185, 0.2600000000000452505, 0.06000000000000001166 ) ) ;
#76 = LINE ( 'NONE', #1400, #3049 ) ;
#77 = FILL_AREA_STYLE ('',( #4084 ) ) ;
#78 = DIRECTION ( 'NONE',  ( -1.000000000000000000, 0.0000000000000000000, 0.0000000000000000000 ) ) ;
#79 = VECTOR ( 'NONE', #3736, 1000.000000000000000 ) ;
#80 = DIRECTION ( 'NONE',  ( -0.0000000000000000000, 0.0000000000000000000, -1.000000000000000000 ) ) ;
#81 =( NAMED_UNIT ( * ) PLANE_ANGLE_UNIT ( ) SI_UNIT ( $, .RADIAN. ) );
#82 = VERTEX_POINT ( 'NONE', #2324 ) ;
#83 = STYLED_ITEM ( 'NONE', ( #2124 ), #267 ) ;
#84 = CARTESIAN_POINT ( 'NONE',  ( 0.2000000000000000111, 0.2600000000000000089, 0.02000000000000000042 ) ) ;
#85 = FACE_OUTER_BOUND ( 'NONE', #225, .T. ) ;
#86 = FILL_AREA_STYLE ('',( #1411 ) ) ;
#87 = CIRCLE ( 'NONE', #1404, 0.1499999999999999667 ) ;
#88 =( LENGTH_UNIT ( ) NAMED_UNIT ( * ) SI_UNIT ( .MILLI., .METRE. ) );
#89 = ORIENTED_EDGE ( 'NONE', *, *, #148, .F. ) ;
#90 = PRESENTATION_LAYER_ASSIGNMENT (  '', '', ( #1624 ) ) ;
#91 = DIRECTION ( 'NONE',  ( 0.0000000000000000000, -1.224646799146999945E-16, -1.000000000000000000 ) ) ;
#92 = CARTESIAN_POINT ( 'NONE',  ( -0.5000000000000000000, 0.2999999999999999889, 0.0000000000000000000 ) ) ;
#93 = FACE_OUTER_BOUND ( 'NONE', #3665, .T. ) ;
#94 = SURFACE_STYLE_USAGE ( .BOTH. , #2999 ) ;
#95 = DIRECTION ( 'NONE',  ( -1.000000000000000000, -0.0000000000000000000, 0.0000000000000000000 ) ) ;
#96 = EDGE_CURVE ( 'NONE', #1230, #2034, #215, .T. ) ;
#97 = DIRECTION ( 'NONE',  ( 1.000000000000000000, 0.0000000000000000000, 0.0000000000000000000 ) ) ;
#98 = DIRECTION ( 'NONE',  ( -0.0000000000000000000, 1.224646799146999945E-16, 1.000000000000000000 ) ) ;
#99 = ORIENTED_EDGE ( 'NONE', *, *, #1736, .F. ) ;
#100 = CIRCLE ( 'NONE', #2326, 0.2400000000000000189 ) ;
#101 = ADVANCED_FACE ( 'NONE', ( #574 ), #1179, .T. ) ;
#102 = CARTESIAN_POINT ( 'NONE',  ( 0.4949999999999999956, -0.1891429205787729384, 0.02000000000000001082 ) ) ;
#103 = STYLED_ITEM ( 'NONE', ( #2248 ), #1181 ) ;
#104 = MECHANICAL_DESIGN_GEOMETRIC_PRESENTATION_REPRESENTATION (  '', ( #3422 ), #44 ) ;
#105 = SURFACE_STYLE_USAGE ( .BOTH. , #2102 ) ;
#106 = EDGE_CURVE ( 'NONE', #3191, #1041, #2822, .T. ) ;
#107 =( GEOMETRIC_REPRESENTATION_CONTEXT ( 3 ) GLOBAL_UNCERTAINTY_ASSIGNED_CONTEXT ( ( #1696 ) ) GLOBAL_UNIT_ASSIGNED_CONTEXT ( ( #1327, #2079, #3989 ) ) REPRESENTATION_CONTEXT ( 'NONE', 'WORKASPACE' ) );
#108 = LINE ( 'NONE', #92, #450 ) ;
#109 = PRESENTATION_LAYER_ASSIGNMENT (  '', '', ( #807 ) ) ;
#110 = SURFACE_STYLE_FILL_AREA ( #171 ) ;
#111 = SURFACE_STYLE_FILL_AREA ( #3699 ) ;
#112 = PRESENTATION_LAYER_ASSIGNMENT (  '', '', ( #2802 ) ) ;
#113 = UNCERTAINTY_MEASURE_WITH_UNIT (LENGTH_MEASURE( 1.000000000000000082E-05 ), #1190, 'distance_accuracy_value', 'NONE');
#114 = CARTESIAN_POINT ( 'NONE',  ( -0.4749999999999319766, 0.1645950378226359589, 0.05999999999999998390 ) ) ;
#115 = CARTESIAN_POINT ( 'NONE',  ( 0.2000000000000000111, 0.2999999999999999889, 0.0000000000000000000 ) ) ;
#116 = AXIS2_PLACEMENT_3D ( 'NONE', #2376, #774, #399 ) ;
#117 = VERTEX_POINT ( 'NONE', #2487 ) ;
#118 = PRESENTATION_LAYER_ASSIGNMENT (  '', '', ( #3370 ) ) ;
#119 =( LENGTH_UNIT ( ) NAMED_UNIT ( * ) SI_UNIT ( .MILLI., .METRE. ) );
#120 = UNCERTAINTY_MEASURE_WITH_UNIT (LENGTH_MEASURE( 1.000000000000000082E-05 ), #1373, 'distance_accuracy_value', 'NONE');
#121 = STYLED_ITEM ( 'NONE', ( #1356 ), #2753 ) ;
#122 = ORIENTED_EDGE ( 'NONE', *, *, #634, .F. ) ;
#123 = ORIENTED_EDGE ( 'NONE', *, *, #2540, .F. ) ;
#124 = DIRECTION ( 'NONE',  ( 0.0000000000000000000, -1.000000000000000000, -0.0000000000000000000 ) ) ;
#125 = PLANE ( 'NONE',  #2889 ) ;
#126 = ORIENTED_EDGE ( 'NONE', *, *, #373, .F. ) ;
#127 = PRESENTATION_LAYER_ASSIGNMENT (  '', '', ( #194 ) ) ;
#128 = ADVANCED_FACE ( 'NONE', ( #3839 ), #2938, .T. ) ;
#129 =( NAMED_UNIT ( * ) SI_UNIT ( $, .STERADIAN. ) SOLID_ANGLE_UNIT ( ) );
#130 = DIRECTION ( 'NONE',  ( -0.0000000000000000000, 1.224646799146999945E-16, 1.000000000000000000 ) ) ;
#131 = SURFACE_STYLE_USAGE ( .BOTH. , #1786 ) ;
#132 = ADVANCED_FACE ( 'NONE', ( #1699 ), #716, .F. ) ;
#133 = AXIS2_PLACEMENT_3D ( 'NONE', #2621, #4235, #990 ) ;
#134 = DIRECTION ( 'NONE',  ( -1.000000000000000000, 0.0000000000000000000, 0.0000000000000000000 ) ) ;
#135 = LINE ( 'NONE', #2775, #583 ) ;
#136 = SURFACE_SIDE_STYLE ('',( #3747 ) ) ;
#137 =( NAMED_UNIT ( * ) PLANE_ANGLE_UNIT ( ) SI_UNIT ( $, .RADIAN. ) );
#138 = LINE ( 'NONE', #2675, #453 ) ;
#139 = ORIENTED_EDGE ( 'NONE', *, *, #242, .F. ) ;
#140 = DIRECTION ( 'NONE',  ( 0.0000000000000000000, 0.0000000000000000000, 1.000000000000000000 ) ) ;
#141 = ORIENTED_EDGE ( 'NONE', *, *, #2363, .T. ) ;
#142 = CARTESIAN_POINT ( 'NONE',  ( 0.3875192319072686686, 0.3000000000000394018, 0.02000000000000000042 ) ) ;
#143 = LINE ( 'NONE', #485, #3152 ) ;
#144 = DIRECTION ( 'NONE',  ( 0.0000000000000000000, 0.0000000000000000000, 1.000000000000000000 ) ) ;
#145 = FILL_AREA_STYLE_COLOUR ( '', #2957 ) ;
#146 = DIRECTION ( 'NONE',  ( -1.000000000000000000, -9.566489757225037615E-16, 0.0000000000000000000 ) ) ;
#147 = EDGE_LOOP ( 'NONE', ( #1739, #3975, #3245, #1473, #1188, #2049, #2960, #3754 ) ) ;
#148 = EDGE_CURVE ( 'NONE', #2300, #50, #1077, .T. ) ;
#149 = SURFACE_STYLE_USAGE ( .BOTH. , #510 ) ;
#150 = DIRECTION ( 'NONE',  ( 9.274621392321998436E-15, -1.000000000000000000, 0.0000000000000000000 ) ) ;
#151 = AXIS2_PLACEMENT_3D ( 'NONE', #1168, #3514, #488 ) ;
#152 = EDGE_CURVE ( 'NONE', #493, #1010, #760, .T. ) ;
#153 = UNCERTAINTY_MEASURE_WITH_UNIT (LENGTH_MEASURE( 1.000000000000000082E-05 ), #2184, 'distance_accuracy_value', 'NONE');
#154 = PLANE ( 'NONE',  #2766 ) ;
#155 = DIRECTION ( 'NONE',  ( 0.0000000000000000000, -1.224646799146999945E-16, -1.000000000000000000 ) ) ;
#156 = LINE ( 'NONE', #1484, #2773 ) ;
#157 = CARTESIAN_POINT ( 'NONE',  ( 0.3713942890050741519, -0.2600000000000165512, -3.184081677783202500E-17 ) ) ;
#158 = UNCERTAINTY_MEASURE_WITH_UNIT (LENGTH_MEASURE( 1.000000000000000082E-05 ), #1441, 'distance_accuracy_value', 'NONE');
#159 = EDGE_CURVE ( 'NONE', #938, #3845, #2084, .T. ) ;
#160 = VERTEX_POINT ( 'NONE', #3177 ) ;
#161 = SURFACE_STYLE_FILL_AREA ( #1536 ) ;
#162 = ORIENTED_EDGE ( 'NONE', *, *, #1334, .T. ) ;
#163 = DIRECTION ( 'NONE',  ( 0.0000000000000000000, -1.000000000000000000, -0.0000000000000000000 ) ) ;
#164 = FILL_AREA_STYLE ('',( #849 ) ) ;
#165 = ORIENTED_EDGE ( 'NONE', *, *, #417, .T. ) ;
#166 = ORIENTED_EDGE ( 'NONE', *, *, #2998, .T. ) ;
#167 = COLOUR_RGB ( '',0.7803921568627451011, 0.5686274509803921351, 0.1137254901960784298 ) ;
#168 = SURFACE_STYLE_FILL_AREA ( #1825 ) ;
#169 = CARTESIAN_POINT ( 'NONE',  ( -0.3713942890049999890, 0.2600000000000000089, 3.184081677782999738E-17 ) ) ;
#170 = VECTOR ( 'NONE', #1437, 1000.000000000000000 ) ;
#171 = FILL_AREA_STYLE ('',( #3073 ) ) ;
#172 = SURFACE_STYLE_USAGE ( .BOTH. , #3878 ) ;
#173 = AXIS2_PLACEMENT_3D ( 'NONE', #1735, #3349, #379 ) ;
#174 =( GEOMETRIC_REPRESENTATION_CONTEXT ( 3 ) GLOBAL_UNCERTAINTY_ASSIGNED_CONTEXT ( ( #1941 ) ) GLOBAL_UNIT_ASSIGNED_CONTEXT ( ( #288, #1006, #2601 ) ) REPRESENTATION_CONTEXT ( 'NONE', 'WORKASPACE' ) );
#175 = SURFACE_SIDE_STYLE ('',( #833 ) ) ;
#176 = CARTESIAN_POINT ( 'NONE',  ( -0.5000000000000000000, 0.2600000000000000089, 0.0000000000000000000 ) ) ;
#177 = CARTESIAN_POINT ( 'NONE',  ( 0.5500000000000000444, -0.3499999999999999778, 0.08000000000000000167 ) ) ;
#178 = MECHANICAL_DESIGN_GEOMETRIC_PRESENTATION_REPRESENTATION (  '', ( #2528 ), #2336 ) ;
#179 =( GEOMETRIC_REPRESENTATION_CONTEXT ( 3 ) GLOBAL_UNCERTAINTY_ASSIGNED_CONTEXT ( ( #987 ) ) GLOBAL_UNIT_ASSIGNED_CONTEXT ( ( #4079, #58, #2045 ) ) REPRESENTATION_CONTEXT ( 'NONE', 'WORKASPACE' ) );
#180 = EDGE_CURVE ( 'NONE', #615, #4149, #1800, .T. ) ;
#181 = EDGE_CURVE ( 'NONE', #2010, #938, #4228, .T. ) ;
#182 = ORIENTED_EDGE ( 'NONE', *, *, #1322, .F. ) ;
#183 = MECHANICAL_DESIGN_GEOMETRIC_PRESENTATION_REPRESENTATION (  '', ( #121 ), #3024 ) ;
#184 = AXIS2_PLACEMENT_3D ( 'NONE', #2416, #1449, #1003 ) ;
#185 = CARTESIAN_POINT ( 'NONE',  ( 0.5500000000000000444, -0.3499999999999999778, 4.286263797015999754E-17 ) ) ;
#186 =( NAMED_UNIT ( * ) PLANE_ANGLE_UNIT ( ) SI_UNIT ( $, .RADIAN. ) );
#187 = FILL_AREA_STYLE ('',( #3151 ) ) ;
#188 = ORIENTED_EDGE ( 'NONE', *, *, #181, .T. ) ;
#189 = VERTEX_POINT ( 'NONE', #4114 ) ;
#190 = CIRCLE ( 'NONE', #1372, 0.2000000000000000111 ) ;
#191 = CARTESIAN_POINT ( 'NONE',  ( -0.3152661081139450094, -0.2999999999999999889, 0.06000000000000000472 ) ) ;
#192 = FACE_OUTER_BOUND ( 'NONE', #3683, .T. ) ;
#193 = DIRECTION ( 'NONE',  ( 0.0000000000000000000, 1.000000000000000000, -1.355252715606880296E-16 ) ) ;
#194 = STYLED_ITEM ( 'NONE', ( #1693 ), #3179 ) ;
#195 = CARTESIAN_POINT ( 'NONE',  ( 0.4749999999999999778, 0.2999999999999999889, 0.08000000000000000167 ) ) ;
#196 = CARTESIAN_POINT ( 'NONE',  ( -0.4949999999999999956, -0.1891429205787729384, 0.02000000000000001082 ) ) ;
#197 = CARTESIAN_POINT ( 'NONE',  ( -0.4949999999999611933, -0.1577111547697170046, 0.02000000000000002470 ) ) ;
#198 = EDGE_CURVE ( 'NONE', #3596, #1917, #988, .T. ) ;
#199 = UNCERTAINTY_MEASURE_WITH_UNIT (LENGTH_MEASURE( 1.000000000000000082E-05 ), #2905, 'distance_accuracy_value', 'NONE');
#200 = VECTOR ( 'NONE', #3605, 1000.000000000000000 ) ;
#201 = VERTEX_POINT ( 'NONE', #3487 ) ;
#202 = FACE_OUTER_BOUND ( 'NONE', #282, .T. ) ;
#203 = PRESENTATION_LAYER_ASSIGNMENT (  '', '', ( #13 ) ) ;
#204 = ORIENTED_EDGE ( 'NONE', *, *, #991, .F. ) ;
#205 = UNCERTAINTY_MEASURE_WITH_UNIT (LENGTH_MEASURE( 1.000000000000000082E-05 ), #1635, 'distance_accuracy_value', 'NONE');
#206 =( NAMED_UNIT ( * ) PLANE_ANGLE_UNIT ( ) SI_UNIT ( $, .RADIAN. ) );
#207 = SURFACE_STYLE_USAGE ( .BOTH. , #1209 ) ;
#208 = EDGE_CURVE ( 'NONE', #2471, #3215, #3477, .T. ) ;
#209 = ORIENTED_EDGE ( 'NONE', *, *, #1387, .T. ) ;
#210 = ORIENTED_EDGE ( 'NONE', *, *, #2256, .T. ) ;
#211 = UNCERTAINTY_MEASURE_WITH_UNIT (LENGTH_MEASURE( 1.000000000000000082E-05 ), #1330, 'distance_accuracy_value', 'NONE');
#212 = SURFACE_STYLE_USAGE ( .BOTH. , #3539 ) ;
#213 = PLANE ( 'NONE',  #798 ) ;
#214 = FILL_AREA_STYLE_COLOUR ( '', #1435 ) ;
#215 = CIRCLE ( 'NONE', #555, 0.1700000000000000122 ) ;
#216 =( NAMED_UNIT ( * ) PLANE_ANGLE_UNIT ( ) SI_UNIT ( $, .RADIAN. ) );
#217 = FILL_AREA_STYLE_COLOUR ( '', #3649 ) ;
#218 = VECTOR ( 'NONE', #2500, 1000.000000000000000 ) ;
#219 =( NAMED_UNIT ( * ) SI_UNIT ( $, .STERADIAN. ) SOLID_ANGLE_UNIT ( ) );
#220 = PRESENTATION_STYLE_ASSIGNMENT (( #2821 ) ) ;
#221 = CARTESIAN_POINT ( 'NONE',  ( 0.5000000000000000000, 0.1563508326898145895, -2.143131898505168298E-17 ) ) ;
#222 = MECHANICAL_DESIGN_GEOMETRIC_PRESENTATION_REPRESENTATION (  '', ( #4262 ), #2779 ) ;
#223 = DIRECTION ( 'NONE',  ( -0.0000000000000000000, -1.000000000000000000, -1.224646799146999945E-16 ) ) ;
#224 = PRESENTATION_LAYER_ASSIGNMENT (  '', '', ( #3985 ) ) ;
#225 = EDGE_LOOP ( 'NONE', ( #2127, #3732, #2440, #2118 ) ) ;
#226 = EDGE_CURVE ( 'NONE', #82, #1386, #1051, .T. ) ;
#227 = PLANE ( 'NONE',  #1078 ) ;
#228 = COLOUR_RGB ( '',0.8274509803921568096, 0.8274509803921568096, 0.8274509803921568096 ) ;
#229 = ORIENTED_EDGE ( 'NONE', *, *, #1269, .F. ) ;
#230 = PRODUCT_DEFINITION_SHAPE ( 'NONE', 'NONE',  #4301 ) ;
#231 = LINE ( 'NONE', #2584, #2329 ) ;
#232 =( NAMED_UNIT ( * ) PLANE_ANGLE_UNIT ( ) SI_UNIT ( $, .RADIAN. ) );
#233 = PRESENTATION_STYLE_ASSIGNMENT (( #3534 ) ) ;
#234 = APPLICATION_CONTEXT ( 'automotive_design' ) ;
#235 = SURFACE_SIDE_STYLE ('',( #896 ) ) ;
#236 = ORIENTED_EDGE ( 'NONE', *, *, #2460, .F. ) ;
#237 = EDGE_LOOP ( 'NONE', ( #4288, #390, #995, #3648 ) ) ;
#238 = CYLINDRICAL_SURFACE ( 'NONE', #454, 0.2400000000000000189 ) ;
#239 = PRESENTATION_LAYER_ASSIGNMENT (  '', '', ( #4069 ) ) ;
#240 = DIRECTION ( 'NONE',  ( 1.000000000000000000, 0.0000000000000000000, 0.0000000000000000000 ) ) ;
#241 = SURFACE_SIDE_STYLE ('',( #907 ) ) ;
#242 = EDGE_CURVE ( 'NONE', #3516, #255, #3471, .T. ) ;
#243 = FILL_AREA_STYLE_COLOUR ( '', #1824 ) ;
#244 = SURFACE_SIDE_STYLE ('',( #266 ) ) ;
#245 = ADVANCED_FACE ( 'NONE', ( #1835 ), #1140, .F. ) ;
#246 =( NAMED_UNIT ( * ) SI_UNIT ( $, .STERADIAN. ) SOLID_ANGLE_UNIT ( ) );
#247 = UNCERTAINTY_MEASURE_WITH_UNIT (LENGTH_MEASURE( 1.000000000000000082E-05 ), #88, 'distance_accuracy_value', 'NONE');
#248 = AXIS2_PLACEMENT_3D ( 'NONE', #115, #2757, #4101 ) ;
#249 = FILL_AREA_STYLE_COLOUR ( '', #3552 ) ;
#250 =( GEOMETRIC_REPRESENTATION_CONTEXT ( 3 ) GLOBAL_UNCERTAINTY_ASSIGNED_CONTEXT ( ( #4000 ) ) GLOBAL_UNIT_ASSIGNED_CONTEXT ( ( #119, #39, #4030 ) ) REPRESENTATION_CONTEXT ( 'NONE', 'WORKASPACE' ) );
#251 = VERTEX_POINT ( 'NONE', #2101 ) ;
#252 = STYLED_ITEM ( 'NONE', ( #3742 ), #1505 ) ;
#253 = STYLED_ITEM ( 'NONE', ( #3720 ), #2842 ) ;
#254 = FILL_AREA_STYLE ('',( #316 ) ) ;
#255 = VERTEX_POINT ( 'NONE', #1187 ) ;
#256 = STYLED_ITEM ( 'NONE', ( #2909 ), #2666 ) ;
#257 = LINE ( 'NONE', #3242, #1070 ) ;
#258 = LINE ( 'NONE', #1630, #675 ) ;
#259 = VERTEX_POINT ( 'NONE', #2832 ) ;
#260 = ORIENTED_EDGE ( 'NONE', *, *, #2619, .T. ) ;
#261 =( NAMED_UNIT ( * ) SI_UNIT ( $, .STERADIAN. ) SOLID_ANGLE_UNIT ( ) );
#262 = DIRECTION ( 'NONE',  ( 1.000000000000000000, 0.0000000000000000000, 0.0000000000000000000 ) ) ;
#263 = DIRECTION ( 'NONE',  ( 0.0000000000000000000, 1.000000000000000000, 0.0000000000000000000 ) ) ;
#264 = FILL_AREA_STYLE_COLOUR ( '', #3891 ) ;
#265 = EDGE_CURVE ( 'NONE', #992, #2952, #4178, .T. ) ;
#266 = SURFACE_STYLE_FILL_AREA ( #3208 ) ;
#267 = ADVANCED_FACE ( 'NONE', ( #2191 ), #3778, .T. ) ;
#268 = PRODUCT_DEFINITION ( 'UNKNOWN', '', #4218, #1503 ) ;
#269 = DIRECTION ( 'NONE',  ( 0.0000000000000000000, 1.224646799146999945E-16, -1.000000000000000000 ) ) ;
#270 = PRESENTATION_LAYER_ASSIGNMENT (  '', '', ( #2075 ) ) ;
#271 = VERTEX_POINT ( 'NONE', #3535 ) ;
#272 = MECHANICAL_DESIGN_GEOMETRIC_PRESENTATION_REPRESENTATION (  '', ( #1243 ), #2292 ) ;
#273 = SURFACE_SIDE_STYLE ('',( #3846 ) ) ;
#274 = CARTESIAN_POINT ( 'NONE',  ( -0.2950000000000000955, -0.2999999999999999889, 0.0000000000000000000 ) ) ;
#275 =( GEOMETRIC_REPRESENTATION_CONTEXT ( 3 ) GLOBAL_UNCERTAINTY_ASSIGNED_CONTEXT ( ( #815 ) ) GLOBAL_UNIT_ASSIGNED_CONTEXT ( ( #1461, #856, #1126 ) ) REPRESENTATION_CONTEXT ( 'NONE', 'WORKASPACE' ) );
#276 = EDGE_LOOP ( 'NONE', ( #1796, #1099, #952, #4273 ) ) ;
#277 = ORIENTED_EDGE ( 'NONE', *, *, #1539, .F. ) ;
#278 = MECHANICAL_DESIGN_GEOMETRIC_PRESENTATION_REPRESENTATION (  '', ( #1389 ), #4106 ) ;
#279 = CARTESIAN_POINT ( 'NONE',  ( 0.5500000000000000444, -0.3499999999999999778, 0.02000000000000000042 ) ) ;
#280 = FILL_AREA_STYLE_COLOUR ( '', #1578 ) ;
#281 = FACE_OUTER_BOUND ( 'NONE', #508, .T. ) ;
#282 = EDGE_LOOP ( 'NONE', ( #1887, #1467, #141, #314, #3801, #4124, #2629, #2845, #3296, #4068, #1648, #1320 ) ) ;
#283 = FACE_OUTER_BOUND ( 'NONE', #975, .T. ) ;
#284 = DIRECTION ( 'NONE',  ( 1.000000000000000000, 0.0000000000000000000, 0.0000000000000000000 ) ) ;
#285 = FILL_AREA_STYLE ('',( #1667 ) ) ;
#286 = DIRECTION ( 'NONE',  ( 0.0000000000000000000, 1.000000000000000000, -1.224646799146999699E-16 ) ) ;
#287 = MECHANICAL_DESIGN_GEOMETRIC_PRESENTATION_REPRESENTATION (  '', ( #2844 ), #2912 ) ;
#288 =( LENGTH_UNIT ( ) NAMED_UNIT ( * ) SI_UNIT ( .MILLI., .METRE. ) );
#289 = MECHANICAL_DESIGN_GEOMETRIC_PRESENTATION_REPRESENTATION (  '', ( #3695 ), #3836 ) ;
#290 = LINE ( 'NONE', #588, #543 ) ;
#291 = CARTESIAN_POINT ( 'NONE',  ( 0.5500000000000000444, 0.3499999999999999778, 0.05999999999999999778 ) ) ;
#292 = DIRECTION ( 'NONE',  ( 0.0000000000000000000, -0.0000000000000000000, 1.000000000000000000 ) ) ;
#293 = ORIENTED_EDGE ( 'NONE', *, *, #631, .T. ) ;
#294 = LINE ( 'NONE', #2627, #4095 ) ;
#295 = PRODUCT_RELATED_PRODUCT_CATEGORY ( 'part', '', ( #3241 ) ) ;
#296 =( LENGTH_UNIT ( ) NAMED_UNIT ( * ) SI_UNIT ( .MILLI., .METRE. ) );
#297 =( GEOMETRIC_REPRESENTATION_CONTEXT ( 3 ) GLOBAL_UNCERTAINTY_ASSIGNED_CONTEXT ( ( #1043 ) ) GLOBAL_UNIT_ASSIGNED_CONTEXT ( ( #3545, #1641, #927 ) ) REPRESENTATION_CONTEXT ( 'NONE', 'WORKASPACE' ) );
#298 = DIRECTION ( 'NONE',  ( 1.572093150103981429E-14, 1.000000000000000000, -1.355252715606880543E-16 ) ) ;
#299 = VECTOR ( 'NONE', #1154, 1000.000000000000000 ) ;
#300 = VERTEX_POINT ( 'NONE', #2610 ) ;
#301 = VERTEX_POINT ( 'NONE', #2281 ) ;
#302 = UNCERTAINTY_MEASURE_WITH_UNIT (LENGTH_MEASURE( 1.000000000000000082E-05 ), #2018, 'distance_accuracy_value', 'NONE');
#303 = AXIS2_PLACEMENT_3D ( 'NONE', #622, #1634, #602 ) ;
#304 = SURFACE_STYLE_USAGE ( .BOTH. , #4227 ) ;
#305 = SURFACE_STYLE_USAGE ( .BOTH. , #3272 ) ;
#306 = PRODUCT ( 'Cut005_(Mirror_#1)', 'Cut005_(Mirror_#1)', '', ( #4274 ) ) ;
#307 = CARTESIAN_POINT ( 'NONE',  ( 0.4949999999999999956, -0.2999999999999999889, 0.06000000000000000472 ) ) ;
#308 = ORIENTED_EDGE ( 'NONE', *, *, #1394, .F. ) ;
#309 = DIRECTION ( 'NONE',  ( 0.0000000000000000000, 0.0000000000000000000, 1.000000000000000000 ) ) ;
#310 = APPLICATION_PROTOCOL_DEFINITION ( 'draft international standard', 'automotive_design', 1998, #234 ) ;
#311 = DIRECTION ( 'NONE',  ( 1.000000000000000000, 0.0000000000000000000, 0.0000000000000000000 ) ) ;
#312 = LINE ( 'NONE', #1670, #4012 ) ;
#313 =( LENGTH_UNIT ( ) NAMED_UNIT ( * ) SI_UNIT ( .MILLI., .METRE. ) );
#314 = ORIENTED_EDGE ( 'NONE', *, *, #6, .T. ) ;
#315 = FACE_OUTER_BOUND ( 'NONE', #2417, .T. ) ;
#316 = FILL_AREA_STYLE_COLOUR ( '', #806 ) ;
#317 =( GEOMETRIC_REPRESENTATION_CONTEXT ( 3 ) GLOBAL_UNCERTAINTY_ASSIGNED_CONTEXT ( ( #2331 ) ) GLOBAL_UNIT_ASSIGNED_CONTEXT ( ( #2811, #3874, #2481 ) ) REPRESENTATION_CONTEXT ( 'NONE', 'WORKASPACE' ) );
#318 = COLOUR_RGB ( '',0.7803921568627451011, 0.5686274509803921351, 0.1137254901960784298 ) ;
#319 = COLOUR_RGB ( '',0.7921568627450980005, 0.8196078431372548767, 0.9333333333333333481 ) ;
#320 = LINE ( 'NONE', #75, #948 ) ;
#321 = LINE ( 'NONE', #3979, #745 ) ;
#322 = CARTESIAN_POINT ( 'NONE',  ( -0.4999999999999551470, 0.1563508326896407286, -3.100504632490238188E-17 ) ) ;
#323 = VERTEX_POINT ( 'NONE', #1587 ) ;
#324 = ADVANCED_FACE ( 'NONE', ( #1229 ), #4245, .T. ) ;
#325 = ORIENTED_EDGE ( 'NONE', *, *, #2742, .T. ) ;
#326 = CIRCLE ( 'NONE', #3791, 0.2000000000000000111 ) ;
#327 = VECTOR ( 'NONE', #80, 1000.000000000000000 ) ;
#328 = LINE ( 'NONE', #2879, #1499 ) ;
#329 = VERTEX_POINT ( 'NONE', #2252 ) ;
#330 = CARTESIAN_POINT ( 'NONE',  ( 0.0000000000000000000, 0.0000000000000000000, 0.0000000000000000000 ) ) ;
#331 = UNCERTAINTY_MEASURE_WITH_UNIT (LENGTH_MEASURE( 1.000000000000000082E-05 ), #496, 'distance_accuracy_value', 'NONE');
#332 = CARTESIAN_POINT ( 'NONE',  ( -0.3875192319069999947, 0.2999999999999999889, 0.02000000000000000042 ) ) ;
#333 = DIRECTION ( 'NONE',  ( 0.0000000000000000000, -1.224646799146999945E-16, -1.000000000000000000 ) ) ;
#334 = STYLED_ITEM ( 'NONE', ( #2419 ), #2850 ) ;
#335 = CARTESIAN_POINT ( 'NONE',  ( 0.2999999999999999889, -0.2849999999999999756, 0.1250000000000000000 ) ) ;
#336 = VECTOR ( 'NONE', #2301, 1000.000000000000000 ) ;
#337 = FILL_AREA_STYLE ('',( #20 ) ) ;
#338 = ORIENTED_EDGE ( 'NONE', *, *, #4241, .T. ) ;
#339 = DIRECTION ( 'NONE',  ( -1.000000000000000000, 0.0000000000000000000, -0.0000000000000000000 ) ) ;
#340 = COLOUR_RGB ( '',0.7803921568627451011, 0.5686274509803921351, 0.1137254901960784298 ) ;
#341 = UNCERTAINTY_MEASURE_WITH_UNIT (LENGTH_MEASURE( 1.000000000000000082E-05 ), #2581, 'distance_accuracy_value', 'NONE');
#342 =( GEOMETRIC_REPRESENTATION_CONTEXT ( 3 ) GLOBAL_UNCERTAINTY_ASSIGNED_CONTEXT ( ( #1245 ) ) GLOBAL_UNIT_ASSIGNED_CONTEXT ( ( #912, #3280, #1249 ) ) REPRESENTATION_CONTEXT ( 'NONE', 'WORKASPACE' ) );
#343 = ORIENTED_EDGE ( 'NONE', *, *, #1016, .T. ) ;
#344 = AXIS2_PLACEMENT_3D ( 'NONE', #2643, #3993, #2044 ) ;
#345 = ORIENTED_EDGE ( 'NONE', *, *, #38, .T. ) ;
#346 = PLANE ( 'NONE',  #2585 ) ;
#347 = EDGE_CURVE ( 'NONE', #1042, #1183, #618, .T. ) ;
#348 = VECTOR ( 'NONE', #409, 1000.000000000000000 ) ;
#349 = SURFACE_SIDE_STYLE ('',( #1614 ) ) ;
#350 = ORIENTED_EDGE ( 'NONE', *, *, #3932, .F. ) ;
#351 = LINE ( 'NONE', #985, #2520 ) ;
#352 = EDGE_LOOP ( 'NONE', ( #2452, #2260, #2928, #961 ) ) ;
#353 =( NAMED_UNIT ( * ) SI_UNIT ( $, .STERADIAN. ) SOLID_ANGLE_UNIT ( ) );
#354 = EDGE_CURVE ( 'NONE', #2128, #1273, #3244, .T. ) ;
#355 = DIRECTION ( 'NONE',  ( -0.0000000000000000000, -0.0000000000000000000, -1.000000000000000000 ) ) ;
#356 =( NAMED_UNIT ( * ) PLANE_ANGLE_UNIT ( ) SI_UNIT ( $, .RADIAN. ) );
#357 = CARTESIAN_POINT ( 'NONE',  ( 0.4085786437630000156, 0.2999999999999999889, 0.0000000000000000000 ) ) ;
#358 = ORIENTED_EDGE ( 'NONE', *, *, #1538, .T. ) ;
#359 = FILL_AREA_STYLE_COLOUR ( '', #2615 ) ;
#360 = DIRECTION ( 'NONE',  ( -1.000000000000000000, -0.0000000000000000000, -0.0000000000000000000 ) ) ;
#361 = ORIENTED_EDGE ( 'NONE', *, *, #1297, .T. ) ;
#362 = ORIENTED_EDGE ( 'NONE', *, *, #1016, .F. ) ;
#363 = CARTESIAN_POINT ( 'NONE',  ( -0.3713942890050412338, -0.2600000000000000089, 0.02000000000000000042 ) ) ;
#364 = AXIS2_PLACEMENT_3D ( 'NONE', #1177, #517, #4100 ) ;
#365 = CARTESIAN_POINT ( 'NONE',  ( -0.2999999999999999889, -0.2999999999999999889, 0.0000000000000000000 ) ) ;
#366 = FILL_AREA_STYLE ('',( #280 ) ) ;
#367 = ORIENTED_EDGE ( 'NONE', *, *, #2040, .F. ) ;
#368 = VECTOR ( 'NONE', #4117, 1000.000000000000000 ) ;
#369 = PRODUCT_DEFINITION_CONTEXT ( 'detailed design', #2390, 'design' ) ;
#370 =( NAMED_UNIT ( * ) SI_UNIT ( $, .STERADIAN. ) SOLID_ANGLE_UNIT ( ) );
#371 = FILL_AREA_STYLE ('',( #1391 ) ) ;
#372 = SURFACE_STYLE_FILL_AREA ( #1084 ) ;
#373 = EDGE_CURVE ( 'NONE', #1042, #1428, #87, .T. ) ;
#374 = PRESENTATION_STYLE_ASSIGNMENT (( #94 ) ) ;
#375 = ORIENTED_EDGE ( 'NONE', *, *, #3216, .T. ) ;
#376 = DIRECTION ( 'NONE',  ( 0.0000000000000000000, -1.000000000000000000, 0.0000000000000000000 ) ) ;
#377 = CARTESIAN_POINT ( 'NONE',  ( -0.2000000000000000111, 0.2600000000000000089, 3.184081677782999738E-17 ) ) ;
#378 = CARTESIAN_POINT ( 'NONE',  ( -0.05000000000000000278, 0.2999999999999999889, 0.0000000000000000000 ) ) ;
#379 = DIRECTION ( 'NONE',  ( -1.000000000000000000, -9.566489757225037615E-16, 0.0000000000000000000 ) ) ;
#380 = DIRECTION ( 'NONE',  ( 0.0000000000000000000, 0.0000000000000000000, -1.000000000000000000 ) ) ;
#381 = ORIENTED_EDGE ( 'NONE', *, *, #2092, .F. ) ;
#382 = MECHANICAL_DESIGN_GEOMETRIC_PRESENTATION_REPRESENTATION (  '', ( #515 ), #2193 ) ;
#383 =( GEOMETRIC_REPRESENTATION_CONTEXT ( 3 ) GLOBAL_UNCERTAINTY_ASSIGNED_CONTEXT ( ( #1200 ) ) GLOBAL_UNIT_ASSIGNED_CONTEXT ( ( #1351, #3757, #370 ) ) REPRESENTATION_CONTEXT ( 'NONE', 'WORKASPACE' ) );
#384 = CARTESIAN_POINT ( 'NONE',  ( -0.4750000000000015321, 0.1645950378228042132, -3.150985829630565726E-17 ) ) ;
#385 = FILL_AREA_STYLE_COLOUR ( '', #1295 ) ;
#386 = LINE ( 'NONE', #47, #3731 ) ;
#387 = COLOUR_RGB ( '',0.7803921568627451011, 0.5686274509803921351, 0.1137254901960784298 ) ;
#388 = VECTOR ( 'NONE', #1410, 1000.000000000000000 ) ;
#389 = ORIENTED_EDGE ( 'NONE', *, *, #3627, .F. ) ;
#390 = ORIENTED_EDGE ( 'NONE', *, *, #1431, .T. ) ;
#391 = FILL_AREA_STYLE_COLOUR ( '', #2797 ) ;
#392 =( NAMED_UNIT ( * ) SI_UNIT ( $, .STERADIAN. ) SOLID_ANGLE_UNIT ( ) );
#393 = SURFACE_STYLE_USAGE ( .BOTH. , #2019 ) ;
#394 = ADVANCED_FACE ( 'NONE', ( #3595 ), #3266, .F. ) ;
#395 =( REPRESENTATION_RELATIONSHIP ('NONE','NONE', #1988, #4260 ) REPRESENTATION_RELATIONSHIP_WITH_TRANSFORMATION ( #430 )SHAPE_REPRESENTATION_RELATIONSHIP( ) );
#396 = PLANE ( 'NONE',  #744 ) ;
#397 = VERTEX_POINT ( 'NONE', #1534 ) ;
#398 = DIRECTION ( 'NONE',  ( -1.000000000000000000, 0.0000000000000000000, -0.0000000000000000000 ) ) ;
#399 = DIRECTION ( 'NONE',  ( -1.000000000000000000, 0.0000000000000000000, 0.0000000000000000000 ) ) ;
#400 = VECTOR ( 'NONE', #524, 1000.000000000000000 ) ;
#401 = DIRECTION ( 'NONE',  ( -0.0000000000000000000, 0.0000000000000000000, 1.000000000000000000 ) ) ;
#402 =( NAMED_UNIT ( * ) PLANE_ANGLE_UNIT ( ) SI_UNIT ( $, .RADIAN. ) );
#403 = ORIENTED_EDGE ( 'NONE', *, *, #3608, .T. ) ;
#404 = CARTESIAN_POINT ( 'NONE',  ( -0.4085786437627077494, 0.2999999999999513611, 0.0000000000000000000 ) ) ;
#405 = LINE ( 'NONE', #1058, #388 ) ;
#406 = SURFACE_SIDE_STYLE ('',( #3355 ) ) ;
#407 = ORIENTED_EDGE ( 'NONE', *, *, #631, .F. ) ;
#408 = LINE ( 'NONE', #2721, #1882 ) ;
#409 = DIRECTION ( 'NONE',  ( -0.0000000000000000000, 1.224646799146999945E-16, 1.000000000000000000 ) ) ;
#410 = LINE ( 'NONE', #1008, #2640 ) ;
#411 = CARTESIAN_POINT ( 'NONE',  ( 0.4085786437627077494, -0.2999999999999513611, 0.08000000000000000167 ) ) ;
#412 = ADVANCED_FACE ( 'NONE', ( #520 ), #3169, .T. ) ;
#413 = PLANE ( 'NONE',  #1784 ) ;
#414 = ORIENTED_EDGE ( 'NONE', *, *, #3915, .T. ) ;
#415 = FILL_AREA_STYLE ('',( #359 ) ) ;
#416 = DIRECTION ( 'NONE',  ( 0.0000000000000000000, -1.224646799146999945E-16, -1.000000000000000000 ) ) ;
#417 = EDGE_CURVE ( 'NONE', #1050, #3964, #4055, .T. ) ;
#418 = VECTOR ( 'NONE', #2439, 1000.000000000000000 ) ;
#419 = ORIENTED_EDGE ( 'NONE', *, *, #1812, .F. ) ;
#420 = CARTESIAN_POINT ( 'NONE',  ( -0.1000000000000000056, 0.1499999999999999944, -0.01000000000000000021 ) ) ;
#421 = ORIENTED_EDGE ( 'NONE', *, *, #2295, .T. ) ;
#422 = UNCERTAINTY_MEASURE_WITH_UNIT (LENGTH_MEASURE( 1.000000000000000082E-05 ), #1567, 'distance_accuracy_value', 'NONE');
#423 = MECHANICAL_DESIGN_GEOMETRIC_PRESENTATION_REPRESENTATION (  '', ( #83 ), #1335 ) ;
#424 = LINE ( 'NONE', #2743, #3496 ) ;
#425 = ADVANCED_FACE ( 'NONE', ( #1767 ), #2068, .T. ) ;
#426 =( LENGTH_UNIT ( ) NAMED_UNIT ( * ) SI_UNIT ( .MILLI., .METRE. ) );
#427 = PLANE ( 'NONE',  #751 ) ;
#428 = DIRECTION ( 'NONE',  ( 0.0000000000000000000, -0.0000000000000000000, 1.000000000000000000 ) ) ;
#429 = ORIENTED_EDGE ( 'NONE', *, *, #1371, .T. ) ;
#430 = ITEM_DEFINED_TRANSFORMATION ( 'NONE', 'NONE', #2803,  #1974 ) ;
#431 =( GEOMETRIC_REPRESENTATION_CONTEXT ( 3 ) GLOBAL_UNCERTAINTY_ASSIGNED_CONTEXT ( ( #695 ) ) GLOBAL_UNIT_ASSIGNED_CONTEXT ( ( #2358, #3345, #3681 ) ) REPRESENTATION_CONTEXT ( 'NONE', 'WORKASPACE' ) );
#432 = FILL_AREA_STYLE ('',( #1414 ) ) ;
#433 =( NAMED_UNIT ( * ) SI_UNIT ( $, .STERADIAN. ) SOLID_ANGLE_UNIT ( ) );
#434 = DIRECTION ( 'NONE',  ( 0.0000000000000000000, 0.0000000000000000000, -1.000000000000000000 ) ) ;
#435 =( GEOMETRIC_REPRESENTATION_CONTEXT ( 3 ) GLOBAL_UNCERTAINTY_ASSIGNED_CONTEXT ( ( #211 ) ) GLOBAL_UNIT_ASSIGNED_CONTEXT ( ( #1330, #2042, #1744 ) ) REPRESENTATION_CONTEXT ( 'NONE', 'WORKASPACE' ) );
#436 = LINE ( 'NONE', #2046, #3536 ) ;
#437 = FILL_AREA_STYLE_COLOUR ( '', #3055 ) ;
#438 =( LENGTH_UNIT ( ) NAMED_UNIT ( * ) SI_UNIT ( .MILLI., .METRE. ) );
#439 = DIRECTION ( 'NONE',  ( 0.0000000000000000000, 1.000000000000000000, 1.224646799146999699E-16 ) ) ;
#440 = EDGE_CURVE ( 'NONE', #2232, #443, #1048, .T. ) ;
#441 = SURFACE_SIDE_STYLE ('',( #1715 ) ) ;
#442 = FILL_AREA_STYLE ('',( #3321 ) ) ;
#443 = VERTEX_POINT ( 'NONE', #1750 ) ;
#444 = CARTESIAN_POINT ( 'NONE',  ( -0.5500000000000000444, -0.3499999999999999778, 0.02000000000000000042 ) ) ;
#445 = EDGE_LOOP ( 'NONE', ( #1603, #2013, #3696, #3558 ) ) ;
#446 = COLOUR_RGB ( '',0.7803921568627451011, 0.5686274509803921351, 0.1137254901960784298 ) ;
#447 =( NAMED_UNIT ( * ) PLANE_ANGLE_UNIT ( ) SI_UNIT ( $, .RADIAN. ) );
#448 = AXIS2_PLACEMENT_3D ( 'NONE', #3685, #2711, #439 ) ;
#449 = SURFACE_STYLE_FILL_AREA ( #2993 ) ;
#450 = VECTOR ( 'NONE', #53, 1000.000000000000000 ) ;
#451 = EDGE_CURVE ( 'NONE', #3170, #1756, #410, .T. ) ;
#452 = SURFACE_STYLE_FILL_AREA ( #494 ) ;
#453 = VECTOR ( 'NONE', #4001, 1000.000000000000000 ) ;
#454 = AXIS2_PLACEMENT_3D ( 'NONE', #4269, #645, #3542 ) ;
#455 = CARTESIAN_POINT ( 'NONE',  ( -0.3563508326896408507, 0.2999999999999550804, 0.02000000000000000042 ) ) ;
#456 = LINE ( 'NONE', #1529, #299 ) ;
#457 = CARTESIAN_POINT ( 'NONE',  ( -0.2950000000000000400, -0.2999999999999999889, 0.0000000000000000000 ) ) ;
#458 = DIRECTION ( 'NONE',  ( -0.0000000000000000000, -0.0000000000000000000, 1.000000000000000000 ) ) ;
#459 = LINE ( 'NONE', #1663, #1074 ) ;
#460 = VERTEX_POINT ( 'NONE', #2755 ) ;
#461 = DIRECTION ( 'NONE',  ( -0.0000000000000000000, 0.0000000000000000000, 1.000000000000000000 ) ) ;
#462 = FACE_OUTER_BOUND ( 'NONE', #3122, .T. ) ;
#463 = ADVANCED_FACE ( 'NONE', ( #2333 ), #2089, .F. ) ;
#464 = PRESENTATION_STYLE_ASSIGNMENT (( #715 ) ) ;
#465 = FILL_AREA_STYLE ('',( #1859 ) ) ;
#466 = AXIS2_PLACEMENT_3D ( 'NONE', #2188, #2491, #889 ) ;
#467 = UNCERTAINTY_MEASURE_WITH_UNIT (LENGTH_MEASURE( 1.000000000000000082E-05 ), #2349, 'distance_accuracy_value', 'NONE');
#468 = CYLINDRICAL_SURFACE ( 'NONE', #3138, 0.1700000000000000122 ) ;
#469 = MECHANICAL_DESIGN_GEOMETRIC_PRESENTATION_REPRESENTATION (  '', ( #2356 ), #2140 ) ;
#470 = DIRECTION ( 'NONE',  ( 0.0000000000000000000, -1.224646799146999945E-16, 1.000000000000000000 ) ) ;
#471 = DIRECTION ( 'NONE',  ( 1.000000000000000000, 0.0000000000000000000, 0.0000000000000000000 ) ) ;
#472 = VECTOR ( 'NONE', #55, 1000.000000000000000 ) ;
#473 = DIRECTION ( 'NONE',  ( -1.000000000000000000, 0.0000000000000000000, 0.0000000000000000000 ) ) ;
#474 = EDGE_CURVE ( 'NONE', #50, #1230, #2996, .T. ) ;
#475 = DIRECTION ( 'NONE',  ( 0.0000000000000000000, 0.0000000000000000000, -1.000000000000000000 ) ) ;
#476 = SURFACE_SIDE_STYLE ('',( #3495 ) ) ;
#477 = COLOUR_RGB ( '',1.000000000000000000, 0.0000000000000000000, 0.0000000000000000000 ) ;
#478 = PRESENTATION_STYLE_ASSIGNMENT (( #499 ) ) ;
#479 = STYLED_ITEM ( 'NONE', ( #3386 ), #4049 ) ;
#480 =( NAMED_UNIT ( * ) SI_UNIT ( $, .STERADIAN. ) SOLID_ANGLE_UNIT ( ) );
#481 = ORIENTED_EDGE ( 'NONE', *, *, #1086, .F. ) ;
#482 = LINE ( 'NONE', #4171, #1510 ) ;
#483 = ORIENTED_EDGE ( 'NONE', *, *, #1812, .T. ) ;
#484 = COLOUR_RGB ( '',0.7803921568627451011, 0.5686274509803921351, 0.1137254901960784298 ) ;
#485 = CARTESIAN_POINT ( 'NONE',  ( 0.4949999999998609956, -0.1891429205785933876, 0.02000000000000000042 ) ) ;
#486 = SURFACE_SIDE_STYLE ('',( #822 ) ) ;
#487 = PRESENTATION_STYLE_ASSIGNMENT (( #2871 ) ) ;
#488 = DIRECTION ( 'NONE',  ( 0.0000000000000000000, 1.000000000000000000, -1.129377263005733621E-16 ) ) ;
#489 = ORIENTED_EDGE ( 'NONE', *, *, #4193, .F. ) ;
#490 = ORIENTED_EDGE ( 'NONE', *, *, #1488, .T. ) ;
#491 = ADVANCED_FACE ( 'NONE', ( #2689 ), #704, .T. ) ;
#492 = LINE ( 'NONE', #3758, #2181 ) ;
#493 = VERTEX_POINT ( 'NONE', #1481 ) ;
#494 = FILL_AREA_STYLE ('',( #1501 ) ) ;
#495 = ADVANCED_FACE ( 'NONE', ( #1465 ), #3423, .T. ) ;
#496 =( LENGTH_UNIT ( ) NAMED_UNIT ( * ) SI_UNIT ( .MILLI., .METRE. ) );
#497 = PRESENTATION_STYLE_ASSIGNMENT (( #3812 ) ) ;
#498 = CARTESIAN_POINT ( 'NONE',  ( 0.3713942890050412338, 0.2600000000000000089, 1.592040838892100143E-17 ) ) ;
#499 = SURFACE_STYLE_USAGE ( .BOTH. , #136 ) ;
#500 = EDGE_CURVE ( 'NONE', #667, #3458, #456, .T. ) ;
#501 =( GEOMETRIC_REPRESENTATION_CONTEXT ( 3 ) GLOBAL_UNCERTAINTY_ASSIGNED_CONTEXT ( ( #3156 ) ) GLOBAL_UNIT_ASSIGNED_CONTEXT ( ( #1106, #3491, #3805 ) ) REPRESENTATION_CONTEXT ( 'NONE', 'WORKASPACE' ) );
#502 = EDGE_CURVE ( 'NONE', #717, #3872, #2774, .T. ) ;
#503 =( LENGTH_UNIT ( ) NAMED_UNIT ( * ) SI_UNIT ( .MILLI., .METRE. ) );
#504 = VERTEX_POINT ( 'NONE', #4162 ) ;
#505 = PLANE ( 'NONE',  #466 ) ;
#506 = ORIENTED_EDGE ( 'NONE', *, *, #2290, .T. ) ;
#507 = PRESENTATION_STYLE_ASSIGNMENT (( #3513 ) ) ;
#508 = EDGE_LOOP ( 'NONE', ( #1918, #678, #3913, #937 ) ) ;
#509 = ORIENTED_EDGE ( 'NONE', *, *, #1130, .F. ) ;
#510 = SURFACE_SIDE_STYLE ('',( #1862 ) ) ;
#511 = DIRECTION ( 'NONE',  ( -0.0000000000000000000, -0.0000000000000000000, -1.000000000000000000 ) ) ;
#512 = AXIS2_PLACEMENT_3D ( 'NONE', #1443, #3763, #1751 ) ;
#513 = AXIS2_PLACEMENT_3D ( 'NONE', #1702, #698, #3339 ) ;
#514 =( NAMED_UNIT ( * ) PLANE_ANGLE_UNIT ( ) SI_UNIT ( $, .RADIAN. ) );
#515 = STYLED_ITEM ( 'NONE', ( #2209 ), #2151 ) ;
#516 = PRESENTATION_LAYER_ASSIGNMENT (  '', '', ( #252 ) ) ;
#517 = DIRECTION ( 'NONE',  ( 0.0000000000000000000, -1.224646799146999945E-16, -1.000000000000000000 ) ) ;
#518 = SURFACE_STYLE_USAGE ( .BOTH. , #476 ) ;
#519 = PRODUCT_DEFINITION_FORMATION_WITH_SPECIFIED_SOURCE ( 'ANY', '', #3958, .NOT_KNOWN. ) ;
#520 = FACE_OUTER_BOUND ( 'NONE', #1821, .T. ) ;
#521 = VECTOR ( 'NONE', #2488, 1000.000000000000000 ) ;
#522 = AXIS2_PLACEMENT_3D ( 'NONE', #657, #3689, #2031 ) ;
#523 = ORIENTED_EDGE ( 'NONE', *, *, #440, .F. ) ;
#524 = DIRECTION ( 'NONE',  ( -0.0000000000000000000, -0.0000000000000000000, -1.000000000000000000 ) ) ;
#525 = CARTESIAN_POINT ( 'NONE',  ( -0.2950000000000000400, -0.2950000000000000400, 0.0000000000000000000 ) ) ;
#526 =( GEOMETRIC_REPRESENTATION_CONTEXT ( 3 ) GLOBAL_UNCERTAINTY_ASSIGNED_CONTEXT ( ( #205 ) ) GLOBAL_UNIT_ASSIGNED_CONTEXT ( ( #1635, #982, #1023 ) ) REPRESENTATION_CONTEXT ( 'NONE', 'WORKASPACE' ) );
#527 = EDGE_CURVE ( 'NONE', #1225, #2480, #2995, .T. ) ;
#528 =( LENGTH_UNIT ( ) NAMED_UNIT ( * ) SI_UNIT ( .MILLI., .METRE. ) );
#529 = DIRECTION ( 'NONE',  ( 1.000000000000000000, 0.0000000000000000000, -0.0000000000000000000 ) ) ;
#530 = ORIENTED_EDGE ( 'NONE', *, *, #1381, .F. ) ;
#531 = ORIENTED_EDGE ( 'NONE', *, *, #2145, .T. ) ;
#532 = FILL_AREA_STYLE_COLOUR ( '', #1216 ) ;
#533 = DIRECTION ( 'NONE',  ( -0.0000000000000000000, -1.224646799146999945E-16, 1.000000000000000000 ) ) ;
#534 = SURFACE_SIDE_STYLE ('',( #449 ) ) ;
#535 = CIRCLE ( 'NONE', #1669, 0.1700000000000000122 ) ;
#536 = CYLINDRICAL_SURFACE ( 'NONE', #3820, 0.1700000000000000122 ) ;
#537 = FILL_AREA_STYLE ('',( #3447 ) ) ;
#538 = CARTESIAN_POINT ( 'NONE',  ( 0.2000000000000000111, -0.2600000000000000089, -3.184081677782999738E-17 ) ) ;
#539 = CARTESIAN_POINT ( 'NONE',  ( 0.3152661081139450094, 0.2999999999999999889, 0.06000000000000000472 ) ) ;
#540 = VECTOR ( 'NONE', #3880, 1000.000000000000000 ) ;
#541 = SURFACE_SIDE_STYLE ('',( #4188 ) ) ;
#542 = EDGE_CURVE ( 'NONE', #1939, #2952, #2445, .T. ) ;
#543 = VECTOR ( 'NONE', #1291, 1000.000000000000000 ) ;
#544 = ORIENTED_EDGE ( 'NONE', *, *, #2145, .F. ) ;
#545 = ORIENTED_EDGE ( 'NONE', *, *, #2432, .F. ) ;
#546 = PRODUCT_DEFINITION ( 'UNKNOWN', '', #2394, #3493 ) ;
#547 = FILL_AREA_STYLE ('',( #1252 ) ) ;
#548 = FILL_AREA_STYLE ('',( #145 ) ) ;
#549 = ORIENTED_EDGE ( 'NONE', *, *, #1565, .F. ) ;
#550 = EDGE_CURVE ( 'NONE', #33, #3983, #2510, .T. ) ;
#551 = ORIENTED_EDGE ( 'NONE', *, *, #1948, .F. ) ;
#552 = EDGE_CURVE ( 'NONE', #4110, #566, #1110, .T. ) ;
#553 =( NAMED_UNIT ( * ) PLANE_ANGLE_UNIT ( ) SI_UNIT ( $, .RADIAN. ) );
#554 = CYLINDRICAL_SURFACE ( 'NONE', #3999, 0.1700000000000000122 ) ;
#555 = AXIS2_PLACEMENT_3D ( 'NONE', #1947, #1000, #2286 ) ;
#556 = SURFACE_STYLE_USAGE ( .BOTH. , #1865 ) ;
#557 = FACE_OUTER_BOUND ( 'NONE', #1583, .T. ) ;
#558 = DIRECTION ( 'NONE',  ( 0.0000000000000000000, 0.0000000000000000000, 1.000000000000000000 ) ) ;
#559 = FACE_OUTER_BOUND ( 'NONE', #3703, .T. ) ;
#560 = FACE_OUTER_BOUND ( 'NONE', #276, .T. ) ;
#561 = PRESENTATION_LAYER_ASSIGNMENT (  '', '', ( #4262 ) ) ;
#562 = LINE ( 'NONE', #3307, #3528 ) ;
#563 = SURFACE_STYLE_USAGE ( .BOTH. , #1537 ) ;
#564 = EDGE_CURVE ( 'NONE', #2010, #443, #4140, .T. ) ;
#565 = VECTOR ( 'NONE', #2790, 1000.000000000000000 ) ;
#566 = VERTEX_POINT ( 'NONE', #1620 ) ;
#567 = PRODUCT_DEFINITION_SHAPE ( 'NONE', 'NONE',  #546 ) ;
#568 = DIRECTION ( 'NONE',  ( -1.000000000000000000, 0.0000000000000000000, 0.0000000000000000000 ) ) ;
#569 = ADVANCED_FACE ( 'NONE', ( #4299 ), #2579, .T. ) ;
#570 = ORIENTED_EDGE ( 'NONE', *, *, #1251, .F. ) ;
#571 = EDGE_LOOP ( 'NONE', ( #1877, #4158, #2379, #3124 ) ) ;
#572 = DIRECTION ( 'NONE',  ( -0.0000000000000000000, 1.224646799146999945E-16, 1.000000000000000000 ) ) ;
#573 = PLANE ( 'NONE',  #1847 ) ;
#574 = FACE_OUTER_BOUND ( 'NONE', #762, .T. ) ;
#575 = LINE ( 'NONE', #4296, #200 ) ;
#576 = EDGE_CURVE ( 'NONE', #2952, #915, #2707, .T. ) ;
#577 = AXIS2_PLACEMENT_3D ( 'NONE', #185, #3775, #1102 ) ;
#578 = DIRECTION ( 'NONE',  ( 1.000000000000000000, 0.0000000000000000000, 0.0000000000000000000 ) ) ;
#579 = UNCERTAINTY_MEASURE_WITH_UNIT (LENGTH_MEASURE( 1.000000000000000082E-05 ), #4116, 'distance_accuracy_value', 'NONE');
#580 = DIRECTION ( 'NONE',  ( 0.0000000000000000000, -1.000000000000000000, -0.0000000000000000000 ) ) ;
#581 = PRESENTATION_STYLE_ASSIGNMENT (( #1880 ) ) ;
#582 = DIRECTION ( 'NONE',  ( -0.0000000000000000000, 1.224646799146999945E-16, -1.000000000000000000 ) ) ;
#583 = VECTOR ( 'NONE', #4122, 1000.000000000000000 ) ;
#584 = LINE ( 'NONE', #649, #614 ) ;
#585 = VECTOR ( 'NONE', #1392, 1000.000000000000000 ) ;
#586 = UNCERTAINTY_MEASURE_WITH_UNIT (LENGTH_MEASURE( 1.000000000000000082E-05 ), #3708, 'distance_accuracy_value', 'NONE');
#587 = VECTOR ( 'NONE', #3380, 1000.000000000000000 ) ;
#588 = CARTESIAN_POINT ( 'NONE',  ( -0.1999999999999999833, 0.2999999999999999889, 0.0000000000000000000 ) ) ;
#589 = CARTESIAN_POINT ( 'NONE',  ( 0.3275140453870000190, -0.2600000000000000089, 0.06000000000000000472 ) ) ;
#590 =( GEOMETRIC_REPRESENTATION_CONTEXT ( 3 ) GLOBAL_UNCERTAINTY_ASSIGNED_CONTEXT ( ( #2028 ) ) GLOBAL_UNIT_ASSIGNED_CONTEXT ( ( #1582, #2564, #2338 ) ) REPRESENTATION_CONTEXT ( 'NONE', 'WORKASPACE' ) );
#591 = ORIENTED_EDGE ( 'NONE', *, *, #749, .T. ) ;
#592 = AXIS2_PLACEMENT_3D ( 'NONE', #623, #924, #262 ) ;
#593 =( NAMED_UNIT ( * ) SI_UNIT ( $, .STERADIAN. ) SOLID_ANGLE_UNIT ( ) );
#594 = ORIENTED_EDGE ( 'NONE', *, *, #3473, .T. ) ;
#595 = CIRCLE ( 'NONE', #4216, 0.2000000000000000111 ) ;
#596 = LINE ( 'NONE', #2278, #2255 ) ;
#597 = CARTESIAN_POINT ( 'NONE',  ( 0.3875192319069999947, 0.2999999999999999889, 0.0000000000000000000 ) ) ;
#598 = CARTESIAN_POINT ( 'NONE',  ( 0.4085786437627249024, -0.2999999999999027334, 0.0000000000000000000 ) ) ;
#599 = ORIENTED_EDGE ( 'NONE', *, *, #1089, .F. ) ;
#600 = ORIENTED_EDGE ( 'NONE', *, *, #1807, .F. ) ;
#601 = EDGE_CURVE ( 'NONE', #3170, #3537, #3842, .T. ) ;
#602 = DIRECTION ( 'NONE',  ( 0.0000000000000000000, 1.000000000000000000, -1.185846126156020228E-16 ) ) ;
#603 = SURFACE_STYLE_FILL_AREA ( #2614 ) ;
#604 = ORIENTED_EDGE ( 'NONE', *, *, #1413, .T. ) ;
#605 = CARTESIAN_POINT ( 'NONE',  ( 0.5500000000000000444, -0.3499999999999999778, 0.02000000000000000042 ) ) ;
#606 = MECHANICAL_DESIGN_GEOMETRIC_PRESENTATION_REPRESENTATION (  '', ( #1996 ), #2751 ) ;
#607 = DIRECTION ( 'NONE',  ( 0.0000000000000000000, 0.0000000000000000000, 1.000000000000000000 ) ) ;
#608 = SURFACE_STYLE_FILL_AREA ( #630 ) ;
#609 = STYLED_ITEM ( 'NONE', ( #2454 ), #3207 ) ;
#610 = FACE_OUTER_BOUND ( 'NONE', #3286, .T. ) ;
#611 =( NAMED_UNIT ( * ) PLANE_ANGLE_UNIT ( ) SI_UNIT ( $, .RADIAN. ) );
#612 = DIRECTION ( 'NONE',  ( 0.0000000000000000000, 1.000000000000000000, 1.224646799146999945E-16 ) ) ;
#613 = LINE ( 'NONE', #3883, #1156 ) ;
#614 = VECTOR ( 'NONE', #1598, 1000.000000000000000 ) ;
#615 = VERTEX_POINT ( 'NONE', #1597 ) ;
#616 = SURFACE_STYLE_USAGE ( .BOTH. , #273 ) ;
#617 = LINE ( 'NONE', #4108, #1232 ) ;
#618 = LINE ( 'NONE', #598, #2704 ) ;
#619 = AXIS2_PLACEMENT_3D ( 'NONE', #3344, #3074, #1418 ) ;
#620 = ORIENTED_EDGE ( 'NONE', *, *, #2097, .F. ) ;
#621 = ORIENTED_EDGE ( 'NONE', *, *, #958, .F. ) ;
#622 = CARTESIAN_POINT ( 'NONE',  ( 0.5500000000000000444, 0.3499999999999999778, 0.01999999999999997960 ) ) ;
#623 = CARTESIAN_POINT ( 'NONE',  ( 0.2950000000000000400, 0.2950000000000000400, 0.0000000000000000000 ) ) ;
#624 = DIRECTION ( 'NONE',  ( -1.000000000000000000, 0.0000000000000000000, 0.0000000000000000000 ) ) ;
#625 = SURFACE_SIDE_STYLE ('',( #2257 ) ) ;
#626 = ORIENTED_EDGE ( 'NONE', *, *, #2509, .F. ) ;
#627 = EDGE_CURVE ( 'NONE', #4247, #1386, #2947, .T. ) ;
#628 = APPLICATION_PROTOCOL_DEFINITION ( 'draft international standard', 'automotive_design', 1998, #1791 ) ;
#629 = CARTESIAN_POINT ( 'NONE',  ( -0.05000000000000000278, -0.1499999999999999944, 0.0000000000000000000 ) ) ;
#630 = FILL_AREA_STYLE ('',( #2620 ) ) ;
#631 = EDGE_CURVE ( 'NONE', #1273, #1872, #2557, .T. ) ;
#632 =( LENGTH_UNIT ( ) NAMED_UNIT ( * ) SI_UNIT ( .MILLI., .METRE. ) );
#633 = AXIS2_PLACEMENT_3D ( 'NONE', #1265, #3590, #612 ) ;
#634 = EDGE_CURVE ( 'NONE', #2483, #615, #2241, .T. ) ;
#635 = ORIENTED_EDGE ( 'NONE', *, *, #601, .T. ) ;
#636 = DIRECTION ( 'NONE',  ( 0.0000000000000000000, 1.224646799146999945E-16, -1.000000000000000000 ) ) ;
#637 = ADVANCED_FACE ( 'NONE', ( #2862 ), #3567, .T. ) ;
#638 = VECTOR ( 'NONE', #1811, 1000.000000000000000 ) ;
#639 = CARTESIAN_POINT ( 'NONE',  ( -0.2849999999999999756, -0.2999999999999999889, 0.1400000000000000133 ) ) ;
#640 = CARTESIAN_POINT ( 'NONE',  ( -0.4749999999998638645, -0.1645950378226634647, 2.015707862251541810E-17 ) ) ;
#641 = DIRECTION ( 'NONE',  ( -0.0000000000000000000, 1.224646799146999945E-16, 1.000000000000000000 ) ) ;
#642 = ORIENTED_EDGE ( 'NONE', *, *, #502, .F. ) ;
#643 = EDGE_LOOP ( 'NONE', ( #1450, #1272, #1940, #3154 ) ) ;
#644 = DIRECTION ( 'NONE',  ( 0.0000000000000000000, -1.000000000000000000, -1.224646799146999945E-16 ) ) ;
#645 = DIRECTION ( 'NONE',  ( 0.0000000000000000000, -1.224646799146999945E-16, -1.000000000000000000 ) ) ;
#646 = ORIENTED_EDGE ( 'NONE', *, *, #159, .F. ) ;
#647 = DIRECTION ( 'NONE',  ( 1.000000000000000000, 0.0000000000000000000, 0.0000000000000000000 ) ) ;
#648 = EDGE_CURVE ( 'NONE', #3222, #1428, #1082, .T. ) ;
#649 = CARTESIAN_POINT ( 'NONE',  ( 0.1999999999999999833, 0.2999999999999999889, 0.0000000000000000000 ) ) ;
#650 = MECHANICAL_DESIGN_GEOMETRIC_PRESENTATION_REPRESENTATION (  '', ( #4069 ), #4278 ) ;
#651 = EDGE_CURVE ( 'NONE', #3641, #1885, #34, .T. ) ;
#652 =( NAMED_UNIT ( * ) SI_UNIT ( $, .STERADIAN. ) SOLID_ANGLE_UNIT ( ) );
#653 = EDGE_LOOP ( 'NONE', ( #2816, #3027, #2009, #260 ) ) ;
#654 =( NAMED_UNIT ( * ) PLANE_ANGLE_UNIT ( ) SI_UNIT ( $, .RADIAN. ) );
#655 = VECTOR ( 'NONE', #3474, 1000.000000000000000 ) ;
#656 = AXIS2_PLACEMENT_3D ( 'NONE', #3253, #3232, #578 ) ;
#657 = CARTESIAN_POINT ( 'NONE',  ( -0.5500000000000000444, 0.3499999999999999778, 0.02000000000000000042 ) ) ;
#658 = ORIENTED_EDGE ( 'NONE', *, *, #3532, .T. ) ;
#659 = CIRCLE ( 'NONE', #2874, 0.2400000000000000466 ) ;
#660 = ORIENTED_EDGE ( 'NONE', *, *, #148, .T. ) ;
#661 = AXIS2_PLACEMENT_3D ( 'NONE', #1966, #2679, #2654 ) ;
#662 = FILL_AREA_STYLE ('',( #45 ) ) ;
#663 = VECTOR ( 'NONE', #97, 1000.000000000000000 ) ;
#664 = CARTESIAN_POINT ( 'NONE',  ( -0.4949999999998609956, -0.1891429205785933876, 0.02000000000000000042 ) ) ;
#665 =( GEOMETRIC_REPRESENTATION_CONTEXT ( 3 ) GLOBAL_UNCERTAINTY_ASSIGNED_CONTEXT ( ( #1166 ) ) GLOBAL_UNIT_ASSIGNED_CONTEXT ( ( #1698, #3379, #3734 ) ) REPRESENTATION_CONTEXT ( 'NONE', 'WORKASPACE' ) );
#666 = CARTESIAN_POINT ( 'NONE',  ( -0.2849999999999999756, -0.2999999999999999889, 0.1250000000000000000 ) ) ;
#667 = VERTEX_POINT ( 'NONE', #673 ) ;
#668 = FACE_OUTER_BOUND ( 'NONE', #2297, .T. ) ;
#669 = VERTEX_POINT ( 'NONE', #3032 ) ;
#670 = MECHANICAL_DESIGN_GEOMETRIC_PRESENTATION_REPRESENTATION (  '', ( #256 ), #3657 ) ;
#671 = UNCERTAINTY_MEASURE_WITH_UNIT (LENGTH_MEASURE( 1.000000000000000082E-05 ), #1867, 'distance_accuracy_value', 'NONE');
#672 = CARTESIAN_POINT ( 'NONE',  ( 0.4749999999999334754, 0.1645950378226353483, 0.01999999999999999001 ) ) ;
#673 = CARTESIAN_POINT ( 'NONE',  ( -0.1000000000000000056, 0.1499999999999999944, -3.877637236346249075E-20 ) ) ;
#674 = SURFACE_STYLE_FILL_AREA ( #3654 ) ;
#675 = VECTOR ( 'NONE', #641, 1000.000000000000000 ) ;
#676 = SURFACE_STYLE_FILL_AREA ( #3656 ) ;
#677 = FILL_AREA_STYLE ('',( #3367 ) ) ;
#678 = ORIENTED_EDGE ( 'NONE', *, *, #3533, .T. ) ;
#679 = CIRCLE ( 'NONE', #2143, 0.1700000000000000122 ) ;
#680 = UNCERTAINTY_MEASURE_WITH_UNIT (LENGTH_MEASURE( 1.000000000000000082E-05 ), #3058, 'distance_accuracy_value', 'NONE');
#681 = COLOUR_RGB ( '',1.000000000000000000, 0.0000000000000000000, 0.0000000000000000000 ) ;
#682 = CARTESIAN_POINT ( 'NONE',  ( 0.2000000000000000111, 0.2999999999999999889, 0.02000000000000000042 ) ) ;
#683 = DIRECTION ( 'NONE',  ( -0.0000000000000000000, -0.0000000000000000000, -1.000000000000000000 ) ) ;
#684 = EDGE_CURVE ( 'NONE', #3964, #1328, #408, .T. ) ;
#685 = ORIENTED_EDGE ( 'NONE', *, *, #552, .T. ) ;
#686 = PRESENTATION_LAYER_ASSIGNMENT (  '', '', ( #2970 ) ) ;
#687 = ORIENTED_EDGE ( 'NONE', *, *, #502, .T. ) ;
#688 = UNCERTAINTY_MEASURE_WITH_UNIT (LENGTH_MEASURE( 1.000000000000000082E-05 ), #1, 'distance_accuracy_value', 'NONE');
#689 = STYLED_ITEM ( 'NONE', ( #3760 ), #3832 ) ;
#690 = SURFACE_STYLE_USAGE ( .BOTH. , #3354 ) ;
#691 = CARTESIAN_POINT ( 'NONE',  ( -0.05000000000000000278, 0.2999999999999999889, 0.0000000000000000000 ) ) ;
#692 = DIRECTION ( 'NONE',  ( 1.000000000000000000, 0.0000000000000000000, 0.0000000000000000000 ) ) ;
#693 = ADVANCED_FACE ( 'NONE', ( #3697 ), #1668, .F. ) ;
#694 = VERTEX_POINT ( 'NONE', #3359 ) ;
#695 = UNCERTAINTY_MEASURE_WITH_UNIT (LENGTH_MEASURE( 1.000000000000000082E-05 ), #2358, 'distance_accuracy_value', 'NONE');
#696 = ADVANCED_FACE ( 'NONE', ( #699 ), #3714, .F. ) ;
#697 = VECTOR ( 'NONE', #2200, 1000.000000000000000 ) ;
#698 = DIRECTION ( 'NONE',  ( 0.0000000000000000000, 1.224646799146999945E-16, -1.000000000000000000 ) ) ;
#699 = FACE_OUTER_BOUND ( 'NONE', #3453, .T. ) ;
#700 = DIRECTION ( 'NONE',  ( -1.000000000000000000, 0.0000000000000000000, 0.0000000000000000000 ) ) ;
#701 = FILL_AREA_STYLE_COLOUR ( '', #2760 ) ;
#702 =( NAMED_UNIT ( * ) PLANE_ANGLE_UNIT ( ) SI_UNIT ( $, .RADIAN. ) );
#703 =( NAMED_UNIT ( * ) PLANE_ANGLE_UNIT ( ) SI_UNIT ( $, .RADIAN. ) );
#704 = PLANE ( 'NONE',  #1057 ) ;
#705 = ORIENTED_EDGE ( 'NONE', *, *, #474, .F. ) ;
#706 = CARTESIAN_POINT ( 'NONE',  ( -0.4949999999999999956, -0.2999999999999999889, 0.06000000000000000472 ) ) ;
#707 = VECTOR ( 'NONE', #4196, 1000.000000000000000 ) ;
#708 = LINE ( 'NONE', #377, #2456 ) ;
#709 = ADVANCED_FACE ( 'NONE', ( #192 ), #4135, .T. ) ;
#710 = LINE ( 'NONE', #3332, #2754 ) ;
#711 = ORIENTED_EDGE ( 'NONE', *, *, #1577, .T. ) ;
#712 = PRESENTATION_STYLE_ASSIGNMENT (( #3290 ) ) ;
#713 = MECHANICAL_DESIGN_GEOMETRIC_PRESENTATION_REPRESENTATION (  '', ( #3985 ), #3198 ) ;
#714 = DIRECTION ( 'NONE',  ( 0.0000000000000000000, 0.0000000000000000000, 1.000000000000000000 ) ) ;
#715 = SURFACE_STYLE_USAGE ( .BOTH. , #3442 ) ;
#716 = PLANE ( 'NONE',  #3468 ) ;
#717 = VERTEX_POINT ( 'NONE', #2505 ) ;
#718 = EDGE_LOOP ( 'NONE', ( #2544, #209, #1364, #4034, #2254, #506, #1850, #4242 ) ) ;
#719 = STYLED_ITEM ( 'NONE', ( #1044 ), #696 ) ;
#720 = CARTESIAN_POINT ( 'NONE',  ( -0.1000000000000000056, -0.1499999999999999944, 0.0000000000000000000 ) ) ;
#721 = EDGE_CURVE ( 'NONE', #1328, #323, #827, .T. ) ;
#722 = EDGE_CURVE ( 'NONE', #3508, #4192, #1173, .T. ) ;
#723 =( NAMED_UNIT ( * ) SI_UNIT ( $, .STERADIAN. ) SOLID_ANGLE_UNIT ( ) );
#724 = LINE ( 'NONE', #3745, #2219 ) ;
#725 = DIRECTION ( 'NONE',  ( -1.000000000000000000, 0.0000000000000000000, 0.0000000000000000000 ) ) ;
#726 = CARTESIAN_POINT ( 'NONE',  ( 0.2975000000000000977, -0.2974999999999999867, 0.1250000000000000000 ) ) ;
#727 = ORIENTED_EDGE ( 'NONE', *, *, #2074, .T. ) ;
#728 = DIRECTION ( 'NONE',  ( 0.0000000000000000000, 1.000000000000000000, 1.224646799146999945E-16 ) ) ;
#729 = COLOUR_RGB ( '',0.7803921568627451011, 0.5686274509803921351, 0.1137254901960784298 ) ;
#730 = FILL_AREA_STYLE_COLOUR ( '', #1222 ) ;
#731 = PRESENTATION_LAYER_ASSIGNMENT (  '', '', ( #3569 ) ) ;
#732 = ORIENTED_EDGE ( 'NONE', *, *, #265, .F. ) ;
#733 =( GEOMETRIC_REPRESENTATION_CONTEXT ( 3 ) GLOBAL_UNCERTAINTY_ASSIGNED_CONTEXT ( ( #153 ) ) GLOBAL_UNIT_ASSIGNED_CONTEXT ( ( #2184, #3782, #2132 ) ) REPRESENTATION_CONTEXT ( 'NONE', 'WORKASPACE' ) );
#734 = SURFACE_STYLE_FILL_AREA ( #2380 ) ;
#735 = FILL_AREA_STYLE ('',( #385 ) ) ;
#736 =( LENGTH_UNIT ( ) NAMED_UNIT ( * ) SI_UNIT ( .MILLI., .METRE. ) );
#737 = VECTOR ( 'NONE', #1338, 1000.000000000000000 ) ;
#738 = PRESENTATION_LAYER_ASSIGNMENT (  '', '', ( #3363 ) ) ;
#739 = ORIENTED_EDGE ( 'NONE', *, *, #2509, .T. ) ;
#740 = UNCERTAINTY_MEASURE_WITH_UNIT (LENGTH_MEASURE( 1.000000000000000082E-05 ), #2988, 'distance_accuracy_value', 'NONE');
#741 = CARTESIAN_POINT ( 'NONE',  ( 0.5500000000000000444, 0.3499999999999999778, 0.06000000000000000472 ) ) ;
#742 = CARTESIAN_POINT ( 'NONE',  ( -0.5500000000000000444, -0.3499999999999999778, 0.02000000000000000042 ) ) ;
#743 = ADVANCED_FACE ( 'NONE', ( #1527 ), #2152, .T. ) ;
#744 = AXIS2_PLACEMENT_3D ( 'NONE', #2024, #1727, #2667 ) ;
#745 = VECTOR ( 'NONE', #2318, 1000.000000000000000 ) ;
#746 = CYLINDRICAL_SURFACE ( 'NONE', #1806, 0.1499999999999999667 ) ;
#747 = SURFACE_STYLE_FILL_AREA ( #2048 ) ;
#748 = DIRECTION ( 'NONE',  ( 0.0000000000000000000, 1.000000000000000000, 1.224646799146999945E-16 ) ) ;
#749 = EDGE_CURVE ( 'NONE', #504, #3606, #492, .T. ) ;
#750 = CARTESIAN_POINT ( 'NONE',  ( 0.5000000000000000000, 0.2999999999999999889, 0.0000000000000000000 ) ) ;
#751 = AXIS2_PLACEMENT_3D ( 'NONE', #3087, #1761, #2699 ) ;
#752 = AXIS2_PLACEMENT_3D ( 'NONE', #3026, #2078, #2362 ) ;
#753 = ORIENTED_EDGE ( 'NONE', *, *, #1628, .F. ) ;
#754 = FACE_OUTER_BOUND ( 'NONE', #3622, .T. ) ;
#755 = DIRECTION ( 'NONE',  ( -0.0000000000000000000, 1.224646799146999945E-16, 1.000000000000000000 ) ) ;
#756 = ORIENTED_EDGE ( 'NONE', *, *, #4146, .F. ) ;
#757 = MECHANICAL_DESIGN_GEOMETRIC_PRESENTATION_REPRESENTATION (  '', ( #2549 ), #2287 ) ;
#758 = CARTESIAN_POINT ( 'NONE',  ( 0.4085786437628452505, 0.2999999999999999889, 0.08000000000000000167 ) ) ;
#759 =( NAMED_UNIT ( * ) PLANE_ANGLE_UNIT ( ) SI_UNIT ( $, .RADIAN. ) );
#760 = LINE ( 'NONE', #3670, #2164 ) ;
#761 = VECTOR ( 'NONE', #2425, 1000.000000000000000 ) ;
#762 = EDGE_LOOP ( 'NONE', ( #2303, #796, #2795, #4180, #139, #489, #165, #1326, #2696, #739, #3287, #793 ) ) ;
#763 = DIRECTION ( 'NONE',  ( 0.0000000000000000000, 0.0000000000000000000, -1.000000000000000000 ) ) ;
#764 = CARTESIAN_POINT ( 'NONE',  ( 0.5000000000000000000, 0.2999999999999999889, 0.0000000000000000000 ) ) ;
#765 = AXIS2_PLACEMENT_3D ( 'NONE', #809, #2134, #473 ) ;
#766 = DIRECTION ( 'NONE',  ( -0.0000000000000000000, -0.0000000000000000000, 1.000000000000000000 ) ) ;
#767 = DIRECTION ( 'NONE',  ( -0.0000000000000000000, -0.0000000000000000000, 1.000000000000000000 ) ) ;
#768 = CLOSED_SHELL ( 'NONE', ( #132, #1452, #4049, #1550, #1686, #743, #971, #2863, #463, #3207, #3282, #942, #1302, #267, #4226, #2207, #4185, #101, #4091, #1456, #4073, #3118, #1060, #3865, #1655, #2659 ) ) ;
#769 = SURFACE_STYLE_USAGE ( .BOTH. , #3405 ) ;
#770 =( LENGTH_UNIT ( ) NAMED_UNIT ( * ) SI_UNIT ( .MILLI., .METRE. ) );
#771 = SURFACE_STYLE_FILL_AREA ( #3002 ) ;
#772 = UNCERTAINTY_MEASURE_WITH_UNIT (LENGTH_MEASURE( 1.000000000000000082E-05 ), #3506, 'distance_accuracy_value', 'NONE');
#773 = EDGE_CURVE ( 'NONE', #2931, #460, #3126, .T. ) ;
#774 = DIRECTION ( 'NONE',  ( 0.0000000000000000000, 0.0000000000000000000, 1.000000000000000000 ) ) ;
#775 = ORIENTED_EDGE ( 'NONE', *, *, #2365, .F. ) ;
#776 = FILL_AREA_STYLE_COLOUR ( '', #1999 ) ;
#777 = ADVANCED_BREP_SHAPE_REPRESENTATION ( '', ( #2566, #1974 ), #4145 ) ;
#778 = DIRECTION ( 'NONE',  ( 1.000000000000000000, 0.0000000000000000000, 0.0000000000000000000 ) ) ;
#779 = ORIENTED_EDGE ( 'NONE', *, *, #1116, .F. ) ;
#780 = CARTESIAN_POINT ( 'NONE',  ( -0.5000000000000000000, 0.2085786437628452394, 0.0000000000000000000 ) ) ;
#781 = DIRECTION ( 'NONE',  ( 0.0000000000000000000, 1.000000000000000000, -0.0000000000000000000 ) ) ;
#782 =( GEOMETRIC_REPRESENTATION_CONTEXT ( 3 ) GLOBAL_UNCERTAINTY_ASSIGNED_CONTEXT ( ( #2682 ) ) GLOBAL_UNIT_ASSIGNED_CONTEXT ( ( #503, #3139, #480 ) ) REPRESENTATION_CONTEXT ( 'NONE', 'WORKASPACE' ) );
#783 =( NAMED_UNIT ( * ) SI_UNIT ( $, .STERADIAN. ) SOLID_ANGLE_UNIT ( ) );
#784 = MECHANICAL_DESIGN_GEOMETRIC_PRESENTATION_REPRESENTATION (  '', ( #2375 ), #3342 ) ;
#785 = LINE ( 'NONE', #2064, #587 ) ;
#786 = CARTESIAN_POINT ( 'NONE',  ( 0.5500000000000000444, -0.3499999999999999778, 0.08000000000000002942 ) ) ;
#787 = DIRECTION ( 'NONE',  ( 0.0000000000000000000, 1.000000000000000000, -1.129377263005733621E-16 ) ) ;
#788 = DIRECTION ( 'NONE',  ( 0.0000000000000000000, 1.000000000000000000, 1.224646799146999699E-16 ) ) ;
#789 = MECHANICAL_DESIGN_GEOMETRIC_PRESENTATION_REPRESENTATION (  '', ( #1409 ), #3559 ) ;
#790 = CARTESIAN_POINT ( 'NONE',  ( 0.4749999999998638089, -0.1645950378226634925, 2.015707862251542426E-17 ) ) ;
#791 =( NAMED_UNIT ( * ) PLANE_ANGLE_UNIT ( ) SI_UNIT ( $, .RADIAN. ) );
#792 = DIRECTION ( 'NONE',  ( -0.0000000000000000000, -0.0000000000000000000, -1.000000000000000000 ) ) ;
#793 = ORIENTED_EDGE ( 'NONE', *, *, #1898, .T. ) ;
#794 = FACE_OUTER_BOUND ( 'NONE', #1407, .T. ) ;
#795 = SURFACE_SIDE_STYLE ('',( #771 ) ) ;
#796 = ORIENTED_EDGE ( 'NONE', *, *, #3613, .F. ) ;
#797 = DIRECTION ( 'NONE',  ( -0.0000000000000000000, -0.0000000000000000000, -1.000000000000000000 ) ) ;
#798 = AXIS2_PLACEMENT_3D ( 'NONE', #2963, #3006, #7 ) ;
#799 = EDGE_CURVE ( 'NONE', #1182, #1872, #854, .T. ) ;
#800 = ORIENTED_EDGE ( 'NONE', *, *, #3089, .F. ) ;
#801 = MECHANICAL_DESIGN_GEOMETRIC_PRESENTATION_REPRESENTATION (  '', ( #103 ), #1772 ) ;
#802 = LINE ( 'NONE', #1798, #2514 ) ;
#803 =( NAMED_UNIT ( * ) SI_UNIT ( $, .STERADIAN. ) SOLID_ANGLE_UNIT ( ) );
#804 = LINE ( 'NONE', #2190, #3796 ) ;
#805 = SURFACE_SIDE_STYLE ('',( #2837 ) ) ;
#806 = COLOUR_RGB ( '',0.8274509803921568096, 0.8274509803921568096, 0.8274509803921568096 ) ;
#807 = STYLED_ITEM ( 'NONE', ( #4157 ), #1523 ) ;
#808 =( LENGTH_UNIT ( ) NAMED_UNIT ( * ) SI_UNIT ( .MILLI., .METRE. ) );
#809 = CARTESIAN_POINT ( 'NONE',  ( 0.5500000000000000444, 0.3499999999999999778, 0.02000000000000000042 ) ) ;
#810 = FACE_OUTER_BOUND ( 'NONE', #1349, .T. ) ;
#811 = CARTESIAN_POINT ( 'NONE',  ( 0.4949999999999304956, -0.1891429205785696566, 0.05999999999999999778 ) ) ;
#812 = AXIS2_PLACEMENT_3D ( 'NONE', #365, #3007, #714 ) ;
#813 = CARTESIAN_POINT ( 'NONE',  ( -0.2975000000000000977, 0.2974999999999999867, 0.1250000000000000000 ) ) ;
#814 = EDGE_CURVE ( 'NONE', #1912, #1137, #1127, .T. ) ;
#815 = UNCERTAINTY_MEASURE_WITH_UNIT (LENGTH_MEASURE( 1.000000000000000082E-05 ), #1461, 'distance_accuracy_value', 'NONE');
#816 = ORIENTED_EDGE ( 'NONE', *, *, #4139, .T. ) ;
#817 = SURFACE_STYLE_USAGE ( .BOTH. , #4191 ) ;
#818 = EDGE_CURVE ( 'NONE', #323, #4110, #2033, .T. ) ;
#819 = UNCERTAINTY_MEASURE_WITH_UNIT (LENGTH_MEASURE( 1.000000000000000082E-05 ), #1590, 'distance_accuracy_value', 'NONE');
#820 = STYLED_ITEM ( 'NONE', ( #4259 ), #3302 ) ;
#821 = EDGE_CURVE ( 'NONE', #904, #3398, #4291, .T. ) ;
#822 = SURFACE_STYLE_FILL_AREA ( #1186 ) ;
#823 =( LENGTH_UNIT ( ) NAMED_UNIT ( * ) SI_UNIT ( .MILLI., .METRE. ) );
#824 = ORIENTED_EDGE ( 'NONE', *, *, #1602, .F. ) ;
#825 = MECHANICAL_DESIGN_GEOMETRIC_PRESENTATION_REPRESENTATION (  '', ( #2685 ), #342 ) ;
#826 = DIRECTION ( 'NONE',  ( 1.000000000000000000, 0.0000000000000000000, 0.0000000000000000000 ) ) ;
#827 = LINE ( 'NONE', #1479, #565 ) ;
#828 = COLOUR_RGB ( '',0.7803921568627451011, 0.5686274509803921351, 0.1137254901960784298 ) ;
#829 = SURFACE_STYLE_FILL_AREA ( #3806 ) ;
#830 = EDGE_CURVE ( 'NONE', #259, #667, #1943, .T. ) ;
#831 = SURFACE_SIDE_STYLE ('',( #2791 ) ) ;
#832 = DIRECTION ( 'NONE',  ( 0.0000000000000000000, 0.0000000000000000000, 1.000000000000000000 ) ) ;
#833 = SURFACE_STYLE_FILL_AREA ( #1506 ) ;
#834 =( NAMED_UNIT ( * ) PLANE_ANGLE_UNIT ( ) SI_UNIT ( $, .RADIAN. ) );
#835 = PRESENTATION_LAYER_ASSIGNMENT (  '', '', ( #4168 ) ) ;
#836 = FILL_AREA_STYLE ('',( #2090 ) ) ;
#837 = LINE ( 'NONE', #3497, #71 ) ;
#838 = CARTESIAN_POINT ( 'NONE',  ( 0.4749999999999999778, -0.2999999999999999889, 0.06000000000000000472 ) ) ;
#839 = ORIENTED_EDGE ( 'NONE', *, *, #2432, .T. ) ;
#840 = CARTESIAN_POINT ( 'NONE',  ( -0.4749999999999319766, -0.1645950378226359312, 0.02000000000000001082 ) ) ;
#841 = CLOSED_SHELL ( 'NONE', ( #2908, #637, #491, #3888, #890, #2182, #1749, #324, #2666, #3436, #3673, #66, #1785, #1959 ) ) ;
#842 = DIRECTION ( 'NONE',  ( 1.000000000000000000, 0.0000000000000000000, 0.0000000000000000000 ) ) ;
#843 = EDGE_LOOP ( 'NONE', ( #123, #3886, #1255, #824, #955, #1776, #3843, #2148, #3410, #1949, #277, #921, #3347, #236 ) ) ;
#844 = PRESENTATION_LAYER_ASSIGNMENT (  '', '', ( #23 ) ) ;
#845 = ADVANCED_FACE ( 'NONE', ( #3270 ), #2877, .F. ) ;
#846 = SURFACE_SIDE_STYLE ('',( #734 ) ) ;
#847 = FILL_AREA_STYLE_COLOUR ( '', #3019 ) ;
#848 = LINE ( 'NONE', #2767, #4223 ) ;
#849 = FILL_AREA_STYLE_COLOUR ( '', #1162 ) ;
#850 = APPLICATION_CONTEXT ( 'automotive_design' ) ;
#851 = ORIENTED_EDGE ( 'NONE', *, *, #1424, .T. ) ;
#852 = AXIS2_PLACEMENT_3D ( 'NONE', #872, #3443, #146 ) ;
#853 = ORIENTED_EDGE ( 'NONE', *, *, #1577, .F. ) ;
#854 = LINE ( 'NONE', #2179, #1627 ) ;
#855 = AXIS2_PLACEMENT_3D ( 'NONE', #920, #2872, #4221 ) ;
#856 =( NAMED_UNIT ( * ) PLANE_ANGLE_UNIT ( ) SI_UNIT ( $, .RADIAN. ) );
#857 = ADVANCED_FACE ( 'NONE', ( #2525 ), #554, .T. ) ;
#858 = SHAPE_REPRESENTATION_RELATIONSHIP ( 'NONE' , 'NONE' ,  #2133, #3309 ) ;
#859 = DIRECTION ( 'NONE',  ( -1.000000000000000000, 0.0000000000000000000, 0.0000000000000000000 ) ) ;
#860 = CARTESIAN_POINT ( 'NONE',  ( 0.5500000000000000444, -0.3499999999999999778, 4.286263797010733491E-17 ) ) ;
#861 = VECTOR ( 'NONE', #3916, 1000.000000000000000 ) ;
#862 = FILL_AREA_STYLE_COLOUR ( '', #484 ) ;
#863 = CARTESIAN_POINT ( 'NONE',  ( 0.4085786437628452505, 0.2999999999999999889, 0.0000000000000000000 ) ) ;
#864 = UNCERTAINTY_MEASURE_WITH_UNIT (LENGTH_MEASURE( 1.000000000000000082E-05 ), #1007, 'distance_accuracy_value', 'NONE');
#865 = DIRECTION ( 'NONE',  ( -0.0000000000000000000, -0.0000000000000000000, -1.000000000000000000 ) ) ;
#866 = ORIENTED_EDGE ( 'NONE', *, *, #2226, .T. ) ;
#867 = LINE ( 'NONE', #1161, #1919 ) ;
#868 = ORIENTED_EDGE ( 'NONE', *, *, #96, .F. ) ;
#869 = SURFACE_STYLE_FILL_AREA ( #934 ) ;
#870 = DIRECTION ( 'NONE',  ( -0.0000000000000000000, 1.000000000000000000, 0.0000000000000000000 ) ) ;
#871 = SURFACE_SIDE_STYLE ('',( #3150 ) ) ;
#872 = CARTESIAN_POINT ( 'NONE',  ( -0.5500000000000000444, -0.3499999999999999778, 0.02000000000000000042 ) ) ;
#873 = ORIENTED_EDGE ( 'NONE', *, *, #1602, .T. ) ;
#874 = ORIENTED_EDGE ( 'NONE', *, *, #1013, .F. ) ;
#875 = VECTOR ( 'NONE', #1365, 1000.000000000000000 ) ;
#876 =( NAMED_UNIT ( * ) PLANE_ANGLE_UNIT ( ) SI_UNIT ( $, .RADIAN. ) );
#877 = PLANE ( 'NONE',  #2880 ) ;
#878 =( GEOMETRIC_REPRESENTATION_CONTEXT ( 3 ) GLOBAL_UNCERTAINTY_ASSIGNED_CONTEXT ( ( #3599 ) ) GLOBAL_UNIT_ASSIGNED_CONTEXT ( ( #1178, #834, #2465 ) ) REPRESENTATION_CONTEXT ( 'NONE', 'WORKASPACE' ) );
#879 = STYLED_ITEM ( 'NONE', ( #4233 ), #1485 ) ;
#880 = AXIS2_PLACEMENT_3D ( 'NONE', #3274, #607, #1666 ) ;
#881 = SURFACE_STYLE_FILL_AREA ( #2840 ) ;
#882 = LINE ( 'NONE', #2185, #1138 ) ;
#883 = CARTESIAN_POINT ( 'NONE',  ( -0.5500000000000000444, -0.3499999999999999778, 0.01999999999999999001 ) ) ;
#884 = CIRCLE ( 'NONE', #3148, 0.005000000000000013115 ) ;
#885 = PRODUCT_RELATED_PRODUCT_CATEGORY ( 'part', '', ( #306 ) ) ;
#886 = CIRCLE ( 'NONE', #173, 0.1700000000000000122 ) ;
#887 = EDGE_CURVE ( 'NONE', #4239, #4152, #100, .T. ) ;
#888 = ORIENTED_EDGE ( 'NONE', *, *, #3120, .T. ) ;
#889 = DIRECTION ( 'NONE',  ( 0.0000000000000000000, 0.0000000000000000000, -1.000000000000000000 ) ) ;
#890 = ADVANCED_FACE ( 'NONE', ( #3600 ), #213, .T. ) ;
#891 = AXIS2_PLACEMENT_3D ( 'NONE', #1579, #1933, #2561 ) ;
#892 = VERTEX_POINT ( 'NONE', #84 ) ;
#893 = LINE ( 'NONE', #4194, #2388 ) ;
#894 = PRESENTATION_STYLE_ASSIGNMENT (( #3868 ) ) ;
#895 = DIRECTION ( 'NONE',  ( 0.0000000000000000000, 1.224646799146999945E-16, -1.000000000000000000 ) ) ;
#896 = SURFACE_STYLE_FILL_AREA ( #1938 ) ;
#897 = ORIENTED_EDGE ( 'NONE', *, *, #830, .T. ) ;
#898 = ORIENTED_EDGE ( 'NONE', *, *, #991, .T. ) ;
#899 = VECTOR ( 'NONE', #2251, 1000.000000000000000 ) ;
#900 = CARTESIAN_POINT ( 'NONE',  ( 0.2937867965644035406, 0.2937867965644035406, 0.1399999999999999856 ) ) ;
#901 = DIRECTION ( 'NONE',  ( 0.0000000000000000000, -1.224646799146999945E-16, -1.000000000000000000 ) ) ;
#902 = DIRECTION ( 'NONE',  ( 0.0000000000000000000, 1.000000000000000000, 1.224646799146999945E-16 ) ) ;
#903 = PRODUCT_DEFINITION_SHAPE ( 'NONE', 'NONE',  #1463 ) ;
#904 = VERTEX_POINT ( 'NONE', #404 ) ;
#905 =( LENGTH_UNIT ( ) NAMED_UNIT ( * ) SI_UNIT ( .MILLI., .METRE. ) );
#906 = PRESENTATION_STYLE_ASSIGNMENT (( #172 ) ) ;
#907 = SURFACE_STYLE_FILL_AREA ( #1196 ) ;
#908 = COLOUR_RGB ( '',0.0000000000000000000, 0.3333333333333333148, 0.0000000000000000000 ) ;
#909 = CARTESIAN_POINT ( 'NONE',  ( 0.2999999999999999889, -0.2999999999999999889, 0.1337867965644035650 ) ) ;
#910 = MECHANICAL_DESIGN_GEOMETRIC_PRESENTATION_REPRESENTATION (  '', ( #2075 ), #2474 ) ;
#911 = ORIENTED_EDGE ( 'NONE', *, *, #3318, .T. ) ;
#912 =( LENGTH_UNIT ( ) NAMED_UNIT ( * ) SI_UNIT ( .MILLI., .METRE. ) );
#913 = FILL_AREA_STYLE_COLOUR ( '', #3728 ) ;
#914 = VECTOR ( 'NONE', #3299, 1000.000000000000000 ) ;
#915 = VERTEX_POINT ( 'NONE', #384 ) ;
#916 = EDGE_CURVE ( 'NONE', #1419, #1801, #2697, .T. ) ;
#917 = CARTESIAN_POINT ( 'NONE',  ( -0.4949999999999999956, 0.2999999999999999889, 0.05999999999999999778 ) ) ;
#918 = EDGE_CURVE ( 'NONE', #2316, #251, #3668, .T. ) ;
#919 = FACE_OUTER_BOUND ( 'NONE', #2346, .T. ) ;
#920 = CARTESIAN_POINT ( 'NONE',  ( 0.3713942890049999890, 0.2600000000000000089, 3.184081677782999738E-17 ) ) ;
#921 = ORIENTED_EDGE ( 'NONE', *, *, #198, .F. ) ;
#922 = UNCERTAINTY_MEASURE_WITH_UNIT (LENGTH_MEASURE( 1.000000000000000082E-05 ), #3248, 'distance_accuracy_value', 'NONE');
#923 = CARTESIAN_POINT ( 'NONE',  ( -0.5500000000000000444, -0.3499999999999999778, 0.02000000000000000042 ) ) ;
#924 = DIRECTION ( 'NONE',  ( 0.0000000000000000000, 0.0000000000000000000, 1.000000000000000000 ) ) ;
#925 = APPLICATION_PROTOCOL_DEFINITION ( 'draft international standard', 'automotive_design', 1998, #2886 ) ;
#926 = LINE ( 'NONE', #2240, #1932 ) ;
#927 =( NAMED_UNIT ( * ) SI_UNIT ( $, .STERADIAN. ) SOLID_ANGLE_UNIT ( ) );
#928 = DIRECTION ( 'NONE',  ( 1.000000000000000000, -0.0000000000000000000, 0.0000000000000000000 ) ) ;
#929 = VECTOR ( 'NONE', #4186, 1000.000000000000000 ) ;
#930 = DIRECTION ( 'NONE',  ( -1.626303258728256257E-15, 1.000000000000000000, 1.224646799146999945E-16 ) ) ;
#931 = EDGE_LOOP ( 'NONE', ( #911, #3063, #2025, #591 ) ) ;
#932 = MECHANICAL_DESIGN_GEOMETRIC_PRESENTATION_REPRESENTATION (  '', ( #3484 ), #501 ) ;
#933 = ORIENTED_EDGE ( 'NONE', *, *, #1807, .T. ) ;
#934 = FILL_AREA_STYLE ('',( #1185 ) ) ;
#935 = CARTESIAN_POINT ( 'NONE',  ( -0.05000000000000000278, 0.2999999999999999889, 0.0000000000000000000 ) ) ;
#936 = DIRECTION ( 'NONE',  ( 1.000000000000000000, 0.0000000000000000000, 0.0000000000000000000 ) ) ;
#937 = ORIENTED_EDGE ( 'NONE', *, *, #3764, .F. ) ;
#938 = VERTEX_POINT ( 'NONE', #2322 ) ;
#939 =( NAMED_UNIT ( * ) PLANE_ANGLE_UNIT ( ) SI_UNIT ( $, .RADIAN. ) );
#940 = FILL_AREA_STYLE ('',( #2236 ) ) ;
#941 = DIRECTION ( 'NONE',  ( 0.0000000000000000000, 0.0000000000000000000, 1.000000000000000000 ) ) ;
#942 = ADVANCED_FACE ( 'NONE', ( #29 ), #346, .T. ) ;
#943 = EDGE_LOOP ( 'NONE', ( #4225, #2141, #2307, #2282 ) ) ;
#944 = CARTESIAN_POINT ( 'NONE',  ( -0.05000000000000000971, -0.2999999999999999889, 0.0000000000000000000 ) ) ;
#945 = MECHANICAL_DESIGN_GEOMETRIC_PRESENTATION_REPRESENTATION (  '', ( #4134 ), #2250 ) ;
#946 = DIRECTION ( 'NONE',  ( 0.0000000000000000000, -1.224646799146999945E-16, -1.000000000000000000 ) ) ;
#947 = CARTESIAN_POINT ( 'NONE',  ( -0.05000000000000000278, 0.2999999999999999889, -0.01000000000000000021 ) ) ;
#948 = VECTOR ( 'NONE', #2107, 1000.000000000000000 ) ;
#949 = DIRECTION ( 'NONE',  ( -0.0000000000000000000, -0.0000000000000000000, -1.000000000000000000 ) ) ;
#950 =( GEOMETRIC_REPRESENTATION_CONTEXT ( 3 ) GLOBAL_UNCERTAINTY_ASSIGNED_CONTEXT ( ( #199 ) ) GLOBAL_UNIT_ASSIGNED_CONTEXT ( ( #2905, #1004, #2749 ) ) REPRESENTATION_CONTEXT ( 'NONE', 'WORKASPACE' ) );
#951 =( NAMED_UNIT ( * ) PLANE_ANGLE_UNIT ( ) SI_UNIT ( $, .RADIAN. ) );
#952 = ORIENTED_EDGE ( 'NONE', *, *, #3145, .F. ) ;
#953 = CIRCLE ( 'NONE', #3936, 0.2000000000000000389 ) ;
#954 = LINE ( 'NONE', #22, #1240 ) ;
#955 = ORIENTED_EDGE ( 'NONE', *, *, #2158, .F. ) ;
#956 = PRESENTATION_LAYER_ASSIGNMENT (  '', '', ( #3581 ) ) ;
#957 = PRODUCT_DEFINITION_FORMATION_WITH_SPECIFIED_SOURCE ( 'ANY', '', #3241, .NOT_KNOWN. ) ;
#958 = EDGE_CURVE ( 'NONE', #4258, #1557, #2653, .T. ) ;
#959 = DIRECTION ( 'NONE',  ( -1.000000000000000000, 0.0000000000000000000, 0.0000000000000000000 ) ) ;
#960 = CIRCLE ( 'NONE', #2885, 0.005000000000000013115 ) ;
#961 = ORIENTED_EDGE ( 'NONE', *, *, #2099, .F. ) ;
#962 = VERTEX_POINT ( 'NONE', #363 ) ;
#963 = UNCERTAINTY_MEASURE_WITH_UNIT (LENGTH_MEASURE( 1.000000000000000082E-05 ), #1878, 'distance_accuracy_value', 'NONE');
#964 = DIRECTION ( 'NONE',  ( -0.0000000000000000000, -0.0000000000000000000, -1.000000000000000000 ) ) ;
#965 = CARTESIAN_POINT ( 'NONE',  ( -0.3875192319071404379, -0.2999999999999999889, 0.05999999999999999778 ) ) ;
#966 = ORIENTED_EDGE ( 'NONE', *, *, #4076, .T. ) ;
#967 = STYLED_ITEM ( 'NONE', ( #233 ), #2913 ) ;
#968 = ORIENTED_EDGE ( 'NONE', *, *, #3667, .T. ) ;
#969 = DIRECTION ( 'NONE',  ( 1.000000000000000000, 0.0000000000000000000, -0.0000000000000000000 ) ) ;
#970 = PRESENTATION_LAYER_ASSIGNMENT (  '', '', ( #820 ) ) ;
#971 = ADVANCED_FACE ( 'NONE', ( #1697 ), #4052, .T. ) ;
#972 = PRODUCT_DEFINITION_SHAPE ( 'NONE', 'NONE',  #2385 ) ;
#973 = VECTOR ( 'NONE', #1792, 1000.000000000000000 ) ;
#974 = AXIS2_PLACEMENT_3D ( 'NONE', #2864, #949, #3186 ) ;
#975 = EDGE_LOOP ( 'NONE', ( #1662, #2231, #2359 ) ) ;
#976 = CARTESIAN_POINT ( 'NONE',  ( 0.4949999999999222799, -0.1577111547697281346, 1.931404608786746271E-17 ) ) ;
#977 = DIRECTION ( 'NONE',  ( 1.000000000000000000, 0.0000000000000000000, -0.0000000000000000000 ) ) ;
#978 = CARTESIAN_POINT ( 'NONE',  ( 0.4949999999998611067, 0.1891429205785933598, 0.02000000000000000042 ) ) ;
#979 = COLOUR_RGB ( '',0.7803921568627451011, 0.5686274509803921351, 0.1137254901960784298 ) ;
#980 = ORIENTED_EDGE ( 'NONE', *, *, #2, .T. ) ;
#981 = ORIENTED_EDGE ( 'NONE', *, *, #1605, .F. ) ;
#982 =( NAMED_UNIT ( * ) PLANE_ANGLE_UNIT ( ) SI_UNIT ( $, .RADIAN. ) );
#983 = SURFACE_STYLE_USAGE ( .BOTH. , #1967 ) ;
#984 = ORIENTED_EDGE ( 'NONE', *, *, #576, .T. ) ;
#985 = CARTESIAN_POINT ( 'NONE',  ( -0.2999999999999999889, 0.2849999999999999756, 0.1400000000000000133 ) ) ;
#986 = ORIENTED_EDGE ( 'NONE', *, *, #2560, .F. ) ;
#987 = UNCERTAINTY_MEASURE_WITH_UNIT (LENGTH_MEASURE( 1.000000000000000082E-05 ), #4079, 'distance_accuracy_value', 'NONE');
#988 = CIRCLE ( 'NONE', #2088, 0.1700000000000000122 ) ;
#989 = PRESENTATION_STYLE_ASSIGNMENT (( #3256 ) ) ;
#990 = DIRECTION ( 'NONE',  ( 0.0000000000000000000, 0.0000000000000000000, -1.000000000000000000 ) ) ;
#991 = EDGE_CURVE ( 'NONE', #189, #915, #424, .T. ) ;
#992 = VERTEX_POINT ( 'NONE', #780 ) ;
#993 = SURFACE_STYLE_FILL_AREA ( #254 ) ;
#994 = CARTESIAN_POINT ( 'NONE',  ( -0.4749999999998638645, 0.1645950378226634925, -2.015707862251542426E-17 ) ) ;
#995 = ORIENTED_EDGE ( 'NONE', *, *, #3134, .F. ) ;
#996 = ORIENTED_EDGE ( 'NONE', *, *, #3938, .F. ) ;
#997 = FILL_AREA_STYLE_COLOUR ( '', #1022 ) ;
#998 = PRESENTATION_STYLE_ASSIGNMENT (( #3987 ) ) ;
#999 = PRODUCT ( 'Pad001', 'Pad001', '', ( #3544 ) ) ;
#1000 = DIRECTION ( 'NONE',  ( -0.0000000000000000000, -0.0000000000000000000, 1.000000000000000000 ) ) ;
#1001 = EDGE_CURVE ( 'NONE', #3398, #2835, #2043, .T. ) ;
#1002 = ORIENTED_EDGE ( 'NONE', *, *, #1307, .T. ) ;
#1003 = DIRECTION ( 'NONE',  ( 0.0000000000000000000, 1.000000000000000000, -1.224646799146999699E-16 ) ) ;
#1004 =( NAMED_UNIT ( * ) PLANE_ANGLE_UNIT ( ) SI_UNIT ( $, .RADIAN. ) );
#1005 = SURFACE_STYLE_FILL_AREA ( #371 ) ;
#1006 =( NAMED_UNIT ( * ) PLANE_ANGLE_UNIT ( ) SI_UNIT ( $, .RADIAN. ) );
#1007 =( LENGTH_UNIT ( ) NAMED_UNIT ( * ) SI_UNIT ( .MILLI., .METRE. ) );
#1008 = CARTESIAN_POINT ( 'NONE',  ( -0.2000000000000000111, -0.2999999999999999889, 0.08000000000000000167 ) ) ;
#1009 = SURFACE_STYLE_USAGE ( .BOTH. , #1092 ) ;
#1010 = VERTEX_POINT ( 'NONE', #3483 ) ;
#1011 = LINE ( 'NONE', #1754, #3455 ) ;
#1012 = LINE ( 'NONE', #2299, #737 ) ;
#1013 = EDGE_CURVE ( 'NONE', #2058, #2873, #3149, .T. ) ;
#1014 =( GEOMETRIC_REPRESENTATION_CONTEXT ( 3 ) GLOBAL_UNCERTAINTY_ASSIGNED_CONTEXT ( ( #1809 ) ) GLOBAL_UNIT_ASSIGNED_CONTEXT ( ( #4120, #2818, #1548 ) ) REPRESENTATION_CONTEXT ( 'NONE', 'WORKASPACE' ) );
#1015 = CARTESIAN_POINT ( 'NONE',  ( 0.3275140453870000190, -0.2999999999999999889, 0.06000000000000000472 ) ) ;
#1016 = EDGE_CURVE ( 'NONE', #615, #3320, #802, .T. ) ;
#1017 = ORIENTED_EDGE ( 'NONE', *, *, #1116, .T. ) ;
#1018 = VERTEX_POINT ( 'NONE', #758 ) ;
#1019 = MECHANICAL_DESIGN_GEOMETRIC_PRESENTATION_REPRESENTATION (  '', ( #3363 ), #4144 ) ;
#1020 = DIRECTION ( 'NONE',  ( 0.0000000000000000000, 0.0000000000000000000, -1.000000000000000000 ) ) ;
#1021 = CARTESIAN_POINT ( 'NONE',  ( -0.2950000000000000400, -0.2950000000000000400, 0.0000000000000000000 ) ) ;
#1022 = COLOUR_RGB ( '',1.000000000000000000, 0.0000000000000000000, 0.0000000000000000000 ) ;
#1023 =( NAMED_UNIT ( * ) SI_UNIT ( $, .STERADIAN. ) SOLID_ANGLE_UNIT ( ) );
#1024 =( NAMED_UNIT ( * ) SI_UNIT ( $, .STERADIAN. ) SOLID_ANGLE_UNIT ( ) );
#1025 = EDGE_LOOP ( 'NONE', ( #2737, #2910, #2701, #2597, #1517, #3000, #429, #3426 ) ) ;
#1026 = ITEM_DEFINED_TRANSFORMATION ( 'NONE', 'NONE', #656,  #1974 ) ;
#1027 =( NAMED_UNIT ( * ) PLANE_ANGLE_UNIT ( ) SI_UNIT ( $, .RADIAN. ) );
#1028 = SURFACE_SIDE_STYLE ('',( #111 ) ) ;
#1029 = FILL_AREA_STYLE ('',( #437 ) ) ;
#1030 = VERTEX_POINT ( 'NONE', #1139 ) ;
#1031 = SURFACE_STYLE_FILL_AREA ( #77 ) ;
#1032 = EDGE_CURVE ( 'NONE', #3334, #3434, #2082, .T. ) ;
#1033 = DIRECTION ( 'NONE',  ( 0.0000000000000000000, 1.000000000000000000, -0.0000000000000000000 ) ) ;
#1034 = CYLINDRICAL_SURFACE ( 'NONE', #522, 0.1700000000000000122 ) ;
#1035 = CIRCLE ( 'NONE', #4166, 0.2400000000000000189 ) ;
#1036 = ORIENTED_EDGE ( 'NONE', *, *, #3613, .T. ) ;
#1037 = SURFACE_SIDE_STYLE ('',( #1388 ) ) ;
#1038 = AXIS2_PLACEMENT_3D ( 'NONE', #3303, #2973, #1354 ) ;
#1039 = DIRECTION ( 'NONE',  ( -0.0000000000000000000, 1.224646799146999945E-16, 1.000000000000000000 ) ) ;
#1040 = DIRECTION ( 'NONE',  ( -1.000000000000000000, 0.0000000000000000000, 0.0000000000000000000 ) ) ;
#1041 = VERTEX_POINT ( 'NONE', #142 ) ;
#1042 = VERTEX_POINT ( 'NONE', #2170 ) ;
#1043 = UNCERTAINTY_MEASURE_WITH_UNIT (LENGTH_MEASURE( 1.000000000000000082E-05 ), #3545, 'distance_accuracy_value', 'NONE');
#1044 = PRESENTATION_STYLE_ASSIGNMENT (( #1703 ) ) ;
#1045 = CARTESIAN_POINT ( 'NONE',  ( -0.4949999999999304956, 0.1891429205785696566, 0.05999999999999999778 ) ) ;
#1046 = PLANE ( 'NONE',  #344 ) ;
#1047 = FACE_OUTER_BOUND ( 'NONE', #571, .T. ) ;
#1048 = LINE ( 'NONE', #2370, #2169 ) ;
#1049 = DIRECTION ( 'NONE',  ( 0.0000000000000000000, 1.000000000000000000, 0.0000000000000000000 ) ) ;
#1050 = VERTEX_POINT ( 'NONE', #3399 ) ;
#1051 = CIRCLE ( 'NONE', #852, 0.1700000000000000122 ) ;
#1052 = CARTESIAN_POINT ( 'NONE',  ( -0.05000000000000000971, -0.2999999999999999889, -0.01000000000000000021 ) ) ;
#1053 = PRESENTATION_STYLE_ASSIGNMENT (( #2007 ) ) ;
#1054 = SURFACE_STYLE_FILL_AREA ( #4048 ) ;
#1055 = EDGE_LOOP ( 'NONE', ( #1294, #2691, #1934, #421, #2192, #1036, #43, #3008 ) ) ;
#1056 = FILL_AREA_STYLE_COLOUR ( '', #167 ) ;
#1057 = AXIS2_PLACEMENT_3D ( 'NONE', #3096, #1845, #3450 ) ;
#1058 = CARTESIAN_POINT ( 'NONE',  ( -0.4749999999998638645, -0.1645950378226634647, 2.015707862251541810E-17 ) ) ;
#1059 = CARTESIAN_POINT ( 'NONE',  ( -0.4949999999999304956, -0.1891429205785696566, 0.06000000000000001166 ) ) ;
#1060 = ADVANCED_FACE ( 'NONE', ( #3066 ), #1561, .T. ) ;
#1061 = PRESENTATION_STYLE_ASSIGNMENT (( #1440 ) ) ;
#1062 = SURFACE_STYLE_USAGE ( .BOTH. , #3364 ) ;
#1063 = DIRECTION ( 'NONE',  ( -1.000000000000000000, 0.0000000000000000000, 0.0000000000000000000 ) ) ;
#1064 =( NAMED_UNIT ( * ) SI_UNIT ( $, .STERADIAN. ) SOLID_ANGLE_UNIT ( ) );
#1065 = CARTESIAN_POINT ( 'NONE',  ( 0.4949999999999999956, -0.2999999999999999889, 0.02000000000000000042 ) ) ;
#1066 = ORIENTED_EDGE ( 'NONE', *, *, #208, .T. ) ;
#1067 = CARTESIAN_POINT ( 'NONE',  ( 0.3563508326898146561, 0.2999999999999999889, 1.836970198721499984E-17 ) ) ;
#1068 =( GEOMETRIC_REPRESENTATION_CONTEXT ( 3 ) GLOBAL_UNCERTAINTY_ASSIGNED_CONTEXT ( ( #2421 ) ) GLOBAL_UNIT_ASSIGNED_CONTEXT ( ( #1778, #2804, #1759 ) ) REPRESENTATION_CONTEXT ( 'NONE', 'WORKASPACE' ) );
#1069 = UNCERTAINTY_MEASURE_WITH_UNIT (LENGTH_MEASURE( 1.000000000000000082E-05 ), #1377, 'distance_accuracy_value', 'NONE');
#1070 = VECTOR ( 'NONE', #2210, 1000.000000000000000 ) ;
#1071 = MECHANICAL_DESIGN_GEOMETRIC_PRESENTATION_REPRESENTATION (  '', ( #1711 ), #950 ) ;
#1072 = LINE ( 'NONE', #2738, #2409 ) ;
#1073 = VERTEX_POINT ( 'NONE', #2496 ) ;
#1074 = VECTOR ( 'NONE', #1427, 1000.000000000000000 ) ;
#1075 = PRESENTATION_LAYER_ASSIGNMENT (  '', '', ( #253 ) ) ;
#1076 = DIRECTION ( 'NONE',  ( -1.000000000000000000, -9.274621392321998436E-15, 1.135813540141000073E-30 ) ) ;
#1077 = LINE ( 'NONE', #4010, #79 ) ;
#1078 = AXIS2_PLACEMENT_3D ( 'NONE', #2276, #2004, #1604 ) ;
#1079 =( LENGTH_UNIT ( ) NAMED_UNIT ( * ) SI_UNIT ( .MILLI., .METRE. ) );
#1080 = AXIS2_PLACEMENT_3D ( 'NONE', #4167, #458, #2536 ) ;
#1081 =( GEOMETRIC_REPRESENTATION_CONTEXT ( 3 ) GLOBAL_UNCERTAINTY_ASSIGNED_CONTEXT ( ( #4006 ) ) GLOBAL_UNIT_ASSIGNED_CONTEXT ( ( #3220, #232, #1653 ) ) REPRESENTATION_CONTEXT ( 'NONE', 'WORKASPACE' ) );
#1082 = LINE ( 'NONE', #2992, #30 ) ;
#1083 = PLANE ( 'NONE',  #3783 ) ;
#1084 = FILL_AREA_STYLE ('',( #1575 ) ) ;
#1085 = MECHANICAL_DESIGN_GEOMETRIC_PRESENTATION_REPRESENTATION (  '', ( #2881 ), #1366 ) ;
#1086 = EDGE_CURVE ( 'NONE', #3458, #3598, #596, .T. ) ;
#1087 =( LENGTH_UNIT ( ) NAMED_UNIT ( * ) SI_UNIT ( .MILLI., .METRE. ) );
#1088 = DIRECTION ( 'NONE',  ( -0.0000000000000000000, 1.224646799146999945E-16, 1.000000000000000000 ) ) ;
#1089 = EDGE_CURVE ( 'NONE', #4192, #667, #231, .T. ) ;
#1090 =( GEOMETRIC_REPRESENTATION_CONTEXT ( 3 ) GLOBAL_UNCERTAINTY_ASSIGNED_CONTEXT ( ( #1205 ) ) GLOBAL_UNIT_ASSIGNED_CONTEXT ( ( #3918, #1921, #3602 ) ) REPRESENTATION_CONTEXT ( 'NONE', 'WORKASPACE' ) );
#1091 = DIRECTION ( 'NONE',  ( 0.0000000000000000000, 0.0000000000000000000, 1.000000000000000000 ) ) ;
#1092 = SURFACE_SIDE_STYLE ('',( #3995 ) ) ;
#1093 = VERTEX_POINT ( 'NONE', #2568 ) ;
#1094 = SURFACE_SIDE_STYLE ('',( #1031 ) ) ;
#1095 = CARTESIAN_POINT ( 'NONE',  ( 0.2000000000000000111, -0.2999999999999999889, 0.08000000000000000167 ) ) ;
#1096 = VECTOR ( 'NONE', #3285, 1000.000000000000000 ) ;
#1097 = SURFACE_STYLE_FILL_AREA ( #2980 ) ;
#1098 =( GEOMETRIC_REPRESENTATION_CONTEXT ( 3 ) GLOBAL_UNCERTAINTY_ASSIGNED_CONTEXT ( ( #772 ) ) GLOBAL_UNIT_ASSIGNED_CONTEXT ( ( #3506, #2866, #2116 ) ) REPRESENTATION_CONTEXT ( 'NONE', 'WORKASPACE' ) );
#1099 = ORIENTED_EDGE ( 'NONE', *, *, #3764, .T. ) ;
#1100 = LINE ( 'NONE', #3064, #1374 ) ;
#1101 = ORIENTED_EDGE ( 'NONE', *, *, #451, .F. ) ;
#1102 = DIRECTION ( 'NONE',  ( 0.0000000000000000000, 1.000000000000000000, -1.224646799146999945E-16 ) ) ;
#1103 = SURFACE_STYLE_FILL_AREA ( #2036 ) ;
#1104 = MECHANICAL_DESIGN_GEOMETRIC_PRESENTATION_REPRESENTATION (  '', ( #2970 ), #3457 ) ;
#1105 = COLOUR_RGB ( '',0.0000000000000000000, 0.3333333333333333148, 0.0000000000000000000 ) ;
#1106 =( LENGTH_UNIT ( ) NAMED_UNIT ( * ) SI_UNIT ( .MILLI., .METRE. ) );
#1107 = FACE_OUTER_BOUND ( 'NONE', #3538, .T. ) ;
#1108 = VECTOR ( 'NONE', #15, 1000.000000000000000 ) ;
#1109 = FILL_AREA_STYLE_COLOUR ( '', #319 ) ;
#1110 = LINE ( 'NONE', #3114, #3271 ) ;
#1111 = EDGE_CURVE ( 'NONE', #1030, #2490, #893, .T. ) ;
#1112 =( NAMED_UNIT ( * ) SI_UNIT ( $, .STERADIAN. ) SOLID_ANGLE_UNIT ( ) );
#1113 = SURFACE_STYLE_FILL_AREA ( #4103 ) ;
#1114 = DIRECTION ( 'NONE',  ( 0.0000000000000000000, 0.0000000000000000000, -1.000000000000000000 ) ) ;
#1115 = VECTOR ( 'NONE', #1636, 1000.000000000000000 ) ;
#1116 = EDGE_CURVE ( 'NONE', #669, #2483, #1913, .T. ) ;
#1117 = ORIENTED_EDGE ( 'NONE', *, *, #2794, .F. ) ;
#1118 = APPLICATION_CONTEXT ( 'automotive_design' ) ;
#1119 = EDGE_LOOP ( 'NONE', ( #2989, #403, #3333, #188 ) ) ;
#1120 = DIRECTION ( 'NONE',  ( -0.0000000000000000000, -1.000000000000000000, -1.224646799146999945E-16 ) ) ;
#1121 = LINE ( 'NONE', #3847, #3940 ) ;
#1122 = FILL_AREA_STYLE ('',( #2062 ) ) ;
#1123 = PRESENTATION_LAYER_ASSIGNMENT (  '', '', ( #3761 ) ) ;
#1124 = SURFACE_STYLE_USAGE ( .BOTH. , #1144 ) ;
#1125 = DIRECTION ( 'NONE',  ( -1.807003620809173794E-15, 1.000000000000000000, -1.129377263005733621E-16 ) ) ;
#1126 =( NAMED_UNIT ( * ) SI_UNIT ( $, .STERADIAN. ) SOLID_ANGLE_UNIT ( ) );
#1127 = CIRCLE ( 'NONE', #1268, 0.2000000000000000111 ) ;
#1128 = CARTESIAN_POINT ( 'NONE',  ( 0.4949999999999999956, 0.2999999999999999889, 0.05999999999999999778 ) ) ;
#1129 = CARTESIAN_POINT ( 'NONE',  ( -0.5500000000000000444, 0.3499999999999999778, 0.02000000000000000042 ) ) ;
#1130 = EDGE_CURVE ( 'NONE', #1137, #1557, #257, .T. ) ;
#1131 = EDGE_LOOP ( 'NONE', ( #2399, #1979, #933, #1700 ) ) ;
#1132 = LINE ( 'NONE', #3815, #1171 ) ;
#1133 = ORIENTED_EDGE ( 'NONE', *, *, #2267, .F. ) ;
#1134 = SURFACE_SIDE_STYLE ('',( #161 ) ) ;
#1135 = DIRECTION ( 'NONE',  ( 0.0000000000000000000, 0.0000000000000000000, 1.000000000000000000 ) ) ;
#1136 = COLOUR_RGB ( '',0.7803921568627451011, 0.5686274509803921351, 0.1137254901960784298 ) ;
#1137 = VERTEX_POINT ( 'NONE', #4219 ) ;
#1138 = VECTOR ( 'NONE', #4163, 1000.000000000000000 ) ;
#1139 = CARTESIAN_POINT ( 'NONE',  ( 0.3875192319071404379, -0.2999999999999999889, 0.05999999999999999778 ) ) ;
#1140 = PLANE ( 'NONE',  #1946 ) ;
#1141 = ORIENTED_EDGE ( 'NONE', *, *, #3915, .F. ) ;
#1142 = STYLED_ITEM ( 'NONE', ( #989 ), #1456 ) ;
#1143 = PRESENTATION_LAYER_ASSIGNMENT (  '', '', ( #1711 ) ) ;
#1144 = SURFACE_SIDE_STYLE ('',( #3090 ) ) ;
#1145 = AXIS2_PLACEMENT_3D ( 'NONE', #525, #1135, #3193 ) ;
#1146 = CARTESIAN_POINT ( 'NONE',  ( 0.5000000000000000000, -0.2999999999999999889, 0.0000000000000000000 ) ) ;
#1147 = COLOUR_RGB ( '',0.7803921568627451011, 0.5686274509803921351, 0.1137254901960784298 ) ;
#1148 = COLOUR_RGB ( '',0.7921568627450980005, 0.8196078431372548767, 0.9333333333333333481 ) ;
#1149 = CARTESIAN_POINT ( 'NONE',  ( -0.4949999999999999956, 0.2999999999999999889, 0.02000000000000000042 ) ) ;
#1150 = MECHANICAL_DESIGN_GEOMETRIC_PRESENTATION_REPRESENTATION (  '', ( #1983 ), #4147 ) ;
#1151 = SURFACE_STYLE_FILL_AREA ( #537 ) ;
#1152 = STYLED_ITEM ( 'NONE', ( #894 ), #1959 ) ;
#1153 = DIRECTION ( 'NONE',  ( -1.000000000000000000, 0.0000000000000000000, 0.0000000000000000000 ) ) ;
#1154 = DIRECTION ( 'NONE',  ( 0.0000000000000000000, -1.000000000000000000, -1.034036596358999946E-18 ) ) ;
#1155 = SURFACE_STYLE_FILL_AREA ( #1483 ) ;
#1156 = VECTOR ( 'NONE', #1884, 1000.000000000000000 ) ;
#1157 = CARTESIAN_POINT ( 'NONE',  ( 0.3152661081140000210, 0.2999999999999999889, 0.0000000000000000000 ) ) ;
#1158 = AXIS2_PLACEMENT_3D ( 'NONE', #3397, #98, #2739 ) ;
#1159 = CARTESIAN_POINT ( 'NONE',  ( -0.2849999999999999756, -0.2849999999999999756, 0.1400000000000000133 ) ) ;
#1160 = LINE ( 'NONE', #1180, #521 ) ;
#1161 = CARTESIAN_POINT ( 'NONE',  ( -0.05000000000000000278, 0.2999999999999999889, 0.0000000000000000000 ) ) ;
#1162 = COLOUR_RGB ( '',1.000000000000000000, 0.0000000000000000000, 0.0000000000000000000 ) ;
#1163 = DIRECTION ( 'NONE',  ( 0.0000000000000000000, 0.0000000000000000000, -1.000000000000000000 ) ) ;
#1164 = ORIENTED_EDGE ( 'NONE', *, *, #550, .F. ) ;
#1165 = EDGE_CURVE ( 'NONE', #3845, #3466, #1607, .T. ) ;
#1166 = UNCERTAINTY_MEASURE_WITH_UNIT (LENGTH_MEASURE( 1.000000000000000082E-05 ), #1698, 'distance_accuracy_value', 'NONE');
#1167 = DIRECTION ( 'NONE',  ( -1.135813540141000073E-30, -1.053424055708070232E-44, -1.000000000000000000 ) ) ;
#1168 = CARTESIAN_POINT ( 'NONE',  ( 0.5500000000000000444, 0.3499999999999999778, 0.05999999999999999778 ) ) ;
#1169 = EDGE_CURVE ( 'NONE', #1495, #4247, #2914, .T. ) ;
#1170 = ORIENTED_EDGE ( 'NONE', *, *, #4104, .T. ) ;
#1171 = VECTOR ( 'NONE', #1445, 1000.000000000000000 ) ;
#1172 = ORIENTED_EDGE ( 'NONE', *, *, #627, .T. ) ;
#1173 = LINE ( 'NONE', #3833, #368 ) ;
#1174 =( LENGTH_UNIT ( ) NAMED_UNIT ( * ) SI_UNIT ( .MILLI., .METRE. ) );
#1175 = VERTEX_POINT ( 'NONE', #2228 ) ;
#1176 = SURFACE_STYLE_USAGE ( .BOTH. , #241 ) ;
#1177 = CARTESIAN_POINT ( 'NONE',  ( -0.5500000000000000444, 0.3499999999999999778, 0.05999999999999999084 ) ) ;
#1178 =( LENGTH_UNIT ( ) NAMED_UNIT ( * ) SI_UNIT ( .MILLI., .METRE. ) );
#1179 = PLANE ( 'NONE',  #1612 ) ;
#1180 = CARTESIAN_POINT ( 'NONE',  ( -0.2000000000000000111, -0.2600000000000000089, 0.02000000000000000042 ) ) ;
#1181 = MANIFOLD_SOLID_BREP ( 'Imported1', #2771 ) ;
#1182 = VERTEX_POINT ( 'NONE', #726 ) ;
#1183 = VERTEX_POINT ( 'NONE', #411 ) ;
#1184 = COLOUR_RGB ( '',1.000000000000000000, 0.0000000000000000000, 0.0000000000000000000 ) ;
#1185 = FILL_AREA_STYLE_COLOUR ( '', #446 ) ;
#1186 = FILL_AREA_STYLE ('',( #2418 ) ) ;
#1187 = CARTESIAN_POINT ( 'NONE',  ( 0.3275140453870559187, 0.2600000000001834732, 0.05999999999999999778 ) ) ;
#1188 = ORIENTED_EDGE ( 'NONE', *, *, #2317, .T. ) ;
#1189 = ORIENTED_EDGE ( 'NONE', *, *, #2158, .T. ) ;
#1190 =( LENGTH_UNIT ( ) NAMED_UNIT ( * ) SI_UNIT ( .MILLI., .METRE. ) );
#1191 = EDGE_CURVE ( 'NONE', #3738, #117, #3219, .T. ) ;
#1192 = COLOUR_RGB ( '',0.7803921568627451011, 0.5686274509803921351, 0.1137254901960784298 ) ;
#1193 = DIRECTION ( 'NONE',  ( -0.0000000000000000000, 1.224646799146999945E-16, 1.000000000000000000 ) ) ;
#1194 = FACE_OUTER_BOUND ( 'NONE', #1674, .T. ) ;
#1195 =( GEOMETRIC_REPRESENTATION_CONTEXT ( 3 ) GLOBAL_UNCERTAINTY_ASSIGNED_CONTEXT ( ( #3498 ) ) GLOBAL_UNIT_ASSIGNED_CONTEXT ( ( #2159, #3521, #1868 ) ) REPRESENTATION_CONTEXT ( 'NONE', 'WORKASPACE' ) );
#1196 = FILL_AREA_STYLE ('',( #1549 ) ) ;
#1197 = EDGE_CURVE ( 'NONE', #2434, #3641, #2428, .T. ) ;
#1198 = CARTESIAN_POINT ( 'NONE',  ( 0.5000000000000000000, -0.2085786437628452672, 0.0000000000000000000 ) ) ;
#1199 = PLANE ( 'NONE',  #4037 ) ;
#1200 = UNCERTAINTY_MEASURE_WITH_UNIT (LENGTH_MEASURE( 1.000000000000000082E-05 ), #1351, 'distance_accuracy_value', 'NONE');
#1201 = ORIENTED_EDGE ( 'NONE', *, *, #3067, .F. ) ;
#1202 = CARTESIAN_POINT ( 'NONE',  ( 0.1000000000000000056, 0.2999999999999999889, 0.0000000000000000000 ) ) ;
#1203 = FILL_AREA_STYLE_COLOUR ( '', #387 ) ;
#1204 = ORIENTED_EDGE ( 'NONE', *, *, #1871, .F. ) ;
#1205 = UNCERTAINTY_MEASURE_WITH_UNIT (LENGTH_MEASURE( 1.000000000000000082E-05 ), #3918, 'distance_accuracy_value', 'NONE');
#1206 = CARTESIAN_POINT ( 'NONE',  ( -0.05000000000000000278, 0.2999999999999999889, 0.0000000000000000000 ) ) ;
#1207 = PRESENTATION_STYLE_ASSIGNMENT (( #2849 ) ) ;
#1208 = CARTESIAN_POINT ( 'NONE',  ( -0.4749999999999319766, -0.1645950378226359312, 0.08000000000000001554 ) ) ;
#1209 = SURFACE_SIDE_STYLE ('',( #3464 ) ) ;
#1210 = ORIENTED_EDGE ( 'NONE', *, *, #4027, .F. ) ;
#1211 = EDGE_LOOP ( 'NONE', ( #2244, #2274, #2853, #2288 ) ) ;
#1212 = COLOUR_RGB ( '',0.7803921568627451011, 0.5686274509803921351, 0.1137254901960784298 ) ;
#1213 = FILL_AREA_STYLE_COLOUR ( '', #1360 ) ;
#1214 = CARTESIAN_POINT ( 'NONE',  ( 0.4749999999999999778, -0.1645950378228042132, 2.143131898505366746E-17 ) ) ;
#1215 =( GEOMETRIC_REPRESENTATION_CONTEXT ( 3 ) GLOBAL_UNCERTAINTY_ASSIGNED_CONTEXT ( ( #2897 ) ) GLOBAL_UNIT_ASSIGNED_CONTEXT ( ( #438, #2706, #1064 ) ) REPRESENTATION_CONTEXT ( 'NONE', 'WORKASPACE' ) );
#1216 = COLOUR_RGB ( '',0.7921568627450980005, 0.8196078431372548767, 0.9333333333333333481 ) ;
#1217 = EDGE_CURVE ( 'NONE', #1041, #117, #4283, .T. ) ;
#1218 = FILL_AREA_STYLE_COLOUR ( '', #979 ) ;
#1219 = PRODUCT_DEFINITION_FORMATION_WITH_SPECIFIED_SOURCE ( 'ANY', '', #1554, .NOT_KNOWN. ) ;
#1220 = LINE ( 'NONE', #538, #2656 ) ;
#1221 = DIRECTION ( 'NONE',  ( 0.0000000000000000000, 1.000000000000000000, 1.185846126156020475E-16 ) ) ;
#1222 = COLOUR_RGB ( '',0.7803921568627451011, 0.5686274509803921351, 0.1137254901960784298 ) ;
#1223 = CARTESIAN_POINT ( 'NONE',  ( -0.5500000000000000444, 0.3499999999999999778, 0.07999999999999997391 ) ) ;
#1224 = VECTOR ( 'NONE', #360, 1000.000000000000000 ) ;
#1225 = VERTEX_POINT ( 'NONE', #3724 ) ;
#1226 = SURFACE_STYLE_USAGE ( .BOTH. , #1134 ) ;
#1227 = EDGE_LOOP ( 'NONE', ( #3251, #1204, #1875, #2655 ) ) ;
#1228 =( NAMED_UNIT ( * ) SI_UNIT ( $, .STERADIAN. ) SOLID_ANGLE_UNIT ( ) );
#1229 = FACE_OUTER_BOUND ( 'NONE', #3642, .T. ) ;
#1230 = VERTEX_POINT ( 'NONE', #4081 ) ;
#1231 = ORIENTED_EDGE ( 'NONE', *, *, #542, .F. ) ;
#1232 = VECTOR ( 'NONE', #3411, 1000.000000000000000 ) ;
#1233 =( NAMED_UNIT ( * ) SI_UNIT ( $, .STERADIAN. ) SOLID_ANGLE_UNIT ( ) );
#1234 = DIRECTION ( 'NONE',  ( -1.000000000000000000, 0.0000000000000000000, 0.0000000000000000000 ) ) ;
#1235 = DIRECTION ( 'NONE',  ( 0.0000000000000000000, -1.000000000000000000, -0.0000000000000000000 ) ) ;
#1236 = PRESENTATION_LAYER_ASSIGNMENT (  '', '', ( #609 ) ) ;
#1237 = CARTESIAN_POINT ( 'NONE',  ( -0.05000000000000000278, -0.2999999999999999889, 0.0000000000000000000 ) ) ;
#1238 = DIRECTION ( 'NONE',  ( 0.0000000000000000000, 0.0000000000000000000, 1.000000000000000000 ) ) ;
#1239 = DIRECTION ( 'NONE',  ( 0.0000000000000000000, 1.224646799146999945E-16, -1.000000000000000000 ) ) ;
#1240 = VECTOR ( 'NONE', #1296, 1000.000000000000000 ) ;
#1241 = DIRECTION ( 'NONE',  ( -0.0000000000000000000, 1.224646799146999945E-16, 1.000000000000000000 ) ) ;
#1242 =( NAMED_UNIT ( * ) SI_UNIT ( $, .STERADIAN. ) SOLID_ANGLE_UNIT ( ) );
#1243 = STYLED_ITEM ( 'NONE', ( #2065 ), #3712 ) ;
#1244 = SHAPE_REPRESENTATION ( 'Cut005', ( #1974 ), #3225 ) ;
#1245 = UNCERTAINTY_MEASURE_WITH_UNIT (LENGTH_MEASURE( 1.000000000000000082E-05 ), #912, 'distance_accuracy_value', 'NONE');
#1246 =( NAMED_UNIT ( * ) SI_UNIT ( $, .STERADIAN. ) SOLID_ANGLE_UNIT ( ) );
#1247 = PRESENTATION_LAYER_ASSIGNMENT (  '', '', ( #689 ) ) ;
#1248 = ORIENTED_EDGE ( 'NONE', *, *, #601, .F. ) ;
#1249 =( NAMED_UNIT ( * ) SI_UNIT ( $, .STERADIAN. ) SOLID_ANGLE_UNIT ( ) );
#1250 = UNCERTAINTY_MEASURE_WITH_UNIT (LENGTH_MEASURE( 1.000000000000000082E-05 ), #3243, 'distance_accuracy_value', 'NONE');
#1251 = EDGE_CURVE ( 'NONE', #2058, #1370, #3281, .T. ) ;
#1252 = FILL_AREA_STYLE_COLOUR ( '', #1136 ) ;
#1253 = PLANE ( 'NONE',  #2543 ) ;
#1254 = CARTESIAN_POINT ( 'NONE',  ( -0.2950000000000000400, 0.2950000000000000400, 0.0000000000000000000 ) ) ;
#1255 = ORIENTED_EDGE ( 'NONE', *, *, #2226, .F. ) ;
#1256 = ORIENTED_EDGE ( 'NONE', *, *, #347, .F. ) ;
#1257 = UNCERTAINTY_MEASURE_WITH_UNIT (LENGTH_MEASURE( 1.000000000000000082E-05 ), #1826, 'distance_accuracy_value', 'NONE');
#1258 = SURFACE_STYLE_USAGE ( .BOTH. , #3226 ) ;
#1259 = PLANE ( 'NONE',  #2271 ) ;
#1260 = FILL_AREA_STYLE ('',( #1325 ) ) ;
#1261 = CARTESIAN_POINT ( 'NONE',  ( 0.4749999999999999778, -0.1645950378230000011, 2.015707862250000449E-17 ) ) ;
#1262 = FILL_AREA_STYLE ('',( #2559 ) ) ;
#1263 = AXIS2_PLACEMENT_3D ( 'NONE', #1689, #1442, #3037 ) ;
#1264 = EDGE_CURVE ( 'NONE', #1951, #2480, #320, .T. ) ;
#1265 = CARTESIAN_POINT ( 'NONE',  ( -0.5500000000000000444, -0.3499999999999999778, -4.286263797015999754E-17 ) ) ;
#1266 = ORIENTED_EDGE ( 'NONE', *, *, #4035, .T. ) ;
#1267 = DIRECTION ( 'NONE',  ( 0.0000000000000000000, 0.0000000000000000000, 1.000000000000000000 ) ) ;
#1268 = AXIS2_PLACEMENT_3D ( 'NONE', #4250, #533, #2935 ) ;
#1269 = EDGE_CURVE ( 'NONE', #1010, #3, #2934, .T. ) ;
#1270 = DIRECTION ( 'NONE',  ( 0.0000000000000000000, 0.0000000000000000000, 1.000000000000000000 ) ) ;
#1271 = DIRECTION ( 'NONE',  ( 0.0000000000000000000, 0.0000000000000000000, -1.000000000000000000 ) ) ;
#1272 = ORIENTED_EDGE ( 'NONE', *, *, #2476, .T. ) ;
#1273 = VERTEX_POINT ( 'NONE', #457 ) ;
#1274 = EDGE_CURVE ( 'NONE', #3830, #3458, #3701, .T. ) ;
#1275 = DIRECTION ( 'NONE',  ( 0.0000000000000000000, 0.0000000000000000000, 1.000000000000000000 ) ) ;
#1276 = SURFACE_STYLE_FILL_AREA ( #940 ) ;
#1277 = PRESENTATION_STYLE_ASSIGNMENT (( #983 ) ) ;
#1278 = ORIENTED_EDGE ( 'NONE', *, *, #3145, .T. ) ;
#1279 = SURFACE_STYLE_FILL_AREA ( #3943 ) ;
#1280 = ORIENTED_EDGE ( 'NONE', *, *, #3693, .F. ) ;
#1281 = PRESENTATION_LAYER_ASSIGNMENT (  '', '', ( #4134 ) ) ;
#1282 = SHAPE_DEFINITION_REPRESENTATION ( #567, #2133 ) ;
#1283 = CARTESIAN_POINT ( 'NONE',  ( -0.3275140453870559187, -0.2600000000001834732, 0.06000000000000001166 ) ) ;
#1284 = SURFACE_SIDE_STYLE ('',( #608 ) ) ;
#1285 = PRESENTATION_LAYER_ASSIGNMENT (  '', '', ( #103 ) ) ;
#1286 = PRESENTATION_LAYER_ASSIGNMENT (  '', '', ( #3289 ) ) ;
#1287 = CARTESIAN_POINT ( 'NONE',  ( 0.5000000000000000000, 0.2999999999999999889, 0.0000000000000000000 ) ) ;
#1288 = MECHANICAL_DESIGN_GEOMETRIC_PRESENTATION_REPRESENTATION (  '', ( #3159 ), #107 ) ;
#1289 = COLOUR_RGB ( '',0.7803921568627451011, 0.5686274509803921351, 0.1137254901960784298 ) ;
#1290 = AXIS2_PLACEMENT_3D ( 'NONE', #2576, #946, #284 ) ;
#1291 = DIRECTION ( 'NONE',  ( -0.0000000000000000000, 1.000000000000000000, 0.0000000000000000000 ) ) ;
#1292 = CARTESIAN_POINT ( 'NONE',  ( -0.2999999999999999889, 0.2999999999999999889, 0.0000000000000000000 ) ) ;
#1293 = VECTOR ( 'NONE', #728, 1000.000000000000000 ) ;
#1294 = ORIENTED_EDGE ( 'NONE', *, *, #3168, .T. ) ;
#1295 = COLOUR_RGB ( '',1.000000000000000000, 0.0000000000000000000, 0.0000000000000000000 ) ;
#1296 = DIRECTION ( 'NONE',  ( -0.0000000000000000000, 1.224646799146999945E-16, -1.000000000000000000 ) ) ;
#1297 = EDGE_CURVE ( 'NONE', #1225, #1093, #1398, .T. ) ;
#1298 =( GEOMETRIC_REPRESENTATION_CONTEXT ( 3 ) GLOBAL_UNCERTAINTY_ASSIGNED_CONTEXT ( ( #688 ) ) GLOBAL_UNIT_ASSIGNED_CONTEXT ( ( #1, #81, #1318 ) ) REPRESENTATION_CONTEXT ( 'NONE', 'WORKASPACE' ) );
#1299 = DIRECTION ( 'NONE',  ( 0.0000000000000000000, 1.000000000000000000, -1.224646799146999699E-16 ) ) ;
#1300 = CARTESIAN_POINT ( 'NONE',  ( -0.4999999999999551470, 0.1563508326896407286, 0.07999999999999998779 ) ) ;
#1301 =( NAMED_UNIT ( * ) SI_UNIT ( $, .STERADIAN. ) SOLID_ANGLE_UNIT ( ) );
#1302 = ADVANCED_FACE ( 'NONE', ( #3077 ), #1726, .T. ) ;
#1303 = ORIENTED_EDGE ( 'NONE', *, *, #2312, .F. ) ;
#1304 = ORIENTED_EDGE ( 'NONE', *, *, #2365, .T. ) ;
#1305 = AXIS2_PLACEMENT_3D ( 'NONE', #3756, #1076, #2403 ) ;
#1306 = SURFACE_STYLE_FILL_AREA ( #2613 ) ;
#1307 = EDGE_CURVE ( 'NONE', #566, #3641, #3858, .T. ) ;
#1308 = DIRECTION ( 'NONE',  ( 0.0000000000000000000, 0.0000000000000000000, 1.000000000000000000 ) ) ;
#1309 = EDGE_LOOP ( 'NONE', ( #2224, #2302, #3591, #3004 ) ) ;
#1310 = MECHANICAL_DESIGN_GEOMETRIC_PRESENTATION_REPRESENTATION (  '', ( #2353 ), #3662 ) ;
#1311 = PRODUCT_CONTEXT ( 'NONE', #1118, 'mechanical' ) ;
#1312 = DIRECTION ( 'NONE',  ( 1.135813540141000073E-30, -1.053424055708070232E-44, -1.000000000000000000 ) ) ;
#1313 = CARTESIAN_POINT ( 'NONE',  ( -0.5500000000000000444, -0.3499999999999999778, 4.286263797015999754E-17 ) ) ;
#1314 = CARTESIAN_POINT ( 'NONE',  ( 0.2937867965644035406, -0.2937867965644035406, 0.1399999999999999856 ) ) ;
#1315 = ORIENTED_EDGE ( 'NONE', *, *, #1891, .F. ) ;
#1316 = DIRECTION ( 'NONE',  ( 0.0000000000000000000, 1.000000000000000000, 1.224646799146999945E-16 ) ) ;
#1317 = DIRECTION ( 'NONE',  ( 0.0000000000000000000, 0.0000000000000000000, -1.000000000000000000 ) ) ;
#1318 =( NAMED_UNIT ( * ) SI_UNIT ( $, .STERADIAN. ) SOLID_ANGLE_UNIT ( ) );
#1319 = FILL_AREA_STYLE_COLOUR ( '', #3522 ) ;
#1320 = ORIENTED_EDGE ( 'NONE', *, *, #4182, .F. ) ;
#1321 = EDGE_LOOP ( 'NONE', ( #4280, #3549, #3829, #166 ) ) ;
#1322 = EDGE_CURVE ( 'NONE', #3466, #3180, #3978, .T. ) ;
#1323 = DIRECTION ( 'NONE',  ( -1.000000000000000000, -0.0000000000000000000, 0.0000000000000000000 ) ) ;
#1324 = CARTESIAN_POINT ( 'NONE',  ( -0.2999999999999999889, 0.2849999999999999756, 0.1250000000000000000 ) ) ;
#1325 = FILL_AREA_STYLE_COLOUR ( '', #1184 ) ;
#1326 = ORIENTED_EDGE ( 'NONE', *, *, #684, .T. ) ;
#1327 =( LENGTH_UNIT ( ) NAMED_UNIT ( * ) SI_UNIT ( .MILLI., .METRE. ) );
#1328 = VERTEX_POINT ( 'NONE', #3185 ) ;
#1329 =( LENGTH_UNIT ( ) NAMED_UNIT ( * ) SI_UNIT ( .MILLI., .METRE. ) );
#1330 =( LENGTH_UNIT ( ) NAMED_UNIT ( * ) SI_UNIT ( .MILLI., .METRE. ) );
#1331 = STYLED_ITEM ( 'NONE', ( #2965 ), #101 ) ;
#1332 = CYLINDRICAL_SURFACE ( 'NONE', #1645, 0.2400000000000000466 ) ;
#1333 = EDGE_CURVE ( 'NONE', #3434, #3583, #1220, .T. ) ;
#1334 = EDGE_CURVE ( 'NONE', #201, #2587, #1551, .T. ) ;
#1335 =( GEOMETRIC_REPRESENTATION_CONTEXT ( 3 ) GLOBAL_UNCERTAINTY_ASSIGNED_CONTEXT ( ( #2309 ) ) GLOBAL_UNIT_ASSIGNED_CONTEXT ( ( #823, #3556, #4287 ) ) REPRESENTATION_CONTEXT ( 'NONE', 'WORKASPACE' ) );
#1336 = ORIENTED_EDGE ( 'NONE', *, *, #1297, .F. ) ;
#1337 = PLANE ( 'NONE',  #1797 ) ;
#1338 = DIRECTION ( 'NONE',  ( 1.000000000000000000, 0.0000000000000000000, 0.0000000000000000000 ) ) ;
#1339 = VECTOR ( 'NONE', #1972, 1000.000000000000000 ) ;
#1340 = LINE ( 'NONE', #40, #327 ) ;
#1341 = DIRECTION ( 'NONE',  ( 0.0000000000000000000, 1.000000000000000000, 1.224646799146999945E-16 ) ) ;
#1342 = VECTOR ( 'NONE', #2658, 1000.000000000000000 ) ;
#1343 = ORIENTED_EDGE ( 'NONE', *, *, #2861, .T. ) ;
#1344 = ORIENTED_EDGE ( 'NONE', *, *, #4241, .F. ) ;
#1345 = UNCERTAINTY_MEASURE_WITH_UNIT (LENGTH_MEASURE( 1.000000000000000082E-05 ), #3446, 'distance_accuracy_value', 'NONE');
#1346 = CARTESIAN_POINT ( 'NONE',  ( 0.2000000000000000111, -0.2600000000000000089, -3.184081677782999738E-17 ) ) ;
#1347 = APPLICATION_CONTEXT ( 'automotive_design' ) ;
#1348 = CYLINDRICAL_SURFACE ( 'NONE', #3511, 0.1499999999999999667 ) ;
#1349 = EDGE_LOOP ( 'NONE', ( #2681, #1304, #660, #2764, #888, #3955, #980, #1657 ) ) ;
#1350 = UNCERTAINTY_MEASURE_WITH_UNIT (LENGTH_MEASURE( 1.000000000000000082E-05 ), #3942, 'distance_accuracy_value', 'NONE');
#1351 =( LENGTH_UNIT ( ) NAMED_UNIT ( * ) SI_UNIT ( .MILLI., .METRE. ) );
#1352 = SURFACE_STYLE_USAGE ( .BOTH. , #3676 ) ;
#1353 = PRESENTATION_LAYER_ASSIGNMENT (  '', '', ( #1705 ) ) ;
#1354 = DIRECTION ( 'NONE',  ( 1.000000000000000000, 0.0000000000000000000, 0.0000000000000000000 ) ) ;
#1355 = COLOUR_RGB ( '',0.7803921568627451011, 0.5686274509803921351, 0.1137254901960784298 ) ;
#1356 = PRESENTATION_STYLE_ASSIGNMENT (( #1009 ) ) ;
#1357 = ADVANCED_FACE ( 'NONE', ( #2160 ), #3838, .F. ) ;
#1358 = ORIENTED_EDGE ( 'NONE', *, *, #3203, .F. ) ;
#1359 = SURFACE_STYLE_FILL_AREA ( #415 ) ;
#1360 = COLOUR_RGB ( '',0.8274509803921568096, 0.8274509803921568096, 0.8274509803921568096 ) ;
#1361 = PRESENTATION_LAYER_ASSIGNMENT (  '', '', ( #3431 ) ) ;
#1362 = DIRECTION ( 'NONE',  ( 1.000000000000000000, 0.0000000000000000000, -0.0000000000000000000 ) ) ;
#1363 = PRESENTATION_STYLE_ASSIGNMENT (( #42 ) ) ;
#1364 = ORIENTED_EDGE ( 'NONE', *, *, #4128, .F. ) ;
#1365 = DIRECTION ( 'NONE',  ( -0.0000000000000000000, 1.000000000000000000, 0.0000000000000000000 ) ) ;
#1366 =( GEOMETRIC_REPRESENTATION_CONTEXT ( 3 ) GLOBAL_UNCERTAINTY_ASSIGNED_CONTEXT ( ( #3147 ) ) GLOBAL_UNIT_ASSIGNED_CONTEXT ( ( #2975, #2334, #2237 ) ) REPRESENTATION_CONTEXT ( 'NONE', 'WORKASPACE' ) );
#1367 = FILL_AREA_STYLE ('',( #997 ) ) ;
#1368 = VECTOR ( 'NONE', #870, 1000.000000000000000 ) ;
#1369 = ORIENTED_EDGE ( 'NONE', *, *, #3686, .F. ) ;
#1370 = VERTEX_POINT ( 'NONE', #4205 ) ;
#1371 = EDGE_CURVE ( 'NONE', #3508, #2483, #1790, .T. ) ;
#1372 = AXIS2_PLACEMENT_3D ( 'NONE', #2319, #4003, #298 ) ;
#1373 =( LENGTH_UNIT ( ) NAMED_UNIT ( * ) SI_UNIT ( .MILLI., .METRE. ) );
#1374 = VECTOR ( 'NONE', #2094, 1000.000000000000000 ) ;
#1375 = SURFACE_STYLE_FILL_AREA ( #1029 ) ;
#1376 = VERTEX_POINT ( 'NONE', #3097 ) ;
#1377 =( LENGTH_UNIT ( ) NAMED_UNIT ( * ) SI_UNIT ( .MILLI., .METRE. ) );
#1378 = PRESENTATION_LAYER_ASSIGNMENT (  '', '', ( #2356 ) ) ;
#1379 = DIRECTION ( 'NONE',  ( 0.0000000000000000000, -1.224646799146999945E-16, -1.000000000000000000 ) ) ;
#1380 = UNCERTAINTY_MEASURE_WITH_UNIT (LENGTH_MEASURE( 1.000000000000000082E-05 ), #3456, 'distance_accuracy_value', 'NONE');
#1381 = EDGE_CURVE ( 'NONE', #2611, #3320, #135, .T. ) ;
#1382 = STYLED_ITEM ( 'NONE', ( #2508 ), #3800 ) ;
#1383 = PRODUCT_DEFINITION ( 'UNKNOWN', '', #519, #3010 ) ;
#1384 = PLANE ( 'NONE',  #1518 ) ;
#1385 = CIRCLE ( 'NONE', #3039, 0.2000000000000000111 ) ;
#1386 = VERTEX_POINT ( 'NONE', #196 ) ;
#1387 = EDGE_CURVE ( 'NONE', #160, #1682, #3009, .T. ) ;
#1388 = SURFACE_STYLE_FILL_AREA ( #3029 ) ;
#1389 = STYLED_ITEM ( 'NONE', ( #2792 ), #4073 ) ;
#1390 = SURFACE_STYLE_USAGE ( .BOTH. , #2383 ) ;
#1391 = FILL_AREA_STYLE_COLOUR ( '', #2314 ) ;
#1392 = DIRECTION ( 'NONE',  ( -1.000000000000000000, 0.0000000000000000000, -0.0000000000000000000 ) ) ;
#1393 = DIRECTION ( 'NONE',  ( -1.000000000000000000, 0.0000000000000000000, 0.0000000000000000000 ) ) ;
#1394 = EDGE_CURVE ( 'NONE', #4239, #3170, #882, .T. ) ;
#1395 = AXIS2_PLACEMENT_3D ( 'NONE', #666, #263, #941 ) ;
#1396 = CARTESIAN_POINT ( 'NONE',  ( -0.3152661081139450094, 0.2999999999999999889, 0.07999999999999998779 ) ) ;
#1397 =( LENGTH_UNIT ( ) NAMED_UNIT ( * ) SI_UNIT ( .MILLI., .METRE. ) );
#1398 = LINE ( 'NONE', #2956, #4007 ) ;
#1399 = FILL_AREA_STYLE_COLOUR ( '', #1787 ) ;
#1400 = CARTESIAN_POINT ( 'NONE',  ( -0.3000000000000000444, -0.2950000000000000400, 0.0000000000000000000 ) ) ;
#1401 = LINE ( 'NONE', #2710, #3671 ) ;
#1402 = PRESENTATION_LAYER_ASSIGNMENT (  '', '', ( #3695 ) ) ;
#1403 = LINE ( 'NONE', #750, #3719 ) ;
#1404 = AXIS2_PLACEMENT_3D ( 'NONE', #1609, #2917, #959 ) ;
#1405 = PRESENTATION_STYLE_ASSIGNMENT (( #2650 ) ) ;
#1406 = COLOUR_RGB ( '',1.000000000000000000, 0.0000000000000000000, 0.0000000000000000000 ) ;
#1407 = EDGE_LOOP ( 'NONE', ( #367, #600, #1543, #1280 ) ) ;
#1408 = FILL_AREA_STYLE_COLOUR ( '', #1212 ) ;
#1409 = STYLED_ITEM ( 'NONE', ( #4200 ), #845 ) ;
#1410 = DIRECTION ( 'NONE',  ( 0.0000000000000000000, -1.224646799146999945E-16, -1.000000000000000000 ) ) ;
#1411 = FILL_AREA_STYLE_COLOUR ( '', #1719 ) ;
#1412 = ORIENTED_EDGE ( 'NONE', *, *, #2998, .F. ) ;
#1413 = EDGE_CURVE ( 'NONE', #2521, #1175, #2793, .T. ) ;
#1414 = FILL_AREA_STYLE_COLOUR ( '', #2727 ) ;
#1415 = DIRECTION ( 'NONE',  ( 0.0000000000000000000, 0.0000000000000000000, 1.000000000000000000 ) ) ;
#1416 =( NAMED_UNIT ( * ) SI_UNIT ( $, .STERADIAN. ) SOLID_ANGLE_UNIT ( ) );
#1417 = CARTESIAN_POINT ( 'NONE',  ( 0.0000000000000000000, 0.0000000000000000000, 0.0000000000000000000 ) ) ;
#1418 = DIRECTION ( 'NONE',  ( -1.000000000000000000, 0.0000000000000000000, 0.0000000000000000000 ) ) ;
#1419 = VERTEX_POINT ( 'NONE', #498 ) ;
#1420 = CARTESIAN_POINT ( 'NONE',  ( -0.4085786437627077494, 0.2999999999999513611, 0.08000000000000000167 ) ) ;
#1421 = CARTESIAN_POINT ( 'NONE',  ( -0.5500000000000000444, -0.3499999999999999778, 0.08000000000000002942 ) ) ;
#1422 =( GEOMETRIC_REPRESENTATION_CONTEXT ( 3 ) GLOBAL_UNCERTAINTY_ASSIGNED_CONTEXT ( ( #467 ) ) GLOBAL_UNIT_ASSIGNED_CONTEXT ( ( #2349, #3984, #4036 ) ) REPRESENTATION_CONTEXT ( 'NONE', 'WORKASPACE' ) );
#1423 = CARTESIAN_POINT ( 'NONE',  ( -0.2999999999999999889, 0.2999999999999999889, 0.1250000000000000000 ) ) ;
#1424 = EDGE_CURVE ( 'NONE', #1182, #2232, #2511, .T. ) ;
#1425 = MECHANICAL_DESIGN_GEOMETRIC_PRESENTATION_REPRESENTATION (  '', ( #3569 ), #1897 ) ;
#1426 = DIRECTION ( 'NONE',  ( -0.0000000000000000000, 0.0000000000000000000, -1.000000000000000000 ) ) ;
#1427 = DIRECTION ( 'NONE',  ( -0.0000000000000000000, -0.0000000000000000000, -1.000000000000000000 ) ) ;
#1428 = VERTEX_POINT ( 'NONE', #1198 ) ;
#1429 = AXIS2_PLACEMENT_3D ( 'NONE', #3663, #683, #3650 ) ;
#1430 = PRODUCT_DEFINITION_FORMATION_WITH_SPECIFIED_SOURCE ( 'ANY', '', #999, .NOT_KNOWN. ) ;
#1431 = EDGE_CURVE ( 'NONE', #201, #3849, #3647, .T. ) ;
#1432 = CARTESIAN_POINT ( 'NONE',  ( -0.3563508326896407952, -0.2999999999999550804, 0.01999999999999999695 ) ) ;
#1433 = SURFACE_STYLE_USAGE ( .BOTH. , #406 ) ;
#1434 = AXIS2_PLACEMENT_3D ( 'NONE', #1421, #416, #1755 ) ;
#1435 = COLOUR_RGB ( '',0.7803921568627451011, 0.5686274509803921351, 0.1137254901960784298 ) ;
#1436 = CONTEXT_DEPENDENT_SHAPE_REPRESENTATION ( #3786, #3278 ) ;
#1437 = DIRECTION ( 'NONE',  ( -1.000000000000000000, -0.0000000000000000000, -0.0000000000000000000 ) ) ;
#1438 = STYLED_ITEM ( 'NONE', ( #1053 ), #2632 ) ;
#1439 = SURFACE_STYLE_FILL_AREA ( #3677 ) ;
#1440 = SURFACE_STYLE_USAGE ( .BOTH. , #1028 ) ;
#1441 =( LENGTH_UNIT ( ) NAMED_UNIT ( * ) SI_UNIT ( .MILLI., .METRE. ) );
#1442 = DIRECTION ( 'NONE',  ( 0.0000000000000000000, -1.000000000000000000, 0.0000000000000000000 ) ) ;
#1443 = CARTESIAN_POINT ( 'NONE',  ( 0.5500000000000000444, 0.3499999999999999778, 0.02000000000000000042 ) ) ;
#1444 = ORIENTED_EDGE ( 'NONE', *, *, #818, .F. ) ;
#1445 = DIRECTION ( 'NONE',  ( -0.0000000000000000000, 1.000000000000000000, 0.0000000000000000000 ) ) ;
#1446 = MECHANICAL_DESIGN_GEOMETRIC_PRESENTATION_REPRESENTATION (  '', ( #2825 ), #1098 ) ;
#1447 = ORIENTED_EDGE ( 'NONE', *, *, #1665, .F. ) ;
#1448 = CARTESIAN_POINT ( 'NONE',  ( -0.5500000000000000444, -0.3499999999999999778, 0.08000000000000000167 ) ) ;
#1449 = DIRECTION ( 'NONE',  ( 0.0000000000000000000, -1.224646799146999945E-16, -1.000000000000000000 ) ) ;
#1450 = ORIENTED_EDGE ( 'NONE', *, *, #3660, .T. ) ;
#1451 =( GEOMETRIC_REPRESENTATION_CONTEXT ( 3 ) GLOBAL_UNCERTAINTY_ASSIGNED_CONTEXT ( ( #2537 ) ) GLOBAL_UNIT_ASSIGNED_CONTEXT ( ( #770, #3001, #3659 ) ) REPRESENTATION_CONTEXT ( 'NONE', 'WORKASPACE' ) );
#1452 = ADVANCED_FACE ( 'NONE', ( #810 ), #2135, .T. ) ;
#1453 = PLANE ( 'NONE',  #1305 ) ;
#1454 = DIRECTION ( 'NONE',  ( 0.0000000000000000000, -1.224646799146999945E-16, -1.000000000000000000 ) ) ;
#1455 =( GEOMETRIC_REPRESENTATION_CONTEXT ( 3 ) GLOBAL_UNCERTAINTY_ASSIGNED_CONTEXT ( ( #1470 ) ) GLOBAL_UNIT_ASSIGNED_CONTEXT ( ( #632, #1906, #246 ) ) REPRESENTATION_CONTEXT ( 'NONE', 'WORKASPACE' ) );
#1456 = ADVANCED_FACE ( 'NONE', ( #610 ), #4277, .F. ) ;
#1457 = CARTESIAN_POINT ( 'NONE',  ( 0.2999999999999999889, 0.2999999999999999889, 0.1337867965644035650 ) ) ;
#1458 = STYLED_ITEM ( 'NONE', ( #2688 ), #4015 ) ;
#1459 = SURFACE_STYLE_USAGE ( .BOTH. , #805 ) ;
#1460 = DIRECTION ( 'NONE',  ( -0.0000000000000000000, 1.000000000000000000, 1.224646799146999945E-16 ) ) ;
#1461 =( LENGTH_UNIT ( ) NAMED_UNIT ( * ) SI_UNIT ( .MILLI., .METRE. ) );
#1462 = AXIS2_PLACEMENT_3D ( 'NONE', #3494, #859, #832 ) ;
#1463 = PRODUCT_DEFINITION ( 'UNKNOWN', '', #1219, #2015 ) ;
#1464 = CARTESIAN_POINT ( 'NONE',  ( 0.5500000000000000444, 0.3499999999999999778, 0.08000000000000000167 ) ) ;
#1465 = FACE_OUTER_BOUND ( 'NONE', #2320, .T. ) ;
#1466 = DIRECTION ( 'NONE',  ( -0.0000000000000000000, -0.0000000000000000000, -1.000000000000000000 ) ) ;
#1467 = ORIENTED_EDGE ( 'NONE', *, *, #3776, .F. ) ;
#1468 = CARTESIAN_POINT ( 'NONE',  ( -0.4949999999999611933, 0.1577111547697170046, 0.01999999999999997960 ) ) ;
#1469 = FILL_AREA_STYLE ('',( #2843 ) ) ;
#1470 = UNCERTAINTY_MEASURE_WITH_UNIT (LENGTH_MEASURE( 1.000000000000000082E-05 ), #632, 'distance_accuracy_value', 'NONE');
#1471 = COLOUR_RGB ( '',0.7803921568627451011, 0.5686274509803921351, 0.1137254901960784298 ) ;
#1472 = ORIENTED_EDGE ( 'NONE', *, *, #3639, .T. ) ;
#1473 = ORIENTED_EDGE ( 'NONE', *, *, #226, .T. ) ;
#1474 = LINE ( 'NONE', #2915, #2950 ) ;
#1475 =( NAMED_UNIT ( * ) SI_UNIT ( $, .STERADIAN. ) SOLID_ANGLE_UNIT ( ) );
#1476 = CARTESIAN_POINT ( 'NONE',  ( 0.1000000000000000056, 0.2999999999999999889, -0.01000000000000000021 ) ) ;
#1477 = MECHANICAL_DESIGN_GEOMETRIC_PRESENTATION_REPRESENTATION (  '', ( #2173 ), #297 ) ;
#1478 = CARTESIAN_POINT ( 'NONE',  ( 0.0000000000000000000, 0.0000000000000000000, 0.0000000000000000000 ) ) ;
#1479 = CARTESIAN_POINT ( 'NONE',  ( 0.4949999999999222799, 0.1577111547697281069, -1.931404608786746271E-17 ) ) ;
#1480 = DIRECTION ( 'NONE',  ( -0.0000000000000000000, 1.000000000000000000, 0.0000000000000000000 ) ) ;
#1481 = CARTESIAN_POINT ( 'NONE',  ( -0.3875192319072686686, -0.3000000000000395128, 0.05999999999999999778 ) ) ;
#1482 = EDGE_CURVE ( 'NONE', #2887, #3596, #312, .T. ) ;
#1483 = FILL_AREA_STYLE ('',( #3115 ) ) ;
#1484 = CARTESIAN_POINT ( 'NONE',  ( 0.3875192319072565672, -0.3000000000000789258, 0.02000000000000000042 ) ) ;
#1485 = ADVANCED_FACE ( 'NONE', ( #559 ), #1332, .T. ) ;
#1486 = EDGE_LOOP ( 'NONE', ( #3551, #2512, #2541, #4272 ) ) ;
#1487 =( NAMED_UNIT ( * ) SI_UNIT ( $, .STERADIAN. ) SOLID_ANGLE_UNIT ( ) );
#1488 = EDGE_CURVE ( 'NONE', #3260, #904, #108, .T. ) ;
#1489 = EDGE_CURVE ( 'NONE', #251, #3830, #3715, .T. ) ;
#1490 = VECTOR ( 'NONE', #1869, 1000.000000000000000 ) ;
#1491 = PRESENTATION_STYLE_ASSIGNMENT (( #3460 ) ) ;
#1492 = DIRECTION ( 'NONE',  ( -0.0000000000000000000, -1.000000000000000000, -1.224646799146999945E-16 ) ) ;
#1493 = DIRECTION ( 'NONE',  ( 0.0000000000000000000, 1.000000000000000000, -1.185846126156020475E-16 ) ) ;
#1494 = ORIENTED_EDGE ( 'NONE', *, *, #3739, .T. ) ;
#1495 = VERTEX_POINT ( 'NONE', #1045 ) ;
#1496 = DIRECTION ( 'NONE',  ( -0.0000000000000000000, -0.0000000000000000000, -1.000000000000000000 ) ) ;
#1497 = AXIS2_PLACEMENT_3D ( 'NONE', #64, #1379, #4045 ) ;
#1498 = CARTESIAN_POINT ( 'NONE',  ( 0.5500000000000000444, -0.3499999999999999778, -4.286263797015299024E-17 ) ) ;
#1499 = VECTOR ( 'NONE', #1235, 1000.000000000000000 ) ;
#1500 = EDGE_LOOP ( 'NONE', ( #2933, #3237, #3935, #2834 ) ) ;
#1501 = FILL_AREA_STYLE_COLOUR ( '', #2900 ) ;
#1502 = STYLED_ITEM ( 'NONE', ( #2449 ), #2558 ) ;
#1503 = PRODUCT_DEFINITION_CONTEXT ( 'detailed design', #1514, 'design' ) ;
#1504 = PLANE ( 'NONE',  #1462 ) ;
#1505 = ADVANCED_FACE ( 'NONE', ( #2750 ), #3324, .F. ) ;
#1506 = FILL_AREA_STYLE ('',( #4042 ) ) ;
#1507 = DIRECTION ( 'NONE',  ( 0.0000000000000000000, 1.224646799146999945E-16, -1.000000000000000000 ) ) ;
#1508 = CIRCLE ( 'NONE', #891, 0.2000000000000000389 ) ;
#1509 = DIRECTION ( 'NONE',  ( -0.0000000000000000000, 1.224646799146999945E-16, -1.000000000000000000 ) ) ;
#1510 = VECTOR ( 'NONE', #842, 1000.000000000000000 ) ;
#1511 = FILL_AREA_STYLE_COLOUR ( '', #4238 ) ;
#1512 = UNCERTAINTY_MEASURE_WITH_UNIT (LENGTH_MEASURE( 1.000000000000000082E-05 ), #3548, 'distance_accuracy_value', 'NONE');
#1513 = SURFACE_SIDE_STYLE ('',( #3819 ) ) ;
#1514 = APPLICATION_CONTEXT ( 'automotive_design' ) ;
#1515 = ORIENTED_EDGE ( 'NONE', *, *, #2742, .F. ) ;
#1516 = FILL_AREA_STYLE_COLOUR ( '', #340 ) ;
#1517 = ORIENTED_EDGE ( 'NONE', *, *, #1871, .T. ) ;
#1518 = AXIS2_PLACEMENT_3D ( 'NONE', #1202, #2798, #140 ) ;
#1519 = DIRECTION ( 'NONE',  ( -0.0000000000000000000, -0.0000000000000000000, -1.000000000000000000 ) ) ;
#1520 = SURFACE_STYLE_USAGE ( .BOTH. , #2518 ) ;
#1521 = DIRECTION ( 'NONE',  ( 0.0000000000000000000, 0.0000000000000000000, 1.000000000000000000 ) ) ;
#1522 = ORIENTED_EDGE ( 'NONE', *, *, #54, .T. ) ;
#1523 = ADVANCED_FACE ( 'NONE', ( #3382 ), #1083, .T. ) ;
#1524 = ORIENTED_EDGE ( 'NONE', *, *, #564, .T. ) ;
#1525 = UNCERTAINTY_MEASURE_WITH_UNIT (LENGTH_MEASURE( 1.000000000000000082E-05 ), #3512, 'distance_accuracy_value', 'NONE');
#1526 = DIRECTION ( 'NONE',  ( 0.0000000000000000000, 0.0000000000000000000, -1.000000000000000000 ) ) ;
#1527 = FACE_OUTER_BOUND ( 'NONE', #2335, .T. ) ;
#1528 = CARTESIAN_POINT ( 'NONE',  ( 0.4749999999998638645, 0.1645950378226634647, -2.015707862251541810E-17 ) ) ;
#1529 = CARTESIAN_POINT ( 'NONE',  ( -0.1000000000000000056, 0.2999999999999999889, 0.0000000000000000000 ) ) ;
#1530 = CARTESIAN_POINT ( 'NONE',  ( 0.2999999999999999889, -0.2950000000000000955, 0.0000000000000000000 ) ) ;
#1531 = VECTOR ( 'NONE', #3879, 1000.000000000000000 ) ;
#1532 = CARTESIAN_POINT ( 'NONE',  ( 0.3713942890050658252, -0.2600000000000331490, -3.184081677784105993E-17 ) ) ;
#1533 = VECTOR ( 'NONE', #2391, 1000.000000000000000 ) ;
#1534 = CARTESIAN_POINT ( 'NONE',  ( 0.3152661081139450094, 0.2999999999999999889, 0.07999999999999998779 ) ) ;
#1535 = EDGE_LOOP ( 'NONE', ( #968, #1964, #3065, #1315 ) ) ;
#1536 = FILL_AREA_STYLE ('',( #1558 ) ) ;
#1537 = SURFACE_SIDE_STYLE ('',( #2799 ) ) ;
#1538 = EDGE_CURVE ( 'NONE', #1951, #4044, #3863, .T. ) ;
#1539 = EDGE_CURVE ( 'NONE', #1917, #2471, #1804, .T. ) ;
#1540 = SURFACE_SIDE_STYLE ('',( #3485 ) ) ;
#1541 = DIRECTION ( 'NONE',  ( 0.0000000000000000000, -1.000000000000000000, -1.224646799146999945E-16 ) ) ;
#1542 = CARTESIAN_POINT ( 'NONE',  ( 0.2849999999999999756, 0.2999999999999999889, 0.1400000000000000133 ) ) ;
#1543 = ORIENTED_EDGE ( 'NONE', *, *, #1539, .T. ) ;
#1544 = ORIENTED_EDGE ( 'NONE', *, *, #1130, .T. ) ;
#1545 = PRESENTATION_STYLE_ASSIGNMENT (( #149 ) ) ;
#1546 = PRESENTATION_STYLE_ASSIGNMENT (( #2103 ) ) ;
#1547 = AXIS2_PLACEMENT_3D ( 'NONE', #3922, #1241, #2266 ) ;
#1548 =( NAMED_UNIT ( * ) SI_UNIT ( $, .STERADIAN. ) SOLID_ANGLE_UNIT ( ) );
#1549 = FILL_AREA_STYLE_COLOUR ( '', #3327 ) ;
#1550 = ADVANCED_FACE ( 'NONE', ( #2482 ), #877, .T. ) ;
#1551 = LINE ( 'NONE', #2841, #1490 ) ;
#1552 = CARTESIAN_POINT ( 'NONE',  ( 0.5500000000000000444, -0.3499999999999999778, 0.01999999999999999348 ) ) ;
#1553 = DIRECTION ( 'NONE',  ( 0.0000000000000000000, 1.224646799146999945E-16, -1.000000000000000000 ) ) ;
#1554 = PRODUCT ( 'Cut005', 'Cut005', '', ( #1952 ) ) ;
#1555 = UNCERTAINTY_MEASURE_WITH_UNIT (LENGTH_MEASURE( 1.000000000000000082E-05 ), #808, 'distance_accuracy_value', 'NONE');
#1556 = FILL_AREA_STYLE ('',( #1631 ) ) ;
#1557 = VERTEX_POINT ( 'NONE', #3518 ) ;
#1558 = FILL_AREA_STYLE_COLOUR ( '', #3316 ) ;
#1559 = SURFACE_STYLE_FILL_AREA ( #1874 ) ;
#1560 = ORIENTED_EDGE ( 'NONE', *, *, #3617, .F. ) ;
#1561 = PLANE ( 'NONE',  #3781 ) ;
#1562 = FILL_AREA_STYLE_COLOUR ( '', #3793 ) ;
#1563 = ORIENTED_EDGE ( 'NONE', *, *, #2035, .T. ) ;
#1564 = SHAPE_REPRESENTATION_RELATIONSHIP ( 'NONE' , 'NONE' ,  #4260, #5 ) ;
#1565 = EDGE_CURVE ( 'NONE', #3488, #1376, #326, .T. ) ;
#1566 = CARTESIAN_POINT ( 'NONE',  ( -0.4085786437627249024, 0.2999999999999027889, 0.0000000000000000000 ) ) ;
#1567 =( LENGTH_UNIT ( ) NAMED_UNIT ( * ) SI_UNIT ( .MILLI., .METRE. ) );
#1568 = VECTOR ( 'NONE', #1091, 1000.000000000000000 ) ;
#1569 = EDGE_CURVE ( 'NONE', #2434, #2854, #4018, .T. ) ;
#1570 = APPLICATION_PROTOCOL_DEFINITION ( 'draft international standard', 'automotive_design', 1998, #1118 ) ;
#1571 = AXIS2_PLACEMENT_3D ( 'NONE', #1626, #4261, #3308 ) ;
#1572 = STYLED_ITEM ( 'NONE', ( #2443 ), #3630 ) ;
#1573 = SURFACE_STYLE_FILL_AREA ( #3300 ) ;
#1574 = SURFACE_STYLE_USAGE ( .BOTH. , #244 ) ;
#1575 = FILL_AREA_STYLE_COLOUR ( '', #3034 ) ;
#1576 = MECHANICAL_DESIGN_GEOMETRIC_PRESENTATION_REPRESENTATION (  '', ( #3652 ), #3227 ) ;
#1577 = EDGE_CURVE ( 'NONE', #2854, #1637, #3111, .T. ) ;
#1578 = COLOUR_RGB ( '',0.7803921568627451011, 0.5686274509803921351, 0.1137254901960784298 ) ;
#1579 = CARTESIAN_POINT ( 'NONE',  ( 0.5500000000000000444, 0.3499999999999999778, 0.02000000000000001082 ) ) ;
#1580 = ORIENTED_EDGE ( 'NONE', *, *, #4035, .F. ) ;
#1581 = PLANE ( 'NONE',  #1855 ) ;
#1582 =( LENGTH_UNIT ( ) NAMED_UNIT ( * ) SI_UNIT ( .MILLI., .METRE. ) );
#1583 = EDGE_LOOP ( 'NONE', ( #1412, #345, #1963, #3329 ) ) ;
#1584 = SURFACE_SIDE_STYLE ('',( #869 ) ) ;
#1585 = MECHANICAL_DESIGN_GEOMETRIC_PRESENTATION_REPRESENTATION (  '', ( #3444 ), #2208 ) ;
#1586 = PRESENTATION_STYLE_ASSIGNMENT (( #3930 ) ) ;
#1587 = CARTESIAN_POINT ( 'NONE',  ( 0.4949999999999611933, 0.1577111547697170046, 0.01999999999999997960 ) ) ;
#1588 = VERTEX_POINT ( 'NONE', #2815 ) ;
#1589 = VERTEX_POINT ( 'NONE', #3091 ) ;
#1590 =( LENGTH_UNIT ( ) NAMED_UNIT ( * ) SI_UNIT ( .MILLI., .METRE. ) );
#1591 = FILL_AREA_STYLE_COLOUR ( '', #1471 ) ;
#1592 = MECHANICAL_DESIGN_GEOMETRIC_PRESENTATION_REPRESENTATION (  '', ( #609 ), #2354 ) ;
#1593 = EDGE_CURVE ( 'NONE', #2784, #2716, #1905, .T. ) ;
#1594 = APPLICATION_PROTOCOL_DEFINITION ( 'draft international standard', 'automotive_design', 1998, #1944 ) ;
#1595 = UNCERTAINTY_MEASURE_WITH_UNIT (LENGTH_MEASURE( 1.000000000000000082E-05 ), #1087, 'distance_accuracy_value', 'NONE');
#1596 = LINE ( 'NONE', #2556, #3540 ) ;
#1597 = CARTESIAN_POINT ( 'NONE',  ( 0.1000000000000000194, 0.2999999999999999889, -0.01000000000000000021 ) ) ;
#1598 = DIRECTION ( 'NONE',  ( 0.0000000000000000000, -1.000000000000000000, -0.0000000000000000000 ) ) ;
#1599 = UNCERTAINTY_MEASURE_WITH_UNIT (LENGTH_MEASURE( 1.000000000000000082E-05 ), #2467, 'distance_accuracy_value', 'NONE');
#1600 = DIRECTION ( 'NONE',  ( 0.0000000000000000000, 1.224646799146999945E-16, -1.000000000000000000 ) ) ;
#1601 = SURFACE_STYLE_FILL_AREA ( #4237 ) ;
#1602 = EDGE_CURVE ( 'NONE', #3970, #4133, #3229, .T. ) ;
#1603 = ORIENTED_EDGE ( 'NONE', *, *, #2277, .F. ) ;
#1604 = DIRECTION ( 'NONE',  ( 1.000000000000000000, 0.0000000000000000000, -0.0000000000000000000 ) ) ;
#1605 = EDGE_CURVE ( 'NONE', #915, #2502, #328, .T. ) ;
#1606 = UNCERTAINTY_MEASURE_WITH_UNIT (LENGTH_MEASURE( 1.000000000000000082E-05 ), #4089, 'distance_accuracy_value', 'NONE');
#1607 = LINE ( 'NONE', #2893, #2870 ) ;
#1608 = CARTESIAN_POINT ( 'NONE',  ( -0.3875192319071404379, 0.2999999999999999889, 0.02000000000000003858 ) ) ;
#1609 = CARTESIAN_POINT ( 'NONE',  ( 0.5500000000000000444, -0.3499999999999999778, 0.0000000000000000000 ) ) ;
#1610 = ORIENTED_EDGE ( 'NONE', *, *, #1538, .F. ) ;
#1611 = ORIENTED_EDGE ( 'NONE', *, *, #3634, .T. ) ;
#1612 = AXIS2_PLACEMENT_3D ( 'NONE', #307, #1509, #4251 ) ;
#1613 = FACE_OUTER_BOUND ( 'NONE', #3923, .T. ) ;
#1614 = SURFACE_STYLE_FILL_AREA ( #366 ) ;
#1615 =( NAMED_UNIT ( * ) PLANE_ANGLE_UNIT ( ) SI_UNIT ( $, .RADIAN. ) );
#1616 = EDGE_LOOP ( 'NONE', ( #308, #3779, #4, #1248 ) ) ;
#1617 = DIRECTION ( 'NONE',  ( 1.000000000000000000, 0.0000000000000000000, 0.0000000000000000000 ) ) ;
#1618 = CARTESIAN_POINT ( 'NONE',  ( 0.0000000000000000000, 0.0000000000000000000, 0.0000000000000000000 ) ) ;
#1619 = MECHANICAL_DESIGN_GEOMETRIC_PRESENTATION_REPRESENTATION (  '', ( #1690 ), #2494 ) ;
#1620 = CARTESIAN_POINT ( 'NONE',  ( 0.4749999999999319766, 0.1645950378226359312, -3.150985829628107931E-17 ) ) ;
#1621 = PLANE ( 'NONE',  #133 ) ;
#1622 = MECHANICAL_DESIGN_GEOMETRIC_PRESENTATION_REPRESENTATION (  '', ( #3761 ), #782 ) ;
#1623 = CARTESIAN_POINT ( 'NONE',  ( 0.4999999999999514277, 0.2085786437627077106, 0.08000000000000000167 ) ) ;
#1624 = STYLED_ITEM ( 'NONE', ( #2201 ), #491 ) ;
#1625 = EDGE_LOOP ( 'NONE', ( #2206, #89, #1894, #3020 ) ) ;
#1626 = CARTESIAN_POINT ( 'NONE',  ( -0.4949999999999999956, -0.2999999999999999889, 0.02000000000000000042 ) ) ;
#1627 = VECTOR ( 'NONE', #511, 1000.000000000000000 ) ;
#1628 = EDGE_CURVE ( 'NONE', #1885, #3479, #3433, .T. ) ;
#1629 = PRODUCT ( 'User Library-LED_1006_R', 'User Library-LED_1006_R', '', ( #2555 ) ) ;
#1630 = CARTESIAN_POINT ( 'NONE',  ( 0.3275140453871118185, 0.2600000000000452505, 0.06000000000000001166 ) ) ;
#1631 = FILL_AREA_STYLE_COLOUR ( '', #2573 ) ;
#1632 = EDGE_LOOP ( 'NONE', ( #3141, #1819, #3314, #4198 ) ) ;
#1633 = VERTEX_POINT ( 'NONE', #965 ) ;
#1634 = DIRECTION ( 'NONE',  ( 0.0000000000000000000, -1.224646799146999945E-16, -1.000000000000000000 ) ) ;
#1635 =( LENGTH_UNIT ( ) NAMED_UNIT ( * ) SI_UNIT ( .MILLI., .METRE. ) );
#1636 = DIRECTION ( 'NONE',  ( 0.0000000000000000000, 0.0000000000000000000, -1.000000000000000000 ) ) ;
#1637 = VERTEX_POINT ( 'NONE', #2552 ) ;
#1638 = LINE ( 'NONE', #1950, #8 ) ;
#1639 = SHAPE_DEFINITION_REPRESENTATION ( #903, #1244 ) ;
#1640 = CARTESIAN_POINT ( 'NONE',  ( -0.5000000000000000000, 0.2999999999999999889, 0.08000000000000000167 ) ) ;
#1641 =( NAMED_UNIT ( * ) PLANE_ANGLE_UNIT ( ) SI_UNIT ( $, .RADIAN. ) );
#1642 =( NAMED_UNIT ( * ) PLANE_ANGLE_UNIT ( ) SI_UNIT ( $, .RADIAN. ) );
#1643 = AXIS2_PLACEMENT_3D ( 'NONE', #2929, #4286, #1299 ) ;
#1644 = COLOUR_RGB ( '',0.7803921568627451011, 0.5686274509803921351, 0.1137254901960784298 ) ;
#1645 = AXIS2_PLACEMENT_3D ( 'NONE', #3071, #4060, #2086 ) ;
#1646 =( NAMED_UNIT ( * ) SI_UNIT ( $, .STERADIAN. ) SOLID_ANGLE_UNIT ( ) );
#1647 = CIRCLE ( 'NONE', #4011, 0.2000000000000000111 ) ;
#1648 = ORIENTED_EDGE ( 'NONE', *, *, #1569, .F. ) ;
#1649 = CIRCLE ( 'NONE', #592, 0.005000000000000013115 ) ;
#1650 = FILL_AREA_STYLE_COLOUR ( '', #67 ) ;
#1651 = PRESENTATION_LAYER_ASSIGNMENT (  '', '', ( #3301 ) ) ;
#1652 = FILL_AREA_STYLE_COLOUR ( '', #2114 ) ;
#1653 =( NAMED_UNIT ( * ) SI_UNIT ( $, .STERADIAN. ) SOLID_ANGLE_UNIT ( ) );
#1654 = CARTESIAN_POINT ( 'NONE',  ( 0.3152661081140000210, -0.2999999999999999889, 0.0000000000000000000 ) ) ;
#1655 = ADVANCED_FACE ( 'NONE', ( #3250 ), #238, .T. ) ;
#1656 = ORIENTED_EDGE ( 'NONE', *, *, #1661, .F. ) ;
#1657 = ORIENTED_EDGE ( 'NONE', *, *, #3776, .T. ) ;
#1658 = CARTESIAN_POINT ( 'NONE',  ( 0.5500000000000000444, -0.3499999999999999778, 0.02000000000000002470 ) ) ;
#1659 = DIRECTION ( 'NONE',  ( 0.0000000000000000000, 0.0000000000000000000, 1.000000000000000000 ) ) ;
#1660 = SURFACE_STYLE_USAGE ( .BOTH. , #625 ) ;
#1661 = EDGE_CURVE ( 'NONE', #1073, #2058, #2197, .T. ) ;
#1662 = ORIENTED_EDGE ( 'NONE', *, *, #799, .T. ) ;
#1663 = CARTESIAN_POINT ( 'NONE',  ( 0.2000000000000000111, 0.2600000000000000089, 0.0000000000000000000 ) ) ;
#1664 = EDGE_LOOP ( 'NONE', ( #2056, #594, #4129, #3338 ) ) ;
#1665 = EDGE_CURVE ( 'NONE', #443, #2669, #1649, .T. ) ;
#1666 = DIRECTION ( 'NONE',  ( 1.000000000000000000, 0.0000000000000000000, 0.0000000000000000000 ) ) ;
#1667 = FILL_AREA_STYLE_COLOUR ( '', #1644 ) ;
#1668 = PLANE ( 'NONE',  #2785 ) ;
#1669 = AXIS2_PLACEMENT_3D ( 'NONE', #2911, #1267, #3261 ) ;
#1670 = CARTESIAN_POINT ( 'NONE',  ( -0.2000000000000000111, -0.2999999999999999889, 0.02000000000000000042 ) ) ;
#1671 = FILL_AREA_STYLE ('',( #249 ) ) ;
#1672 = SURFACE_STYLE_USAGE ( .BOTH. , #3018 ) ;
#1673 = CIRCLE ( 'NONE', #2147, 0.1700000000000000122 ) ;
#1674 = EDGE_LOOP ( 'NONE', ( #4212, #1580, #2459, #162 ) ) ;
#1675 = SURFACE_STYLE_FILL_AREA ( #3906 ) ;
#1676 = VECTOR ( 'NONE', #1600, 1000.000000000000000 ) ;
#1677 = SURFACE_STYLE_FILL_AREA ( #4047 ) ;
#1678 = DIRECTION ( 'NONE',  ( 9.274621392321998436E-15, 1.000000000000000000, 0.0000000000000000000 ) ) ;
#1679 = ORIENTED_EDGE ( 'NONE', *, *, #6, .F. ) ;
#1680 = VERTEX_POINT ( 'NONE', #2964 ) ;
#1681 = CARTESIAN_POINT ( 'NONE',  ( 0.5000000000000000000, 0.2999999999999999889, 0.0000000000000000000 ) ) ;
#1682 = VERTEX_POINT ( 'NONE', #1214 ) ;
#1683 = LINE ( 'NONE', #2762, #2061 ) ;
#1684 =( NAMED_UNIT ( * ) PLANE_ANGLE_UNIT ( ) SI_UNIT ( $, .RADIAN. ) );
#1685 = FILL_AREA_STYLE_COLOUR ( '', #2195 ) ;
#1686 = ADVANCED_FACE ( 'NONE', ( #1613 ), #3967, .T. ) ;
#1687 = FILL_AREA_STYLE ('',( #3325 ) ) ;
#1688 = DIRECTION ( 'NONE',  ( -0.0000000000000000000, 1.224646799146999945E-16, 1.000000000000000000 ) ) ;
#1689 = CARTESIAN_POINT ( 'NONE',  ( -0.2000000000000000111, -0.2999999999999999889, 0.0000000000000000000 ) ) ;
#1690 = STYLED_ITEM ( 'NONE', ( #2624 ), #412 ) ;
#1691 = ORIENTED_EDGE ( 'NONE', *, *, #1032, .F. ) ;
#1692 = UNCERTAINTY_MEASURE_WITH_UNIT (LENGTH_MEASURE( 1.000000000000000082E-05 ), #296, 'distance_accuracy_value', 'NONE');
#1693 = PRESENTATION_STYLE_ASSIGNMENT (( #69 ) ) ;
#1694 = COLOUR_RGB ( '',0.0000000000000000000, 0.3333333333333333148, 0.0000000000000000000 ) ;
#1695 = ORIENTED_EDGE ( 'NONE', *, *, #4076, .F. ) ;
#1696 = UNCERTAINTY_MEASURE_WITH_UNIT (LENGTH_MEASURE( 1.000000000000000082E-05 ), #1327, 'distance_accuracy_value', 'NONE');
#1697 = FACE_OUTER_BOUND ( 'NONE', #718, .T. ) ;
#1698 =( LENGTH_UNIT ( ) NAMED_UNIT ( * ) SI_UNIT ( .MILLI., .METRE. ) );
#1699 = FACE_OUTER_BOUND ( 'NONE', #4179, .T. ) ;
#1700 = ORIENTED_EDGE ( 'NONE', *, *, #3335, .F. ) ;
#1701 = UNCERTAINTY_MEASURE_WITH_UNIT (LENGTH_MEASURE( 1.000000000000000082E-05 ), #3582, 'distance_accuracy_value', 'NONE');
#1702 = CARTESIAN_POINT ( 'NONE',  ( 0.5500000000000000444, 0.3499999999999999778, 4.286263797015999754E-17 ) ) ;
#1703 = SURFACE_STYLE_USAGE ( .BOTH. , #2017 ) ;
#1704 = SURFACE_SIDE_STYLE ('',( #1439 ) ) ;
#1705 = STYLED_ITEM ( 'NONE', ( #1491 ), #971 ) ;
#1706 = CARTESIAN_POINT ( 'NONE',  ( 0.5500000000000000444, -0.3499999999999999778, 0.06000000000000001166 ) ) ;
#1707 = VECTOR ( 'NONE', #4174, 1000.000000000000000 ) ;
#1708 =( NAMED_UNIT ( * ) PLANE_ANGLE_UNIT ( ) SI_UNIT ( $, .RADIAN. ) );
#1709 = ORIENTED_EDGE ( 'NONE', *, *, #721, .T. ) ;
#1710 = DIRECTION ( 'NONE',  ( 1.000000000000000000, 0.0000000000000000000, -0.0000000000000000000 ) ) ;
#1711 = STYLED_ITEM ( 'NONE', ( #4298 ), #4185 ) ;
#1712 = CIRCLE ( 'NONE', #1497, 0.2000000000000000389 ) ;
#1713 = FACE_OUTER_BOUND ( 'NONE', #10, .T. ) ;
#1714 = CARTESIAN_POINT ( 'NONE',  ( -0.2999999999999999889, 0.2999999999999999889, 0.1400000000000000133 ) ) ;
#1715 = SURFACE_STYLE_FILL_AREA ( #3730 ) ;
#1716 = ORIENTED_EDGE ( 'NONE', *, *, #3134, .T. ) ;
#1717 =( NAMED_UNIT ( * ) PLANE_ANGLE_UNIT ( ) SI_UNIT ( $, .RADIAN. ) );
#1718 = DIRECTION ( 'NONE',  ( -0.0000000000000000000, 1.000000000000000000, 0.0000000000000000000 ) ) ;
#1719 = COLOUR_RGB ( '',0.7803921568627451011, 0.5686274509803921351, 0.1137254901960784298 ) ;
#1720 = FILL_AREA_STYLE ('',( #391 ) ) ;
#1721 = FILL_AREA_STYLE_COLOUR ( '', #1694 ) ;
#1722 = EDGE_CURVE ( 'NONE', #3279, #1273, #884, .T. ) ;
#1723 = DIRECTION ( 'NONE',  ( 0.0000000000000000000, 0.0000000000000000000, 1.000000000000000000 ) ) ;
#1724 =( NAMED_UNIT ( * ) SI_UNIT ( $, .STERADIAN. ) SOLID_ANGLE_UNIT ( ) );
#1725 = AXIS2_PLACEMENT_3D ( 'NONE', #1448, #3081, #2397 ) ;
#1726 = PLANE ( 'NONE',  #248 ) ;
#1727 = DIRECTION ( 'NONE',  ( 0.0000000000000000000, -1.000000000000000000, -1.224646799146999945E-16 ) ) ;
#1728 = ORIENTED_EDGE ( 'NONE', *, *, #2005, .F. ) ;
#1729 = DIRECTION ( 'NONE',  ( -0.0000000000000000000, -1.000000000000000000, -1.224646799146999945E-16 ) ) ;
#1730 = AXIS2_PLACEMENT_3D ( 'NONE', #4066, #376, #3748 ) ;
#1731 = DIRECTION ( 'NONE',  ( -0.0000000000000000000, 1.224646799146999945E-16, 1.000000000000000000 ) ) ;
#1732 = EDGE_CURVE ( 'NONE', #1637, #1328, #953, .T. ) ;
#1733 = AXIS2_PLACEMENT_3D ( 'NONE', #335, #1393, #1723 ) ;
#1734 =( LENGTH_UNIT ( ) NAMED_UNIT ( * ) SI_UNIT ( .MILLI., .METRE. ) );
#1735 = CARTESIAN_POINT ( 'NONE',  ( 0.5500000000000000444, -0.3499999999999999778, 0.02000000000000000042 ) ) ;
#1736 = EDGE_CURVE ( 'NONE', #1956, #33, #405, .T. ) ;
#1737 = APPLICATION_CONTEXT ( 'automotive_design' ) ;
#1738 = VECTOR ( 'NONE', #309, 1000.000000000000000 ) ;
#1739 = ORIENTED_EDGE ( 'NONE', *, *, #3429, .T. ) ;
#1740 = CARTESIAN_POINT ( 'NONE',  ( 0.5000000000000000000, 0.2600000000000000089, 0.0000000000000000000 ) ) ;
#1741 = DIRECTION ( 'NONE',  ( 0.0000000000000000000, 1.000000000000000000, -1.355252715606880296E-16 ) ) ;
#1742 = PRESENTATION_STYLE_ASSIGNMENT (( #1433 ) ) ;
#1743 = ORIENTED_EDGE ( 'NONE', *, *, #354, .F. ) ;
#1744 =( NAMED_UNIT ( * ) SI_UNIT ( $, .STERADIAN. ) SOLID_ANGLE_UNIT ( ) );
#1745 = DIRECTION ( 'NONE',  ( -0.0000000000000000000, -0.0000000000000000000, 1.000000000000000000 ) ) ;
#1746 =( NAMED_UNIT ( * ) SI_UNIT ( $, .STERADIAN. ) SOLID_ANGLE_UNIT ( ) );
#1747 = AXIS2_PLACEMENT_3D ( 'NONE', #3059, #3078, #3098 ) ;
#1748 = LINE ( 'NONE', #4080, #3106 ) ;
#1749 = ADVANCED_FACE ( 'NONE', ( #3986 ), #2718, .T. ) ;
#1750 = CARTESIAN_POINT ( 'NONE',  ( 0.3000000000000000444, 0.2950000000000000400, 0.0000000000000000000 ) ) ;
#1751 = DIRECTION ( 'NONE',  ( -1.000000000000000000, 0.0000000000000000000, 0.0000000000000000000 ) ) ;
#1752 = FACE_OUTER_BOUND ( 'NONE', #2321, .T. ) ;
#1753 = EDGE_LOOP ( 'NONE', ( #2968, #898, #2630, #1728 ) ) ;
#1754 = CARTESIAN_POINT ( 'NONE',  ( -0.4999999999999027445, -0.2085786437627248913, 0.0000000000000000000 ) ) ;
#1755 = DIRECTION ( 'NONE',  ( 0.0000000000000000000, 1.000000000000000000, -1.355252715606880543E-16 ) ) ;
#1756 = VERTEX_POINT ( 'NONE', #2381 ) ;
#1757 = CYLINDRICAL_SURFACE ( 'NONE', #184, 0.2000000000000000389 ) ;
#1758 = AXIS2_PLACEMENT_3D ( 'NONE', #2924, #3610, #286 ) ;
#1759 =( NAMED_UNIT ( * ) SI_UNIT ( $, .STERADIAN. ) SOLID_ANGLE_UNIT ( ) );
#1760 = AXIS2_PLACEMENT_3D ( 'NONE', #2221, #558, #2085 ) ;
#1761 = DIRECTION ( 'NONE',  ( 1.000000000000000000, 0.0000000000000000000, 0.0000000000000000000 ) ) ;
#1762 = CONTEXT_DEPENDENT_SHAPE_REPRESENTATION ( #395, #230 ) ;
#1763 = FILL_AREA_STYLE ('',( #3418 ) ) ;
#1764 = CARTESIAN_POINT ( 'NONE',  ( -0.05000000000000000278, -0.1499999999999999944, -0.01000000000000000021 ) ) ;
#1765 = CARTESIAN_POINT ( 'NONE',  ( -0.2999999999999999889, -0.2999999999999999889, 0.1337867965644035650 ) ) ;
#1766 = DIRECTION ( 'NONE',  ( 0.0000000000000000000, 0.0000000000000000000, -1.000000000000000000 ) ) ;
#1767 = FACE_OUTER_BOUND ( 'NONE', #1854, .T. ) ;
#1768 = PLANE ( 'NONE',  #1747 ) ;
#1769 = LINE ( 'NONE', #2071, #2413 ) ;
#1770 = DIRECTION ( 'NONE',  ( -1.000000000000000000, 0.0000000000000000000, -0.0000000000000000000 ) ) ;
#1771 = UNCERTAINTY_MEASURE_WITH_UNIT (LENGTH_MEASURE( 1.000000000000000082E-05 ), #2261, 'distance_accuracy_value', 'NONE');
#1772 =( GEOMETRIC_REPRESENTATION_CONTEXT ( 3 ) GLOBAL_UNCERTAINTY_ASSIGNED_CONTEXT ( ( #1525 ) ) GLOBAL_UNIT_ASSIGNED_CONTEXT ( ( #3512, #3038, #2371 ) ) REPRESENTATION_CONTEXT ( 'NONE', 'WORKASPACE' ) );
#1773 = PRESENTATION_LAYER_ASSIGNMENT (  '', '', ( #3422 ) ) ;
#1774 =( NAMED_UNIT ( * ) SI_UNIT ( $, .STERADIAN. ) SOLID_ANGLE_UNIT ( ) );
#1775 = SURFACE_STYLE_FILL_AREA ( #442 ) ;
#1776 = ORIENTED_EDGE ( 'NONE', *, *, #1431, .F. ) ;
#1777 = PRESENTATION_LAYER_ASSIGNMENT (  '', '', ( #2796 ) ) ;
#1778 =( LENGTH_UNIT ( ) NAMED_UNIT ( * ) SI_UNIT ( .MILLI., .METRE. ) );
#1779 = FACE_OUTER_BOUND ( 'NONE', #2890, .T. ) ;
#1780 = SURFACE_STYLE_USAGE ( .BOTH. , #2458 ) ;
#1781 = COLOUR_RGB ( '',0.7803921568627451011, 0.5686274509803921351, 0.1137254901960784298 ) ;
#1782 = UNCERTAINTY_MEASURE_WITH_UNIT (LENGTH_MEASURE( 1.000000000000000082E-05 ), #4255, 'distance_accuracy_value', 'NONE');
#1783 = CARTESIAN_POINT ( 'NONE',  ( -0.3275140453870000190, -0.2999999999999999889, 0.06000000000000000472 ) ) ;
#1784 = AXIS2_PLACEMENT_3D ( 'NONE', #2857, #3425, #902 ) ;
#1785 = ADVANCED_FACE ( 'NONE', ( #85 ), #2698, .T. ) ;
#1786 = SURFACE_SIDE_STYLE ('',( #452 ) ) ;
#1787 = COLOUR_RGB ( '',0.8274509803921568096, 0.8274509803921568096, 0.8274509803921568096 ) ;
#1788 = FILL_AREA_STYLE ('',( #2106 ) ) ;
#1789 = DIRECTION ( 'NONE',  ( 0.0000000000000000000, 1.000000000000000000, 1.224646799146999945E-16 ) ) ;
#1790 = LINE ( 'NONE', #3813, #1973 ) ;
#1791 = APPLICATION_CONTEXT ( 'automotive_design' ) ;
#1792 = DIRECTION ( 'NONE',  ( -0.0000000000000000000, -0.0000000000000000000, -1.000000000000000000 ) ) ;
#1793 = COLOUR_RGB ( '',0.7803921568627451011, 0.5686274509803921351, 0.1137254901960784298 ) ;
#1794 = CIRCLE ( 'NONE', #1725, 0.1499999999999999667 ) ;
#1795 = PRESENTATION_STYLE_ASSIGNMENT (( #2637 ) ) ;
#1796 = ORIENTED_EDGE ( 'NONE', *, *, #1165, .T. ) ;
#1797 = AXIS2_PLACEMENT_3D ( 'NONE', #706, #3704, #748 ) ;
#1798 = CARTESIAN_POINT ( 'NONE',  ( 0.1000000000000000194, 0.2999999999999999889, 0.0000000000000000000 ) ) ;
#1799 = CARTESIAN_POINT ( 'NONE',  ( 0.1000000000000000056, -0.2999999999999999889, 0.0000000000000000000 ) ) ;
#1800 = LINE ( 'NONE', #1476, #418 ) ;
#1801 = VERTEX_POINT ( 'NONE', #2323 ) ;
#1802 = CARTESIAN_POINT ( 'NONE',  ( 0.5500000000000000444, 0.3499999999999999778, 0.02000000000000000042 ) ) ;
#1803 =( GEOMETRIC_REPRESENTATION_CONTEXT ( 3 ) GLOBAL_UNCERTAINTY_ASSIGNED_CONTEXT ( ( #4086 ) ) GLOBAL_UNIT_ASSIGNED_CONTEXT ( ( #905, #216, #4229 ) ) REPRESENTATION_CONTEXT ( 'NONE', 'WORKASPACE' ) );
#1804 = LINE ( 'NONE', #4118, #2522 ) ;
#1805 = CARTESIAN_POINT ( 'NONE',  ( 0.4949999999999999956, -0.1891429205790000068, 0.02000000000000000042 ) ) ;
#1806 = AXIS2_PLACEMENT_3D ( 'NONE', #3420, #2882, #1153 ) ;
#1807 = EDGE_CURVE ( 'NONE', #1917, #4224, #3646, .T. ) ;
#1808 =( NAMED_UNIT ( * ) SI_UNIT ( $, .STERADIAN. ) SOLID_ANGLE_UNIT ( ) );
#1809 = UNCERTAINTY_MEASURE_WITH_UNIT (LENGTH_MEASURE( 1.000000000000000082E-05 ), #4120, 'distance_accuracy_value', 'NONE');
#1810 = FACE_OUTER_BOUND ( 'NONE', #1321, .T. ) ;
#1811 = DIRECTION ( 'NONE',  ( 0.0000000000000000000, 1.000000000000000000, -0.0000000000000000000 ) ) ;
#1812 = EDGE_CURVE ( 'NONE', #3267, #70, #31, .T. ) ;
#1813 =( LENGTH_UNIT ( ) NAMED_UNIT ( * ) SI_UNIT ( .MILLI., .METRE. ) );
#1814 = DIRECTION ( 'NONE',  ( 0.0000000000000000000, 1.000000000000000000, 1.224646799146999945E-16 ) ) ;
#1815 = UNCERTAINTY_MEASURE_WITH_UNIT (LENGTH_MEASURE( 1.000000000000000082E-05 ), #3036, 'distance_accuracy_value', 'NONE');
#1816 =( GEOMETRIC_REPRESENTATION_CONTEXT ( 3 ) GLOBAL_UNCERTAINTY_ASSIGNED_CONTEXT ( ( #247 ) ) GLOBAL_UNIT_ASSIGNED_CONTEXT ( ( #88, #2382, #2720 ) ) REPRESENTATION_CONTEXT ( 'NONE', 'WORKASPACE' ) );
#1817 =( NAMED_UNIT ( * ) SI_UNIT ( $, .STERADIAN. ) SOLID_ANGLE_UNIT ( ) );
#1818 = ORIENTED_EDGE ( 'NONE', *, *, #1569, .T. ) ;
#1819 = ORIENTED_EDGE ( 'NONE', *, *, #3739, .F. ) ;
#1820 =( NAMED_UNIT ( * ) PLANE_ANGLE_UNIT ( ) SI_UNIT ( $, .RADIAN. ) );
#1821 = EDGE_LOOP ( 'NONE', ( #2967, #3322, #1515, #2676 ) ) ;
#1822 = ORIENTED_EDGE ( 'NONE', *, *, #3216, .F. ) ;
#1823 = EDGE_CURVE ( 'NONE', #460, #3222, #848, .T. ) ;
#1824 = COLOUR_RGB ( '',0.7803921568627451011, 0.5686274509803921351, 0.1137254901960784298 ) ;
#1825 = FILL_AREA_STYLE ('',( #532 ) ) ;
#1826 =( LENGTH_UNIT ( ) NAMED_UNIT ( * ) SI_UNIT ( .MILLI., .METRE. ) );
#1827 = SURFACE_STYLE_USAGE ( .BOTH. , #534 ) ;
#1828 = PRESENTATION_LAYER_ASSIGNMENT (  '', '', ( #719 ) ) ;
#1829 = SURFACE_STYLE_USAGE ( .BOTH. , #2157 ) ;
#1830 = DIRECTION ( 'NONE',  ( 1.000000000000000000, 0.0000000000000000000, 0.0000000000000000000 ) ) ;
#1831 = DIRECTION ( 'NONE',  ( 0.0000000000000000000, 0.0000000000000000000, -1.000000000000000000 ) ) ;
#1832 = FACE_OUTER_BOUND ( 'NONE', #2364, .T. ) ;
#1833 = CARTESIAN_POINT ( 'NONE',  ( -0.2999999999999999889, 0.2950000000000000400, 0.0000000000000000000 ) ) ;
#1834 = CARTESIAN_POINT ( 'NONE',  ( -0.5000000000000000000, -0.1563508326898145895, 2.143131898505168298E-17 ) ) ;
#1835 = FACE_OUTER_BOUND ( 'NONE', #2479, .T. ) ;
#1836 = ORIENTED_EDGE ( 'NONE', *, *, #3396, .F. ) ;
#1837 = VECTOR ( 'NONE', #1961, 1000.000000000000000 ) ;
#1838 = ORIENTED_EDGE ( 'NONE', *, *, #1948, .T. ) ;
#1839 = CARTESIAN_POINT ( 'NONE',  ( -0.4749999999999999778, -0.1645950378230000011, 2.015707862250000449E-17 ) ) ;
#1840 = VECTOR ( 'NONE', #4240, 1000.000000000000000 ) ;
#1841 = PRESENTATION_LAYER_ASSIGNMENT (  '', '', ( #3721 ) ) ;
#1842 = CARTESIAN_POINT ( 'NONE',  ( -0.2937867965644035406, -0.2937867965644035406, 0.1399999999999999856 ) ) ;
#1843 = PRESENTATION_LAYER_ASSIGNMENT (  '', '', ( #1983 ) ) ;
#1844 =( NAMED_UNIT ( * ) PLANE_ANGLE_UNIT ( ) SI_UNIT ( $, .RADIAN. ) );
#1845 = DIRECTION ( 'NONE',  ( 1.000000000000000000, 0.0000000000000000000, 0.0000000000000000000 ) ) ;
#1846 = DIRECTION ( 'NONE',  ( -0.0000000000000000000, 1.000000000000000000, 0.0000000000000000000 ) ) ;
#1847 = AXIS2_PLACEMENT_3D ( 'NONE', #691, #2937, #2012 ) ;
#1848 = LINE ( 'NONE', #2430, #973 ) ;
#1849 = SHAPE_REPRESENTATION ( 'Pad001', ( #1974 ), #1014 ) ;
#1850 = ORIENTED_EDGE ( 'NONE', *, *, #3996, .T. ) ;
#1851 = SURFACE_STYLE_FILL_AREA ( #3530 ) ;
#1852 = MECHANICAL_DESIGN_GEOMETRIC_PRESENTATION_REPRESENTATION (  '', ( #967 ), #2678 ) ;
#1853 = CARTESIAN_POINT ( 'NONE',  ( 0.3152661081139450094, -0.2999999999999999889, 0.06000000000000001166 ) ) ;
#1854 = EDGE_LOOP ( 'NONE', ( #3893, #2808, #3794, #2626, #2983, #2582, #2081, #2588 ) ) ;
#1855 = AXIS2_PLACEMENT_3D ( 'NONE', #3637, #636, #1316 ) ;
#1856 = DIRECTION ( 'NONE',  ( 0.0000000000000000000, -1.000000000000000000, -0.0000000000000000000 ) ) ;
#1857 = EDGE_CURVE ( 'NONE', #460, #160, #804, .T. ) ;
#1858 =( NAMED_UNIT ( * ) SI_UNIT ( $, .STERADIAN. ) SOLID_ANGLE_UNIT ( ) );
#1859 = FILL_AREA_STYLE_COLOUR ( '', #2306 ) ;
#1860 = ORIENTED_EDGE ( 'NONE', *, *, #1264, .F. ) ;
#1861 = ORIENTED_EDGE ( 'NONE', *, *, #1013, .T. ) ;
#1862 = SURFACE_STYLE_FILL_AREA ( #2441 ) ;
#1863 = CIRCLE ( 'NONE', #974, 0.1700000000000000122 ) ;
#1864 =( NAMED_UNIT ( * ) PLANE_ANGLE_UNIT ( ) SI_UNIT ( $, .RADIAN. ) );
#1865 = SURFACE_SIDE_STYLE ('',( #1279 ) ) ;
#1866 =( GEOMETRIC_REPRESENTATION_CONTEXT ( 3 ) GLOBAL_UNCERTAINTY_ASSIGNED_CONTEXT ( ( #3769 ) ) GLOBAL_UNIT_ASSIGNED_CONTEXT ( ( #313, #611, #1976 ) ) REPRESENTATION_CONTEXT ( 'NONE', 'WORKASPACE' ) );
#1867 =( LENGTH_UNIT ( ) NAMED_UNIT ( * ) SI_UNIT ( .MILLI., .METRE. ) );
#1868 =( NAMED_UNIT ( * ) SI_UNIT ( $, .STERADIAN. ) SOLID_ANGLE_UNIT ( ) );
#1869 = DIRECTION ( 'NONE',  ( -0.0000000000000000000, -0.0000000000000000000, 1.000000000000000000 ) ) ;
#1870 = CARTESIAN_POINT ( 'NONE',  ( -0.1999999999999999833, 0.2600000000000000089, 0.0000000000000000000 ) ) ;
#1871 = EDGE_CURVE ( 'NONE', #3830, #259, #4130, .T. ) ;
#1872 = VERTEX_POINT ( 'NONE', #4112 ) ;
#1873 = CARTESIAN_POINT ( 'NONE',  ( -0.3000000000000000444, -0.2950000000000000400, 0.0000000000000000000 ) ) ;
#1874 = FILL_AREA_STYLE ('',( #1203 ) ) ;
#1875 = ORIENTED_EDGE ( 'NONE', *, *, #1274, .T. ) ;
#1876 = ORIENTED_EDGE ( 'NONE', *, *, #106, .T. ) ;
#1877 = ORIENTED_EDGE ( 'NONE', *, *, #3944, .F. ) ;
#1878 =( LENGTH_UNIT ( ) NAMED_UNIT ( * ) SI_UNIT ( .MILLI., .METRE. ) );
#1879 = DIRECTION ( 'NONE',  ( 0.0000000000000000000, 1.224646799146999945E-16, -1.000000000000000000 ) ) ;
#1880 = SURFACE_STYLE_USAGE ( .BOTH. , #1284 ) ;
#1881 = FILL_AREA_STYLE_COLOUR ( '', #2596 ) ;
#1882 = VECTOR ( 'NONE', #2366, 1000.000000000000000 ) ;
#1883 = CYLINDRICAL_SURFACE ( 'NONE', #1733, 0.01500000000000001159 ) ;
#1884 = DIRECTION ( 'NONE',  ( 1.000000000000000000, 0.0000000000000000000, 0.0000000000000000000 ) ) ;
#1885 = VERTEX_POINT ( 'NONE', #2497 ) ;
#1886 = PLANE ( 'NONE',  #2896 ) ;
#1887 = ORIENTED_EDGE ( 'NONE', *, *, #3944, .T. ) ;
#1888 = UNCERTAINTY_MEASURE_WITH_UNIT (LENGTH_MEASURE( 1.000000000000000082E-05 ), #2736, 'distance_accuracy_value', 'NONE');
#1889 = DIRECTION ( 'NONE',  ( -1.000000000000000000, -0.0000000000000000000, -0.0000000000000000000 ) ) ;
#1890 = FILL_AREA_STYLE ('',( #1562 ) ) ;
#1891 = EDGE_CURVE ( 'NONE', #2669, #2010, #3413, .T. ) ;
#1892 = AXIS2_PLACEMENT_3D ( 'NONE', #4111, #1519, #2475 ) ;
#1893 = FILL_AREA_STYLE ('',( #1319 ) ) ;
#1894 = ORIENTED_EDGE ( 'NONE', *, *, #2722, .T. ) ;
#1895 = ORIENTED_EDGE ( 'NONE', *, *, #2142, .T. ) ;
#1896 = UNCERTAINTY_MEASURE_WITH_UNIT (LENGTH_MEASURE( 1.000000000000000082E-05 ), #3045, 'distance_accuracy_value', 'NONE');
#1897 =( GEOMETRIC_REPRESENTATION_CONTEXT ( 3 ) GLOBAL_UNCERTAINTY_ASSIGNED_CONTEXT ( ( #2810 ) ) GLOBAL_UNIT_ASSIGNED_CONTEXT ( ( #1936, #3263, #1228 ) ) REPRESENTATION_CONTEXT ( 'NONE', 'WORKASPACE' ) );
#1898 = EDGE_CURVE ( 'NONE', #1370, #1968, #1121, .T. ) ;
#1899 = FILL_AREA_STYLE_COLOUR ( '', #228 ) ;
#1900 = CARTESIAN_POINT ( 'NONE',  ( -0.5500000000000000444, 0.3499999999999999778, 0.02000000000000000736 ) ) ;
#1901 = FACE_OUTER_BOUND ( 'NONE', #1632, .T. ) ;
#1902 = SHAPE_DEFINITION_REPRESENTATION ( #4236, #4260 ) ;
#1903 = CYLINDRICAL_SURFACE ( 'NONE', #3644, 0.2400000000000000466 ) ;
#1904 = STYLED_ITEM ( 'NONE', ( #2954 ), #2249 ) ;
#1905 = CIRCLE ( 'NONE', #1980, 0.2400000000000000189 ) ;
#1906 =( NAMED_UNIT ( * ) PLANE_ANGLE_UNIT ( ) SI_UNIT ( $, .RADIAN. ) );
#1907 = AXIS2_PLACEMENT_3D ( 'NONE', #1714, #4002, #1362 ) ;
#1908 = LINE ( 'NONE', #3235, #1676 ) ;
#1909 = MECHANICAL_DESIGN_GEOMETRIC_PRESENTATION_REPRESENTATION (  '', ( #3301 ), #3021 ) ;
#1910 = FACE_OUTER_BOUND ( 'NONE', #1535, .T. ) ;
#1911 = EDGE_LOOP ( 'NONE', ( #293, #4290, #1278, #3912 ) ) ;
#1912 = VERTEX_POINT ( 'NONE', #2831 ) ;
#1913 = LINE ( 'NONE', #1206, #1707 ) ;
#1914 = VECTOR ( 'NONE', #781, 1000.000000000000000 ) ;
#1915 =( NAMED_UNIT ( * ) SI_UNIT ( $, .STERADIAN. ) SOLID_ANGLE_UNIT ( ) );
#1916 = DIRECTION ( 'NONE',  ( -0.0000000000000000000, -0.0000000000000000000, 1.000000000000000000 ) ) ;
#1917 = VERTEX_POINT ( 'NONE', #3441 ) ;
#1918 = ORIENTED_EDGE ( 'NONE', *, *, #1322, .T. ) ;
#1919 = VECTOR ( 'NONE', #3822, 1000.000000000000000 ) ;
#1920 = DIRECTION ( 'NONE',  ( 0.0000000000000000000, 1.000000000000000000, 1.185846126156020228E-16 ) ) ;
#1921 =( NAMED_UNIT ( * ) PLANE_ANGLE_UNIT ( ) SI_UNIT ( $, .RADIAN. ) );
#1922 = DIRECTION ( 'NONE',  ( -0.0000000000000000000, -0.0000000000000000000, -1.000000000000000000 ) ) ;
#1923 = LINE ( 'NONE', #3252, #4246 ) ;
#1924 = APPLICATION_PROTOCOL_DEFINITION ( 'draft international standard', 'automotive_design', 1998, #1347 ) ;
#1925 = ADVANCED_FACE ( 'NONE', ( #462 ), #2144, .F. ) ;
#1926 = CARTESIAN_POINT ( 'NONE',  ( -0.5000000000000000000, 0.2085786437629999490, 0.0000000000000000000 ) ) ;
#1927 = PRESENTATION_LAYER_ASSIGNMENT (  '', '', ( #1382 ) ) ;
#1928 =( LENGTH_UNIT ( ) NAMED_UNIT ( * ) SI_UNIT ( .MILLI., .METRE. ) );
#1929 = CARTESIAN_POINT ( 'NONE',  ( 0.2849999999999999756, -0.2849999999999999756, 0.1400000000000000133 ) ) ;
#1930 = EDGE_CURVE ( 'NONE', #3933, #1912, #1474, .T. ) ;
#1931 = LINE ( 'NONE', #357, #3249 ) ;
#1932 = VECTOR ( 'NONE', #580, 1000.000000000000000 ) ;
#1933 = DIRECTION ( 'NONE',  ( 0.0000000000000000000, 1.224646799146999945E-16, -1.000000000000000000 ) ) ;
#1934 = ORIENTED_EDGE ( 'NONE', *, *, #347, .T. ) ;
#1935 = DIRECTION ( 'NONE',  ( 0.0000000000000000000, 1.000000000000000000, 1.224646799146999945E-16 ) ) ;
#1936 =( LENGTH_UNIT ( ) NAMED_UNIT ( * ) SI_UNIT ( .MILLI., .METRE. ) );
#1937 = CARTESIAN_POINT ( 'NONE',  ( -0.5500000000000000444, -0.3499999999999999778, 0.06000000000000000472 ) ) ;
#1938 = FILL_AREA_STYLE ('',( #3869 ) ) ;
#1939 = VERTEX_POINT ( 'NONE', #1300 ) ;
#1940 = ORIENTED_EDGE ( 'NONE', *, *, #1565, .T. ) ;
#1941 = UNCERTAINTY_MEASURE_WITH_UNIT (LENGTH_MEASURE( 1.000000000000000082E-05 ), #288, 'distance_accuracy_value', 'NONE');
#1942 = PRESENTATION_LAYER_ASSIGNMENT (  '', '', ( #4183 ) ) ;
#1943 = LINE ( 'NONE', #2572, #861 ) ;
#1944 = APPLICATION_CONTEXT ( 'automotive_design' ) ;
#1945 = SURFACE_STYLE_FILL_AREA ( #2527 ) ;
#1946 = AXIS2_PLACEMENT_3D ( 'NONE', #2769, #1521, #529 ) ;
#1947 = CARTESIAN_POINT ( 'NONE',  ( 0.5500000000000000444, 0.3499999999999999778, 0.02000000000000000042 ) ) ;
#1948 = EDGE_CURVE ( 'NONE', #694, #1956, #3929, .T. ) ;
#1949 = ORIENTED_EDGE ( 'NONE', *, *, #208, .F. ) ;
#1950 = CARTESIAN_POINT ( 'NONE',  ( -0.5000000000000000000, 0.2999999999999999889, 0.08000000000000000167 ) ) ;
#1951 = VERTEX_POINT ( 'NONE', #3175 ) ;
#1952 = PRODUCT_CONTEXT ( 'NONE', #1791, 'mechanical' ) ;
#1953 = SURFACE_STYLE_FILL_AREA ( #285 ) ;
#1954 = DIRECTION ( 'NONE',  ( 1.000000000000000000, 0.0000000000000000000, -0.0000000000000000000 ) ) ;
#1955 = SURFACE_SIDE_STYLE ('',( #3954 ) ) ;
#1956 = VERTEX_POINT ( 'NONE', #1208 ) ;
#1957 = SURFACE_STYLE_USAGE ( .BOTH. , #1982 ) ;
#1958 = ORIENTED_EDGE ( 'NONE', *, *, #2340, .T. ) ;
#1959 = ADVANCED_FACE ( 'NONE', ( #4220 ), #3264, .T. ) ;
#1960 = CARTESIAN_POINT ( 'NONE',  ( -0.1000000000000000056, -0.1499999999999999944, 0.0000000000000000000 ) ) ;
#1961 = DIRECTION ( 'NONE',  ( 0.0000000000000000000, -1.224646799146999945E-16, -1.000000000000000000 ) ) ;
#1962 = LINE ( 'NONE', #1015, #3312 ) ;
#1963 = ORIENTED_EDGE ( 'NONE', *, *, #721, .F. ) ;
#1964 = ORIENTED_EDGE ( 'NONE', *, *, #2861, .F. ) ;
#1965 = SURFACE_SIDE_STYLE ('',( #3692 ) ) ;
#1966 = CARTESIAN_POINT ( 'NONE',  ( 0.5500000000000000444, 0.3499999999999999778, -4.286263797015999754E-17 ) ) ;
#1967 = SURFACE_SIDE_STYLE ('',( #4271 ) ) ;
#1968 = VERTEX_POINT ( 'NONE', #2958 ) ;
#1969 = FILL_AREA_STYLE_COLOUR ( '', #57 ) ;
#1970 = VECTOR ( 'NONE', #1120, 1000.000000000000000 ) ;
#1971 = LINE ( 'NONE', #1261, #3827 ) ;
#1972 = DIRECTION ( 'NONE',  ( -0.0000000000000000000, -0.0000000000000000000, -1.000000000000000000 ) ) ;
#1973 = VECTOR ( 'NONE', #1846, 1000.000000000000000 ) ;
#1974 = AXIS2_PLACEMENT_3D ( 'NONE', #1478, #3804, #826 ) ;
#1975 = AXIS2_PLACEMENT_3D ( 'NONE', #3834, #1193, #787 ) ;
#1976 =( NAMED_UNIT ( * ) SI_UNIT ( $, .STERADIAN. ) SOLID_ANGLE_UNIT ( ) );
#1977 = PLANE ( 'NONE',  #2401 ) ;
#1978 = VECTOR ( 'NONE', #1710, 1000.000000000000000 ) ;
#1979 = ORIENTED_EDGE ( 'NONE', *, *, #198, .T. ) ;
#1980 = AXIS2_PLACEMENT_3D ( 'NONE', #2180, #130, #1125 ) ;
#1981 = CARTESIAN_POINT ( 'NONE',  ( 0.3713942890050741519, -0.2600000000000166067, 0.02000000000000000389 ) ) ;
#1982 = SURFACE_SIDE_STYLE ('',( #993 ) ) ;
#1983 = STYLED_ITEM ( 'NONE', ( #1207 ), #2566 ) ;
#1984 = LINE ( 'NONE', #3313, #3011 ) ;
#1985 = EDGE_LOOP ( 'NONE', ( #1860, #11, #620, #1344 ) ) ;
#1986 = ADVANCED_FACE ( 'NONE', ( #2713 ), #1034, .T. ) ;
#1987 = EDGE_LOOP ( 'NONE', ( #2826, #4013, #3884, #4083 ) ) ;
#1988 = SHAPE_REPRESENTATION ( 'User Library-LED_1006_R', ( #3079, #2803, #656, #3143, #2664, #1290 ), #4014 ) ;
#1989 = EDGE_CURVE ( 'NONE', #3596, #1633, #2377, .T. ) ;
#1990 =( NAMED_UNIT ( * ) SI_UNIT ( $, .STERADIAN. ) SOLID_ANGLE_UNIT ( ) );
#1991 = DIRECTION ( 'NONE',  ( 0.0000000000000000000, 0.0000000000000000000, 1.000000000000000000 ) ) ;
#1992 = FILL_AREA_STYLE_COLOUR ( '', #3547 ) ;
#1993 = ORIENTED_EDGE ( 'NONE', *, *, #3932, .T. ) ;
#1994 = CARTESIAN_POINT ( 'NONE',  ( -0.2974999999999999867, -0.2975000000000000977, 0.1250000000000000000 ) ) ;
#1995 = EDGE_CURVE ( 'NONE', #2873, #2490, #886, .T. ) ;
#1996 = STYLED_ITEM ( 'NONE', ( #1586 ), #3118 ) ;
#1997 = ORIENTED_EDGE ( 'NONE', *, *, #3340, .F. ) ;
#1998 = DIRECTION ( 'NONE',  ( 0.0000000000000000000, -0.0000000000000000000, -1.000000000000000000 ) ) ;
#1999 = COLOUR_RGB ( '',0.7803921568627451011, 0.5686274509803921351, 0.1137254901960784298 ) ;
#2000 = PRESENTATION_STYLE_ASSIGNMENT (( #3017 ) ) ;
#2001 = VECTOR ( 'NONE', #471, 1000.000000000000000 ) ;
#2002 = ORIENTED_EDGE ( 'NONE', *, *, #3203, .T. ) ;
#2003 = DIRECTION ( 'NONE',  ( 1.000000000000000000, 0.0000000000000000000, 0.0000000000000000000 ) ) ;
#2004 = DIRECTION ( 'NONE',  ( 0.0000000000000000000, 0.0000000000000000000, 1.000000000000000000 ) ) ;
#2005 = EDGE_CURVE ( 'NONE', #3215, #2502, #3042, .T. ) ;
#2006 = AXIS2_PLACEMENT_3D ( 'NONE', #1149, #2087, #434 ) ;
#2007 = SURFACE_STYLE_USAGE ( .BOTH. , #2361 ) ;
#2008 = CIRCLE ( 'NONE', #619, 0.1499999999999999667 ) ;
#2009 = ORIENTED_EDGE ( 'NONE', *, *, #1333, .F. ) ;
#2010 = VERTEX_POINT ( 'NONE', #25 ) ;
#2011 = DIRECTION ( 'NONE',  ( 0.0000000000000000000, 1.224646799146999945E-16, -1.000000000000000000 ) ) ;
#2012 = DIRECTION ( 'NONE',  ( 0.0000000000000000000, -1.000000000000000000, -1.034036596358999946E-18 ) ) ;
#2013 = ORIENTED_EDGE ( 'NONE', *, *, #1191, .T. ) ;
#2014 = ITEM_DEFINED_TRANSFORMATION ( 'NONE', 'NONE', #1290,  #1974 ) ;
#2015 = PRODUCT_DEFINITION_CONTEXT ( 'detailed design', #234, 'design' ) ;
#2016 = PLANE ( 'NONE',  #2453 ) ;
#2017 = SURFACE_SIDE_STYLE ('',( #1005 ) ) ;
#2018 =( LENGTH_UNIT ( ) NAMED_UNIT ( * ) SI_UNIT ( .MILLI., .METRE. ) );
#2019 = SURFACE_SIDE_STYLE ('',( #674 ) ) ;
#2020 = FILL_AREA_STYLE_COLOUR ( '', #3294 ) ;
#2021 = SURFACE_SIDE_STYLE ('',( #4063 ) ) ;
#2022 = PRESENTATION_STYLE_ASSIGNMENT (( #3365 ) ) ;
#2023 = MECHANICAL_DESIGN_GEOMETRIC_PRESENTATION_REPRESENTATION (  '', ( #2372 ), #3121 ) ;
#2024 = CARTESIAN_POINT ( 'NONE',  ( 0.4949999999999999956, 0.2999999999999999889, 0.02000000000000000042 ) ) ;
#2025 = ORIENTED_EDGE ( 'NONE', *, *, #3882, .T. ) ;
#2026 = CARTESIAN_POINT ( 'NONE',  ( -0.05000000000000000278, 0.1499999999999999944, 0.0000000000000000000 ) ) ;
#2027 = CARTESIAN_POINT ( 'NONE',  ( 0.5000000000000000000, -0.2999999999999999889, 0.0000000000000000000 ) ) ;
#2028 = UNCERTAINTY_MEASURE_WITH_UNIT (LENGTH_MEASURE( 1.000000000000000082E-05 ), #1582, 'distance_accuracy_value', 'NONE');
#2029 = VECTOR ( 'NONE', #1954, 1000.000000000000000 ) ;
#2030 = LINE ( 'NONE', #378, #1224 ) ;
#2031 = DIRECTION ( 'NONE',  ( -1.000000000000000000, 0.0000000000000000000, 0.0000000000000000000 ) ) ;
#2032 = CARTESIAN_POINT ( 'NONE',  ( -0.3152661081139450094, -0.2999999999999999889, 0.08000000000000001554 ) ) ;
#2033 = CIRCLE ( 'NONE', #303, 0.2000000000000000389 ) ;
#2034 = VERTEX_POINT ( 'NONE', #3283 ) ;
#2035 = EDGE_CURVE ( 'NONE', #2010, #1182, #321, .T. ) ;
#2036 = FILL_AREA_STYLE ('',( #1992 ) ) ;
#2037 = ORIENTED_EDGE ( 'NONE', *, *, #49, .T. ) ;
#2038 = ORIENTED_EDGE ( 'NONE', *, *, #3860, .T. ) ;
#2039 = UNCERTAINTY_MEASURE_WITH_UNIT (LENGTH_MEASURE( 1.000000000000000082E-05 ), #1928, 'distance_accuracy_value', 'NONE');
#2040 = EDGE_CURVE ( 'NONE', #4224, #4173, #1984, .T. ) ;
#2041 = DIRECTION ( 'NONE',  ( 1.000000000000000000, 0.0000000000000000000, 0.0000000000000000000 ) ) ;
#2042 =( NAMED_UNIT ( * ) PLANE_ANGLE_UNIT ( ) SI_UNIT ( $, .RADIAN. ) );
#2043 = CIRCLE ( 'NONE', #1892, 0.1499999999999999667 ) ;
#2044 = DIRECTION ( 'NONE',  ( 0.0000000000000000000, 0.0000000000000000000, 1.000000000000000000 ) ) ;
#2045 =( NAMED_UNIT ( * ) SI_UNIT ( $, .STERADIAN. ) SOLID_ANGLE_UNIT ( ) );
#2046 = CARTESIAN_POINT ( 'NONE',  ( -0.4949999999999999956, 0.2999999999999999889, 0.02000000000000007674 ) ) ;
#2047 = SURFACE_SIDE_STYLE ('',( #1375 ) ) ;
#2048 = FILL_AREA_STYLE ('',( #1652 ) ) ;
#2049 = ORIENTED_EDGE ( 'NONE', *, *, #2595, .T. ) ;
#2050 = DIRECTION ( 'NONE',  ( 0.0000000000000000000, 0.0000000000000000000, -1.000000000000000000 ) ) ;
#2051 = LINE ( 'NONE', #3372, #3934 ) ;
#2052 = PRESENTATION_LAYER_ASSIGNMENT (  '', '', ( #1142 ) ) ;
#2053 = PRESENTATION_LAYER_ASSIGNMENT (  '', '', ( #2189 ) ) ;
#2054 =( GEOMETRIC_REPRESENTATION_CONTEXT ( 3 ) GLOBAL_UNCERTAINTY_ASSIGNED_CONTEXT ( ( #4253 ) ) GLOBAL_UNIT_ASSIGNED_CONTEXT ( ( #4024, #3385, #1746 ) ) REPRESENTATION_CONTEXT ( 'NONE', 'WORKASPACE' ) );
#2055 = SURFACE_STYLE_FILL_AREA ( #2649 ) ;
#2056 = ORIENTED_EDGE ( 'NONE', *, *, #1169, .F. ) ;
#2057 = PRESENTATION_LAYER_ASSIGNMENT (  '', '', ( #1152 ) ) ;
#2058 = VERTEX_POINT ( 'NONE', #2524 ) ;
#2059 = CARTESIAN_POINT ( 'NONE',  ( -0.05000000000000000278, -0.2999999999999999889, -0.01000000000000000021 ) ) ;
#2060 = PRESENTATION_STYLE_ASSIGNMENT (( #3710 ) ) ;
#2061 = VECTOR ( 'NONE', #2308, 1000.000000000000000 ) ;
#2062 = FILL_AREA_STYLE_COLOUR ( '', #1793 ) ;
#2063 = ORIENTED_EDGE ( 'NONE', *, *, #4234, .T. ) ;
#2064 = CARTESIAN_POINT ( 'NONE',  ( -0.3563508326896523415, -0.2999999999999102274, -3.673940397441400060E-17 ) ) ;
#2065 = PRESENTATION_STYLE_ASSIGNMENT (( #3013 ) ) ;
#2066 = SURFACE_STYLE_USAGE ( .BOTH. , #2021 ) ;
#2067 =( GEOMETRIC_REPRESENTATION_CONTEXT ( 3 ) GLOBAL_UNCERTAINTY_ASSIGNED_CONTEXT ( ( #4209 ) ) GLOBAL_UNIT_ASSIGNED_CONTEXT ( ( #3592, #2606, #3550 ) ) REPRESENTATION_CONTEXT ( 'NONE', 'WORKASPACE' ) );
#2068 = PLANE ( 'NONE',  #1263 ) ;
#2069 = FACE_OUTER_BOUND ( 'NONE', #843, .T. ) ;
#2070 = CARTESIAN_POINT ( 'NONE',  ( 0.3563508326898146561, 0.2999999999999999889, 0.02000000000000000389 ) ) ;
#2071 = CARTESIAN_POINT ( 'NONE',  ( 0.4949999999999999956, -0.2999999999999999889, 0.02000000000000000042 ) ) ;
#2072 = MECHANICAL_DESIGN_GEOMETRIC_PRESENTATION_REPRESENTATION (  '', ( #3593 ), #1455 ) ;
#2073 = CARTESIAN_POINT ( 'NONE',  ( 0.5500000000000000444, 0.3499999999999999778, 0.05999999999999999778 ) ) ;
#2074 = EDGE_CURVE ( 'NONE', #70, #3933, #3587, .T. ) ;
#2075 = STYLED_ITEM ( 'NONE', ( #3383 ), #3718 ) ;
#2076 = EDGE_CURVE ( 'NONE', #3044, #1495, #2732, .T. ) ;
#2077 = ORIENTED_EDGE ( 'NONE', *, *, #3634, .F. ) ;
#2078 = DIRECTION ( 'NONE',  ( -1.000000000000000000, 0.0000000000000000000, -0.0000000000000000000 ) ) ;
#2079 =( NAMED_UNIT ( * ) PLANE_ANGLE_UNIT ( ) SI_UNIT ( $, .RADIAN. ) );
#2080 = MECHANICAL_DESIGN_GEOMETRIC_PRESENTATION_REPRESENTATION (  '', ( #1382 ), #275 ) ;
#2081 = ORIENTED_EDGE ( 'NONE', *, *, #2955, .T. ) ;
#2082 = LINE ( 'NONE', #3440, #3005 ) ;
#2083 =( LENGTH_UNIT ( ) NAMED_UNIT ( * ) SI_UNIT ( .MILLI., .METRE. ) );
#2084 = LINE ( 'NONE', #1542, #707 ) ;
#2085 = DIRECTION ( 'NONE',  ( 1.000000000000000000, 0.0000000000000000000, 0.0000000000000000000 ) ) ;
#2086 = DIRECTION ( 'NONE',  ( 0.0000000000000000000, 1.000000000000000000, -1.129377263005733621E-16 ) ) ;
#2087 = DIRECTION ( 'NONE',  ( 1.000000000000000000, 0.0000000000000000000, 0.0000000000000000000 ) ) ;
#2088 = AXIS2_PLACEMENT_3D ( 'NONE', #444, #2174, #3848 ) ;
#2089 = CYLINDRICAL_SURFACE ( 'NONE', #2095, 0.1499999999999999667 ) ;
#2090 = FILL_AREA_STYLE_COLOUR ( '', #2981 ) ;
#2091 = PRESENTATION_STYLE_ASSIGNMENT (( #3330 ) ) ;
#2092 = EDGE_CURVE ( 'NONE', #259, #3508, #3753, .T. ) ;
#2093 = ORIENTED_EDGE ( 'NONE', *, *, #3335, .T. ) ;
#2094 = DIRECTION ( 'NONE',  ( -1.000000000000000000, -0.0000000000000000000, -0.0000000000000000000 ) ) ;
#2095 = AXIS2_PLACEMENT_3D ( 'NONE', #2728, #74, #1063 ) ;
#2096 = ORIENTED_EDGE ( 'NONE', *, *, #2540, .T. ) ;
#2097 = EDGE_CURVE ( 'NONE', #4152, #3537, #2617, .T. ) ;
#2098 = AXIS2_PLACEMENT_3D ( 'NONE', #3129, #4097, #2423 ) ;
#2099 = EDGE_CURVE ( 'NONE', #892, #1801, #459, .T. ) ;
#2100 = CARTESIAN_POINT ( 'NONE',  ( 0.4749999999999319766, 0.1645950378226359312, 0.07999999999999998779 ) ) ;
#2101 = CARTESIAN_POINT ( 'NONE',  ( -0.05000000000000000278, -0.1500000000000000222, -0.01000000000000000021 ) ) ;
#2102 = SURFACE_SIDE_STYLE ('',( #3051 ) ) ;
#2103 = SURFACE_STYLE_USAGE ( .BOTH. , #3780 ) ;
#2104 =( NAMED_UNIT ( * ) SI_UNIT ( $, .STERADIAN. ) SOLID_ANGLE_UNIT ( ) );
#2105 =( LENGTH_UNIT ( ) NAMED_UNIT ( * ) SI_UNIT ( .MILLI., .METRE. ) );
#2106 = FILL_AREA_STYLE_COLOUR ( '', #3326 ) ;
#2107 = DIRECTION ( 'NONE',  ( 0.0000000000000000000, -1.224646799146999945E-16, -1.000000000000000000 ) ) ;
#2108 = STYLED_ITEM ( 'NONE', ( #712 ), #890 ) ;
#2109 =( LENGTH_UNIT ( ) NAMED_UNIT ( * ) SI_UNIT ( .MILLI., .METRE. ) );
#2110 = CARTESIAN_POINT ( 'NONE',  ( 0.3275140453871118185, -0.2600000000000453615, 0.05999999999999999084 ) ) ;
#2111 = ADVANCED_FACE ( 'NONE', ( #668 ), #1757, .T. ) ;
#2112 = MECHANICAL_DESIGN_GEOMETRIC_PRESENTATION_REPRESENTATION (  '', ( #3075 ), #878 ) ;
#2113 = ORIENTED_EDGE ( 'NONE', *, *, #3996, .F. ) ;
#2114 = COLOUR_RGB ( '',0.7803921568627451011, 0.5686274509803921351, 0.1137254901960784298 ) ;
#2115 = MECHANICAL_DESIGN_GEOMETRIC_PRESENTATION_REPRESENTATION (  '', ( #2189 ), #3218 ) ;
#2116 =( NAMED_UNIT ( * ) SI_UNIT ( $, .STERADIAN. ) SOLID_ANGLE_UNIT ( ) );
#2117 = DIRECTION ( 'NONE',  ( -1.000000000000000000, 0.0000000000000000000, 0.0000000000000000000 ) ) ;
#2118 = ORIENTED_EDGE ( 'NONE', *, *, #3533, .F. ) ;
#2119 = PRESENTATION_LAYER_ASSIGNMENT (  '', '', ( #4078 ) ) ;
#2120 = MECHANICAL_DESIGN_GEOMETRIC_PRESENTATION_REPRESENTATION (  '', ( #879 ), #4074 ) ;
#2121 = MECHANICAL_DESIGN_GEOMETRIC_PRESENTATION_REPRESENTATION (  '', ( #3431 ), #4075 ) ;
#2122 = CARTESIAN_POINT ( 'NONE',  ( 0.2950000000000000400, 0.3000000000000000444, 0.0000000000000000000 ) ) ;
#2123 =( NAMED_UNIT ( * ) SI_UNIT ( $, .STERADIAN. ) SOLID_ANGLE_UNIT ( ) );
#2124 = PRESENTATION_STYLE_ASSIGNMENT (( #1780 ) ) ;
#2125 = COLOUR_RGB ( '',1.000000000000000000, 0.0000000000000000000, 0.0000000000000000000 ) ;
#2126 = AXIS2_PLACEMENT_3D ( 'NONE', #1900, #1879, #1920 ) ;
#2127 = ORIENTED_EDGE ( 'NONE', *, *, #2129, .T. ) ;
#2128 = VERTEX_POINT ( 'NONE', #1994 ) ;
#2129 = EDGE_CURVE ( 'NONE', #3180, #938, #351, .T. ) ;
#2130 = DIRECTION ( 'NONE',  ( 0.0000000000000000000, -1.224646799146999945E-16, -1.000000000000000000 ) ) ;
#2131 = DIRECTION ( 'NONE',  ( 0.0000000000000000000, 1.224646799146999945E-16, -1.000000000000000000 ) ) ;
#2132 =( NAMED_UNIT ( * ) SI_UNIT ( $, .STERADIAN. ) SOLID_ANGLE_UNIT ( ) );
#2133 = SHAPE_REPRESENTATION ( 'Cut005_(Mirror_#1)', ( #1974 ), #3717 ) ;
#2134 = DIRECTION ( 'NONE',  ( 0.0000000000000000000, 0.0000000000000000000, -1.000000000000000000 ) ) ;
#2135 = PLANE ( 'NONE',  #3927 ) ;
#2136 = ORIENTED_EDGE ( 'NONE', *, *, #821, .T. ) ;
#2137 = DIRECTION ( 'NONE',  ( 0.0000000000000000000, 0.0000000000000000000, -1.000000000000000000 ) ) ;
#2138 = PRESENTATION_LAYER_ASSIGNMENT (  '', '', ( #2825 ) ) ;
#2139 = CARTESIAN_POINT ( 'NONE',  ( -0.5500000000000000444, 0.3499999999999999778, 0.02000000000000000042 ) ) ;
#2140 =( GEOMETRIC_REPRESENTATION_CONTEXT ( 3 ) GLOBAL_UNCERTAINTY_ASSIGNED_CONTEXT ( ( #1599 ) ) GLOBAL_UNIT_ASSIGNED_CONTEXT ( ( #2467, #137, #2203 ) ) REPRESENTATION_CONTEXT ( 'NONE', 'WORKASPACE' ) );
#2141 = ORIENTED_EDGE ( 'NONE', *, *, #651, .T. ) ;
#2142 = EDGE_CURVE ( 'NONE', #3537, #1951, #1683, .T. ) ;
#2143 = AXIS2_PLACEMENT_3D ( 'NONE', #2888, #3976, #2977 ) ;
#2144 = PLANE ( 'NONE',  #3871 ) ;
#2145 = EDGE_CURVE ( 'NONE', #301, #3983, #4284, .T. ) ;
#2146 = FILL_AREA_STYLE ('',( #2457 ) ) ;
#2147 = AXIS2_PLACEMENT_3D ( 'NONE', #4077, #1745, #3054 ) ;
#2148 = ORIENTED_EDGE ( 'NONE', *, *, #2315, .F. ) ;
#2149 = ORIENTED_EDGE ( 'NONE', *, *, #3837, .F. ) ;
#2150 = CARTESIAN_POINT ( 'NONE',  ( -0.4949999999999999956, -0.1891429205787729384, 0.05999999999999999778 ) ) ;
#2151 = ADVANCED_FACE ( 'NONE', ( #3629 ), #4109, .F. ) ;
#2152 = PLANE ( 'NONE',  #2098 ) ;
#2153 = DIRECTION ( 'NONE',  ( 1.000000000000000000, 0.0000000000000000000, 0.0000000000000000000 ) ) ;
#2154 = CARTESIAN_POINT ( 'NONE',  ( 0.4949999999999999956, 0.1891429205787729384, 0.05999999999999999778 ) ) ;
#2155 = STYLED_ITEM ( 'NONE', ( #3898 ), #4096 ) ;
#2156 = SURFACE_STYLE_USAGE ( .BOTH. , #831 ) ;
#2157 = SURFACE_SIDE_STYLE ('',( #3448 ) ) ;
#2158 = EDGE_CURVE ( 'NONE', #3849, #3970, #482, .T. ) ;
#2159 =( LENGTH_UNIT ( ) NAMED_UNIT ( * ) SI_UNIT ( .MILLI., .METRE. ) );
#2160 = FACE_OUTER_BOUND ( 'NONE', #1309, .T. ) ;
#2161 = CARTESIAN_POINT ( 'NONE',  ( -0.3875192319071404379, -0.2999999999999999889, 0.02000000000000000042 ) ) ;
#2162 = CARTESIAN_POINT ( 'NONE',  ( -0.05000000000000000278, 0.2999999999999999889, -0.01000000000000000021 ) ) ;
#2163 =( BOUNDED_CURVE ( )  B_SPLINE_CURVE ( 3, ( #3427, #2448, #3789, #813 ),
 .UNSPECIFIED., .F., .T. ) 
 B_SPLINE_CURVE_WITH_KNOTS ( ( 4, 4 ),
 ( 4.712388980384689674, 6.283185307179586232 ),
 .UNSPECIFIED. ) 
 CURVE ( )  GEOMETRIC_REPRESENTATION_ITEM ( )  RATIONAL_B_SPLINE_CURVE ( ( 1.000000000000000000, 0.8047378541243649375, 0.8047378541243649375, 1.000000000000000000 ) ) 
 REPRESENTATION_ITEM ( '' )  );
#2164 = VECTOR ( 'NONE', #692, 1000.000000000000000 ) ;
#2165 = UNCERTAINTY_MEASURE_WITH_UNIT (LENGTH_MEASURE( 1.000000000000000082E-05 ), #2444, 'distance_accuracy_value', 'NONE');
#2166 = CARTESIAN_POINT ( 'NONE',  ( -0.3875192319072565672, -0.3000000000000789813, 0.02000000000000000042 ) ) ;
#2167 =( NAMED_UNIT ( * ) SI_UNIT ( $, .STERADIAN. ) SOLID_ANGLE_UNIT ( ) );
#2168 = ORIENTED_EDGE ( 'NONE', *, *, #3563, .F. ) ;
#2169 = VECTOR ( 'NONE', #3387, 1000.000000000000000 ) ;
#2170 = CARTESIAN_POINT ( 'NONE',  ( 0.4085786437627077494, -0.2999999999999513611, 0.0000000000000000000 ) ) ;
#2171 = FILL_AREA_STYLE ('',( #847 ) ) ;
#2172 = CARTESIAN_POINT ( 'NONE',  ( -0.2999999999999999889, 0.2999999999999999889, 0.0000000000000000000 ) ) ;
#2173 = STYLED_ITEM ( 'NONE', ( #2883 ), #569 ) ;
#2174 = DIRECTION ( 'NONE',  ( 0.0000000000000000000, 0.0000000000000000000, 1.000000000000000000 ) ) ;
#2175 = ORIENTED_EDGE ( 'NONE', *, *, #2040, .T. ) ;
#2176 = EDGE_LOOP ( 'NONE', ( #3503, #3873, #1563, #851 ) ) ;
#2177 = AXIS2_PLACEMENT_3D ( 'NONE', #4121, #1830, #475 ) ;
#2178 = LINE ( 'NONE', #1783, #2591 ) ;
#2179 = CARTESIAN_POINT ( 'NONE',  ( 0.2950000000000000400, -0.3000000000000000444, 0.0000000000000000000 ) ) ;
#2180 = CARTESIAN_POINT ( 'NONE',  ( 0.5500000000000000444, -0.3499999999999999778, 0.08000000000000001554 ) ) ;
#2181 = VECTOR ( 'NONE', #1496, 1000.000000000000000 ) ;
#2182 = ADVANCED_FACE ( 'NONE', ( #3531 ), #3507, .T. ) ;
#2183 = APPLICATION_CONTEXT ( 'automotive_design' ) ;
#2184 =( LENGTH_UNIT ( ) NAMED_UNIT ( * ) SI_UNIT ( .MILLI., .METRE. ) );
#2185 = CARTESIAN_POINT ( 'NONE',  ( -0.3152661081140000210, -0.2999999999999999889, 0.0000000000000000000 ) ) ;
#2186 = FACE_OUTER_BOUND ( 'NONE', #147, .T. ) ;
#2187 = VERTEX_POINT ( 'NONE', #1853 ) ;
#2188 = CARTESIAN_POINT ( 'NONE',  ( 0.2000000000000000111, -0.2999999999999999889, 0.0000000000000000000 ) ) ;
#2189 = STYLED_ITEM ( 'NONE', ( #3417 ), #4226 ) ;
#2190 = CARTESIAN_POINT ( 'NONE',  ( 0.4999999999999101274, -0.1563508326896523304, 1.914745467975008224E-17 ) ) ;
#2191 = FACE_OUTER_BOUND ( 'NONE', #352, .T. ) ;
#2192 = ORIENTED_EDGE ( 'NONE', *, *, #2990, .T. ) ;
#2193 =( GEOMETRIC_REPRESENTATION_CONTEXT ( 3 ) GLOBAL_UNCERTAINTY_ASSIGNED_CONTEXT ( ( #2677 ) ) GLOBAL_UNIT_ASSIGNED_CONTEXT ( ( #2513, #3885, #2492 ) ) REPRESENTATION_CONTEXT ( 'NONE', 'WORKASPACE' ) );
#2194 = ORIENTED_EDGE ( 'NONE', *, *, #1191, .F. ) ;
#2195 = COLOUR_RGB ( '',0.7803921568627451011, 0.5686274509803921351, 0.1137254901960784298 ) ;
#2196 = DIRECTION ( 'NONE',  ( 0.0000000000000000000, 0.0000000000000000000, -1.000000000000000000 ) ) ;
#2197 = CIRCLE ( 'NONE', #2395, 0.2000000000000000111 ) ;
#2198 = DIRECTION ( 'NONE',  ( -1.000000000000000000, 0.0000000000000000000, 0.0000000000000000000 ) ) ;
#2199 =( NAMED_UNIT ( * ) PLANE_ANGLE_UNIT ( ) SI_UNIT ( $, .RADIAN. ) );
#2200 = DIRECTION ( 'NONE',  ( -9.274621392321998436E-15, 1.000000000000000000, -0.0000000000000000000 ) ) ;
#2201 = PRESENTATION_STYLE_ASSIGNMENT (( #2820 ) ) ;
#2202 = COLOUR_RGB ( '',0.0000000000000000000, 0.3333333333333333148, 0.0000000000000000000 ) ;
#2203 =( NAMED_UNIT ( * ) SI_UNIT ( $, .STERADIAN. ) SOLID_ANGLE_UNIT ( ) );
#2204 = LINE ( 'NONE', #1532, #3432 ) ;
#2205 = UNCERTAINTY_MEASURE_WITH_UNIT (LENGTH_MEASURE( 1.000000000000000082E-05 ), #2327, 'distance_accuracy_value', 'NONE');
#2206 = ORIENTED_EDGE ( 'NONE', *, *, #2717, .T. ) ;
#2207 = ADVANCED_FACE ( 'NONE', ( #202 ), #227, .T. ) ;
#2208 =( GEOMETRIC_REPRESENTATION_CONTEXT ( 3 ) GLOBAL_UNCERTAINTY_ASSIGNED_CONTEXT ( ( #2891 ) ) GLOBAL_UNIT_ASSIGNED_CONTEXT ( ( #2478, #1820, #1301 ) ) REPRESENTATION_CONTEXT ( 'NONE', 'WORKASPACE' ) );
#2209 = PRESENTATION_STYLE_ASSIGNMENT (( #563 ) ) ;
#2210 = DIRECTION ( 'NONE',  ( 1.000000000000000000, 0.0000000000000000000, -0.0000000000000000000 ) ) ;
#2211 = FACE_OUTER_BOUND ( 'NONE', #1616, .T. ) ;
#2212 =( NAMED_UNIT ( * ) SI_UNIT ( $, .STERADIAN. ) SOLID_ANGLE_UNIT ( ) );
#2213 = ORIENTED_EDGE ( 'NONE', *, *, #1489, .F. ) ;
#2214 = PRESENTATION_LAYER_ASSIGNMENT (  '', '', ( #2685 ) ) ;
#2215 = EDGE_LOOP ( 'NONE', ( #756, #4039, #1836, #727 ) ) ;
#2216 = SURFACE_SIDE_STYLE ('',( #1276 ) ) ;
#2217 = PRESENTATION_STYLE_ASSIGNMENT (( #3787 ) ) ;
#2218 = SURFACE_STYLE_USAGE ( .BOTH. , #2530 ) ;
#2219 = VECTOR ( 'NONE', #766, 1000.000000000000000 ) ;
#2220 = EDGE_CURVE ( 'NONE', #1588, #3606, #3428, .T. ) ;
#2221 = CARTESIAN_POINT ( 'NONE',  ( 0.2950000000000000400, 0.2950000000000000400, 0.0000000000000000000 ) ) ;
#2222 =( GEOMETRIC_REPRESENTATION_CONTEXT ( 3 ) GLOBAL_UNCERTAINTY_ASSIGNED_CONTEXT ( ( #158 ) ) GLOBAL_UNIT_ASSIGNED_CONTEXT ( ( #1441, #3762, #4099 ) ) REPRESENTATION_CONTEXT ( 'NONE', 'WORKASPACE' ) );
#2223 = CARTESIAN_POINT ( 'NONE',  ( -0.2999999999999999889, 0.2999999999999999889, 0.0000000000000000000 ) ) ;
#2224 = ORIENTED_EDGE ( 'NONE', *, *, #4104, .F. ) ;
#2225 = FILL_AREA_STYLE ('',( #1969 ) ) ;
#2226 = EDGE_CURVE ( 'NONE', #4133, #2921, #1012, .T. ) ;
#2227 = ORIENTED_EDGE ( 'NONE', *, *, #1722, .F. ) ;
#2228 = CARTESIAN_POINT ( 'NONE',  ( -0.3713942890050741519, 0.2600000000000166067, 3.184081677784202751E-17 ) ) ;
#2229 = PRESENTATION_STYLE_ASSIGNMENT (( #1520 ) ) ;
#2230 =( NAMED_UNIT ( * ) PLANE_ANGLE_UNIT ( ) SI_UNIT ( $, .RADIAN. ) );
#2231 = ORIENTED_EDGE ( 'NONE', *, *, #2794, .T. ) ;
#2232 = VERTEX_POINT ( 'NONE', #3239 ) ;
#2233 = EDGE_CURVE ( 'NONE', #4149, #2611, #3618, .T. ) ;
#2234 = DIRECTION ( 'NONE',  ( -1.000000000000000000, 0.0000000000000000000, 0.0000000000000000000 ) ) ;
#2235 = PRESENTATION_LAYER_ASSIGNMENT (  '', '', ( #1690 ) ) ;
#2236 = FILL_AREA_STYLE_COLOUR ( '', #1781 ) ;
#2237 =( NAMED_UNIT ( * ) SI_UNIT ( $, .STERADIAN. ) SOLID_ANGLE_UNIT ( ) );
#2238 = DIRECTION ( 'NONE',  ( 0.0000000000000000000, 0.0000000000000000000, -1.000000000000000000 ) ) ;
#2239 = AXIS2_PLACEMENT_3D ( 'NONE', #1313, #333, #3255 ) ;
#2240 = CARTESIAN_POINT ( 'NONE',  ( 0.5000000000000000000, -0.2999999999999999889, 0.08000000000000000167 ) ) ;
#2241 = LINE ( 'NONE', #947, #2575 ) ;
#2242 = MECHANICAL_DESIGN_GEOMETRIC_PRESENTATION_REPRESENTATION (  '', ( #3062 ), #2645 ) ;
#2243 = LINE ( 'NONE', #3570, #3875 ) ;
#2244 = ORIENTED_EDGE ( 'NONE', *, *, #3473, .F. ) ;
#2245 = FACE_OUTER_BOUND ( 'NONE', #2339, .T. ) ;
#2246 = PLANE ( 'NONE',  #1571 ) ;
#2247 = ORIENTED_EDGE ( 'NONE', *, *, #1165, .F. ) ;
#2248 = PRESENTATION_STYLE_ASSIGNMENT (( #4244 ) ) ;
#2249 = ADVANCED_FACE ( 'NONE', ( #2978 ), #2246, .F. ) ;
#2250 =( GEOMETRIC_REPRESENTATION_CONTEXT ( 3 ) GLOBAL_UNCERTAINTY_ASSIGNED_CONTEXT ( ( #1896 ) ) GLOBAL_UNIT_ASSIGNED_CONTEXT ( ( #3045, #2304, #1990 ) ) REPRESENTATION_CONTEXT ( 'NONE', 'WORKASPACE' ) );
#2251 = DIRECTION ( 'NONE',  ( 0.0000000000000000000, -1.000000000000000000, -1.034036596358999946E-18 ) ) ;
#2252 = CARTESIAN_POINT ( 'NONE',  ( 0.3875192319072686686, -0.3000000000000394573, 0.02000000000000000042 ) ) ;
#2253 = ORIENTED_EDGE ( 'NONE', *, *, #722, .F. ) ;
#2254 = ORIENTED_EDGE ( 'NONE', *, *, #1251, .T. ) ;
#2255 = VECTOR ( 'NONE', #3909, 1000.000000000000000 ) ;
#2256 = EDGE_CURVE ( 'NONE', #1175, #3260, #3014, .T. ) ;
#2257 = SURFACE_STYLE_FILL_AREA ( #2635 ) ;
#2258 = PRESENTATION_LAYER_ASSIGNMENT (  '', '', ( #3159 ) ) ;
#2259 = AXIS2_PLACEMENT_3D ( 'NONE', #1129, #3523, #2446 ) ;
#2260 = ORIENTED_EDGE ( 'NONE', *, *, #3357, .T. ) ;
#2261 =( LENGTH_UNIT ( ) NAMED_UNIT ( * ) SI_UNIT ( .MILLI., .METRE. ) );
#2262 = APPLICATION_PROTOCOL_DEFINITION ( 'draft international standard', 'automotive_design', 1998, #1514 ) ;
#2263 = SURFACE_STYLE_USAGE ( .BOTH. , #3949 ) ;
#2264 = STYLED_ITEM ( 'NONE', ( #3573 ), #2207 ) ;
#2265 = PRESENTATION_LAYER_ASSIGNMENT (  '', '', ( #1572 ) ) ;
#2266 = DIRECTION ( 'NONE',  ( 0.0000000000000000000, 1.000000000000000000, -1.129377263005733621E-16 ) ) ;
#2267 = EDGE_CURVE ( 'NONE', #2921, #2521, #708, .T. ) ;
#2268 = LINE ( 'NONE', #2602, #3963 ) ;
#2269 = MECHANICAL_DESIGN_GEOMETRIC_PRESENTATION_REPRESENTATION (  '', ( #1438 ), #3082 ) ;
#2270 = MECHANICAL_DESIGN_GEOMETRIC_PRESENTATION_REPRESENTATION (  '', ( #3721 ), #3153 ) ;
#2271 = AXIS2_PLACEMENT_3D ( 'NONE', #2574, #624, #1659 ) ;
#2272 = STYLED_ITEM ( 'NONE', ( #2455 ), #2182 ) ;
#2273 = DIRECTION ( 'NONE',  ( -0.0000000000000000000, 1.000000000000000000, 0.0000000000000000000 ) ) ;
#2274 = ORIENTED_EDGE ( 'NONE', *, *, #2076, .F. ) ;
#2275 = FILL_AREA_STYLE ('',( #2542 ) ) ;
#2276 = CARTESIAN_POINT ( 'NONE',  ( 0.5000000000000000000, 0.2999999999999999889, 0.08000000000000000167 ) ) ;
#2277 = EDGE_CURVE ( 'NONE', #3738, #3191, #3362, .T. ) ;
#2278 = CARTESIAN_POINT ( 'NONE',  ( -0.05000000000000000278, -0.1500000000000000222, -4.653164683615499853E-19 ) ) ;
#2279 = CARTESIAN_POINT ( 'NONE',  ( -0.4749999999999999778, 0.2999999999999999889, 0.08000000000000000167 ) ) ;
#2280 = DIRECTION ( 'NONE',  ( 0.0000000000000000000, -0.0000000000000000000, 1.000000000000000000 ) ) ;
#2281 = CARTESIAN_POINT ( 'NONE',  ( -0.4949999999999611933, 0.1577111547697170046, 0.05999999999999998390 ) ) ;
#2282 = ORIENTED_EDGE ( 'NONE', *, *, #4182, .T. ) ;
#2283 = ORIENTED_EDGE ( 'NONE', *, *, #1995, .F. ) ;
#2284 = DIRECTION ( 'NONE',  ( 0.0000000000000000000, 1.000000000000000000, -1.129377263005733621E-16 ) ) ;
#2285 = CARTESIAN_POINT ( 'NONE',  ( 0.5500000000000000444, 0.3499999999999999778, 0.0000000000000000000 ) ) ;
#2286 = DIRECTION ( 'NONE',  ( -1.000000000000000000, 0.0000000000000000000, 0.0000000000000000000 ) ) ;
#2287 =( GEOMETRIC_REPRESENTATION_CONTEXT ( 3 ) GLOBAL_UNCERTAINTY_ASSIGNED_CONTEXT ( ( #1069 ) ) GLOBAL_UNIT_ASSIGNED_CONTEXT ( ( #1377, #3726, #3371 ) ) REPRESENTATION_CONTEXT ( 'NONE', 'WORKASPACE' ) );
#2288 = ORIENTED_EDGE ( 'NONE', *, *, #2595, .F. ) ;
#2289 = ORIENTED_EDGE ( 'NONE', *, *, #1274, .F. ) ;
#2290 = EDGE_CURVE ( 'NONE', #1370, #1680, #1647, .T. ) ;
#2291 = SURFACE_STYLE_FILL_AREA ( #2641 ) ;
#2292 =( GEOMETRIC_REPRESENTATION_CONTEXT ( 3 ) GLOBAL_UNCERTAINTY_ASSIGNED_CONTEXT ( ( #120 ) ) GLOBAL_UNIT_ASSIGNED_CONTEXT ( ( #1373, #1027, #3678 ) ) REPRESENTATION_CONTEXT ( 'NONE', 'WORKASPACE' ) );
#2293 = SURFACE_SIDE_STYLE ('',( #3277 ) ) ;
#2294 = MECHANICAL_DESIGN_GEOMETRIC_PRESENTATION_REPRESENTATION (  '', ( #4168 ), #2622 ) ;
#2295 = EDGE_CURVE ( 'NONE', #1183, #2716, #4105, .T. ) ;
#2296 = MECHANICAL_DESIGN_GEOMETRIC_PRESENTATION_REPRESENTATION (  '', ( #479 ), #2222 ) ;
#2297 = EDGE_LOOP ( 'NONE', ( #839, #2473, #984, #204, #3369, #1266, #531, #3862 ) ) ;
#2298 = SURFACE_STYLE_FILL_AREA ( #2275 ) ;
#2299 = CARTESIAN_POINT ( 'NONE',  ( -0.3713942890049999890, 0.2600000000000000089, 0.02000000000000000042 ) ) ;
#2300 = VERTEX_POINT ( 'NONE', #1067 ) ;
#2301 = DIRECTION ( 'NONE',  ( -0.0000000000000000000, -0.0000000000000000000, 1.000000000000000000 ) ) ;
#2302 = ORIENTED_EDGE ( 'NONE', *, *, #1001, .F. ) ;
#2303 = ORIENTED_EDGE ( 'NONE', *, *, #2495, .T. ) ;
#2304 =( NAMED_UNIT ( * ) PLANE_ANGLE_UNIT ( ) SI_UNIT ( $, .RADIAN. ) );
#2305 =( NAMED_UNIT ( * ) PLANE_ANGLE_UNIT ( ) SI_UNIT ( $, .RADIAN. ) );
#2306 = COLOUR_RGB ( '',0.7803921568627451011, 0.5686274509803921351, 0.1137254901960784298 ) ;
#2307 = ORIENTED_EDGE ( 'NONE', *, *, #3992, .T. ) ;
#2308 = DIRECTION ( 'NONE',  ( -0.0000000000000000000, 1.000000000000000000, 0.0000000000000000000 ) ) ;
#2309 = UNCERTAINTY_MEASURE_WITH_UNIT (LENGTH_MEASURE( 1.000000000000000082E-05 ), #823, 'distance_accuracy_value', 'NONE');
#2310 = LINE ( 'NONE', #332, #2974 ) ;
#2311 = DIRECTION ( 'NONE',  ( 0.0000000000000000000, -0.0000000000000000000, 1.000000000000000000 ) ) ;
#2312 = EDGE_CURVE ( 'NONE', #1376, #1042, #2392, .T. ) ;
#2313 = LINE ( 'NONE', #1287, #3246 ) ;
#2314 = COLOUR_RGB ( '',0.0000000000000000000, 0.3333333333333333148, 0.0000000000000000000 ) ;
#2315 = EDGE_CURVE ( 'NONE', #189, #3489, #1712, .T. ) ;
#2316 = VERTEX_POINT ( 'NONE', #1052 ) ;
#2317 = EDGE_CURVE ( 'NONE', #1386, #2501, #2374, .T. ) ;
#2318 = DIRECTION ( 'NONE',  ( 0.0000000000000000000, -1.000000000000000000, -0.0000000000000000000 ) ) ;
#2319 = CARTESIAN_POINT ( 'NONE',  ( -0.5500000000000000444, -0.3499999999999999778, 0.06000000000000001860 ) ) ;
#2320 = EDGE_LOOP ( 'NONE', ( #1472, #2976, #414, #1133 ) ) ;
#2321 = EDGE_LOOP ( 'NONE', ( #1695, #1876, #996, #4088 ) ) ;
#2322 = CARTESIAN_POINT ( 'NONE',  ( 0.2849999999999999756, 0.2849999999999999756, 0.1400000000000000133 ) ) ;
#2323 = CARTESIAN_POINT ( 'NONE',  ( 0.1999999999999999833, 0.2600000000000000089, 0.0000000000000000000 ) ) ;
#2324 = CARTESIAN_POINT ( 'NONE',  ( -0.3875192319072686686, -0.3000000000000395128, 0.02000000000000000042 ) ) ;
#2325 = ORIENTED_EDGE ( 'NONE', *, *, #527, .F. ) ;
#2326 = AXIS2_PLACEMENT_3D ( 'NONE', #3560, #572, #2284 ) ;
#2327 =( LENGTH_UNIT ( ) NAMED_UNIT ( * ) SI_UNIT ( .MILLI., .METRE. ) );
#2328 = CARTESIAN_POINT ( 'NONE',  ( 0.4949999999999999956, -0.2999999999999999889, 0.02000000000000000042 ) ) ;
#2329 = VECTOR ( 'NONE', #1889, 1000.000000000000000 ) ;
#2330 = DIRECTION ( 'NONE',  ( 0.0000000000000000000, -1.224646799146999945E-16, -1.000000000000000000 ) ) ;
#2331 = UNCERTAINTY_MEASURE_WITH_UNIT (LENGTH_MEASURE( 1.000000000000000082E-05 ), #2811, 'distance_accuracy_value', 'NONE');
#2332 = CARTESIAN_POINT ( 'NONE',  ( -0.5500000000000000444, -0.3499999999999999778, 4.286263797010336595E-17 ) ) ;
#2333 = FACE_OUTER_BOUND ( 'NONE', #2781, .T. ) ;
#2334 =( NAMED_UNIT ( * ) PLANE_ANGLE_UNIT ( ) SI_UNIT ( $, .RADIAN. ) );
#2335 = EDGE_LOOP ( 'NONE', ( #3988, #3877, #3395, #2038 ) ) ;
#2336 =( GEOMETRIC_REPRESENTATION_CONTEXT ( 3 ) GLOBAL_UNCERTAINTY_ASSIGNED_CONTEXT ( ( #1345 ) ) GLOBAL_UNIT_ASSIGNED_CONTEXT ( ( #3446, #2856, #2507 ) ) REPRESENTATION_CONTEXT ( 'NONE', 'WORKASPACE' ) );
#2337 = PRESENTATION_STYLE_ASSIGNMENT (( #3348 ) ) ;
#2338 =( NAMED_UNIT ( * ) SI_UNIT ( $, .STERADIAN. ) SOLID_ANGLE_UNIT ( ) );
#2339 = EDGE_LOOP ( 'NONE', ( #1017, #2709, #2436, #2429 ) ) ;
#2340 = EDGE_CURVE ( 'NONE', #1589, #2611, #3727, .T. ) ;
#2341 = MECHANICAL_DESIGN_GEOMETRIC_PRESENTATION_REPRESENTATION (  '', ( #3795 ), #3437 ) ;
#2342 = VECTOR ( 'NONE', #3486, 1000.000000000000000 ) ;
#2343 = SURFACE_STYLE_USAGE ( .BOTH. , #3375 ) ;
#2344 = LINE ( 'NONE', #994, #1096 ) ;
#2345 = ORIENTED_EDGE ( 'NONE', *, *, #3856, .F. ) ;
#2346 = EDGE_LOOP ( 'NONE', ( #325, #1544, #621, #2096 ) ) ;
#2347 = UNCERTAINTY_MEASURE_WITH_UNIT (LENGTH_MEASURE( 1.000000000000000082E-05 ), #426, 'distance_accuracy_value', 'NONE');
#2348 = EDGE_CURVE ( 'NONE', #4149, #2316, #2051, .T. ) ;
#2349 =( LENGTH_UNIT ( ) NAMED_UNIT ( * ) SI_UNIT ( .MILLI., .METRE. ) );
#2350 = DIRECTION ( 'NONE',  ( 1.000000000000000000, 0.0000000000000000000, 0.0000000000000000000 ) ) ;
#2351 =( NAMED_UNIT ( * ) PLANE_ANGLE_UNIT ( ) SI_UNIT ( $, .RADIAN. ) );
#2352 = ORIENTED_EDGE ( 'NONE', *, *, #2560, .T. ) ;
#2353 = STYLED_ITEM ( 'NONE', ( #2229 ), #2908 ) ;
#2354 =( GEOMETRIC_REPRESENTATION_CONTEXT ( 3 ) GLOBAL_UNCERTAINTY_ASSIGNED_CONTEXT ( ( #3234 ) ) GLOBAL_UNIT_ASSIGNED_CONTEXT ( ( #4170, #2782, #1487 ) ) REPRESENTATION_CONTEXT ( 'NONE', 'WORKASPACE' ) );
#2355 = FACE_OUTER_BOUND ( 'NONE', #4050, .T. ) ;
#2356 = STYLED_ITEM ( 'NONE', ( #3167 ), #3501 ) ;
#2357 = LINE ( 'NONE', #790, #348 ) ;
#2358 =( LENGTH_UNIT ( ) NAMED_UNIT ( * ) SI_UNIT ( .MILLI., .METRE. ) );
#2359 = ORIENTED_EDGE ( 'NONE', *, *, #1424, .F. ) ;
#2360 = CYLINDRICAL_SURFACE ( 'NONE', #1730, 0.01499999999999999944 ) ;
#2361 = SURFACE_SIDE_STYLE ('',( #1097 ) ) ;
#2362 = DIRECTION ( 'NONE',  ( -0.0000000000000000000, 0.0000000000000000000, 1.000000000000000000 ) ) ;
#2363 = EDGE_CURVE ( 'NONE', #397, #3772, #659, .T. ) ;
#2364 = EDGE_LOOP ( 'NONE', ( #2253, #381, #897, #599 ) ) ;
#2365 = EDGE_CURVE ( 'NONE', #3479, #2300, #1403, .T. ) ;
#2366 = DIRECTION ( 'NONE',  ( -0.0000000000000000000, -1.000000000000000000, -1.224646799146999945E-16 ) ) ;
#2367 = MECHANICAL_DESIGN_GEOMETRIC_PRESENTATION_REPRESENTATION (  '', ( #1331 ), #3977 ) ;
#2368 = CARTESIAN_POINT ( 'NONE',  ( -0.4949999999999222799, -0.1577111547697281346, 1.931404608786746271E-17 ) ) ;
#2369 = AXIS2_PLACEMENT_3D ( 'NONE', #2787, #1454, #1493 ) ;
#2370 = CARTESIAN_POINT ( 'NONE',  ( 0.2999999999999999889, 0.2999999999999999889, 0.0000000000000000000 ) ) ;
#2371 =( NAMED_UNIT ( * ) SI_UNIT ( $, .STERADIAN. ) SOLID_ANGLE_UNIT ( ) );
#2372 = STYLED_ITEM ( 'NONE', ( #2022 ), #425 ) ;
#2373 = VERTEX_POINT ( 'NONE', #3393 ) ;
#2374 = LINE ( 'NONE', #3768, #1293 ) ;
#2375 = STYLED_ITEM ( 'NONE', ( #497 ), #495 ) ;
#2376 = CARTESIAN_POINT ( 'NONE',  ( -0.5500000000000000444, 0.3499999999999999778, 0.02000000000000000042 ) ) ;
#2377 = LINE ( 'NONE', #3376, #2400 ) ;
#2378 = SURFACE_SIDE_STYLE ('',( #1054 ) ) ;
#2379 = ORIENTED_EDGE ( 'NONE', *, *, #1628, .T. ) ;
#2380 = FILL_AREA_STYLE ('',( #1056 ) ) ;
#2381 = CARTESIAN_POINT ( 'NONE',  ( -0.4085786437628452505, -0.2999999999999999889, 0.08000000000000000167 ) ) ;
#2382 =( NAMED_UNIT ( * ) PLANE_ANGLE_UNIT ( ) SI_UNIT ( $, .RADIAN. ) );
#2383 = SURFACE_SIDE_STYLE ('',( #4059 ) ) ;
#2384 = EDGE_CURVE ( 'NONE', #3872, #1956, #4289, .T. ) ;
#2385 = PRODUCT_DEFINITION ( 'UNKNOWN', '', #1430, #4160 ) ;
#2386 = MECHANICAL_DESIGN_GEOMETRIC_PRESENTATION_REPRESENTATION (  '', ( #2108 ), #1422 ) ;
#2387 = SURFACE_STYLE_FILL_AREA ( #2687 ) ;
#2388 = VECTOR ( 'NONE', #2547, 1000.000000000000000 ) ;
#2389 = PRESENTATION_STYLE_ASSIGNMENT (( #769 ) ) ;
#2390 = APPLICATION_CONTEXT ( 'automotive_design' ) ;
#2391 = DIRECTION ( 'NONE',  ( 0.0000000000000000000, -0.0000000000000000000, 1.000000000000000000 ) ) ;
#2392 = LINE ( 'NONE', #2027, #1978 ) ;
#2393 =( GEOMETRIC_REPRESENTATION_CONTEXT ( 3 ) GLOBAL_UNCERTAINTY_ASSIGNED_CONTEXT ( ( #1782 ) ) GLOBAL_UNIT_ASSIGNED_CONTEXT ( ( #4255, #1642, #1242 ) ) REPRESENTATION_CONTEXT ( 'NONE', 'WORKASPACE' ) );
#2394 = PRODUCT_DEFINITION_FORMATION_WITH_SPECIFIED_SOURCE ( 'ANY', '', #306, .NOT_KNOWN. ) ;
#2395 = AXIS2_PLACEMENT_3D ( 'NONE', #1658, #901, #2593 ) ;
#2396 = CARTESIAN_POINT ( 'NONE',  ( -0.4949999999999999956, 0.1891429205787729384, 0.06000000000000001860 ) ) ;
#2397 = DIRECTION ( 'NONE',  ( -1.000000000000000000, 0.0000000000000000000, 0.0000000000000000000 ) ) ;
#2398 = AXIS2_PLACEMENT_3D ( 'NONE', #1223, #4143, #3881 ) ;
#2399 = ORIENTED_EDGE ( 'NONE', *, *, #1989, .F. ) ;
#2400 = VECTOR ( 'NONE', #401, 1000.000000000000000 ) ;
#2401 = AXIS2_PLACEMENT_3D ( 'NONE', #1065, #3305, #2708 ) ;
#2402 = SURFACE_STYLE_FILL_AREA ( #735 ) ;
#2403 = DIRECTION ( 'NONE',  ( 9.274621392321998436E-15, -1.000000000000000000, 0.0000000000000000000 ) ) ;
#2404 = ORIENTED_EDGE ( 'NONE', *, *, #2903, .F. ) ;
#2405 = PRESENTATION_STYLE_ASSIGNMENT (( #105 ) ) ;
#2406 =( LENGTH_UNIT ( ) NAMED_UNIT ( * ) SI_UNIT ( .MILLI., .METRE. ) );
#2407 = PRESENTATION_LAYER_ASSIGNMENT (  '', '', ( #3165 ) ) ;
#2408 = SURFACE_SIDE_STYLE ('',( #372 ) ) ;
#2409 = VECTOR ( 'NONE', #380, 1000.000000000000000 ) ;
#2410 = DIRECTION ( 'NONE',  ( -1.000000000000000000, -0.0000000000000000000, -0.0000000000000000000 ) ) ;
#2411 = LINE ( 'NONE', #1157, #1533 ) ;
#2412 = ADVANCED_FACE ( 'NONE', ( #2733 ), #4085, .F. ) ;
#2413 = VECTOR ( 'NONE', #1729, 1000.000000000000000 ) ;
#2414 = DIRECTION ( 'NONE',  ( 1.000000000000000000, 0.0000000000000000000, 0.0000000000000000000 ) ) ;
#2415 = AXIS2_PLACEMENT_3D ( 'NONE', #1552, #4206, #1221 ) ;
#2416 = CARTESIAN_POINT ( 'NONE',  ( -0.5500000000000000444, 0.3499999999999999778, -4.286263797015999754E-17 ) ) ;
#2417 = EDGE_LOOP ( 'NONE', ( #338, #3104, #2865, #2093, #2175, #2636, #4038, #544, #2063, #2961, #1336, #4214 ) ) ;
#2418 = FILL_AREA_STYLE_COLOUR ( '', #3515 ) ;
#2419 = PRESENTATION_STYLE_ASSIGNMENT (( #3777 ) ) ;
#2420 = PRESENTATION_STYLE_ASSIGNMENT (( #3317 ) ) ;
#2421 = UNCERTAINTY_MEASURE_WITH_UNIT (LENGTH_MEASURE( 1.000000000000000082E-05 ), #1778, 'distance_accuracy_value', 'NONE');
#2422 = CARTESIAN_POINT ( 'NONE',  ( 0.5000000000000000000, 0.2999999999999999889, 0.06000000000000000472 ) ) ;
#2423 = DIRECTION ( 'NONE',  ( 9.274621392321998436E-15, 1.000000000000000000, 0.0000000000000000000 ) ) ;
#2424 = CARTESIAN_POINT ( 'NONE',  ( 0.5500000000000000444, 0.3499999999999999778, 0.07999999999999997391 ) ) ;
#2425 = DIRECTION ( 'NONE',  ( 0.0000000000000000000, 0.0000000000000000000, 1.000000000000000000 ) ) ;
#2426 =( GEOMETRIC_REPRESENTATION_CONTEXT ( 3 ) GLOBAL_UNCERTAINTY_ASSIGNED_CONTEXT ( ( #3189 ) ) GLOBAL_UNIT_ASSIGNED_CONTEXT ( ( #1813, #2466, #1112 ) ) REPRESENTATION_CONTEXT ( 'NONE', 'WORKASPACE' ) );
#2427 = SURFACE_SIDE_STYLE ('',( #881 ) ) ;
#2428 = LINE ( 'NONE', #3620, #4072 ) ;
#2429 = ORIENTED_EDGE ( 'NONE', *, *, #3086, .F. ) ;
#2430 = CARTESIAN_POINT ( 'NONE',  ( -0.4949999999998609956, 0.1891429205785933876, 0.02000000000000000042 ) ) ;
#2431 = DIRECTION ( 'NONE',  ( -0.0000000000000000000, 1.224646799146999945E-16, -1.000000000000000000 ) ) ;
#2432 = EDGE_CURVE ( 'NONE', #694, #1939, #3792, .T. ) ;
#2433 =( NAMED_UNIT ( * ) PLANE_ANGLE_UNIT ( ) SI_UNIT ( $, .RADIAN. ) );
#2434 = VERTEX_POINT ( 'NONE', #3841 ) ;
#2435 = VECTOR ( 'NONE', #1789, 1000.000000000000000 ) ;
#2436 = ORIENTED_EDGE ( 'NONE', *, *, #722, .T. ) ;
#2437 = PRESENTATION_LAYER_ASSIGNMENT (  '', '', ( #3062 ) ) ;
#2438 = FACE_OUTER_BOUND ( 'NONE', #1753, .T. ) ;
#2439 = DIRECTION ( 'NONE',  ( -0.0000000000000000000, -1.000000000000000000, 0.0000000000000000000 ) ) ;
#2440 = ORIENTED_EDGE ( 'NONE', *, *, #2631, .F. ) ;
#2441 = FILL_AREA_STYLE ('',( #1213 ) ) ;
#2442 = PRESENTATION_STYLE_ASSIGNMENT (( #1124 ) ) ;
#2443 = PRESENTATION_STYLE_ASSIGNMENT (( #2156 ) ) ;
#2444 =( LENGTH_UNIT ( ) NAMED_UNIT ( * ) SI_UNIT ( .MILLI., .METRE. ) );
#2445 = LINE ( 'NONE', #3164, #929 ) ;
#2446 = DIRECTION ( 'NONE',  ( -1.000000000000000000, 0.0000000000000000000, 0.0000000000000000000 ) ) ;
#2447 = ORIENTED_EDGE ( 'NONE', *, *, #2348, .F. ) ;
#2448 = CARTESIAN_POINT ( 'NONE',  ( -0.2937867965644035406, 0.2937867965644035406, 0.1399999999999999856 ) ) ;
#2449 = PRESENTATION_STYLE_ASSIGNMENT (( #3187 ) ) ;
#2450 = PRESENTATION_LAYER_ASSIGNMENT (  '', '', ( #3075 ) ) ;
#2451 = MECHANICAL_DESIGN_GEOMETRIC_PRESENTATION_REPRESENTATION (  '', ( #2272 ), #3790 ) ;
#2452 = ORIENTED_EDGE ( 'NONE', *, *, #2674, .T. ) ;
#2453 = AXIS2_PLACEMENT_3D ( 'NONE', #720, #2041, #763 ) ;
#2454 = PRESENTATION_STYLE_ASSIGNMENT (( #1226 ) ) ;
#2455 = PRESENTATION_STYLE_ASSIGNMENT (( #817 ) ) ;
#2456 = VECTOR ( 'NONE', #2431, 1000.000000000000000 ) ;
#2457 = FILL_AREA_STYLE_COLOUR ( '', #2464 ) ;
#2458 = SURFACE_SIDE_STYLE ('',( #3415 ) ) ;
#2459 = ORIENTED_EDGE ( 'NONE', *, *, #4021, .T. ) ;
#2460 = EDGE_CURVE ( 'NONE', #962, #2887, #595, .T. ) ;
#2461 = MECHANICAL_DESIGN_GEOMETRIC_PRESENTATION_REPRESENTATION (  '', ( #56 ), #526 ) ;
#2462 = LINE ( 'NONE', #3470, #2001 ) ;
#2463 =( NAMED_UNIT ( * ) SI_UNIT ( $, .STERADIAN. ) SOLID_ANGLE_UNIT ( ) );
#2464 = COLOUR_RGB ( '',0.7803921568627451011, 0.5686274509803921351, 0.1137254901960784298 ) ;
#2465 =( NAMED_UNIT ( * ) SI_UNIT ( $, .STERADIAN. ) SOLID_ANGLE_UNIT ( ) );
#2466 =( NAMED_UNIT ( * ) PLANE_ANGLE_UNIT ( ) SI_UNIT ( $, .RADIAN. ) );
#2467 =( LENGTH_UNIT ( ) NAMED_UNIT ( * ) SI_UNIT ( .MILLI., .METRE. ) );
#2468 = DIRECTION ( 'NONE',  ( 0.0000000000000000000, -1.000000000000000000, -1.034036596358999946E-18 ) ) ;
#2469 = AXIS2_PLACEMENT_3D ( 'NONE', #3924, #2563, #1935 ) ;
#2470 = AXIS2_PLACEMENT_3D ( 'NONE', #177, #2137, #3454 ) ;
#2471 = VERTEX_POINT ( 'NONE', #197 ) ;
#2472 = SURFACE_STYLE_FILL_AREA ( #3123 ) ;
#2473 = ORIENTED_EDGE ( 'NONE', *, *, #542, .T. ) ;
#2474 =( GEOMETRIC_REPRESENTATION_CONTEXT ( 3 ) GLOBAL_UNCERTAINTY_ASSIGNED_CONTEXT ( ( #1555 ) ) GLOBAL_UNIT_ASSIGNED_CONTEXT ( ( #808, #514, #2104 ) ) REPRESENTATION_CONTEXT ( 'NONE', 'WORKASPACE' ) );
#2475 = DIRECTION ( 'NONE',  ( -1.000000000000000000, 0.0000000000000000000, 0.0000000000000000000 ) ) ;
#2476 = EDGE_CURVE ( 'NONE', #3334, #3488, #2204, .T. ) ;
#2477 = CARTESIAN_POINT ( 'NONE',  ( -0.5000000000000000000, 0.2999999999999999889, 0.0000000000000000000 ) ) ;
#2478 =( LENGTH_UNIT ( ) NAMED_UNIT ( * ) SI_UNIT ( .MILLI., .METRE. ) );
#2479 = EDGE_LOOP ( 'NONE', ( #4295, #1141, #509, #4265, #4090, #4154, #419, #3377, #981, #4190, #732, #1210, #2809, #3997 ) ) ;
#2480 = VERTEX_POINT ( 'NONE', #3136 ) ;
#2481 =( NAMED_UNIT ( * ) SI_UNIT ( $, .STERADIAN. ) SOLID_ANGLE_UNIT ( ) );
#2482 = FACE_OUTER_BOUND ( 'NONE', #943, .T. ) ;
#2483 = VERTEX_POINT ( 'NONE', #3100 ) ;
#2484 = CARTESIAN_POINT ( 'NONE',  ( -0.2974999999999999867, -0.2975000000000000977, 0.1250000000000000000 ) ) ;
#2485 = PRESENTATION_STYLE_ASSIGNMENT (( #1176 ) ) ;
#2486 =( LENGTH_UNIT ( ) NAMED_UNIT ( * ) SI_UNIT ( .MILLI., .METRE. ) );
#2487 = CARTESIAN_POINT ( 'NONE',  ( 0.4949999999999999956, 0.1891429205787729384, 0.02000000000000002123 ) ) ;
#2488 = DIRECTION ( 'NONE',  ( -1.000000000000000000, 0.0000000000000000000, -0.0000000000000000000 ) ) ;
#2489 = UNCERTAINTY_MEASURE_WITH_UNIT (LENGTH_MEASURE( 1.000000000000000082E-05 ), #1397, 'distance_accuracy_value', 'NONE');
#2490 = VERTEX_POINT ( 'NONE', #2824 ) ;
#2491 = DIRECTION ( 'NONE',  ( 0.0000000000000000000, -1.000000000000000000, -0.0000000000000000000 ) ) ;
#2492 =( NAMED_UNIT ( * ) SI_UNIT ( $, .STERADIAN. ) SOLID_ANGLE_UNIT ( ) );
#2493 = ORIENTED_EDGE ( 'NONE', *, *, #3318, .F. ) ;
#2494 =( GEOMETRIC_REPRESENTATION_CONTEXT ( 3 ) GLOBAL_UNCERTAINTY_ASSIGNED_CONTEXT ( ( #1512 ) ) GLOBAL_UNIT_ASSIGNED_CONTEXT ( ( #3548, #3633, #1246 ) ) REPRESENTATION_CONTEXT ( 'NONE', 'WORKASPACE' ) );
#2495 = EDGE_CURVE ( 'NONE', #1968, #1030, #3939, .T. ) ;
#2496 = CARTESIAN_POINT ( 'NONE',  ( 0.4749999999999999778, -0.1645950378228042132, 0.02000000000000001082 ) ) ;
#2497 = CARTESIAN_POINT ( 'NONE',  ( 0.4999999999999514277, 0.2085786437627077106, 0.0000000000000000000 ) ) ;
#2498 =( NAMED_UNIT ( * ) PLANE_ANGLE_UNIT ( ) SI_UNIT ( $, .RADIAN. ) );
#2499 = COLOUR_RGB ( '',1.000000000000000000, 0.0000000000000000000, 0.0000000000000000000 ) ;
#2500 = DIRECTION ( 'NONE',  ( 0.0000000000000000000, -1.000000000000000000, -0.0000000000000000000 ) ) ;
#2501 = VERTEX_POINT ( 'NONE', #4126 ) ;
#2502 = VERTEX_POINT ( 'NONE', #3817 ) ;
#2503 = AXIS2_PLACEMENT_3D ( 'NONE', #1839, #3110, #150 ) ;
#2504 = FACE_OUTER_BOUND ( 'NONE', #445, .T. ) ;
#2505 = CARTESIAN_POINT ( 'NONE',  ( -0.4999999999999514277, -0.2085786437627077106, 0.08000000000000000167 ) ) ;
#2506 =( NAMED_UNIT ( * ) PLANE_ANGLE_UNIT ( ) SI_UNIT ( $, .RADIAN. ) );
#2507 =( NAMED_UNIT ( * ) SI_UNIT ( $, .STERADIAN. ) SOLID_ANGLE_UNIT ( ) );
#2508 = PRESENTATION_STYLE_ASSIGNMENT (( #131 ) ) ;
#2509 = EDGE_CURVE ( 'NONE', #1637, #1680, #3119, .T. ) ;
#2510 = LINE ( 'NONE', #3853, #2435 ) ;
#2511 = LINE ( 'NONE', #1530, #3643 ) ;
#2512 = ORIENTED_EDGE ( 'NONE', *, *, #2, .F. ) ;
#2513 =( LENGTH_UNIT ( ) NAMED_UNIT ( * ) SI_UNIT ( .MILLI., .METRE. ) );
#2514 = VECTOR ( 'NONE', #461, 1000.000000000000000 ) ;
#2515 = ORIENTED_EDGE ( 'NONE', *, *, #4139, .F. ) ;
#2516 = AXIS2_PLACEMENT_3D ( 'NONE', #860, #4187, #3785 ) ;
#2517 = SURFACE_STYLE_FILL_AREA ( #1890 ) ;
#2518 = SURFACE_SIDE_STYLE ('',( #4195 ) ) ;
#2519 = ORIENTED_EDGE ( 'NONE', *, *, #152, .T. ) ;
#2520 = VECTOR ( 'NONE', #647, 1000.000000000000000 ) ;
#2521 = VERTEX_POINT ( 'NONE', #1870 ) ;
#2522 = VECTOR ( 'NONE', #3492, 1000.000000000000000 ) ;
#2523 = MECHANICAL_DESIGN_GEOMETRIC_PRESENTATION_REPRESENTATION (  '', ( #1572 ), #733 ) ;
#2524 = CARTESIAN_POINT ( 'NONE',  ( 0.4949999999999611933, -0.1577111547697170046, 0.02000000000000002470 ) ) ;
#2525 = FACE_OUTER_BOUND ( 'NONE', #1131, .T. ) ;
#2526 = VECTOR ( 'NONE', #2414, 1000.000000000000000 ) ;
#2527 = FILL_AREA_STYLE ('',( #3876 ) ) ;
#2528 = STYLED_ITEM ( 'NONE', ( #1546 ), #1550 ) ;
#2529 = SURFACE_STYLE_FILL_AREA ( #3452 ) ;
#2530 = SURFACE_SIDE_STYLE ('',( #4203 ) ) ;
#2531 = VECTOR ( 'NONE', #1033, 1000.000000000000000 ) ;
#2532 = VECTOR ( 'NONE', #124, 1000.000000000000000 ) ;
#2533 =( NAMED_UNIT ( * ) SI_UNIT ( $, .STERADIAN. ) SOLID_ANGLE_UNIT ( ) );
#2534 = SURFACE_SIDE_STYLE ('',( #1155 ) ) ;
#2535 = LINE ( 'NONE', #2223, #540 ) ;
#2536 = DIRECTION ( 'NONE',  ( -1.000000000000000000, -9.566489757225037615E-16, 0.0000000000000000000 ) ) ;
#2537 = UNCERTAINTY_MEASURE_WITH_UNIT (LENGTH_MEASURE( 1.000000000000000082E-05 ), #770, 'distance_accuracy_value', 'NONE');
#2538 = PRESENTATION_STYLE_ASSIGNMENT (( #3527 ) ) ;
#2539 = CARTESIAN_POINT ( 'NONE',  ( 0.2950000000000000400, 0.3000000000000000444, 0.0000000000000000000 ) ) ;
#2540 = EDGE_CURVE ( 'NONE', #4258, #962, #1160, .T. ) ;
#2541 = ORIENTED_EDGE ( 'NONE', *, *, #242, .T. ) ;
#2542 = FILL_AREA_STYLE_COLOUR ( '', #908 ) ;
#2543 = AXIS2_PLACEMENT_3D ( 'NONE', #3640, #3910, #1678 ) ;
#2544 = ORIENTED_EDGE ( 'NONE', *, *, #1857, .T. ) ;
#2545 = UNCERTAINTY_MEASURE_WITH_UNIT (LENGTH_MEASURE( 1.000000000000000082E-05 ), #2786, 'distance_accuracy_value', 'NONE');
#2546 = PRODUCT_DEFINITION_SHAPE ( 'NONE', 'NONE',  #268 ) ;
#2547 = DIRECTION ( 'NONE',  ( 0.0000000000000000000, 0.0000000000000000000, -1.000000000000000000 ) ) ;
#2548 = ORIENTED_EDGE ( 'NONE', *, *, #2674, .F. ) ;
#2549 = STYLED_ITEM ( 'NONE', ( #3407 ), #3416 ) ;
#2550 = EDGE_LOOP ( 'NONE', ( #2770, #182, #2247, #646 ) ) ;
#2551 =( NAMED_UNIT ( * ) PLANE_ANGLE_UNIT ( ) SI_UNIT ( $, .RADIAN. ) );
#2552 = CARTESIAN_POINT ( 'NONE',  ( 0.4749999999999319766, 0.1645950378226359312, 0.05999999999999998390 ) ) ;
#2553 = PRESENTATION_STYLE_ASSIGNMENT (( #556 ) ) ;
#2554 = PRESENTATION_LAYER_ASSIGNMENT (  '', '', ( #1458 ) ) ;
#2555 = PRODUCT_CONTEXT ( 'NONE', #850, 'mechanical' ) ;
#2556 = CARTESIAN_POINT ( 'NONE',  ( 0.5000000000000000000, -0.2599999999999999534, 0.0000000000000000000 ) ) ;
#2557 = LINE ( 'NONE', #4276, #2029 ) ;
#2558 = MANIFOLD_SOLID_BREP ( 'Imported1', #768 ) ;
#2559 = FILL_AREA_STYLE_COLOUR ( '', #3033 ) ;
#2560 = EDGE_CURVE ( 'NONE', #3, #2373, #143, .T. ) ;
#2561 = DIRECTION ( 'NONE',  ( 0.0000000000000000000, 1.000000000000000000, 1.185846126156020228E-16 ) ) ;
#2562 = ORIENTED_EDGE ( 'NONE', *, *, #2277, .T. ) ;
#2563 = DIRECTION ( 'NONE',  ( 0.0000000000000000000, 1.224646799146999945E-16, -1.000000000000000000 ) ) ;
#2564 =( NAMED_UNIT ( * ) PLANE_ANGLE_UNIT ( ) SI_UNIT ( $, .RADIAN. ) );
#2565 = ORIENTED_EDGE ( 'NONE', *, *, #1387, .F. ) ;
#2566 = MANIFOLD_SOLID_BREP ( 'Imported1', #3687 ) ;
#2567 = AXIS2_PLACEMENT_3D ( 'NONE', #4094, #1718, #428 ) ;
#2568 = CARTESIAN_POINT ( 'NONE',  ( -0.3875192319071404379, 0.2999999999999999889, 0.05999999999999999778 ) ) ;
#2569 = DIRECTION ( 'NONE',  ( 0.0000000000000000000, 0.0000000000000000000, 1.000000000000000000 ) ) ;
#2570 = ORIENTED_EDGE ( 'NONE', *, *, #1736, .T. ) ;
#2571 = ORIENTED_EDGE ( 'NONE', *, *, #3112, .F. ) ;
#2572 = CARTESIAN_POINT ( 'NONE',  ( -0.1000000000000000056, 0.1499999999999999944, 0.0000000000000000000 ) ) ;
#2573 = COLOUR_RGB ( '',0.8274509803921568096, 0.8274509803921568096, 0.8274509803921568096 ) ;
#2574 = CARTESIAN_POINT ( 'NONE',  ( -0.5000000000000000000, -0.2999999999999999889, 0.0000000000000000000 ) ) ;
#2575 = VECTOR ( 'NONE', #311, 1000.000000000000000 ) ;
#2576 = CARTESIAN_POINT ( 'NONE',  ( 0.0000000000000000000, 0.0000000000000000000, 0.01000000000000000021 ) ) ;
#2577 = UNCERTAINTY_MEASURE_WITH_UNIT (LENGTH_MEASURE( 1.000000000000000082E-05 ), #2105, 'distance_accuracy_value', 'NONE');
#2578 = CARTESIAN_POINT ( 'NONE',  ( 0.1000000000000000194, -0.2999999999999999889, -0.01000000000000000021 ) ) ;
#2579 = CYLINDRICAL_SURFACE ( 'NONE', #2239, 0.2000000000000000111 ) ;
#2580 = SURFACE_STYLE_USAGE ( .BOTH. , #2293 ) ;
#2581 =( LENGTH_UNIT ( ) NAMED_UNIT ( * ) SI_UNIT ( .MILLI., .METRE. ) );
#2582 = ORIENTED_EDGE ( 'NONE', *, *, #1989, .T. ) ;
#2583 = EDGE_CURVE ( 'NONE', #329, #82, #138, .T. ) ;
#2584 = CARTESIAN_POINT ( 'NONE',  ( -0.05000000000000000278, 0.1499999999999999944, -1.551054894538499630E-19 ) ) ;
#2585 = AXIS2_PLACEMENT_3D ( 'NONE', #1346, #644, #2011 ) ;
#2586 = LINE ( 'NONE', #978, #336 ) ;
#2587 = VERTEX_POINT ( 'NONE', #2396 ) ;
#2588 = ORIENTED_EDGE ( 'NONE', *, *, #1394, .T. ) ;
#2589 = PRODUCT_RELATED_PRODUCT_CATEGORY ( 'part', '', ( #3958 ) ) ;
#2590 = MECHANICAL_DESIGN_GEOMETRIC_PRESENTATION_REPRESENTATION (  '', ( #41 ), #1215 ) ;
#2591 = VECTOR ( 'NONE', #4181, 1000.000000000000000 ) ;
#2592 = SURFACE_STYLE_FILL_AREA ( #2899 ) ;
#2593 = DIRECTION ( 'NONE',  ( 0.0000000000000000000, 1.000000000000000000, -1.185846126156020475E-16 ) ) ;
#2594 = FACE_OUTER_BOUND ( 'NONE', #3577, .T. ) ;
#2595 = EDGE_CURVE ( 'NONE', #2501, #3128, #2878, .T. ) ;
#2596 = COLOUR_RGB ( '',0.7803921568627451011, 0.5686274509803921351, 0.1137254901960784298 ) ;
#2597 = ORIENTED_EDGE ( 'NONE', *, *, #1489, .T. ) ;
#2598 = VECTOR ( 'NONE', #2836, 1000.000000000000000 ) ;
#2599 = SHAPE_REPRESENTATION_RELATIONSHIP ( 'NONE' , 'NONE' ,  #1849, #3630 ) ;
#2600 = AXIS2_PLACEMENT_3D ( 'NONE', #2073, #1114, #78 ) ;
#2601 =( NAMED_UNIT ( * ) SI_UNIT ( $, .STERADIAN. ) SOLID_ANGLE_UNIT ( ) );
#2602 = CARTESIAN_POINT ( 'NONE',  ( -0.2000000000000000111, 0.2999999999999999889, 0.02000000000000000042 ) ) ;
#2603 = COLOUR_RGB ( '',1.000000000000000000, 0.0000000000000000000, 0.0000000000000000000 ) ;
#2604 = SURFACE_STYLE_USAGE ( .BOTH. , #3614 ) ;
#2605 = ORIENTED_EDGE ( 'NONE', *, *, #1307, .F. ) ;
#2606 =( NAMED_UNIT ( * ) PLANE_ANGLE_UNIT ( ) SI_UNIT ( $, .RADIAN. ) );
#2607 = DIRECTION ( 'NONE',  ( 1.000000000000000000, 0.0000000000000000000, 0.0000000000000000000 ) ) ;
#2608 = MECHANICAL_DESIGN_GEOMETRIC_PRESENTATION_REPRESENTATION (  '', ( #3165 ), #4232 ) ;
#2609 = CARTESIAN_POINT ( 'NONE',  ( -0.2000000000000000111, -0.2999999999999999889, 0.06000000000000000472 ) ) ;
#2610 = CARTESIAN_POINT ( 'NONE',  ( 0.3563508326898146561, -0.2999999999999999889, 0.02000000000000000042 ) ) ;
#2611 = VERTEX_POINT ( 'NONE', #4032 ) ;
#2612 = STYLED_ITEM ( 'NONE', ( #1363 ), #3194 ) ;
#2613 = FILL_AREA_STYLE ('',( #1899 ) ) ;
#2614 = FILL_AREA_STYLE ('',( #2634 ) ) ;
#2615 = COLOUR_RGB ( '',0.8274509803921568096, 0.8274509803921568096, 0.8274509803921568096 ) ;
#2616 = ORIENTED_EDGE ( 'NONE', *, *, #3660, .F. ) ;
#2617 = LINE ( 'NONE', #3435, #2813 ) ;
#2618 = CARTESIAN_POINT ( 'NONE',  ( -0.3713942890050741519, 0.2600000000000166067, 0.01999999999999999695 ) ) ;
#2619 = EDGE_CURVE ( 'NONE', #3434, #892, #3729, .T. ) ;
#2620 = FILL_AREA_STYLE_COLOUR ( '', #2499 ) ;
#2621 = CARTESIAN_POINT ( 'NONE',  ( -0.4949999999999999956, 0.2999999999999999889, 0.02000000000000000042 ) ) ;
#2622 =( GEOMETRIC_REPRESENTATION_CONTEXT ( 3 ) GLOBAL_UNCERTAINTY_ASSIGNED_CONTEXT ( ( #1771 ) ) GLOBAL_UNIT_ASSIGNED_CONTEXT ( ( #2261, #3584, #3204 ) ) REPRESENTATION_CONTEXT ( 'NONE', 'WORKASPACE' ) );
#2623 = CYLINDRICAL_SURFACE ( 'NONE', #1038, 0.005000000000000013115 ) ;
#2624 = PRESENTATION_STYLE_ASSIGNMENT (( #19 ) ) ;
#2625 = PRESENTATION_LAYER_ASSIGNMENT (  '', '', ( #2155 ) ) ;
#2626 = ORIENTED_EDGE ( 'NONE', *, *, #4207, .F. ) ;
#2627 = CARTESIAN_POINT ( 'NONE',  ( -0.2999999999999999889, 0.2999999999999999889, 0.0000000000000000000 ) ) ;
#2628 = LINE ( 'NONE', #2609, #3236 ) ;
#2629 = ORIENTED_EDGE ( 'NONE', *, *, #3563, .T. ) ;
#2630 = ORIENTED_EDGE ( 'NONE', *, *, #1605, .T. ) ;
#2631 = EDGE_CURVE ( 'NONE', #504, #2010, #3706, .T. ) ;
#2632 = MANIFOLD_SOLID_BREP ( 'Imported1', #841 ) ;
#2633 = DIRECTION ( 'NONE',  ( 0.0000000000000000000, 0.0000000000000000000, -1.000000000000000000 ) ) ;
#2634 = FILL_AREA_STYLE_COLOUR ( '', #3797 ) ;
#2635 = FILL_AREA_STYLE ('',( #1591 ) ) ;
#2636 = ORIENTED_EDGE ( 'NONE', *, *, #3068, .F. ) ;
#2637 = SURFACE_STYLE_USAGE ( .BOTH. , #3295 ) ;
#2638 = APPLICATION_PROTOCOL_DEFINITION ( 'draft international standard', 'automotive_design', 1998, #850 ) ;
#2639 = EDGE_CURVE ( 'NONE', #3320, #669, #2030, .T. ) ;
#2640 = VECTOR ( 'NONE', #36, 1000.000000000000000 ) ;
#2641 = FILL_AREA_STYLE ('',( #4275 ) ) ;
#2642 = FILL_AREA_STYLE ('',( #1721 ) ) ;
#2643 = CARTESIAN_POINT ( 'NONE',  ( -0.5000000000000000000, -0.2999999999999999889, 0.0000000000000000000 ) ) ;
#2644 = DIRECTION ( 'NONE',  ( -0.0000000000000000000, 0.0000000000000000000, -1.000000000000000000 ) ) ;
#2645 =( GEOMETRIC_REPRESENTATION_CONTEXT ( 3 ) GLOBAL_UNCERTAINTY_ASSIGNED_CONTEXT ( ( #1257 ) ) GLOBAL_UNIT_ASSIGNED_CONTEXT ( ( #1826, #447, #129 ) ) REPRESENTATION_CONTEXT ( 'NONE', 'WORKASPACE' ) );
#2646 = ORIENTED_EDGE ( 'NONE', *, *, #818, .T. ) ;
#2647 = EDGE_CURVE ( 'NONE', #4044, #1225, #1340, .T. ) ;
#2648 = SURFACE_STYLE_USAGE ( .BOTH. , #2867 ) ;
#2649 = FILL_AREA_STYLE ('',( #730 ) ) ;
#2650 = SURFACE_STYLE_USAGE ( .BOTH. , #3707 ) ;
#2651 = ORIENTED_EDGE ( 'NONE', *, *, #2583, .F. ) ;
#2652 = ORIENTED_EDGE ( 'NONE', *, *, #2233, .F. ) ;
#2653 = LINE ( 'NONE', #4008, #3854 ) ;
#2654 = DIRECTION ( 'NONE',  ( 0.0000000000000000000, 1.000000000000000000, -1.224646799146999699E-16 ) ) ;
#2655 = ORIENTED_EDGE ( 'NONE', *, *, #500, .F. ) ;
#2656 = VECTOR ( 'NONE', #1507, 1000.000000000000000 ) ;
#2657 = DIRECTION ( 'NONE',  ( 0.0000000000000000000, 1.000000000000000000, -1.129377263005733621E-16 ) ) ;
#2658 = DIRECTION ( 'NONE',  ( -0.0000000000000000000, 1.000000000000000000, 0.0000000000000000000 ) ) ;
#2659 = ADVANCED_FACE ( 'NONE', ( #1713 ), #2694, .F. ) ;
#2660 = SURFACE_STYLE_FILL_AREA ( #1687 ) ;
#2661 = APPLICATION_CONTEXT ( 'automotive_design' ) ;
#2662 = AXIS2_PLACEMENT_3D ( 'NONE', #2162, #3857, #2468 ) ;
#2663 = AXIS2_PLACEMENT_3D ( 'NONE', #742, #355, #700 ) ;
#2664 = AXIS2_PLACEMENT_3D ( 'NONE', #330, #1238, #3971 ) ;
#2665 = CARTESIAN_POINT ( 'NONE',  ( 0.5000000000000000000, 0.2999999999999999889, 0.02000000000000000042 ) ) ;
#2666 = ADVANCED_FACE ( 'NONE', ( #1910 ), #4210, .T. ) ;
#2667 = DIRECTION ( 'NONE',  ( 0.0000000000000000000, 1.224646799146999945E-16, -1.000000000000000000 ) ) ;
#2668 = PRESENTATION_LAYER_ASSIGNMENT (  '', '', ( #256 ) ) ;
#2669 = VERTEX_POINT ( 'NONE', #2539 ) ;
#2670 = MECHANICAL_DESIGN_GEOMETRIC_PRESENTATION_REPRESENTATION (  '', ( #2802 ), #4217 ) ;
#2671 = AXIS2_PLACEMENT_3D ( 'NONE', #1937, #2930, #3961 ) ;
#2672 = SURFACE_STYLE_USAGE ( .BOTH. , #3060 ) ;
#2673 = MECHANICAL_DESIGN_GEOMETRIC_PRESENTATION_REPRESENTATION (  '', ( #3304 ), #3085 ) ;
#2674 = EDGE_CURVE ( 'NONE', #892, #3517, #613, .T. ) ;
#2675 = CARTESIAN_POINT ( 'NONE',  ( -0.4949999999999999956, -0.2999999999999999889, 0.02000000000000000042 ) ) ;
#2676 = ORIENTED_EDGE ( 'NONE', *, *, #2460, .T. ) ;
#2677 = UNCERTAINTY_MEASURE_WITH_UNIT (LENGTH_MEASURE( 1.000000000000000082E-05 ), #2513, 'distance_accuracy_value', 'NONE');
#2678 =( GEOMETRIC_REPRESENTATION_CONTEXT ( 3 ) GLOBAL_UNCERTAINTY_ASSIGNED_CONTEXT ( ( #2545 ) ) GLOBAL_UNIT_ASSIGNED_CONTEXT ( ( #2786, #206, #1475 ) ) REPRESENTATION_CONTEXT ( 'NONE', 'WORKASPACE' ) );
#2679 = DIRECTION ( 'NONE',  ( 0.0000000000000000000, -1.224646799146999945E-16, -1.000000000000000000 ) ) ;
#2680 = SURFACE_SIDE_STYLE ('',( #73 ) ) ;
#2681 = ORIENTED_EDGE ( 'NONE', *, *, #3903, .T. ) ;
#2682 = UNCERTAINTY_MEASURE_WITH_UNIT (LENGTH_MEASURE( 1.000000000000000082E-05 ), #503, 'distance_accuracy_value', 'NONE');
#2683 = CONTEXT_DEPENDENT_SHAPE_REPRESENTATION ( #3102, #3125 ) ;
#2684 = DIRECTION ( 'NONE',  ( 0.0000000000000000000, 0.0000000000000000000, -1.000000000000000000 ) ) ;
#2685 = STYLED_ITEM ( 'NONE', ( #3212 ), #3388 ) ;
#2686 = SURFACE_STYLE_USAGE ( .BOTH. , #2408 ) ;
#2687 = FILL_AREA_STYLE ('',( #2020 ) ) ;
#2688 = PRESENTATION_STYLE_ASSIGNMENT (( #1062 ) ) ;
#2689 = FACE_OUTER_BOUND ( 'NONE', #2176, .T. ) ;
#2690 = PRESENTATION_STYLE_ASSIGNMENT (( #1672 ) ) ;
#2691 = ORIENTED_EDGE ( 'NONE', *, *, #2312, .T. ) ;
#2692 = DIRECTION ( 'NONE',  ( 0.0000000000000000000, 0.0000000000000000000, 1.000000000000000000 ) ) ;
#2693 = CARTESIAN_POINT ( 'NONE',  ( 0.5500000000000000444, -0.3499999999999999778, 0.06000000000000001860 ) ) ;
#2694 = PLANE ( 'NONE',  #4017 ) ;
#2695 = CARTESIAN_POINT ( 'NONE',  ( -0.2849999999999999756, 0.2849999999999999756, 0.1400000000000000133 ) ) ;
#2696 = ORIENTED_EDGE ( 'NONE', *, *, #1732, .F. ) ;
#2697 = LINE ( 'NONE', #1740, #3209 ) ;
#2698 = CYLINDRICAL_SURFACE ( 'NONE', #3655, 0.01499999999999999944 ) ;
#2699 = DIRECTION ( 'NONE',  ( 0.0000000000000000000, 0.0000000000000000000, -1.000000000000000000 ) ) ;
#2700 = ORIENTED_EDGE ( 'NONE', *, *, #152, .F. ) ;
#2701 = ORIENTED_EDGE ( 'NONE', *, *, #918, .T. ) ;
#2702 = PRESENTATION_STYLE_ASSIGNMENT (( #1352 ) ) ;
#2703 = SURFACE_STYLE_USAGE ( .BOTH. , #1704 ) ;
#2704 = VECTOR ( 'NONE', #1916, 1000.000000000000000 ) ;
#2705 = SURFACE_STYLE_FILL_AREA ( #1788 ) ;
#2706 =( NAMED_UNIT ( * ) PLANE_ANGLE_UNIT ( ) SI_UNIT ( $, .RADIAN. ) );
#2707 = CIRCLE ( 'NONE', #1758, 0.2000000000000000389 ) ;
#2708 = DIRECTION ( 'NONE',  ( 0.0000000000000000000, 0.0000000000000000000, 1.000000000000000000 ) ) ;
#2709 = ORIENTED_EDGE ( 'NONE', *, *, #1371, .F. ) ;
#2710 = CARTESIAN_POINT ( 'NONE',  ( 0.4949999999999999956, -0.2999999999999999889, 0.05999999999999999778 ) ) ;
#2711 = DIRECTION ( 'NONE',  ( -0.0000000000000000000, -1.224646799146999945E-16, 1.000000000000000000 ) ) ;
#2712 = VECTOR ( 'NONE', #1275, 1000.000000000000000 ) ;
#2713 = FACE_OUTER_BOUND ( 'NONE', #237, .T. ) ;
#2714 =( NAMED_UNIT ( * ) SI_UNIT ( $, .STERADIAN. ) SOLID_ANGLE_UNIT ( ) );
#2715 = CARTESIAN_POINT ( 'NONE',  ( -0.5500000000000000444, 0.3499999999999999778, 0.05999999999999999778 ) ) ;
#2716 = VERTEX_POINT ( 'NONE', #3210 ) ;
#2717 = EDGE_CURVE ( 'NONE', #3517, #50, #1508, .T. ) ;
#2718 = PLANE ( 'NONE',  #812 ) ;
#2719 = DIRECTION ( 'NONE',  ( -0.0000000000000000000, -0.0000000000000000000, -1.000000000000000000 ) ) ;
#2720 =( NAMED_UNIT ( * ) SI_UNIT ( $, .STERADIAN. ) SOLID_ANGLE_UNIT ( ) );
#2721 = CARTESIAN_POINT ( 'NONE',  ( 0.4949999999999999956, -0.2999999999999999889, 0.06000000000000000472 ) ) ;
#2722 = EDGE_CURVE ( 'NONE', #2300, #1419, #3946, .T. ) ;
#2723 = AXIS2_PLACEMENT_3D ( 'NONE', #279, #3541, #1234 ) ;
#2724 =( NAMED_UNIT ( * ) PLANE_ANGLE_UNIT ( ) SI_UNIT ( $, .RADIAN. ) );
#2725 =( NAMED_UNIT ( * ) SI_UNIT ( $, .STERADIAN. ) SOLID_ANGLE_UNIT ( ) );
#2726 = CARTESIAN_POINT ( 'NONE',  ( -0.4949999999999999956, -0.2999999999999999889, 0.02000000000000000042 ) ) ;
#2727 = COLOUR_RGB ( '',0.0000000000000000000, 0.3333333333333333148, 0.0000000000000000000 ) ;
#2728 = CARTESIAN_POINT ( 'NONE',  ( 0.5500000000000000444, -0.3499999999999999778, 0.0000000000000000000 ) ) ;
#2729 =( NAMED_UNIT ( * ) PLANE_ANGLE_UNIT ( ) SI_UNIT ( $, .RADIAN. ) );
#2730 = LINE ( 'NONE', #4141, #3752 ) ;
#2731 = CARTESIAN_POINT ( 'NONE',  ( 0.2000000000000000111, -0.2600000000000000089, 0.02000000000000000042 ) ) ;
#2732 = CIRCLE ( 'NONE', #3140, 0.1700000000000000122 ) ;
#2733 = FACE_OUTER_BOUND ( 'NONE', #1025, .T. ) ;
#2734 = MECHANICAL_DESIGN_GEOMETRIC_PRESENTATION_REPRESENTATION (  '', ( #2796 ), #2393 ) ;
#2735 = COLOUR_RGB ( '',0.0000000000000000000, 0.3333333333333333148, 0.0000000000000000000 ) ;
#2736 =( LENGTH_UNIT ( ) NAMED_UNIT ( * ) SI_UNIT ( .MILLI., .METRE. ) );
#2737 = ORIENTED_EDGE ( 'NONE', *, *, #180, .T. ) ;
#2738 = CARTESIAN_POINT ( 'NONE',  ( 0.3563508326900000078, -0.2999999999999999889, 0.0000000000000000000 ) ) ;
#2739 = DIRECTION ( 'NONE',  ( 0.0000000000000000000, 1.000000000000000000, -1.355252715606880296E-16 ) ) ;
#2740 = PRESENTATION_LAYER_ASSIGNMENT (  '', '', ( #3652 ) ) ;
#2741 = ORIENTED_EDGE ( 'NONE', *, *, #749, .F. ) ;
#2742 = EDGE_CURVE ( 'NONE', #962, #1137, #2243, .T. ) ;
#2743 = CARTESIAN_POINT ( 'NONE',  ( -0.4750000000000030309, 0.1645950378230000011, 2.015707862250000449E-17 ) ) ;
#2744 = PRESENTATION_LAYER_ASSIGNMENT (  '', '', ( #3304 ) ) ;
#2745 = LINE ( 'NONE', #4093, #1914 ) ;
#2746 =( NAMED_UNIT ( * ) PLANE_ANGLE_UNIT ( ) SI_UNIT ( $, .RADIAN. ) );
#2747 = ADVANCED_FACE ( 'NONE', ( #1752 ), #396, .F. ) ;
#2748 = PRESENTATION_LAYER_ASSIGNMENT (  '', '', ( #334 ) ) ;
#2749 =( NAMED_UNIT ( * ) SI_UNIT ( $, .STERADIAN. ) SOLID_ANGLE_UNIT ( ) );
#2750 = FACE_OUTER_BOUND ( 'NONE', #2918, .T. ) ;
#2751 =( GEOMETRIC_REPRESENTATION_CONTEXT ( 3 ) GLOBAL_UNCERTAINTY_ASSIGNED_CONTEXT ( ( #1250 ) ) GLOBAL_UNIT_ASSIGNED_CONTEXT ( ( #3243, #2916, #1915 ) ) REPRESENTATION_CONTEXT ( 'NONE', 'WORKASPACE' ) );
#2752 = SURFACE_STYLE_USAGE ( .BOTH. , #3419 ) ;
#2753 = ADVANCED_FACE ( 'NONE', ( #61 ), #1977, .F. ) ;
#2754 = VECTOR ( 'NONE', #1426, 1000.000000000000000 ) ;
#2755 = CARTESIAN_POINT ( 'NONE',  ( 0.4999999999999551470, -0.1563508326896407286, 0.08000000000000001554 ) ) ;
#2756 = ADVANCED_FACE ( 'NONE', ( #2069 ), #413, .F. ) ;
#2757 = DIRECTION ( 'NONE',  ( -1.000000000000000000, 0.0000000000000000000, 0.0000000000000000000 ) ) ;
#2758 = DIRECTION ( 'NONE',  ( 0.0000000000000000000, -1.000000000000000000, -0.0000000000000000000 ) ) ;
#2759 = DIRECTION ( 'NONE',  ( -0.0000000000000000000, -1.224646799146999945E-16, 1.000000000000000000 ) ) ;
#2760 = COLOUR_RGB ( '',0.7803921568627451011, 0.5686274509803921351, 0.1137254901960784298 ) ;
#2761 = CARTESIAN_POINT ( 'NONE',  ( 0.3875192319072686686, 0.3000000000000394018, 0.05999999999999999778 ) ) ;
#2762 = CARTESIAN_POINT ( 'NONE',  ( -0.3275140453870000190, 0.2999999999999999889, 0.08000000000000000167 ) ) ;
#2763 = AXIS2_PLACEMENT_3D ( 'NONE', #1464, #1766, #134 ) ;
#2764 = ORIENTED_EDGE ( 'NONE', *, *, #474, .T. ) ;
#2765 = MECHANICAL_DESIGN_GEOMETRIC_PRESENTATION_REPRESENTATION (  '', ( #3900 ), #2426 ) ;
#2766 = AXIS2_PLACEMENT_3D ( 'NONE', #1640, #3632, #969 ) ;
#2767 = CARTESIAN_POINT ( 'NONE',  ( 0.5000000000000000000, -0.2999999999999999889, 0.08000000000000000167 ) ) ;
#2768 = DIRECTION ( 'NONE',  ( -0.0000000000000000000, -0.0000000000000000000, -1.000000000000000000 ) ) ;
#2769 = CARTESIAN_POINT ( 'NONE',  ( -0.5000000000000000000, 0.2999999999999999889, 0.0000000000000000000 ) ) ;
#2770 = ORIENTED_EDGE ( 'NONE', *, *, #2129, .F. ) ;
#2771 = CLOSED_SHELL ( 'NONE', ( #245, #3718, #1523, #495, #2913, #412, #425, #2830, #2780, #569, #2850, #2111, #3712, #1357, #128, #2756, #4096, #2932, #3302, #857, #3612, #709, #3800, #1986, #1485, #3179 ) ) ;
#2772 = DIRECTION ( 'NONE',  ( -1.000000000000000000, 0.0000000000000000000, 0.0000000000000000000 ) ) ;
#2773 = VECTOR ( 'NONE', #3814, 1000.000000000000000 ) ;
#2774 = LINE ( 'NONE', #3132, #638 ) ;
#2775 = CARTESIAN_POINT ( 'NONE',  ( 0.1000000000000000194, 0.2999999999999999889, 0.0000000000000000000 ) ) ;
#2776 = FILL_AREA_STYLE_COLOUR ( '', #2202 ) ;
#2777 = ADVANCED_FACE ( 'NONE', ( #4202 ), #573, .T. ) ;
#2778 = EDGE_LOOP ( 'NONE', ( #1189, #2940, #490, #2136, #2800, #3615, #361, #1716 ) ) ;
#2779 =( GEOMETRIC_REPRESENTATION_CONTEXT ( 3 ) GLOBAL_UNCERTAINTY_ASSIGNED_CONTEXT ( ( #3137 ) ) GLOBAL_UNIT_ASSIGNED_CONTEXT ( ( #4264, #2230, #2212 ) ) REPRESENTATION_CONTEXT ( 'NONE', 'WORKASPACE' ) );
#2780 = ADVANCED_FACE ( 'NONE', ( #2594 ), #1259, .T. ) ;
#2781 = EDGE_LOOP ( 'NONE', ( #2168, #1256, #4005, #3774 ) ) ;
#2782 =( NAMED_UNIT ( * ) PLANE_ANGLE_UNIT ( ) SI_UNIT ( $, .RADIAN. ) );
#2783 = VECTOR ( 'NONE', #4025, 1000.000000000000000 ) ;
#2784 = VERTEX_POINT ( 'NONE', #3273 ) ;
#2785 = AXIS2_PLACEMENT_3D ( 'NONE', #3341, #2971, #17 ) ;
#2786 =( LENGTH_UNIT ( ) NAMED_UNIT ( * ) SI_UNIT ( .MILLI., .METRE. ) );
#2787 = CARTESIAN_POINT ( 'NONE',  ( -0.5500000000000000444, -0.3499999999999999778, 0.02000000000000002470 ) ) ;
#2788 = ORIENTED_EDGE ( 'NONE', *, *, #16, .T. ) ;
#2789 =( NAMED_UNIT ( * ) SI_UNIT ( $, .STERADIAN. ) SOLID_ANGLE_UNIT ( ) );
#2790 = DIRECTION ( 'NONE',  ( 0.0000000000000000000, -1.224646799146999945E-16, -1.000000000000000000 ) ) ;
#2791 = SURFACE_STYLE_FILL_AREA ( #3163 ) ;
#2792 = PRESENTATION_STYLE_ASSIGNMENT (( #1829 ) ) ;
#2793 = LINE ( 'NONE', #176, #655 ) ;
#2794 = EDGE_CURVE ( 'NONE', #1872, #2232, #960, .T. ) ;
#2795 = ORIENTED_EDGE ( 'NONE', *, *, #3686, .T. ) ;
#2796 = STYLED_ITEM ( 'NONE', ( #2948 ), #1452 ) ;
#2797 = COLOUR_RGB ( '',0.7803921568627451011, 0.5686274509803921351, 0.1137254901960784298 ) ;
#2798 = DIRECTION ( 'NONE',  ( -1.000000000000000000, 0.0000000000000000000, 0.0000000000000000000 ) ) ;
#2799 = SURFACE_STYLE_FILL_AREA ( #2225 ) ;
#2800 = ORIENTED_EDGE ( 'NONE', *, *, #3837, .T. ) ;
#2801 =( GEOMETRIC_REPRESENTATION_CONTEXT ( 3 ) GLOBAL_UNCERTAINTY_ASSIGNED_CONTEXT ( ( #1692 ) ) GLOBAL_UNIT_ASSIGNED_CONTEXT ( ( #296, #654, #593 ) ) REPRESENTATION_CONTEXT ( 'NONE', 'WORKASPACE' ) );
#2802 = STYLED_ITEM ( 'NONE', ( #3228 ), #1655 ) ;
#2803 = AXIS2_PLACEMENT_3D ( 'NONE', #4230, #2923, #240 ) ;
#2804 =( NAMED_UNIT ( * ) PLANE_ANGLE_UNIT ( ) SI_UNIT ( $, .RADIAN. ) );
#2805 = CARTESIAN_POINT ( 'NONE',  ( -0.5000000000000000000, 0.2999999999999999889, 0.0000000000000000000 ) ) ;
#2806 = PRESENTATION_LAYER_ASSIGNMENT (  '', '', ( #1502 ) ) ;
#2807 = MECHANICAL_DESIGN_GEOMETRIC_PRESENTATION_REPRESENTATION (  '', ( #1152 ), #1081 ) ;
#2808 = ORIENTED_EDGE ( 'NONE', *, *, #4146, .T. ) ;
#2809 = ORIENTED_EDGE ( 'NONE', *, *, #1488, .F. ) ;
#2810 = UNCERTAINTY_MEASURE_WITH_UNIT (LENGTH_MEASURE( 1.000000000000000082E-05 ), #1936, 'distance_accuracy_value', 'NONE');
#2811 =( LENGTH_UNIT ( ) NAMED_UNIT ( * ) SI_UNIT ( .MILLI., .METRE. ) );
#2812 = PRESENTATION_LAYER_ASSIGNMENT (  '', '', ( #2881 ) ) ;
#2813 = VECTOR ( 'NONE', #755, 1000.000000000000000 ) ;
#2814 = DIRECTION ( 'NONE',  ( 0.0000000000000000000, 1.000000000000000000, -1.355252715606880543E-16 ) ) ;
#2815 = CARTESIAN_POINT ( 'NONE',  ( -0.2950000000000000400, 0.3000000000000000444, 0.0000000000000000000 ) ) ;
#2816 = ORIENTED_EDGE ( 'NONE', *, *, #2099, .T. ) ;
#2817 = LINE ( 'NONE', #1805, #761 ) ;
#2818 =( NAMED_UNIT ( * ) PLANE_ANGLE_UNIT ( ) SI_UNIT ( $, .RADIAN. ) );
#2819 =( LENGTH_UNIT ( ) NAMED_UNIT ( * ) SI_UNIT ( .MILLI., .METRE. ) );
#2820 = SURFACE_STYLE_USAGE ( .BOTH. , #175 ) ;
#2821 = SURFACE_STYLE_USAGE ( .BOTH. , #2534 ) ;
#2822 = LINE ( 'NONE', #4164, #1115 ) ;
#2823 = SURFACE_SIDE_STYLE ('',( #1113 ) ) ;
#2824 = CARTESIAN_POINT ( 'NONE',  ( 0.3875192319071404379, -0.2999999999999999889, 0.02000000000000000042 ) ) ;
#2825 = STYLED_ITEM ( 'NONE', ( #3864 ), #3282 ) ;
#2826 = ORIENTED_EDGE ( 'NONE', *, *, #1032, .T. ) ;
#2827 = SURFACE_STYLE_USAGE ( .BOTH. , #3171 ) ;
#2828 = DIRECTION ( 'NONE',  ( 1.000000000000000000, 0.0000000000000000000, 0.0000000000000000000 ) ) ;
#2829 = ORIENTED_EDGE ( 'NONE', *, *, #3172, .T. ) ;
#2830 = ADVANCED_FACE ( 'NONE', ( #2920 ), #1348, .F. ) ;
#2831 = CARTESIAN_POINT ( 'NONE',  ( -0.3563508326896407952, -0.2999999999999550804, -3.673940397441449980E-17 ) ) ;
#2832 = CARTESIAN_POINT ( 'NONE',  ( -0.1000000000000000056, 0.1499999999999999944, -0.01000000000000000021 ) ) ;
#2833 = PRESENTATION_LAYER_ASSIGNMENT (  '', '', ( #3746 ) ) ;
#2834 = ORIENTED_EDGE ( 'NONE', *, *, #1823, .T. ) ;
#2835 = VERTEX_POINT ( 'NONE', #3735 ) ;
#2836 = DIRECTION ( 'NONE',  ( 0.0000000000000000000, 1.000000000000000000, 1.224646799146999945E-16 ) ) ;
#2837 = SURFACE_STYLE_FILL_AREA ( #3160 ) ;
#2838 = CARTESIAN_POINT ( 'NONE',  ( -0.5500000000000000444, 0.3499999999999999778, 4.286263797015999754E-17 ) ) ;
#2839 = UNCERTAINTY_MEASURE_WITH_UNIT (LENGTH_MEASURE( 1.000000000000000082E-05 ), #1329, 'distance_accuracy_value', 'NONE');
#2840 = FILL_AREA_STYLE ('',( #3184 ) ) ;
#2841 = CARTESIAN_POINT ( 'NONE',  ( -0.4949999999999999956, 0.1891429205790000068, 0.02000000000000000042 ) ) ;
#2842 = ADVANCED_BREP_SHAPE_REPRESENTATION ( '', ( #1181, #1974 ), #3225 ) ;
#2843 = FILL_AREA_STYLE_COLOUR ( '', #3870 ) ;
#2844 = STYLED_ITEM ( 'NONE', ( #1742 ), #128 ) ;
#2845 = ORIENTED_EDGE ( 'NONE', *, *, #1823, .F. ) ;
#2846 = CARTESIAN_POINT ( 'NONE',  ( 0.5000000000000000000, -0.2085786437628452672, 0.08000000000000000167 ) ) ;
#2847 =( NAMED_UNIT ( * ) PLANE_ANGLE_UNIT ( ) SI_UNIT ( $, .RADIAN. ) );
#2848 = AXIS2_PLACEMENT_3D ( 'NONE', #2139, #865, #3500 ) ;
#2849 = SURFACE_STYLE_USAGE ( .BOTH. , #1540 ) ;
#2850 = ADVANCED_FACE ( 'NONE', ( #2438 ), #1453, .T. ) ;
#2851 = CARTESIAN_POINT ( 'NONE',  ( -0.2000000000000000111, 0.2600000000000000089, 0.02000000000000000042 ) ) ;
#2852 =( NAMED_UNIT ( * ) PLANE_ANGLE_UNIT ( ) SI_UNIT ( $, .RADIAN. ) );
#2853 = ORIENTED_EDGE ( 'NONE', *, *, #4153, .T. ) ;
#2854 = VERTEX_POINT ( 'NONE', #2100 ) ;
#2855 = CARTESIAN_POINT ( 'NONE',  ( 0.2849999999999999756, 0.2849999999999999756, 0.1400000000000000133 ) ) ;
#2856 =( NAMED_UNIT ( * ) PLANE_ANGLE_UNIT ( ) SI_UNIT ( $, .RADIAN. ) );
#2857 = CARTESIAN_POINT ( 'NONE',  ( -0.4949999999999999956, -0.2999999999999999889, 0.02000000000000000042 ) ) ;
#2858 = FILL_AREA_STYLE ('',( #4252 ) ) ;
#2859 = SHAPE_REPRESENTATION_RELATIONSHIP ( 'NONE' , 'NONE' ,  #1244, #2842 ) ;
#2860 = FILL_AREA_STYLE ('',( #1218 ) ) ;
#2861 = EDGE_CURVE ( 'NONE', #504, #1588, #386, .T. ) ;
#2862 = FACE_OUTER_BOUND ( 'NONE', #4127, .T. ) ;
#2863 = ADVANCED_FACE ( 'NONE', ( #3414 ), #427, .T. ) ;
#2864 = CARTESIAN_POINT ( 'NONE',  ( -0.5500000000000000444, -0.3499999999999999778, 0.05999999999999999778 ) ) ;
#2865 = ORIENTED_EDGE ( 'NONE', *, *, #2955, .F. ) ;
#2866 =( NAMED_UNIT ( * ) PLANE_ANGLE_UNIT ( ) SI_UNIT ( $, .RADIAN. ) );
#2867 = SURFACE_SIDE_STYLE ('',( #1559 ) ) ;
#2868 = ORIENTED_EDGE ( 'NONE', *, *, #1086, .T. ) ;
#2869 =( BOUNDED_CURVE ( )  B_SPLINE_CURVE ( 3, ( #1929, #1314, #909, #3611 ),
 .UNSPECIFIED., .F., .T. ) 
 B_SPLINE_CURVE_WITH_KNOTS ( ( 4, 4 ),
 ( 4.712388980384689674, 6.283185307179586232 ),
 .UNSPECIFIED. ) 
 CURVE ( )  GEOMETRIC_REPRESENTATION_ITEM ( )  RATIONAL_B_SPLINE_CURVE ( ( 1.000000000000000000, 0.8047378541243649375, 0.8047378541243649375, 1.000000000000000000 ) ) 
 REPRESENTATION_ITEM ( '' )  );
#2870 = VECTOR ( 'NONE', #3889, 1000.000000000000000 ) ;
#2871 = SURFACE_STYLE_USAGE ( .BOTH. , #3463 ) ;
#2872 = DIRECTION ( 'NONE',  ( -0.0000000000000000000, 1.000000000000000000, 1.224646799146999945E-16 ) ) ;
#2873 = VERTEX_POINT ( 'NONE', #102 ) ;
#2874 = AXIS2_PLACEMENT_3D ( 'NONE', #3408, #1731, #3040 ) ;
#2875 = ORIENTED_EDGE ( 'NONE', *, *, #2005, .T. ) ;
#2876 = MECHANICAL_DESIGN_GEOMETRIC_PRESENTATION_REPRESENTATION (  '', ( #3505 ), #2054 ) ;
#2877 = CYLINDRICAL_SURFACE ( 'NONE', #2723, 0.1700000000000000122 ) ;
#2878 = CIRCLE ( 'NONE', #116, 0.1700000000000000122 ) ;
#2879 = CARTESIAN_POINT ( 'NONE',  ( -0.4749999999999999778, 0.2999999999999999889, 0.0000000000000000000 ) ) ;
#2880 = AXIS2_PLACEMENT_3D ( 'NONE', #1146, #2153, #2196 ) ;
#2881 = STYLED_ITEM ( 'NONE', ( #2690 ), #2756 ) ;
#2882 = DIRECTION ( 'NONE',  ( 0.0000000000000000000, 0.0000000000000000000, -1.000000000000000000 ) ) ;
#2883 = PRESENTATION_STYLE_ASSIGNMENT (( #3899 ) ) ;
#2884 = DIRECTION ( 'NONE',  ( -1.000000000000000000, -0.0000000000000000000, -0.0000000000000000000 ) ) ;
#2885 = AXIS2_PLACEMENT_3D ( 'NONE', #4292, #1308, #9 ) ;
#2886 = APPLICATION_CONTEXT ( 'automotive_design' ) ;
#2887 = VERTEX_POINT ( 'NONE', #1432 ) ;
#2888 = CARTESIAN_POINT ( 'NONE',  ( -0.5500000000000000444, -0.3499999999999999778, 0.05999999999999999778 ) ) ;
#2889 = AXIS2_PLACEMENT_3D ( 'NONE', #2172, #3799, #3176 ) ;
#2890 = EDGE_LOOP ( 'NONE', ( #523, #1117, #407, #2227, #2493, #3155, #3200, #1447 ) ) ;
#2891 = UNCERTAINTY_MEASURE_WITH_UNIT (LENGTH_MEASURE( 1.000000000000000082E-05 ), #2478, 'distance_accuracy_value', 'NONE');
#2892 = PRODUCT_DEFINITION_SHAPE ( 'NONE', 'NONE',  #4303 ) ;
#2893 = CARTESIAN_POINT ( 'NONE',  ( 0.2999999999999999889, -0.2849999999999999756, 0.1400000000000000133 ) ) ;
#2894 = SURFACE_SIDE_STYLE ('',( #2517 ) ) ;
#2895 = ORIENTED_EDGE ( 'NONE', *, *, #2076, .T. ) ;
#2896 = AXIS2_PLACEMENT_3D ( 'NONE', #2026, #2003, #2050 ) ;
#2897 = UNCERTAINTY_MEASURE_WITH_UNIT (LENGTH_MEASURE( 1.000000000000000082E-05 ), #438, 'distance_accuracy_value', 'NONE');
#2898 = SHAPE_REPRESENTATION ( 'Cut006', ( #1974 ), #4145 ) ;
#2899 = FILL_AREA_STYLE ('',( #3580 ) ) ;
#2900 = COLOUR_RGB ( '',0.7803921568627451011, 0.5686274509803921351, 0.1137254901960784298 ) ;
#2901 =( NAMED_UNIT ( * ) PLANE_ANGLE_UNIT ( ) SI_UNIT ( $, .RADIAN. ) );
#2902 =( NAMED_UNIT ( * ) SI_UNIT ( $, .STERADIAN. ) SOLID_ANGLE_UNIT ( ) );
#2903 = EDGE_CURVE ( 'NONE', #1939, #2835, #2745, .T. ) ;
#2904 = CIRCLE ( 'NONE', #2763, 0.1499999999999999667 ) ;
#2905 =( LENGTH_UNIT ( ) NAMED_UNIT ( * ) SI_UNIT ( .MILLI., .METRE. ) );
#2906 = FILL_AREA_STYLE_COLOUR ( '', #4213 ) ;
#2907 = MECHANICAL_DESIGN_GEOMETRIC_PRESENTATION_REPRESENTATION (  '', ( #13 ), #3461 ) ;
#2908 = ADVANCED_FACE ( 'NONE', ( #1779 ), #125, .F. ) ;
#2909 = PRESENTATION_STYLE_ASSIGNMENT (( #2604 ) ) ;
#2910 = ORIENTED_EDGE ( 'NONE', *, *, #2348, .T. ) ;
#2911 = CARTESIAN_POINT ( 'NONE',  ( -0.5500000000000000444, 0.3499999999999999778, 0.05999999999999999778 ) ) ;
#2912 =( GEOMETRIC_REPRESENTATION_CONTEXT ( 3 ) GLOBAL_UNCERTAINTY_ASSIGNED_CONTEXT ( ( #740 ) ) GLOBAL_UNIT_ASSIGNED_CONTEXT ( ( #2988, #2746, #1024 ) ) REPRESENTATION_CONTEXT ( 'NONE', 'WORKASPACE' ) );
#2913 = ADVANCED_FACE ( 'NONE', ( #919 ), #3197, .T. ) ;
#2914 = LINE ( 'NONE', #917, #3288 ) ;
#2915 = CARTESIAN_POINT ( 'NONE',  ( -0.5000000000000000000, -0.2999999999999999889, 0.0000000000000000000 ) ) ;
#2916 =( NAMED_UNIT ( * ) PLANE_ANGLE_UNIT ( ) SI_UNIT ( $, .RADIAN. ) );
#2917 = DIRECTION ( 'NONE',  ( 0.0000000000000000000, 0.0000000000000000000, -1.000000000000000000 ) ) ;
#2918 = EDGE_LOOP ( 'NONE', ( #1822, #2077, #1172, #3604 ) ) ;
#2919 = EDGE_LOOP ( 'NONE', ( #1066, #2875, #3475, #3766, #3469, #2570, #3825, #3412 ) ) ;
#2920 = FACE_OUTER_BOUND ( 'NONE', #2215, .T. ) ;
#2921 = VERTEX_POINT ( 'NONE', #2851 ) ;
#2922 = CARTESIAN_POINT ( 'NONE',  ( -0.3875192319071404379, 0.2999999999999999889, 0.02000000000000000042 ) ) ;
#2923 = DIRECTION ( 'NONE',  ( 0.0000000000000000000, 0.0000000000000000000, 1.000000000000000000 ) ) ;
#2924 = CARTESIAN_POINT ( 'NONE',  ( -0.5500000000000000444, 0.3499999999999999778, -4.286263797010733491E-17 ) ) ;
#2925 = DIRECTION ( 'NONE',  ( -0.0000000000000000000, 1.000000000000000000, 0.0000000000000000000 ) ) ;
#2926 = COLOUR_RGB ( '',0.7803921568627451011, 0.5686274509803921351, 0.1137254901960784298 ) ;
#2927 = CARTESIAN_POINT ( 'NONE',  ( 0.2000000000000000111, -0.2999999999999999889, 0.06000000000000000472 ) ) ;
#2928 = ORIENTED_EDGE ( 'NONE', *, *, #916, .T. ) ;
#2929 = CARTESIAN_POINT ( 'NONE',  ( 0.5500000000000000444, 0.3499999999999999778, -4.286263797010336595E-17 ) ) ;
#2930 = DIRECTION ( 'NONE',  ( 0.0000000000000000000, -1.224646799146999945E-16, -1.000000000000000000 ) ) ;
#2931 = VERTEX_POINT ( 'NONE', #3554 ) ;
#2932 = ADVANCED_FACE ( 'NONE', ( #2211 ), #3108, .T. ) ;
#2933 = ORIENTED_EDGE ( 'NONE', *, *, #648, .T. ) ;
#2934 = CIRCLE ( 'NONE', #3499, 0.1700000000000000122 ) ;
#2935 = DIRECTION ( 'NONE',  ( 5.421010862427522170E-15, 1.000000000000000000, 1.224646799146999945E-16 ) ) ;
#2936 =( NAMED_UNIT ( * ) SI_UNIT ( $, .STERADIAN. ) SOLID_ANGLE_UNIT ( ) );
#2937 = DIRECTION ( 'NONE',  ( 0.0000000000000000000, -1.034036596358999946E-18, 1.000000000000000000 ) ) ;
#2938 = PLANE ( 'NONE',  #2567 ) ;
#2939 = MECHANICAL_DESIGN_GEOMETRIC_PRESENTATION_REPRESENTATION (  '', ( #1142 ), #174 ) ;
#2940 = ORIENTED_EDGE ( 'NONE', *, *, #3532, .F. ) ;
#2941 = DIRECTION ( 'NONE',  ( 1.000000000000000000, 0.0000000000000000000, 0.0000000000000000000 ) ) ;
#2942 = ORIENTED_EDGE ( 'NONE', *, *, #2233, .T. ) ;
#2943 = PRODUCT_CONTEXT ( 'NONE', #2661, 'mechanical' ) ;
#2944 = LINE ( 'NONE', #3609, #3824 ) ;
#2945 = PRESENTATION_LAYER_ASSIGNMENT (  '', '', ( #2264 ) ) ;
#2946 = AXIS2_PLACEMENT_3D ( 'NONE', #2285, #3917, #3601 ) ;
#2947 = LINE ( 'NONE', #3973, #3765 ) ;
#2948 = PRESENTATION_STYLE_ASSIGNMENT (( #518 ) ) ;
#2949 =( GEOMETRIC_REPRESENTATION_CONTEXT ( 3 ) GLOBAL_UNCERTAINTY_ASSIGNED_CONTEXT ( ( #1380 ) ) GLOBAL_UNIT_ASSIGNED_CONTEXT ( ( #3456, #2506, #803 ) ) REPRESENTATION_CONTEXT ( 'NONE', 'WORKASPACE' ) );
#2950 = VECTOR ( 'NONE', #977, 1000.000000000000000 ) ;
#2951 = FILL_AREA_STYLE_COLOUR ( '', #2125 ) ;
#2952 = VERTEX_POINT ( 'NONE', #322 ) ;
#2953 = SURFACE_SIDE_STYLE ('',( #1675 ) ) ;
#2954 = PRESENTATION_STYLE_ASSIGNMENT (( #1957 ) ) ;
#2955 = EDGE_CURVE ( 'NONE', #1633, #4239, #2628, .T. ) ;
#2956 = CARTESIAN_POINT ( 'NONE',  ( -0.5000000000000000000, 0.2999999999999999889, 0.06000000000000000472 ) ) ;
#2957 = COLOUR_RGB ( '',0.7803921568627451011, 0.5686274509803921351, 0.1137254901960784298 ) ;
#2958 = CARTESIAN_POINT ( 'NONE',  ( 0.4949999999999999956, -0.1891429205787729384, 0.06000000000000001166 ) ) ;
#2959 = SURFACE_SIDE_STYLE ('',( #3221 ) ) ;
#2960 = ORIENTED_EDGE ( 'NONE', *, *, #3938, .T. ) ;
#2961 = ORIENTED_EDGE ( 'NONE', *, *, #3311, .T. ) ;
#2962 = COLOUR_RGB ( '',0.0000000000000000000, 0.3333333333333333148, 0.0000000000000000000 ) ;
#2963 = CARTESIAN_POINT ( 'NONE',  ( 0.2999999999999999889, -0.2999999999999999889, 0.0000000000000000000 ) ) ;
#2964 = CARTESIAN_POINT ( 'NONE',  ( 0.4749999999999319211, -0.1645950378226359589, 0.06000000000000001860 ) ) ;
#2965 = PRESENTATION_STYLE_ASSIGNMENT (( #1660 ) ) ;
#2966 = STYLED_ITEM ( 'NONE', ( #2337 ), #3436 ) ;
#2967 = ORIENTED_EDGE ( 'NONE', *, *, #4207, .T. ) ;
#2968 = ORIENTED_EDGE ( 'NONE', *, *, #4057, .T. ) ;
#2969 =( NAMED_UNIT ( * ) SI_UNIT ( $, .STERADIAN. ) SOLID_ANGLE_UNIT ( ) );
#2970 = STYLED_ITEM ( 'NONE', ( #3361 ), #3673 ) ;
#2971 = DIRECTION ( 'NONE',  ( 0.0000000000000000000, -1.000000000000000000, 0.0000000000000000000 ) ) ;
#2972 = SURFACE_STYLE_FILL_AREA ( #3991 ) ;
#2973 = DIRECTION ( 'NONE',  ( 0.0000000000000000000, 0.0000000000000000000, 1.000000000000000000 ) ) ;
#2974 = VECTOR ( 'NONE', #1239, 1000.000000000000000 ) ;
#2975 =( LENGTH_UNIT ( ) NAMED_UNIT ( * ) SI_UNIT ( .MILLI., .METRE. ) );
#2976 = ORIENTED_EDGE ( 'NONE', *, *, #958, .T. ) ;
#2977 = DIRECTION ( 'NONE',  ( -1.000000000000000000, 0.0000000000000000000, 0.0000000000000000000 ) ) ;
#2978 = FACE_OUTER_BOUND ( 'NONE', #3351, .T. ) ;
#2979 = UNCERTAINTY_MEASURE_WITH_UNIT (LENGTH_MEASURE( 1.000000000000000082E-05 ), #3635, 'distance_accuracy_value', 'NONE');
#2980 = FILL_AREA_STYLE ('',( #4087 ) ) ;
#2981 = COLOUR_RGB ( '',0.0000000000000000000, 0.3333333333333333148, 0.0000000000000000000 ) ;
#2982 = LINE ( 'NONE', #597, #3092 ) ;
#2983 = ORIENTED_EDGE ( 'NONE', *, *, #1482, .T. ) ;
#2984 = EDGE_LOOP ( 'NONE', ( #362, #122, #779, #4169 ) ) ;
#2985 = UNCERTAINTY_MEASURE_WITH_UNIT (LENGTH_MEASURE( 1.000000000000000082E-05 ), #1174, 'distance_accuracy_value', 'NONE');
#2986 = PRESENTATION_LAYER_ASSIGNMENT (  '', '', ( #1331 ) ) ;
#2987 = PRESENTATION_STYLE_ASSIGNMENT (( #3353 ) ) ;
#2988 =( LENGTH_UNIT ( ) NAMED_UNIT ( * ) SI_UNIT ( .MILLI., .METRE. ) );
#2989 = ORIENTED_EDGE ( 'NONE', *, *, #159, .T. ) ;
#2990 = EDGE_CURVE ( 'NONE', #2716, #2187, #3980, .T. ) ;
#2991 =( NAMED_UNIT ( * ) PLANE_ANGLE_UNIT ( ) SI_UNIT ( $, .RADIAN. ) );
#2992 = CARTESIAN_POINT ( 'NONE',  ( 0.5000000000000000000, -0.2085786437630000045, 0.0000000000000000000 ) ) ;
#2993 = FILL_AREA_STYLE ('',( #1685 ) ) ;
#2994 = CYLINDRICAL_SURFACE ( 'NONE', #4243, 0.2000000000000000389 ) ;
#2995 = CIRCLE ( 'NONE', #364, 0.2400000000000000466 ) ;
#2996 = LINE ( 'NONE', #2665, #2783 ) ;
#2997 = PRESENTATION_LAYER_ASSIGNMENT (  '', '', ( #3484 ) ) ;
#2998 = EDGE_CURVE ( 'NONE', #2034, #3964, #2586, .T. ) ;
#2999 = SURFACE_SIDE_STYLE ('',( #3328 ) ) ;
#3000 = ORIENTED_EDGE ( 'NONE', *, *, #2092, .T. ) ;
#3001 =( NAMED_UNIT ( * ) PLANE_ANGLE_UNIT ( ) SI_UNIT ( $, .RADIAN. ) );
#3002 = FILL_AREA_STYLE ('',( #3061 ) ) ;
#3003 = FILL_AREA_STYLE_COLOUR ( '', #2962 ) ;
#3004 = ORIENTED_EDGE ( 'NONE', *, *, #4027, .T. ) ;
#3005 = VECTOR ( 'NONE', #3105, 1000.000000000000000 ) ;
#3006 = DIRECTION ( 'NONE',  ( 0.0000000000000000000, -1.000000000000000000, 0.0000000000000000000 ) ) ;
#3007 = DIRECTION ( 'NONE',  ( -1.000000000000000000, 0.0000000000000000000, 0.0000000000000000000 ) ) ;
#3008 = ORIENTED_EDGE ( 'NONE', *, *, #3340, .T. ) ;
#3009 = CIRCLE ( 'NONE', #2516, 0.2000000000000000111 ) ;
#3010 = PRODUCT_DEFINITION_CONTEXT ( 'detailed design', #2886, 'design' ) ;
#3011 = VECTOR ( 'NONE', #1341, 1000.000000000000000 ) ;
#3012 = MECHANICAL_DESIGN_GEOMETRIC_PRESENTATION_REPRESENTATION (  '', ( #3360 ), #383 ) ;
#3013 = SURFACE_STYLE_USAGE ( .BOTH. , #3743 ) ;
#3014 = CIRCLE ( 'NONE', #448, 0.2000000000000000389 ) ;
#3015 = VECTOR ( 'NONE', #2130, 1000.000000000000000 ) ;
#3016 = CARTESIAN_POINT ( 'NONE',  ( 0.4949999999999306066, 0.1891429205785696288, 0.05999999999999998390 ) ) ;
#3017 = SURFACE_STYLE_USAGE ( .BOTH. , #3723 ) ;
#3018 = SURFACE_SIDE_STYLE ('',( #3702 ) ) ;
#3019 = COLOUR_RGB ( '',0.8274509803921568096, 0.8274509803921568096, 0.8274509803921568096 ) ;
#3020 = ORIENTED_EDGE ( 'NONE', *, *, #3357, .F. ) ;
#3021 =( GEOMETRIC_REPRESENTATION_CONTEXT ( 3 ) GLOBAL_UNCERTAINTY_ASSIGNED_CONTEXT ( ( #3965 ) ) GLOBAL_UNIT_ASSIGNED_CONTEXT ( ( #528, #186, #4176 ) ) REPRESENTATION_CONTEXT ( 'NONE', 'WORKASPACE' ) );
#3022 = PRODUCT_RELATED_PRODUCT_CATEGORY ( 'part', '', ( #999 ) ) ;
#3023 = UNCERTAINTY_MEASURE_WITH_UNIT (LENGTH_MEASURE( 1.000000000000000082E-05 ), #3751, 'distance_accuracy_value', 'NONE');
#3024 =( GEOMETRIC_REPRESENTATION_CONTEXT ( 3 ) GLOBAL_UNCERTAINTY_ASSIGNED_CONTEXT ( ( #2979 ) ) GLOBAL_UNIT_ASSIGNED_CONTEXT ( ( #3635, #1708, #652 ) ) REPRESENTATION_CONTEXT ( 'NONE', 'WORKASPACE' ) );
#3025 = PRESENTATION_STYLE_ASSIGNMENT (( #2343 ) ) ;
#3026 = CARTESIAN_POINT ( 'NONE',  ( -0.3275140453870000190, -0.2600000000000000089, 0.06000000000000000472 ) ) ;
#3027 = ORIENTED_EDGE ( 'NONE', *, *, #3627, .T. ) ;
#3028 = VECTOR ( 'NONE', #1271, 1000.000000000000000 ) ;
#3029 = FILL_AREA_STYLE ('',( #1408 ) ) ;
#3030 = EDGE_LOOP ( 'NONE', ( #3240, #2788, #1369, #4028 ) ) ;
#3031 = LINE ( 'NONE', #2422, #170 ) ;
#3032 = CARTESIAN_POINT ( 'NONE',  ( -0.05000000000000000278, 0.2999999999999999889, 0.0000000000000000000 ) ) ;
#3033 = COLOUR_RGB ( '',0.7803921568627451011, 0.5686274509803921351, 0.1137254901960784298 ) ;
#3034 = COLOUR_RGB ( '',1.000000000000000000, 0.0000000000000000000, 0.0000000000000000000 ) ;
#3035 =( NAMED_UNIT ( * ) SI_UNIT ( $, .STERADIAN. ) SOLID_ANGLE_UNIT ( ) );
#3036 =( LENGTH_UNIT ( ) NAMED_UNIT ( * ) SI_UNIT ( .MILLI., .METRE. ) );
#3037 = DIRECTION ( 'NONE',  ( 0.0000000000000000000, -0.0000000000000000000, -1.000000000000000000 ) ) ;
#3038 =( NAMED_UNIT ( * ) PLANE_ANGLE_UNIT ( ) SI_UNIT ( $, .RADIAN. ) );
#3039 = AXIS2_PLACEMENT_3D ( 'NONE', #2332, #1688, #3568 ) ;
#3040 = DIRECTION ( 'NONE',  ( 0.0000000000000000000, 1.000000000000000000, -1.129377263005733621E-16 ) ) ;
#3041 = COLOUR_RGB ( '',0.7803921568627451011, 0.5686274509803921351, 0.1137254901960784298 ) ;
#3042 = LINE ( 'NONE', #640, #1837 ) ;
#3043 = PLANE ( 'NONE',  #752 ) ;
#3044 = VERTEX_POINT ( 'NONE', #3575 ) ;
#3045 =( LENGTH_UNIT ( ) NAMED_UNIT ( * ) SI_UNIT ( .MILLI., .METRE. ) );
#3046 = SURFACE_STYLE_FILL_AREA ( #1367 ) ;
#3047 = SURFACE_SIDE_STYLE ('',( #1103 ) ) ;
#3048 = ORIENTED_EDGE ( 'NONE', *, *, #2647, .F. ) ;
#3049 = VECTOR ( 'NONE', #1922, 1000.000000000000000 ) ;
#3050 = ORIENTED_EDGE ( 'NONE', *, *, #2639, .T. ) ;
#3051 = SURFACE_STYLE_FILL_AREA ( #432 ) ;
#3052 = CARTESIAN_POINT ( 'NONE',  ( -0.05000000000000000278, -0.1499999999999999944, 0.0000000000000000000 ) ) ;
#3053 =( NAMED_UNIT ( * ) PLANE_ANGLE_UNIT ( ) SI_UNIT ( $, .RADIAN. ) );
#3054 = DIRECTION ( 'NONE',  ( -1.000000000000000000, -9.566489757225037615E-16, 0.0000000000000000000 ) ) ;
#3055 = COLOUR_RGB ( '',0.7803921568627451011, 0.5686274509803921351, 0.1137254901960784298 ) ;
#3056 = FILL_AREA_STYLE_COLOUR ( '', #1192 ) ;
#3057 = DIRECTION ( 'NONE',  ( -1.000000000000000000, 0.0000000000000000000, 0.0000000000000000000 ) ) ;
#3058 =( LENGTH_UNIT ( ) NAMED_UNIT ( * ) SI_UNIT ( .MILLI., .METRE. ) );
#3059 = CARTESIAN_POINT ( 'NONE',  ( -0.1000000000000000056, 0.1499999999999999944, 0.0000000000000000000 ) ) ;
#3060 = SURFACE_SIDE_STYLE ('',( #1359 ) ) ;
#3061 = FILL_AREA_STYLE_COLOUR ( '', #2735 ) ;
#3062 = STYLED_ITEM ( 'NONE', ( #3445 ), #709 ) ;
#3063 = ORIENTED_EDGE ( 'NONE', *, *, #54, .F. ) ;
#3064 = CARTESIAN_POINT ( 'NONE',  ( 0.2999999999999999889, -0.2999999999999999889, 0.1250000000000000000 ) ) ;
#3065 = ORIENTED_EDGE ( 'NONE', *, *, #2631, .T. ) ;
#3066 = FACE_OUTER_BOUND ( 'NONE', #4107, .T. ) ;
#3067 = EDGE_CURVE ( 'NONE', #271, #255, #1962, .T. ) ;
#3068 = EDGE_CURVE ( 'NONE', #33, #4173, #190, .T. ) ;
#3069 = ITEM_DEFINED_TRANSFORMATION ( 'NONE', 'NONE', #2664,  #1974 ) ;
#3070 =( NAMED_UNIT ( * ) SI_UNIT ( $, .STERADIAN. ) SOLID_ANGLE_UNIT ( ) );
#3071 = CARTESIAN_POINT ( 'NONE',  ( -0.5500000000000000444, 0.3499999999999999778, 0.06000000000000000472 ) ) ;
#3072 = PRESENTATION_LAYER_ASSIGNMENT (  '', '', ( #2108 ) ) ;
#3073 = FILL_AREA_STYLE_COLOUR ( '', #1105 ) ;
#3074 = DIRECTION ( 'NONE',  ( -0.0000000000000000000, -0.0000000000000000000, -1.000000000000000000 ) ) ;
#3075 = STYLED_ITEM ( 'NONE', ( #220 ), #1357 ) ;
#3076 =( NAMED_UNIT ( * ) SI_UNIT ( $, .STERADIAN. ) SOLID_ANGLE_UNIT ( ) );
#3077 = FACE_OUTER_BOUND ( 'NONE', #653, .T. ) ;
#3078 = DIRECTION ( 'NONE',  ( 0.0000000000000000000, -1.000000000000000000, 0.0000000000000000000 ) ) ;
#3079 = AXIS2_PLACEMENT_3D ( 'NONE', #1417, #3679, #3298 ) ;
#3080 = MECHANICAL_DESIGN_GEOMETRIC_PRESENTATION_REPRESENTATION (  '', ( #4078 ), #250 ) ;
#3081 = DIRECTION ( 'NONE',  ( -0.0000000000000000000, -0.0000000000000000000, -1.000000000000000000 ) ) ;
#3082 =( GEOMETRIC_REPRESENTATION_CONTEXT ( 3 ) GLOBAL_UNCERTAINTY_ASSIGNED_CONTEXT ( ( #3023 ) ) GLOBAL_UNIT_ASSIGNED_CONTEXT ( ( #3751, #3688, #24 ) ) REPRESENTATION_CONTEXT ( 'NONE', 'WORKASPACE' ) );
#3083 = ORIENTED_EDGE ( 'NONE', *, *, #3771, .F. ) ;
#3084 = MECHANICAL_DESIGN_GEOMETRIC_PRESENTATION_REPRESENTATION (  '', ( #3370 ), #1298 ) ;
#3085 =( GEOMETRIC_REPRESENTATION_CONTEXT ( 3 ) GLOBAL_UNCERTAINTY_ASSIGNED_CONTEXT ( ( #680 ) ) GLOBAL_UNIT_ASSIGNED_CONTEXT ( ( #3058, #2729, #3390 ) ) REPRESENTATION_CONTEXT ( 'NONE', 'WORKASPACE' ) );
#3086 = EDGE_CURVE ( 'NONE', #669, #4192, #26, .T. ) ;
#3087 = CARTESIAN_POINT ( 'NONE',  ( 0.5000000000000000000, -0.2999999999999999889, 0.0000000000000000000 ) ) ;
#3088 = PRESENTATION_STYLE_ASSIGNMENT (( #212 ) ) ;
#3089 = EDGE_CURVE ( 'NONE', #255, #3772, #258, .T. ) ;
#3090 = SURFACE_STYLE_FILL_AREA ( #1763 ) ;
#3091 = CARTESIAN_POINT ( 'NONE',  ( -0.05000000000000000971, -0.2999999999999999889, -1.551054894538499630E-19 ) ) ;
#3092 = VECTOR ( 'NONE', #2280, 1000.000000000000000 ) ;
#3093 =( NAMED_UNIT ( * ) PLANE_ANGLE_UNIT ( ) SI_UNIT ( $, .RADIAN. ) );
#3094 = DIRECTION ( 'NONE',  ( 1.000000000000000000, -0.0000000000000000000, 0.0000000000000000000 ) ) ;
#3095 =( GEOMETRIC_REPRESENTATION_CONTEXT ( 3 ) GLOBAL_UNCERTAINTY_ASSIGNED_CONTEXT ( ( #586 ) ) GLOBAL_UNIT_ASSIGNED_CONTEXT ( ( #3708, #402, #2714 ) ) REPRESENTATION_CONTEXT ( 'NONE', 'WORKASPACE' ) );
#3096 = CARTESIAN_POINT ( 'NONE',  ( 0.2999999999999999889, 0.2999999999999999889, 0.0000000000000000000 ) ) ;
#3097 = CARTESIAN_POINT ( 'NONE',  ( 0.3563508326898146561, -0.2999999999999999889, -1.836970198720899710E-17 ) ) ;
#3098 = DIRECTION ( 'NONE',  ( 0.0000000000000000000, -0.0000000000000000000, -1.000000000000000000 ) ) ;
#3099 = PRESENTATION_LAYER_ASSIGNMENT (  '', '', ( #2966 ) ) ;
#3100 = CARTESIAN_POINT ( 'NONE',  ( -0.05000000000000000278, 0.2999999999999999889, -0.01000000000000000021 ) ) ;
#3101 = LINE ( 'NONE', #2166, #400 ) ;
#3102 =( REPRESENTATION_RELATIONSHIP ('NONE','NONE', #1988, #2133 ) REPRESENTATION_RELATIONSHIP_WITH_TRANSFORMATION ( #3069 )SHAPE_REPRESENTATION_RELATIONSHIP( ) );
#3103 = MECHANICAL_DESIGN_GEOMETRIC_PRESENTATION_REPRESENTATION (  '', ( #3746 ), #1866 ) ;
#3104 = ORIENTED_EDGE ( 'NONE', *, *, #887, .F. ) ;
#3105 = DIRECTION ( 'NONE',  ( -1.000000000000000000, 0.0000000000000000000, -0.0000000000000000000 ) ) ;
#3106 = VECTOR ( 'NONE', #1088, 1000.000000000000000 ) ;
#3107 = DIRECTION ( 'NONE',  ( 0.0000000000000000000, 1.000000000000000000, -0.0000000000000000000 ) ) ;
#3108 = CYLINDRICAL_SURFACE ( 'NONE', #2671, 0.2400000000000000189 ) ;
#3109 =( LENGTH_UNIT ( ) NAMED_UNIT ( * ) SI_UNIT ( .MILLI., .METRE. ) );
#3110 = DIRECTION ( 'NONE',  ( -1.000000000000000000, -9.274621392321998436E-15, 1.135813540141000073E-30 ) ) ;
#3111 = LINE ( 'NONE', #1528, #3015 ) ;
#3112 = EDGE_CURVE ( 'NONE', #3983, #694, #2344, .T. ) ;
#3113 = FACE_OUTER_BOUND ( 'NONE', #3850, .T. ) ;
#3114 = CARTESIAN_POINT ( 'NONE',  ( 0.4749999999998638645, 0.1645950378226634647, -2.015707862251541810E-17 ) ) ;
#3115 = FILL_AREA_STYLE_COLOUR ( '', #1355 ) ;
#3116 = DIRECTION ( 'NONE',  ( -0.0000000000000000000, -1.000000000000000000, -1.224646799146999945E-16 ) ) ;
#3117 = COLOUR_RGB ( '',0.7803921568627451011, 0.5686274509803921351, 0.1137254901960784298 ) ;
#3118 = ADVANCED_FACE ( 'NONE', ( #3664 ), #1253, .T. ) ;
#3119 = LINE ( 'NONE', #838, #3368 ) ;
#3120 = EDGE_CURVE ( 'NONE', #1230, #1050, #2982, .T. ) ;
#3121 =( GEOMETRIC_REPRESENTATION_CONTEXT ( 3 ) GLOBAL_UNCERTAINTY_ASSIGNED_CONTEXT ( ( #2489 ) ) GLOBAL_UNIT_ASSIGNED_CONTEXT ( ( #1397, #3404, #3076 ) ) REPRESENTATION_CONTEXT ( 'NONE', 'WORKASPACE' ) );
#3122 = EDGE_LOOP ( 'NONE', ( #2345, #2447, #2942, #3962 ) ) ;
#3123 = FILL_AREA_STYLE ('',( #913 ) ) ;
#3124 = ORIENTED_EDGE ( 'NONE', *, *, #3903, .F. ) ;
#3125 = PRODUCT_DEFINITION_SHAPE ( 'NONE', 'NONE',  #4304 ) ;
#3126 = CIRCLE ( 'NONE', #3914, 0.2000000000000000111 ) ;
#3127 = EDGE_LOOP ( 'NONE', ( #2113, #626, #853, #3083 ) ) ;
#3128 = VERTEX_POINT ( 'NONE', #1608 ) ;
#3129 = CARTESIAN_POINT ( 'NONE',  ( 0.4749999999999999778, -0.1645950378230000011, 2.015707862250000449E-17 ) ) ;
#3130 = EDGE_CURVE ( 'NONE', #3872, #3267, #617, .T. ) ;
#3131 = CARTESIAN_POINT ( 'NONE',  ( -0.4749999999999999778, -0.1645950378230000011, 0.02000000000000000042 ) ) ;
#3132 = CARTESIAN_POINT ( 'NONE',  ( -0.5000000000000000000, -0.2999999999999999889, 0.08000000000000000167 ) ) ;
#3133 = FILL_AREA_STYLE_COLOUR ( '', #1289 ) ;
#3134 = EDGE_CURVE ( 'NONE', #1093, #3849, #710, .T. ) ;
#3135 = CARTESIAN_POINT ( 'NONE',  ( 0.1999999999999999833, -0.2600000000000000089, -2.006177025403370566E-33 ) ) ;
#3136 = CARTESIAN_POINT ( 'NONE',  ( -0.3275140453870559187, 0.2600000000001834732, 0.05999999999999999084 ) ) ;
#3137 = UNCERTAINTY_MEASURE_WITH_UNIT (LENGTH_MEASURE( 1.000000000000000082E-05 ), #4264, 'distance_accuracy_value', 'NONE');
#3138 = AXIS2_PLACEMENT_3D ( 'NONE', #1802, #1526, #2772 ) ;
#3139 =( NAMED_UNIT ( * ) PLANE_ANGLE_UNIT ( ) SI_UNIT ( $, .RADIAN. ) );
#3140 = AXIS2_PLACEMENT_3D ( 'NONE', #2715, #797, #2117 ) ;
#3141 = ORIENTED_EDGE ( 'NONE', *, *, #2495, .F. ) ;
#3142 = MECHANICAL_DESIGN_GEOMETRIC_PRESENTATION_REPRESENTATION (  '', ( #252 ), #3504 ) ;
#3143 = AXIS2_PLACEMENT_3D ( 'NONE', #1618, #14, #3947 ) ;
#3144 = FACE_OUTER_BOUND ( 'NONE', #643, .T. ) ;
#3145 = EDGE_CURVE ( 'NONE', #1182, #2128, #1100, .T. ) ;
#3146 = ORIENTED_EDGE ( 'NONE', *, *, #265, .T. ) ;
#3147 = UNCERTAINTY_MEASURE_WITH_UNIT (LENGTH_MEASURE( 1.000000000000000082E-05 ), #2975, 'distance_accuracy_value', 'NONE');
#3148 = AXIS2_PLACEMENT_3D ( 'NONE', #1021, #72, #2350 ) ;
#3149 = LINE ( 'NONE', #3733, #1970 ) ;
#3150 = SURFACE_STYLE_FILL_AREA ( #2146 ) ;
#3151 = FILL_AREA_STYLE_COLOUR ( '', #3117 ) ;
#3152 = VECTOR ( 'NONE', #3826, 1000.000000000000000 ) ;
#3153 =( GEOMETRIC_REPRESENTATION_CONTEXT ( 3 ) GLOBAL_UNCERTAINTY_ASSIGNED_CONTEXT ( ( #2347 ) ) GLOBAL_UNIT_ASSIGNED_CONTEXT ( ( #426, #46, #3694 ) ) REPRESENTATION_CONTEXT ( 'NONE', 'WORKASPACE' ) );
#3154 = ORIENTED_EDGE ( 'NONE', *, *, #3168, .F. ) ;
#3155 = ORIENTED_EDGE ( 'NONE', *, *, #2220, .F. ) ;
#3156 = UNCERTAINTY_MEASURE_WITH_UNIT (LENGTH_MEASURE( 1.000000000000000082E-05 ), #1106, 'distance_accuracy_value', 'NONE');
#3157 = CARTESIAN_POINT ( 'NONE',  ( 0.2975000000000000422, 0.2974999999999999867, 0.1250000000000000000 ) ) ;
#3158 = AXIS2_PLACEMENT_3D ( 'NONE', #1292, #2273, #292 ) ;
#3159 = STYLED_ITEM ( 'NONE', ( #1795 ), #2111 ) ;
#3160 = FILL_AREA_STYLE ('',( #3467 ) ) ;
#3161 = DIRECTION ( 'NONE',  ( -0.0000000000000000000, -1.224646799146999945E-16, 1.000000000000000000 ) ) ;
#3162 =( GEOMETRIC_REPRESENTATION_CONTEXT ( 3 ) GLOBAL_UNCERTAINTY_ASSIGNED_CONTEXT ( ( #3866 ) ) GLOBAL_UNIT_ASSIGNED_CONTEXT ( ( #736, #759, #2123 ) ) REPRESENTATION_CONTEXT ( 'NONE', 'WORKASPACE' ) );
#3163 = FILL_AREA_STYLE ('',( #217 ) ) ;
#3164 = CARTESIAN_POINT ( 'NONE',  ( -0.4999999999999102385, 0.1563508326896523304, -1.914745467975008224E-17 ) ) ;
#3165 = STYLED_ITEM ( 'NONE', ( #464 ), #2863 ) ;
#3166 = CARTESIAN_POINT ( 'NONE',  ( -0.5500000000000000444, 0.3499999999999999778, 0.0000000000000000000 ) ) ;
#3167 = PRESENTATION_STYLE_ASSIGNMENT (( #3855 ) ) ;
#3168 = EDGE_CURVE ( 'NONE', #300, #1376, #1072, .T. ) ;
#3169 = CYLINDRICAL_SURFACE ( 'NONE', #633, 0.2000000000000000111 ) ;
#3170 = VERTEX_POINT ( 'NONE', #2032 ) ;
#3171 = SURFACE_SIDE_STYLE ('',( #1851 ) ) ;
#3172 = EDGE_CURVE ( 'NONE', #717, #1756, #1794, .T. ) ;
#3173 = ORIENTED_EDGE ( 'NONE', *, *, #1898, .F. ) ;
#3174 = CARTESIAN_POINT ( 'NONE',  ( 0.4949999999999999956, 0.2999999999999999889, 0.02000000000000000042 ) ) ;
#3175 = CARTESIAN_POINT ( 'NONE',  ( -0.3275140453870559187, 0.2600000000001834732, 0.07999999999999998779 ) ) ;
#3176 = DIRECTION ( 'NONE',  ( 1.000000000000000000, 0.0000000000000000000, -0.0000000000000000000 ) ) ;
#3177 = CARTESIAN_POINT ( 'NONE',  ( 0.4999999999999551470, -0.1563508326896407286, 3.100504632490238188E-17 ) ) ;
#3178 = ORIENTED_EDGE ( 'NONE', *, *, #3459, .T. ) ;
#3179 = ADVANCED_FACE ( 'NONE', ( #3350 ), #3043, .F. ) ;
#3180 = VERTEX_POINT ( 'NONE', #2695 ) ;
#3181 = MECHANICAL_DESIGN_GEOMETRIC_PRESENTATION_REPRESENTATION (  '', ( #2155 ), #3750 ) ;
#3182 =( NAMED_UNIT ( * ) SI_UNIT ( $, .STERADIAN. ) SOLID_ANGLE_UNIT ( ) );
#3183 = CARTESIAN_POINT ( 'NONE',  ( -0.5000000000000000000, -0.1563508326898145895, 0.08000000000000001554 ) ) ;
#3184 = FILL_AREA_STYLE_COLOUR ( '', #4189 ) ;
#3185 = CARTESIAN_POINT ( 'NONE',  ( 0.4949999999999611933, 0.1577111547697170046, 0.05999999999999998390 ) ) ;
#3186 = DIRECTION ( 'NONE',  ( -1.000000000000000000, 0.0000000000000000000, 0.0000000000000000000 ) ) ;
#3187 = SURFACE_STYLE_USAGE ( .BOTH. , #541 ) ;
#3188 = VECTOR ( 'NONE', #3116, 1000.000000000000000 ) ;
#3189 = UNCERTAINTY_MEASURE_WITH_UNIT (LENGTH_MEASURE( 1.000000000000000082E-05 ), #1813, 'distance_accuracy_value', 'NONE');
#3190 = DIRECTION ( 'NONE',  ( 1.000000000000000000, 0.0000000000000000000, 0.0000000000000000000 ) ) ;
#3191 = VERTEX_POINT ( 'NONE', #2761 ) ;
#3192 = CARTESIAN_POINT ( 'NONE',  ( -0.3563508326896408507, 0.2999999999999550804, 3.673940397442249318E-17 ) ) ;
#3193 = DIRECTION ( 'NONE',  ( 1.000000000000000000, 0.0000000000000000000, 0.0000000000000000000 ) ) ;
#3194 = ADVANCED_FACE ( 'NONE', ( #754 ), #1384, .F. ) ;
#3195 = UNCERTAINTY_MEASURE_WITH_UNIT (LENGTH_MEASURE( 1.000000000000000082E-05 ), #2083, 'distance_accuracy_value', 'NONE');
#3196 = STYLED_ITEM ( 'NONE', ( #2000 ), #463 ) ;
#3197 = PLANE ( 'NONE',  #3378 ) ;
#3198 =( GEOMETRIC_REPRESENTATION_CONTEXT ( 3 ) GLOBAL_UNCERTAINTY_ASSIGNED_CONTEXT ( ( #2039 ) ) GLOBAL_UNIT_ASSIGNED_CONTEXT ( ( #1928, #4204, #2533 ) ) REPRESENTATION_CONTEXT ( 'NONE', 'WORKASPACE' ) );
#3199 = ORIENTED_EDGE ( 'NONE', *, *, #2903, .T. ) ;
#3200 = ORIENTED_EDGE ( 'NONE', *, *, #3667, .F. ) ;
#3201 = MECHANICAL_DESIGN_GEOMETRIC_PRESENTATION_REPRESENTATION (  '', ( #719 ), #435 ) ;
#3202 = PRESENTATION_STYLE_ASSIGNMENT (( #1258 ) ) ;
#3203 = EDGE_CURVE ( 'NONE', #3598, #1589, #867, .T. ) ;
#3204 =( NAMED_UNIT ( * ) SI_UNIT ( $, .STERADIAN. ) SOLID_ANGLE_UNIT ( ) );
#3205 = APPLICATION_PROTOCOL_DEFINITION ( 'draft international standard', 'automotive_design', 1998, #2183 ) ;
#3206 = CYLINDRICAL_SURFACE ( 'NONE', #765, 0.1700000000000000122 ) ;
#3207 = ADVANCED_FACE ( 'NONE', ( #3480 ), #505, .T. ) ;
#3208 = FILL_AREA_STYLE ('',( #1881 ) ) ;
#3209 = VECTOR ( 'NONE', #1323, 1000.000000000000000 ) ;
#3210 = CARTESIAN_POINT ( 'NONE',  ( 0.3152661081139450094, -0.2999999999999999889, 0.08000000000000001554 ) ) ;
#3211 = ORIENTED_EDGE ( 'NONE', *, *, #2384, .F. ) ;
#3212 = PRESENTATION_STYLE_ASSIGNMENT (( #3616 ) ) ;
#3213 = CARTESIAN_POINT ( 'NONE',  ( -0.4949999999999999956, 0.2999999999999999889, 0.02000000000000000042 ) ) ;
#3214 = VECTOR ( 'NONE', #1049, 1000.000000000000000 ) ;
#3215 = VERTEX_POINT ( 'NONE', #840 ) ;
#3216 = EDGE_CURVE ( 'NONE', #493, #82, #3101, .T. ) ;
#3217 =( GEOMETRIC_REPRESENTATION_CONTEXT ( 3 ) GLOBAL_UNCERTAINTY_ASSIGNED_CONTEXT ( ( #2985 ) ) GLOBAL_UNIT_ASSIGNED_CONTEXT ( ( #1174, #1864, #3182 ) ) REPRESENTATION_CONTEXT ( 'NONE', 'WORKASPACE' ) );
#3218 =( GEOMETRIC_REPRESENTATION_CONTEXT ( 3 ) GLOBAL_UNCERTAINTY_ASSIGNED_CONTEXT ( ( #3994 ) ) GLOBAL_UNIT_ASSIGNED_CONTEXT ( ( #1079, #2991, #3070 ) ) REPRESENTATION_CONTEXT ( 'NONE', 'WORKASPACE' ) );
#3219 = LINE ( 'NONE', #3389, #3421 ) ;
#3220 =( LENGTH_UNIT ( ) NAMED_UNIT ( * ) SI_UNIT ( .MILLI., .METRE. ) );
#3221 = SURFACE_STYLE_FILL_AREA ( #1893 ) ;
#3222 = VERTEX_POINT ( 'NONE', #2846 ) ;
#3223 = PRESENTATION_LAYER_ASSIGNMENT (  '', '', ( #1904 ) ) ;
#3224 = ORIENTED_EDGE ( 'NONE', *, *, #918, .F. ) ;
#3225 =( GEOMETRIC_REPRESENTATION_CONTEXT ( 3 ) GLOBAL_UNCERTAINTY_ASSIGNED_CONTEXT ( ( #2577 ) ) GLOBAL_UNIT_ASSIGNED_CONTEXT ( ( #2105, #356, #2725 ) ) REPRESENTATION_CONTEXT ( 'NONE', 'WORKASPACE' ) );
#3226 = SURFACE_SIDE_STYLE ('',( #2592 ) ) ;
#3227 =( GEOMETRIC_REPRESENTATION_CONTEXT ( 3 ) GLOBAL_UNCERTAINTY_ASSIGNED_CONTEXT ( ( #3638 ) ) GLOBAL_UNIT_ASSIGNED_CONTEXT ( ( #1734, #2433, #1817 ) ) REPRESENTATION_CONTEXT ( 'NONE', 'WORKASPACE' ) );
#3228 = PRESENTATION_STYLE_ASSIGNMENT (( #3561 ) ) ;
#3229 = CIRCLE ( 'NONE', #2126, 0.2000000000000000389 ) ;
#3230 = LINE ( 'NONE', #2927, #3384 ) ;
#3231 = COLOUR_RGB ( '',0.8274509803921568096, 0.8274509803921568096, 0.8274509803921568096 ) ;
#3232 = DIRECTION ( 'NONE',  ( 0.0000000000000000000, 0.0000000000000000000, 1.000000000000000000 ) ) ;
#3233 = SURFACE_STYLE_USAGE ( .BOTH. , #3275 ) ;
#3234 = UNCERTAINTY_MEASURE_WITH_UNIT (LENGTH_MEASURE( 1.000000000000000082E-05 ), #4170, 'distance_accuracy_value', 'NONE');
#3235 = CARTESIAN_POINT ( 'NONE',  ( -0.3713942890050658252, 0.2600000000000332046, 3.184081677784106609E-17 ) ) ;
#3236 = VECTOR ( 'NONE', #3265, 1000.000000000000000 ) ;
#3237 = ORIENTED_EDGE ( 'NONE', *, *, #3617, .T. ) ;
#3238 = MECHANICAL_DESIGN_GEOMETRIC_PRESENTATION_REPRESENTATION (  '', ( #194 ), #3737 ) ;
#3239 = CARTESIAN_POINT ( 'NONE',  ( 0.2999999999999999889, -0.2950000000000000400, 0.0000000000000000000 ) ) ;
#3240 = ORIENTED_EDGE ( 'NONE', *, *, #1593, .F. ) ;
#3241 = PRODUCT ( 'Cut006', 'Cut006', '', ( #2943 ) ) ;
#3242 = CARTESIAN_POINT ( 'NONE',  ( -0.5000000000000000000, -0.2599999999999999534, 0.0000000000000000000 ) ) ;
#3243 =( LENGTH_UNIT ( ) NAMED_UNIT ( * ) SI_UNIT ( .MILLI., .METRE. ) );
#3244 = LINE ( 'NONE', #274, #4119 ) ;
#3245 = ORIENTED_EDGE ( 'NONE', *, *, #2583, .T. ) ;
#3246 = VECTOR ( 'NONE', #3974, 1000.000000000000000 ) ;
#3247 = ORIENTED_EDGE ( 'NONE', *, *, #1665, .T. ) ;
#3248 =( LENGTH_UNIT ( ) NAMED_UNIT ( * ) SI_UNIT ( .MILLI., .METRE. ) );
#3249 = VECTOR ( 'NONE', #2644, 1000.000000000000000 ) ;
#3250 = FACE_OUTER_BOUND ( 'NONE', #3030, .T. ) ;
#3251 = ORIENTED_EDGE ( 'NONE', *, *, #830, .F. ) ;
#3252 = CARTESIAN_POINT ( 'NONE',  ( -0.2999999999999999889, -0.2999999999999999889, 0.1250000000000000000 ) ) ;
#3253 = CARTESIAN_POINT ( 'NONE',  ( 0.0000000000000000000, 0.0000000000000000000, 0.0000000000000000000 ) ) ;
#3254 = CARTESIAN_POINT ( 'NONE',  ( -0.4949999999999611933, -0.1577111547697170046, 0.06000000000000001860 ) ) ;
#3255 = DIRECTION ( 'NONE',  ( 0.0000000000000000000, 1.000000000000000000, -1.224646799146999945E-16 ) ) ;
#3256 = SURFACE_STYLE_USAGE ( .BOTH. , #3901 ) ;
#3257 = MECHANICAL_DESIGN_GEOMETRIC_PRESENTATION_REPRESENTATION (  '', ( #1458 ), #4249 ) ;
#3258 = PRESENTATION_STYLE_ASSIGNMENT (( #2580 ) ) ;
#3259 = DIRECTION ( 'NONE',  ( -0.0000000000000000000, -1.224646799146999945E-16, 1.000000000000000000 ) ) ;
#3260 = VERTEX_POINT ( 'NONE', #3192 ) ;
#3261 = DIRECTION ( 'NONE',  ( -1.000000000000000000, 0.0000000000000000000, 0.0000000000000000000 ) ) ;
#3262 = DIRECTION ( 'NONE',  ( 0.0000000000000000000, 0.0000000000000000000, 1.000000000000000000 ) ) ;
#3263 =( NAMED_UNIT ( * ) PLANE_ANGLE_UNIT ( ) SI_UNIT ( $, .RADIAN. ) );
#3264 = PLANE ( 'NONE',  #1907 ) ;
#3265 = DIRECTION ( 'NONE',  ( 1.000000000000000000, 0.0000000000000000000, 0.0000000000000000000 ) ) ;
#3266 = CYLINDRICAL_SURFACE ( 'NONE', #2848, 0.1700000000000000122 ) ;
#3267 = VERTEX_POINT ( 'NONE', #1834 ) ;
#3268 = AXIS2_PLACEMENT_3D ( 'NONE', #1254, #2569, #936 ) ;
#3269 = ORIENTED_EDGE ( 'NONE', *, *, #3429, .F. ) ;
#3270 = FACE_OUTER_BOUND ( 'NONE', #62, .T. ) ;
#3271 = VECTOR ( 'NONE', #155, 1000.000000000000000 ) ;
#3272 = SURFACE_SIDE_STYLE ('',( #1945 ) ) ;
#3273 = CARTESIAN_POINT ( 'NONE',  ( 0.3275140453870559187, -0.2600000000001834732, 0.08000000000000001554 ) ) ;
#3274 = CARTESIAN_POINT ( 'NONE',  ( 0.0000000000000000000, 0.0000000000000000000, 0.0000000000000000000 ) ) ;
#3275 = SURFACE_SIDE_STYLE ('',( #1953 ) ) ;
#3276 = DIRECTION ( 'NONE',  ( 0.0000000000000000000, 1.000000000000000000, 1.224646799146999945E-16 ) ) ;
#3277 = SURFACE_STYLE_FILL_AREA ( #1262 ) ;
#3278 = PRODUCT_DEFINITION_SHAPE ( 'NONE', 'NONE',  #4305 ) ;
#3279 = VERTEX_POINT ( 'NONE', #1873 ) ;
#3280 =( NAMED_UNIT ( * ) PLANE_ANGLE_UNIT ( ) SI_UNIT ( $, .RADIAN. ) );
#3281 = LINE ( 'NONE', #976, #4136 ) ;
#3282 = ADVANCED_FACE ( 'NONE', ( #3144 ), #3773, .T. ) ;
#3283 = CARTESIAN_POINT ( 'NONE',  ( 0.4949999999999306066, 0.1891429205785696288, 0.01999999999999999001 ) ) ;
#3284 = MECHANICAL_DESIGN_GEOMETRIC_PRESENTATION_REPRESENTATION (  '', ( #1705 ), #1068 ) ;
#3285 = DIRECTION ( 'NONE',  ( -0.0000000000000000000, 1.224646799146999945E-16, 1.000000000000000000 ) ) ;
#3286 = EDGE_LOOP ( 'NONE', ( #2283, #874, #1656, #3672, #1444, #3315, #868, #705, #3624, #2548, #3557, #1691, #2616, #1997 ) ) ;
#3287 = ORIENTED_EDGE ( 'NONE', *, *, #2290, .F. ) ;
#3288 = VECTOR ( 'NONE', #1856, 1000.000000000000000 ) ;
#3289 = STYLED_ITEM ( 'NONE', ( #1545 ), #4294 ) ;
#3290 = SURFACE_STYLE_USAGE ( .BOTH. , #1965 ) ;
#3291 =( NAMED_UNIT ( * ) SI_UNIT ( $, .STERADIAN. ) SOLID_ANGLE_UNIT ( ) );
#3292 = MECHANICAL_DESIGN_GEOMETRIC_PRESENTATION_REPRESENTATION (  '', ( #807 ), #3217 ) ;
#3293 = EDGE_LOOP ( 'NONE', ( #3178, #2562, #966, #2895, #3981, #1611, #2519, #4071 ) ) ;
#3294 = COLOUR_RGB ( '',0.7921568627450980005, 0.8196078431372548767, 0.9333333333333333481 ) ;
#3295 = SURFACE_SIDE_STYLE ('',( #1775 ) ) ;
#3296 = ORIENTED_EDGE ( 'NONE', *, *, #773, .F. ) ;
#3297 = UNCERTAINTY_MEASURE_WITH_UNIT (LENGTH_MEASURE( 1.000000000000000082E-05 ), #2486, 'distance_accuracy_value', 'NONE');
#3298 = DIRECTION ( 'NONE',  ( 1.000000000000000000, 0.0000000000000000000, 0.0000000000000000000 ) ) ;
#3299 = DIRECTION ( 'NONE',  ( -0.0000000000000000000, -0.0000000000000000000, 1.000000000000000000 ) ) ;
#3300 = FILL_AREA_STYLE ('',( #243 ) ) ;
#3301 = STYLED_ITEM ( 'NONE', ( #507 ), #1925 ) ;
#3302 = ADVANCED_FACE ( 'NONE', ( #315 ), #1581, .T. ) ;
#3303 = CARTESIAN_POINT ( 'NONE',  ( 0.2950000000000000400, -0.2950000000000000400, 0.0000000000000000000 ) ) ;
#3304 = STYLED_ITEM ( 'NONE', ( #374 ), #2747 ) ;
#3305 = DIRECTION ( 'NONE',  ( -1.000000000000000000, 0.0000000000000000000, 0.0000000000000000000 ) ) ;
#3306 = ORIENTED_EDGE ( 'NONE', *, *, #180, .F. ) ;
#3307 = CARTESIAN_POINT ( 'NONE',  ( 0.2000000000000000111, -0.2999999999999999889, 0.02000000000000000042 ) ) ;
#3308 = DIRECTION ( 'NONE',  ( 0.0000000000000000000, -1.224646799146999945E-16, 1.000000000000000000 ) ) ;
#3309 = ADVANCED_BREP_SHAPE_REPRESENTATION ( '', ( #2558, #1974 ), #3717 ) ;
#3310 = STYLED_ITEM ( 'NONE', ( #998 ), #2830 ) ;
#3311 = EDGE_CURVE ( 'NONE', #2587, #1093, #535, .T. ) ;
#3312 = VECTOR ( 'NONE', #3621, 1000.000000000000000 ) ;
#3313 = CARTESIAN_POINT ( 'NONE',  ( -0.4949999999999999956, -0.2999999999999999889, 0.06000000000000000472 ) ) ;
#3314 = ORIENTED_EDGE ( 'NONE', *, *, #1995, .T. ) ;
#3315 = ORIENTED_EDGE ( 'NONE', *, *, #38, .F. ) ;
#3316 = COLOUR_RGB ( '',0.7803921568627451011, 0.5686274509803921351, 0.1137254901960784298 ) ;
#3317 = SURFACE_STYLE_USAGE ( .BOTH. , #3047 ) ;
#3318 = EDGE_CURVE ( 'NONE', #3606, #3279, #294, .T. ) ;
#3319 = PRESENTATION_LAYER_ASSIGNMENT (  '', '', ( #2549 ) ) ;
#3320 = VERTEX_POINT ( 'NONE', #4300 ) ;
#3321 = FILL_AREA_STYLE_COLOUR ( '', #318 ) ;
#3322 = ORIENTED_EDGE ( 'NONE', *, *, #814, .T. ) ;
#3323 = CONTEXT_DEPENDENT_SHAPE_REPRESENTATION ( #3645, #3562 ) ;
#3324 = CYLINDRICAL_SURFACE ( 'NONE', #2663, 0.1700000000000000122 ) ;
#3325 = FILL_AREA_STYLE_COLOUR ( '', #828 ) ;
#3326 = COLOUR_RGB ( '',0.0000000000000000000, 0.3333333333333333148, 0.0000000000000000000 ) ;
#3327 = COLOUR_RGB ( '',0.7803921568627451011, 0.5686274509803921351, 0.1137254901960784298 ) ;
#3328 = SURFACE_STYLE_FILL_AREA ( #677 ) ;
#3329 = ORIENTED_EDGE ( 'NONE', *, *, #684, .F. ) ;
#3330 = SURFACE_STYLE_USAGE ( .BOTH. , #795 ) ;
#3331 = CLOSED_SHELL ( 'NONE', ( #2777, #693, #3194, #1925, #3832, #696, #4199, #18, #3388, #2412 ) ) ;
#3332 = CARTESIAN_POINT ( 'NONE',  ( -0.3875192319069999947, 0.2999999999999999889, 0.0000000000000000000 ) ) ;
#3333 = ORIENTED_EDGE ( 'NONE', *, *, #2035, .F. ) ;
#3334 = VERTEX_POINT ( 'NONE', #1981 ) ;
#3335 = EDGE_CURVE ( 'NONE', #1633, #4224, #679, .T. ) ;
#3336 = SURFACE_SIDE_STYLE ('',( #3046 ) ) ;
#3337 =( NAMED_UNIT ( * ) SI_UNIT ( $, .STERADIAN. ) SOLID_ANGLE_UNIT ( ) );
#3338 = ORIENTED_EDGE ( 'NONE', *, *, #627, .F. ) ;
#3339 = DIRECTION ( 'NONE',  ( 0.0000000000000000000, 1.000000000000000000, 1.224646799146999699E-16 ) ) ;
#3340 = EDGE_CURVE ( 'NONE', #2490, #300, #562, .T. ) ;
#3341 = CARTESIAN_POINT ( 'NONE',  ( -0.05000000000000000278, 0.2999999999999999889, 0.0000000000000000000 ) ) ;
#3342 =( GEOMETRIC_REPRESENTATION_CONTEXT ( 3 ) GLOBAL_UNCERTAINTY_ASSIGNED_CONTEXT ( ( #3297 ) ) GLOBAL_UNIT_ASSIGNED_CONTEXT ( ( #2486, #791, #219 ) ) REPRESENTATION_CONTEXT ( 'NONE', 'WORKASPACE' ) );
#3343 = SURFACE_SIDE_STYLE ('',( #2387 ) ) ;
#3344 = CARTESIAN_POINT ( 'NONE',  ( -0.5500000000000000444, 0.3499999999999999778, 0.0000000000000000000 ) ) ;
#3345 =( NAMED_UNIT ( * ) PLANE_ANGLE_UNIT ( ) SI_UNIT ( $, .RADIAN. ) );
#3346 = STYLED_ITEM ( 'NONE', ( #2702 ), #693 ) ;
#3347 = ORIENTED_EDGE ( 'NONE', *, *, #1482, .F. ) ;
#3348 = SURFACE_STYLE_USAGE ( .BOTH. , #1094 ) ;
#3349 = DIRECTION ( 'NONE',  ( -0.0000000000000000000, -0.0000000000000000000, 1.000000000000000000 ) ) ;
#3350 = FACE_OUTER_BOUND ( 'NONE', #1985, .T. ) ;
#3351 = EDGE_LOOP ( 'NONE', ( #2700, #375, #2651, #2037 ) ) ;
#3352 = COLOUR_RGB ( '',1.000000000000000000, 0.0000000000000000000, 0.0000000000000000000 ) ;
#3353 = SURFACE_STYLE_USAGE ( .BOTH. , #1037 ) ;
#3354 = SURFACE_SIDE_STYLE ('',( #2402 ) ) ;
#3355 = SURFACE_STYLE_FILL_AREA ( #4293 ) ;
#3356 = ORIENTED_EDGE ( 'NONE', *, *, #3086, .T. ) ;
#3357 = EDGE_CURVE ( 'NONE', #3517, #1419, #954, .T. ) ;
#3358 = FACE_OUTER_BOUND ( 'NONE', #1625, .T. ) ;
#3359 = CARTESIAN_POINT ( 'NONE',  ( -0.4749999999999319766, 0.1645950378226359589, 0.07999999999999998779 ) ) ;
#3360 = STYLED_ITEM ( 'NONE', ( #2405 ), #4199 ) ;
#3361 = PRESENTATION_STYLE_ASSIGNMENT (( #2686 ) ) ;
#3362 = CIRCLE ( 'NONE', #2600, 0.1700000000000000122 ) ;
#3363 = STYLED_ITEM ( 'NONE', ( #3895 ), #1686 ) ;
#3364 = SURFACE_SIDE_STYLE ('',( #2705 ) ) ;
#3365 = SURFACE_STYLE_USAGE ( .BOTH. , #2047 ) ;
#3366 = DIRECTION ( 'NONE',  ( -0.0000000000000000000, 1.224646799146999945E-16, 1.000000000000000000 ) ) ;
#3367 = FILL_AREA_STYLE_COLOUR ( '', #3231 ) ;
#3368 = VECTOR ( 'NONE', #223, 1000.000000000000000 ) ;
#3369 = ORIENTED_EDGE ( 'NONE', *, *, #2315, .T. ) ;
#3370 = STYLED_ITEM ( 'NONE', ( #1405 ), #1986 ) ;
#3371 =( NAMED_UNIT ( * ) SI_UNIT ( $, .STERADIAN. ) SOLID_ANGLE_UNIT ( ) );
#3372 = CARTESIAN_POINT ( 'NONE',  ( 0.1000000000000000056, -0.2999999999999999889, -0.01000000000000000021 ) ) ;
#3373 = AXIS2_PLACEMENT_3D ( 'NONE', #3904, #3259, #930 ) ;
#3374 = AXIS2_PLACEMENT_3D ( 'NONE', #3213, #2828, #1163 ) ;
#3375 = SURFACE_SIDE_STYLE ('',( #2055 ) ) ;
#3376 = CARTESIAN_POINT ( 'NONE',  ( -0.3875192319069999947, -0.2999999999999999889, 0.0000000000000000000 ) ) ;
#3377 = ORIENTED_EDGE ( 'NONE', *, *, #3907, .F. ) ;
#3378 = AXIS2_PLACEMENT_3D ( 'NONE', #3890, #1541, #895 ) ;
#3379 =( NAMED_UNIT ( * ) PLANE_ANGLE_UNIT ( ) SI_UNIT ( $, .RADIAN. ) );
#3380 = DIRECTION ( 'NONE',  ( 0.0000000000000000000, 1.224646799146999945E-16, -1.000000000000000000 ) ) ;
#3381 = DIRECTION ( 'NONE',  ( 0.0000000000000000000, 1.000000000000000000, -0.0000000000000000000 ) ) ;
#3382 = FACE_OUTER_BOUND ( 'NONE', #4266, .T. ) ;
#3383 = PRESENTATION_STYLE_ASSIGNMENT (( #393 ) ) ;
#3384 = VECTOR ( 'NONE', #928, 1000.000000000000000 ) ;
#3385 =( NAMED_UNIT ( * ) PLANE_ANGLE_UNIT ( ) SI_UNIT ( $, .RADIAN. ) );
#3386 = PRESENTATION_STYLE_ASSIGNMENT (( #2066 ) ) ;
#3387 = DIRECTION ( 'NONE',  ( -0.0000000000000000000, 1.000000000000000000, 0.0000000000000000000 ) ) ;
#3388 = ADVANCED_FACE ( 'NONE', ( #2245 ), #1886, .F. ) ;
#3389 = CARTESIAN_POINT ( 'NONE',  ( 0.4949999999999999956, 0.1891429205790000068, 0.02000000000000000042 ) ) ;
#3390 =( NAMED_UNIT ( * ) SI_UNIT ( $, .STERADIAN. ) SOLID_ANGLE_UNIT ( ) );
#3391 = MECHANICAL_DESIGN_GEOMETRIC_PRESENTATION_REPRESENTATION (  '', ( #689 ), #1803 ) ;
#3392 = CARTESIAN_POINT ( 'NONE',  ( -0.4749999999999319766, -0.1645950378226359312, 0.06000000000000001860 ) ) ;
#3393 = CARTESIAN_POINT ( 'NONE',  ( 0.4949999999999304956, -0.1891429205785696566, 0.02000000000000001082 ) ) ;
#3394 = PRESENTATION_LAYER_ASSIGNMENT (  '', '', ( #1389 ) ) ;
#3395 = ORIENTED_EDGE ( 'NONE', *, *, #552, .F. ) ;
#3396 = EDGE_CURVE ( 'NONE', #70, #717, #1011, .T. ) ;
#3397 = CARTESIAN_POINT ( 'NONE',  ( -0.5500000000000000444, 0.3499999999999999778, 0.05999999999999998390 ) ) ;
#3398 = VERTEX_POINT ( 'NONE', #1420 ) ;
#3399 = CARTESIAN_POINT ( 'NONE',  ( 0.3875192319071404379, 0.2999999999999999889, 0.05999999999999999778 ) ) ;
#3400 = ITEM_DEFINED_TRANSFORMATION ( 'NONE', 'NONE', #3143,  #1974 ) ;
#3401 =( NAMED_UNIT ( * ) PLANE_ANGLE_UNIT ( ) SI_UNIT ( $, .RADIAN. ) );
#3402 = PLANE ( 'NONE',  #3966 ) ;
#3403 = FILL_AREA_STYLE_COLOUR ( '', #3041 ) ;
#3404 =( NAMED_UNIT ( * ) PLANE_ANGLE_UNIT ( ) SI_UNIT ( $, .RADIAN. ) );
#3405 = SURFACE_SIDE_STYLE ('',( #747 ) ) ;
#3406 = SURFACE_SIDE_STYLE ('',( #2529 ) ) ;
#3407 = PRESENTATION_STYLE_ASSIGNMENT (( #2672 ) ) ;
#3408 = CARTESIAN_POINT ( 'NONE',  ( 0.5500000000000000444, 0.3499999999999999778, 0.07999999999999998779 ) ) ;
#3409 = AXIS2_PLACEMENT_3D ( 'NONE', #3052, #3381, #1415 ) ;
#3410 = ORIENTED_EDGE ( 'NONE', *, *, #4057, .F. ) ;
#3411 = DIRECTION ( 'NONE',  ( -0.0000000000000000000, -0.0000000000000000000, -1.000000000000000000 ) ) ;
#3412 = ORIENTED_EDGE ( 'NONE', *, *, #3693, .T. ) ;
#3413 = LINE ( 'NONE', #2122, #2342 ) ;
#3414 = FACE_OUTER_BOUND ( 'NONE', #1500, .T. ) ;
#3415 = SURFACE_STYLE_FILL_AREA ( #465 ) ;
#3416 = ADVANCED_FACE ( 'NONE', ( #3684 ), #1337, .F. ) ;
#3417 = PRESENTATION_STYLE_ASSIGNMENT (( #1390 ) ) ;
#3418 = FILL_AREA_STYLE_COLOUR ( '', #3700 ) ;
#3419 = SURFACE_SIDE_STYLE ('',( #110 ) ) ;
#3420 = CARTESIAN_POINT ( 'NONE',  ( 0.5500000000000000444, 0.3499999999999999778, 0.0000000000000000000 ) ) ;
#3421 = VECTOR ( 'NONE', #792, 1000.000000000000000 ) ;
#3422 = STYLED_ITEM ( 'NONE', ( #3088 ), #5 ) ;
#3423 = PLANE ( 'NONE',  #2177 ) ;
#3424 = CARTESIAN_POINT ( 'NONE',  ( 0.5500000000000000444, -0.3499999999999999778, 0.05999999999999999778 ) ) ;
#3425 = DIRECTION ( 'NONE',  ( 0.0000000000000000000, 1.224646799146999945E-16, -1.000000000000000000 ) ) ;
#3426 = ORIENTED_EDGE ( 'NONE', *, *, #634, .T. ) ;
#3427 = CARTESIAN_POINT ( 'NONE',  ( -0.2849999999999999756, 0.2849999999999999756, 0.1400000000000000133 ) ) ;
#3428 = CIRCLE ( 'NONE', #4211, 0.005000000000000013115 ) ;
#3429 = EDGE_CURVE ( 'NONE', #117, #2373, #1769, .T. ) ;
#3430 = PRESENTATION_LAYER_ASSIGNMENT (  '', '', ( #879 ) ) ;
#3431 = STYLED_ITEM ( 'NONE', ( #906 ), #3309 ) ;
#3432 = VECTOR ( 'NONE', #3525, 1000.000000000000000 ) ;
#3433 = CIRCLE ( 'NONE', #2946, 0.1499999999999999667 ) ;
#3434 = VERTEX_POINT ( 'NONE', #2731 ) ;
#3435 = CARTESIAN_POINT ( 'NONE',  ( -0.3275140453871118185, -0.2600000000000452505, 0.05999999999999999084 ) ) ;
#3436 = ADVANCED_FACE ( 'NONE', ( #4029 ), #2360, .T. ) ;
#3437 =( GEOMETRIC_REPRESENTATION_CONTEXT ( 3 ) GLOBAL_UNCERTAINTY_ASSIGNED_CONTEXT ( ( #3509 ) ) GLOBAL_UNIT_ASSIGNED_CONTEXT ( ( #2109, #2351, #3337 ) ) REPRESENTATION_CONTEXT ( 'NONE', 'WORKASPACE' ) );
#3438 = ORIENTED_EDGE ( 'NONE', *, *, #500, .T. ) ;
#3439 = MECHANICAL_DESIGN_GEOMETRIC_PRESENTATION_REPRESENTATION (  '', ( #3581 ), #665 ) ;
#3440 = CARTESIAN_POINT ( 'NONE',  ( 0.2000000000000000111, -0.2600000000000000089, 0.02000000000000000042 ) ) ;
#3441 = CARTESIAN_POINT ( 'NONE',  ( -0.4949999999999304956, -0.1891429205785696566, 0.02000000000000001082 ) ) ;
#3442 = SURFACE_SIDE_STYLE ('',( #4054 ) ) ;
#3443 = DIRECTION ( 'NONE',  ( 0.0000000000000000000, 0.0000000000000000000, 1.000000000000000000 ) ) ;
#3444 = STYLED_ITEM ( 'NONE', ( #487 ), #2932 ) ;
#3445 = PRESENTATION_STYLE_ASSIGNMENT (( #1459 ) ) ;
#3446 =( LENGTH_UNIT ( ) NAMED_UNIT ( * ) SI_UNIT ( .MILLI., .METRE. ) );
#3447 = FILL_AREA_STYLE_COLOUR ( '', #1148 ) ;
#3448 = SURFACE_STYLE_FILL_AREA ( #2860 ) ;
#3449 = PRESENTATION_LAYER_ASSIGNMENT (  '', '', ( #2612 ) ) ;
#3450 = DIRECTION ( 'NONE',  ( 0.0000000000000000000, 0.0000000000000000000, -1.000000000000000000 ) ) ;
#3451 = FILL_AREA_STYLE ('',( #3133 ) ) ;
#3452 = FILL_AREA_STYLE ('',( #2776 ) ) ;
#3453 = EDGE_LOOP ( 'NONE', ( #2289, #2213, #816, #481 ) ) ;
#3454 = DIRECTION ( 'NONE',  ( -1.000000000000000000, 0.0000000000000000000, 0.0000000000000000000 ) ) ;
#3455 = VECTOR ( 'NONE', #2692, 1000.000000000000000 ) ;
#3456 =( LENGTH_UNIT ( ) NAMED_UNIT ( * ) SI_UNIT ( .MILLI., .METRE. ) );
#3457 =( GEOMETRIC_REPRESENTATION_CONTEXT ( 3 ) GLOBAL_UNCERTAINTY_ASSIGNED_CONTEXT ( ( #864 ) ) GLOBAL_UNIT_ASSIGNED_CONTEXT ( ( #1007, #2724, #723 ) ) REPRESENTATION_CONTEXT ( 'NONE', 'WORKASPACE' ) );
#3458 = VERTEX_POINT ( 'NONE', #63 ) ;
#3459 = EDGE_CURVE ( 'NONE', #3, #3738, #1401, .T. ) ;
#3460 = SURFACE_STYLE_USAGE ( .BOTH. , #846 ) ;
#3461 =( GEOMETRIC_REPRESENTATION_CONTEXT ( 3 ) GLOBAL_UNCERTAINTY_ASSIGNED_CONTEXT ( ( #2165 ) ) GLOBAL_UNIT_ASSIGNED_CONTEXT ( ( #2444, #1844, #2463 ) ) REPRESENTATION_CONTEXT ( 'NONE', 'WORKASPACE' ) );
#3462 = CARTESIAN_POINT ( 'NONE',  ( -0.1000000000000000056, -0.1499999999999999944, -0.01000000000000000021 ) ) ;
#3463 = SURFACE_SIDE_STYLE ('',( #3828 ) ) ;
#3464 = SURFACE_STYLE_FILL_AREA ( #187 ) ;
#3465 = ORIENTED_EDGE ( 'NONE', *, *, #1722, .T. ) ;
#3466 = VERTEX_POINT ( 'NONE', #1159 ) ;
#3467 = FILL_AREA_STYLE_COLOUR ( '', #2926 ) ;
#3468 = AXIS2_PLACEMENT_3D ( 'NONE', #1681, #4070, #4056 ) ;
#3469 = ORIENTED_EDGE ( 'NONE', *, *, #2384, .T. ) ;
#3470 = CARTESIAN_POINT ( 'NONE',  ( 0.5000000000000000000, 0.2999999999999999889, 0.08000000000000000167 ) ) ;
#3471 = CIRCLE ( 'NONE', #151, 0.2400000000000000466 ) ;
#3472 = LINE ( 'NONE', #3131, #697 ) ;
#3473 = EDGE_CURVE ( 'NONE', #1495, #2501, #1848, .T. ) ;
#3474 = DIRECTION ( 'NONE',  ( -1.000000000000000000, -0.0000000000000000000, 0.0000000000000000000 ) ) ;
#3475 = ORIENTED_EDGE ( 'NONE', *, *, #3907, .T. ) ;
#3476 = CARTESIAN_POINT ( 'NONE',  ( -0.05000000000000000278, -0.1500000000000000222, -1.163291170903874963E-19 ) ) ;
#3477 = CIRCLE ( 'NONE', #2369, 0.2000000000000000111 ) ;
#3478 = DIRECTION ( 'NONE',  ( 0.0000000000000000000, 1.000000000000000000, 1.185846126156020475E-16 ) ) ;
#3479 = VERTEX_POINT ( 'NONE', #863 ) ;
#3480 = FACE_OUTER_BOUND ( 'NONE', #1055, .T. ) ;
#3481 = PRESENTATION_LAYER_ASSIGNMENT (  '', '', ( #3196 ) ) ;
#3482 =( BOUNDED_CURVE ( )  B_SPLINE_CURVE ( 3, ( #3809, #1842, #1765, #2484 ),
 .UNSPECIFIED., .F., .T. ) 
 B_SPLINE_CURVE_WITH_KNOTS ( ( 4, 4 ),
 ( 4.712388980384689674, 6.283185307179586232 ),
 .UNSPECIFIED. ) 
 CURVE ( )  GEOMETRIC_REPRESENTATION_ITEM ( )  RATIONAL_B_SPLINE_CURVE ( ( 1.000000000000000000, 0.8047378541243649375, 0.8047378541243649375, 1.000000000000000000 ) ) 
 REPRESENTATION_ITEM ( '' )  );
#3483 = CARTESIAN_POINT ( 'NONE',  ( 0.3875192319072686686, -0.3000000000000394573, 0.05999999999999999778 ) ) ;
#3484 = STYLED_ITEM ( 'NONE', ( #2442 ), #743 ) ;
#3485 = SURFACE_STYLE_FILL_AREA ( #2171 ) ;
#3486 = DIRECTION ( 'NONE',  ( 0.0000000000000000000, 0.0000000000000000000, 1.000000000000000000 ) ) ;
#3487 = CARTESIAN_POINT ( 'NONE',  ( -0.4949999999999999956, 0.1891429205787729384, 0.02000000000000002123 ) ) ;
#3488 = VERTEX_POINT ( 'NONE', #157 ) ;
#3489 = VERTEX_POINT ( 'NONE', #1468 ) ;
#3490 = CARTESIAN_POINT ( 'NONE',  ( -0.2000000000000000111, -0.2600000000000000089, 0.02000000000000000042 ) ) ;
#3491 =( NAMED_UNIT ( * ) PLANE_ANGLE_UNIT ( ) SI_UNIT ( $, .RADIAN. ) );
#3492 = DIRECTION ( 'NONE',  ( 0.0000000000000000000, 1.000000000000000000, 1.224646799146999945E-16 ) ) ;
#3493 = PRODUCT_DEFINITION_CONTEXT ( 'detailed design', #2183, 'design' ) ;
#3494 = CARTESIAN_POINT ( 'NONE',  ( 0.4949999999999999956, 0.2999999999999999889, 0.02000000000000000042 ) ) ;
#3495 = SURFACE_STYLE_FILL_AREA ( #3451 ) ;
#3496 = VECTOR ( 'NONE', #1167, 1000.000000000000000 ) ;
#3497 = CARTESIAN_POINT ( 'NONE',  ( -0.3563508326896523970, 0.2999999999999102274, 3.673940397441400060E-17 ) ) ;
#3498 = UNCERTAINTY_MEASURE_WITH_UNIT (LENGTH_MEASURE( 1.000000000000000082E-05 ), #2159, 'distance_accuracy_value', 'NONE');
#3499 = AXIS2_PLACEMENT_3D ( 'NONE', #3424, #3960, #3057 ) ;
#3500 = DIRECTION ( 'NONE',  ( -1.000000000000000000, 0.0000000000000000000, 0.0000000000000000000 ) ) ;
#3501 = ADVANCED_FACE ( 'NONE', ( #2186 ), #1199, .T. ) ;
#3502 = PRESENTATION_LAYER_ASSIGNMENT (  '', '', ( #515 ) ) ;
#3503 = ORIENTED_EDGE ( 'NONE', *, *, #440, .T. ) ;
#3504 =( GEOMETRIC_REPRESENTATION_CONTEXT ( 3 ) GLOBAL_UNCERTAINTY_ASSIGNED_CONTEXT ( ( #3740 ) ) GLOBAL_UNIT_ASSIGNED_CONTEXT ( ( #4020, #3401, #433 ) ) REPRESENTATION_CONTEXT ( 'NONE', 'WORKASPACE' ) );
#3505 = STYLED_ITEM ( 'NONE', ( #1061 ), #777 ) ;
#3506 =( LENGTH_UNIT ( ) NAMED_UNIT ( * ) SI_UNIT ( .MILLI., .METRE. ) );
#3507 = CYLINDRICAL_SURFACE ( 'NONE', #1145, 0.005000000000000013115 ) ;
#3508 = VERTEX_POINT ( 'NONE', #4142 ) ;
#3509 = UNCERTAINTY_MEASURE_WITH_UNIT (LENGTH_MEASURE( 1.000000000000000082E-05 ), #2109, 'distance_accuracy_value', 'NONE');
#3510 = MECHANICAL_DESIGN_GEOMETRIC_PRESENTATION_REPRESENTATION (  '', ( #2264 ), #2801 ) ;
#3511 = AXIS2_PLACEMENT_3D ( 'NONE', #3711, #2719, #1040 ) ;
#3512 =( LENGTH_UNIT ( ) NAMED_UNIT ( * ) SI_UNIT ( .MILLI., .METRE. ) );
#3513 = SURFACE_STYLE_USAGE ( .BOTH. , #486 ) ;
#3514 = DIRECTION ( 'NONE',  ( -0.0000000000000000000, 1.224646799146999945E-16, 1.000000000000000000 ) ) ;
#3515 = COLOUR_RGB ( '',0.0000000000000000000, 0.3333333333333333148, 0.0000000000000000000 ) ;
#3516 = VERTEX_POINT ( 'NONE', #539 ) ;
#3517 = VERTEX_POINT ( 'NONE', #3767 ) ;
#3518 = CARTESIAN_POINT ( 'NONE',  ( -0.1999999999999999833, -0.2599999999999999534, 0.0000000000000000000 ) ) ;
#3519 = LINE ( 'NONE', #944, #1738 ) ;
#3520 =( NAMED_UNIT ( * ) SI_UNIT ( $, .STERADIAN. ) SOLID_ANGLE_UNIT ( ) );
#3521 =( NAMED_UNIT ( * ) PLANE_ANGLE_UNIT ( ) SI_UNIT ( $, .RADIAN. ) );
#3522 = COLOUR_RGB ( '',0.7803921568627451011, 0.5686274509803921351, 0.1137254901960784298 ) ;
#3523 = DIRECTION ( 'NONE',  ( 0.0000000000000000000, 0.0000000000000000000, 1.000000000000000000 ) ) ;
#3524 = DIRECTION ( 'NONE',  ( 0.0000000000000000000, 1.224646799146999945E-16, -1.000000000000000000 ) ) ;
#3525 = DIRECTION ( 'NONE',  ( 0.0000000000000000000, 1.224646799146999945E-16, -1.000000000000000000 ) ) ;
#3526 = EDGE_CURVE ( 'NONE', #1682, #566, #1132, .T. ) ;
#3527 = SURFACE_STYLE_USAGE ( .BOTH. , #1513 ) ;
#3528 = VECTOR ( 'NONE', #339, 1000.000000000000000 ) ;
#3529 = ORIENTED_EDGE ( 'NONE', *, *, #916, .F. ) ;
#3530 = FILL_AREA_STYLE ('',( #1516 ) ) ;
#3531 = FACE_OUTER_BOUND ( 'NONE', #3821, .T. ) ;
#3532 = EDGE_CURVE ( 'NONE', #3260, #3970, #837, .T. ) ;
#3533 = EDGE_CURVE ( 'NONE', #3180, #504, #2163, .T. ) ;
#3534 = SURFACE_STYLE_USAGE ( .BOTH. , #871 ) ;
#3535 = CARTESIAN_POINT ( 'NONE',  ( 0.3275140453870559187, -0.2600000000001834732, 0.06000000000000001166 ) ) ;
#3536 = VECTOR ( 'NONE', #3094, 1000.000000000000000 ) ;
#3537 = VERTEX_POINT ( 'NONE', #4165 ) ;
#3538 = EDGE_LOOP ( 'NONE', ( #2515, #3224, #3690, #1358 ) ) ;
#3539 = SURFACE_SIDE_STYLE ('',( #168 ) ) ;
#3540 = VECTOR ( 'NONE', #3972, 1000.000000000000000 ) ;
#3541 = DIRECTION ( 'NONE',  ( 0.0000000000000000000, 0.0000000000000000000, -1.000000000000000000 ) ) ;
#3542 = DIRECTION ( 'NONE',  ( 0.0000000000000000000, 1.000000000000000000, -1.129377263005733621E-16 ) ) ;
#3543 = PRESENTATION_STYLE_ASSIGNMENT (( #2218 ) ) ;
#3544 = PRODUCT_CONTEXT ( 'NONE', #1347, 'mechanical' ) ;
#3545 =( LENGTH_UNIT ( ) NAMED_UNIT ( * ) SI_UNIT ( .MILLI., .METRE. ) );
#3546 = DIRECTION ( 'NONE',  ( -1.000000000000000000, 0.0000000000000000000, 0.0000000000000000000 ) ) ;
#3547 = COLOUR_RGB ( '',0.7803921568627451011, 0.5686274509803921351, 0.1137254901960784298 ) ;
#3548 =( LENGTH_UNIT ( ) NAMED_UNIT ( * ) SI_UNIT ( .MILLI., .METRE. ) );
#3549 = ORIENTED_EDGE ( 'NONE', *, *, #3120, .F. ) ;
#3550 =( NAMED_UNIT ( * ) SI_UNIT ( $, .STERADIAN. ) SOLID_ANGLE_UNIT ( ) );
#3551 = ORIENTED_EDGE ( 'NONE', *, *, #2363, .F. ) ;
#3552 = COLOUR_RGB ( '',0.7803921568627451011, 0.5686274509803921351, 0.1137254901960784298 ) ;
#3553 = DIRECTION ( 'NONE',  ( 0.0000000000000000000, -1.000000000000000000, -0.0000000000000000000 ) ) ;
#3554 = CARTESIAN_POINT ( 'NONE',  ( 0.4749999999999319211, -0.1645950378226359589, 0.08000000000000001554 ) ) ;
#3555 = PRESENTATION_LAYER_ASSIGNMENT (  '', '', ( #2375 ) ) ;
#3556 =( NAMED_UNIT ( * ) PLANE_ANGLE_UNIT ( ) SI_UNIT ( $, .RADIAN. ) );
#3557 = ORIENTED_EDGE ( 'NONE', *, *, #2619, .F. ) ;
#3558 = ORIENTED_EDGE ( 'NONE', *, *, #106, .F. ) ;
#3559 =( GEOMETRIC_REPRESENTATION_CONTEXT ( 3 ) GLOBAL_UNCERTAINTY_ASSIGNED_CONTEXT ( ( #963 ) ) GLOBAL_UNIT_ASSIGNED_CONTEXT ( ( #1878, #939, #261 ) ) REPRESENTATION_CONTEXT ( 'NONE', 'WORKASPACE' ) );
#3560 = CARTESIAN_POINT ( 'NONE',  ( -0.5500000000000000444, -0.3499999999999999778, 0.06000000000000001166 ) ) ;
#3561 = SURFACE_STYLE_USAGE ( .BOTH. , #2216 ) ;
#3562 = PRODUCT_DEFINITION_SHAPE ( 'NONE', 'NONE',  #4302 ) ;
#3563 = EDGE_CURVE ( 'NONE', #1183, #3222, #3959, .T. ) ;
#3564 = CARTESIAN_POINT ( 'NONE',  ( 0.2849999999999999756, -0.2849999999999999756, 0.1400000000000000133 ) ) ;
#3565 =( REPRESENTATION_RELATIONSHIP ('NONE','NONE', #1988, #1244 ) REPRESENTATION_RELATIONSHIP_WITH_TRANSFORMATION ( #3400 )SHAPE_REPRESENTATION_RELATIONSHIP( ) );
#3566 = FACE_OUTER_BOUND ( 'NONE', #1486, .T. ) ;
#3567 = CYLINDRICAL_SURFACE ( 'NONE', #1760, 0.005000000000000013115 ) ;
#3568 = DIRECTION ( 'NONE',  ( 2.331034670843834533E-14, 1.000000000000000000, -1.224646799146999945E-16 ) ) ;
#3569 = STYLED_ITEM ( 'NONE', ( #3594 ), #1060 ) ;
#3570 = CARTESIAN_POINT ( 'NONE',  ( -0.3713942890049999890, -0.2600000000000000089, -3.184081677782999738E-17 ) ) ;
#3571 = ORIENTED_EDGE ( 'NONE', *, *, #651, .F. ) ;
#3572 = SURFACE_SIDE_STYLE ('',( #2298 ) ) ;
#3573 = PRESENTATION_STYLE_ASSIGNMENT (( #2648 ) ) ;
#3574 = AXIS2_PLACEMENT_3D ( 'NONE', #2328, #582, #3276 ) ;
#3575 = CARTESIAN_POINT ( 'NONE',  ( -0.3875192319071404379, 0.2999999999999999889, 0.05999999999999999778 ) ) ;
#3576 = PRESENTATION_STYLE_ASSIGNMENT (( #3911 ) ) ;
#3577 = EDGE_LOOP ( 'NONE', ( #687, #3666, #483, #4004 ) ) ;
#3578 = VECTOR ( 'NONE', #1770, 1000.000000000000000 ) ;
#3579 = ORIENTED_EDGE ( 'NONE', *, *, #1089, .T. ) ;
#3580 = FILL_AREA_STYLE_COLOUR ( '', #729 ) ;
#3581 = STYLED_ITEM ( 'NONE', ( #2060 ), #1785 ) ;
#3582 =( LENGTH_UNIT ( ) NAMED_UNIT ( * ) SI_UNIT ( .MILLI., .METRE. ) );
#3583 = VERTEX_POINT ( 'NONE', #3135 ) ;
#3584 =( NAMED_UNIT ( * ) PLANE_ANGLE_UNIT ( ) SI_UNIT ( $, .RADIAN. ) );
#3585 = PRESENTATION_LAYER_ASSIGNMENT (  '', '', ( #121 ) ) ;
#3586 = APPLICATION_PROTOCOL_DEFINITION ( 'draft international standard', 'automotive_design', 1998, #2390 ) ;
#3587 = CIRCLE ( 'NONE', #1429, 0.1499999999999999667 ) ;
#3588 = DIRECTION ( 'NONE',  ( 0.0000000000000000000, 0.0000000000000000000, -1.000000000000000000 ) ) ;
#3589 = CARTESIAN_POINT ( 'NONE',  ( 0.5000000000000000000, 0.2999999999999999889, 0.0000000000000000000 ) ) ;
#3590 = DIRECTION ( 'NONE',  ( 0.0000000000000000000, 1.224646799146999945E-16, -1.000000000000000000 ) ) ;
#3591 = ORIENTED_EDGE ( 'NONE', *, *, #821, .F. ) ;
#3592 =( LENGTH_UNIT ( ) NAMED_UNIT ( * ) SI_UNIT ( .MILLI., .METRE. ) );
#3593 = STYLED_ITEM ( 'NONE', ( #3258 ), #3612 ) ;
#3594 = PRESENTATION_STYLE_ASSIGNMENT (( #616 ) ) ;
#3595 = FACE_OUTER_BOUND ( 'NONE', #1211, .T. ) ;
#3596 = VERTEX_POINT ( 'NONE', #2161 ) ;
#3597 = CIRCLE ( 'NONE', #2415, 0.2000000000000000111 ) ;
#3598 = VERTEX_POINT ( 'NONE', #3476 ) ;
#3599 = UNCERTAINTY_MEASURE_WITH_UNIT (LENGTH_MEASURE( 1.000000000000000082E-05 ), #1178, 'distance_accuracy_value', 'NONE');
#3600 = FACE_OUTER_BOUND ( 'NONE', #1911, .T. ) ;
#3601 = DIRECTION ( 'NONE',  ( -1.000000000000000000, 0.0000000000000000000, 0.0000000000000000000 ) ) ;
#3602 =( NAMED_UNIT ( * ) SI_UNIT ( $, .STERADIAN. ) SOLID_ANGLE_UNIT ( ) );
#3603 =( NAMED_UNIT ( * ) PLANE_ANGLE_UNIT ( ) SI_UNIT ( $, .RADIAN. ) );
#3604 = ORIENTED_EDGE ( 'NONE', *, *, #226, .F. ) ;
#3605 = DIRECTION ( 'NONE',  ( -9.274621392321998436E-15, -1.000000000000000000, -0.0000000000000000000 ) ) ;
#3606 = VERTEX_POINT ( 'NONE', #1833 ) ;
#3607 = SHAPE_DEFINITION_REPRESENTATION ( #972, #1849 ) ;
#3608 = EDGE_CURVE ( 'NONE', #3845, #1182, #2869, .T. ) ;
#3609 = CARTESIAN_POINT ( 'NONE',  ( -0.4085786437630000156, -0.2999999999999999889, 0.0000000000000000000 ) ) ;
#3610 = DIRECTION ( 'NONE',  ( -0.0000000000000000000, 1.224646799146999945E-16, 1.000000000000000000 ) ) ;
#3611 = CARTESIAN_POINT ( 'NONE',  ( 0.2975000000000000977, -0.2974999999999999867, 0.1250000000000000000 ) ) ;
#3612 = ADVANCED_FACE ( 'NONE', ( #794 ), #1621, .T. ) ;
#3613 = EDGE_CURVE ( 'NONE', #2187, #1030, #3230, .T. ) ;
#3614 = SURFACE_SIDE_STYLE ('',( #1601 ) ) ;
#3615 = ORIENTED_EDGE ( 'NONE', *, *, #2647, .T. ) ;
#3616 = SURFACE_STYLE_USAGE ( .BOTH. , #3572 ) ;
#3617 = EDGE_CURVE ( 'NONE', #1428, #160, #2313, .T. ) ;
#3618 = LINE ( 'NONE', #4282, #1840 ) ;
#3619 = PRESENTATION_LAYER_ASSIGNMENT (  '', '', ( #83 ) ) ;
#3620 = CARTESIAN_POINT ( 'NONE',  ( 0.5000000000000000000, 0.1563508326899999967, 0.0000000000000000000 ) ) ;
#3621 = DIRECTION ( 'NONE',  ( 0.0000000000000000000, 1.000000000000000000, 1.224646799146999945E-16 ) ) ;
#3622 = EDGE_LOOP ( 'NONE', ( #2652, #3306, #343, #530 ) ) ;
#3623 = COLOUR_RGB ( '',1.000000000000000000, 0.0000000000000000000, 0.0000000000000000000 ) ;
#3624 = ORIENTED_EDGE ( 'NONE', *, *, #2717, .F. ) ;
#3625 = MECHANICAL_DESIGN_GEOMETRIC_PRESENTATION_REPRESENTATION (  '', ( #3196 ), #431 ) ;
#3626 =( NAMED_UNIT ( * ) SI_UNIT ( $, .STERADIAN. ) SOLID_ANGLE_UNIT ( ) );
#3627 = EDGE_CURVE ( 'NONE', #1801, #3583, #584, .T. ) ;
#3628 = ORIENTED_EDGE ( 'NONE', *, *, #2220, .T. ) ;
#3629 = FACE_OUTER_BOUND ( 'NONE', #1664, .T. ) ;
#3630 = ADVANCED_BREP_SHAPE_REPRESENTATION ( '', ( #4015, #1974 ), #1014 ) ;
#3631 =( NAMED_UNIT ( * ) PLANE_ANGLE_UNIT ( ) SI_UNIT ( $, .RADIAN. ) );
#3632 = DIRECTION ( 'NONE',  ( 0.0000000000000000000, 0.0000000000000000000, 1.000000000000000000 ) ) ;
#3633 =( NAMED_UNIT ( * ) PLANE_ANGLE_UNIT ( ) SI_UNIT ( $, .RADIAN. ) );
#3634 = EDGE_CURVE ( 'NONE', #4247, #493, #1863, .T. ) ;
#3635 =( LENGTH_UNIT ( ) NAMED_UNIT ( * ) SI_UNIT ( .MILLI., .METRE. ) );
#3636 = EDGE_LOOP ( 'NONE', ( #3926, #2352, #3269, #2194 ) ) ;
#3637 = CARTESIAN_POINT ( 'NONE',  ( -0.4949999999999999956, -0.2999999999999999889, 0.06000000000000000472 ) ) ;
#3638 = UNCERTAINTY_MEASURE_WITH_UNIT (LENGTH_MEASURE( 1.000000000000000082E-05 ), #1734, 'distance_accuracy_value', 'NONE');
#3639 = EDGE_CURVE ( 'NONE', #2921, #4258, #2268, .T. ) ;
#3640 = CARTESIAN_POINT ( 'NONE',  ( 0.4749999999999999778, -0.1645950378230000011, 2.015707862250000449E-17 ) ) ;
#3641 = VERTEX_POINT ( 'NONE', #221 ) ;
#3642 = EDGE_LOOP ( 'NONE', ( #1343, #3628, #2741 ) ) ;
#3643 = VECTOR ( 'NONE', #1831, 1000.000000000000000 ) ;
#3644 = AXIS2_PLACEMENT_3D ( 'NONE', #741, #91, #2657 ) ;
#3645 =( REPRESENTATION_RELATIONSHIP ('NONE','NONE', #1988, #2898 ) REPRESENTATION_RELATIONSHIP_WITH_TRANSFORMATION ( #1026 )SHAPE_REPRESENTATION_RELATIONSHIP( ) );
#3646 = LINE ( 'NONE', #664, #4148 ) ;
#3647 = CIRCLE ( 'NONE', #2259, 0.1700000000000000122 ) ;
#3648 = ORIENTED_EDGE ( 'NONE', *, *, #3311, .F. ) ;
#3649 = COLOUR_RGB ( '',0.7921568627450980005, 0.8196078431372548767, 0.9333333333333333481 ) ;
#3650 = DIRECTION ( 'NONE',  ( -1.000000000000000000, 0.0000000000000000000, 0.0000000000000000000 ) ) ;
#3651 = UNCERTAINTY_MEASURE_WITH_UNIT (LENGTH_MEASURE( 1.000000000000000082E-05 ), #3109, 'distance_accuracy_value', 'NONE');
#3652 = STYLED_ITEM ( 'NONE', ( #3025 ), #2659 ) ;
#3653 = PRESENTATION_LAYER_ASSIGNMENT (  '', '', ( #2528 ) ) ;
#3654 = FILL_AREA_STYLE ('',( #701 ) ) ;
#3655 = AXIS2_PLACEMENT_3D ( 'NONE', #1324, #4009, #2633 ) ;
#3656 = FILL_AREA_STYLE ('',( #3056 ) ) ;
#3657 =( GEOMETRIC_REPRESENTATION_CONTEXT ( 3 ) GLOBAL_UNCERTAINTY_ASSIGNED_CONTEXT ( ( #341 ) ) GLOBAL_UNIT_ASSIGNED_CONTEXT ( ( #2581, #951, #1646 ) ) REPRESENTATION_CONTEXT ( 'NONE', 'WORKASPACE' ) );
#3658 = ORIENTED_EDGE ( 'NONE', *, *, #3698, .F. ) ;
#3659 =( NAMED_UNIT ( * ) SI_UNIT ( $, .STERADIAN. ) SOLID_ANGLE_UNIT ( ) );
#3660 = EDGE_CURVE ( 'NONE', #300, #3334, #3597, .T. ) ;
#3661 =( NAMED_UNIT ( * ) PLANE_ANGLE_UNIT ( ) SI_UNIT ( $, .RADIAN. ) );
#3662 =( GEOMETRIC_REPRESENTATION_CONTEXT ( 3 ) GLOBAL_UNCERTAINTY_ASSIGNED_CONTEXT ( ( #4215 ) ) GLOBAL_UNIT_ASSIGNED_CONTEXT ( ( #4177, #2498, #1858 ) ) REPRESENTATION_CONTEXT ( 'NONE', 'WORKASPACE' ) );
#3663 = CARTESIAN_POINT ( 'NONE',  ( -0.5500000000000000444, -0.3499999999999999778, 0.0000000000000000000 ) ) ;
#3664 = FACE_OUTER_BOUND ( 'NONE', #3127, .T. ) ;
#3665 = EDGE_LOOP ( 'NONE', ( #1993, #210, #658, #873 ) ) ;
#3666 = ORIENTED_EDGE ( 'NONE', *, *, #3130, .T. ) ;
#3667 = EDGE_CURVE ( 'NONE', #2669, #1588, #2535, .T. ) ;
#3668 = LINE ( 'NONE', #2059, #875 ) ;
#3669 = CARTESIAN_POINT ( 'NONE',  ( 0.5500000000000000444, 0.3499999999999999778, 0.05999999999999998390 ) ) ;
#3670 = CARTESIAN_POINT ( 'NONE',  ( -0.4949999999999999956, -0.2999999999999999889, 0.05999999999999999778 ) ) ;
#3671 = VECTOR ( 'NONE', #3840, 1000.000000000000000 ) ;
#3672 = ORIENTED_EDGE ( 'NONE', *, *, #3860, .F. ) ;
#3673 = ADVANCED_FACE ( 'NONE', ( #560 ), #1883, .T. ) ;
#3674 = ORIENTED_EDGE ( 'NONE', *, *, #1732, .T. ) ;
#3675 = CYLINDRICAL_SURFACE ( 'NONE', #513, 0.2000000000000000389 ) ;
#3676 = SURFACE_SIDE_STYLE ('',( #4019 ) ) ;
#3677 = FILL_AREA_STYLE ('',( #35 ) ) ;
#3678 =( NAMED_UNIT ( * ) SI_UNIT ( $, .STERADIAN. ) SOLID_ANGLE_UNIT ( ) );
#3679 = DIRECTION ( 'NONE',  ( 0.0000000000000000000, 0.0000000000000000000, 1.000000000000000000 ) ) ;
#3680 = DIRECTION ( 'NONE',  ( 0.0000000000000000000, 1.000000000000000000, 1.224646799146999945E-16 ) ) ;
#3681 =( NAMED_UNIT ( * ) SI_UNIT ( $, .STERADIAN. ) SOLID_ANGLE_UNIT ( ) );
#3682 = PRESENTATION_LAYER_ASSIGNMENT (  '', '', ( #479 ) ) ;
#3683 = EDGE_LOOP ( 'NONE', ( #551, #2571, #1164, #99 ) ) ;
#3684 = FACE_OUTER_BOUND ( 'NONE', #3293, .T. ) ;
#3685 = CARTESIAN_POINT ( 'NONE',  ( -0.5500000000000000444, 0.3499999999999999778, 4.286263797016299275E-17 ) ) ;
#3686 = EDGE_CURVE ( 'NONE', #2187, #271, #1035, .T. ) ;
#3687 = CLOSED_SHELL ( 'NONE', ( #3501, #845, #2753, #4294, #2747, #394, #2151, #1505, #2249, #3416 ) ) ;
#3688 =( NAMED_UNIT ( * ) PLANE_ANGLE_UNIT ( ) SI_UNIT ( $, .RADIAN. ) );
#3689 = DIRECTION ( 'NONE',  ( -0.0000000000000000000, -0.0000000000000000000, -1.000000000000000000 ) ) ;
#3690 = ORIENTED_EDGE ( 'NONE', *, *, #3856, .T. ) ;
#3691 = MECHANICAL_DESIGN_GEOMETRIC_PRESENTATION_REPRESENTATION (  '', ( #23 ), #4256 ) ;
#3692 = SURFACE_STYLE_FILL_AREA ( #662 ) ;
#3693 = EDGE_CURVE ( 'NONE', #4173, #2471, #4061, .T. ) ;
#3694 =( NAMED_UNIT ( * ) SI_UNIT ( $, .STERADIAN. ) SOLID_ANGLE_UNIT ( ) );
#3695 = STYLED_ITEM ( 'NONE', ( #4131 ), #245 ) ;
#3696 = ORIENTED_EDGE ( 'NONE', *, *, #1217, .F. ) ;
#3697 = FACE_OUTER_BOUND ( 'NONE', #2984, .T. ) ;
#3698 = EDGE_CURVE ( 'NONE', #2373, #329, #1673, .T. ) ;
#3699 = FILL_AREA_STYLE ('',( #1109 ) ) ;
#3700 = COLOUR_RGB ( '',0.7803921568627451011, 0.5686274509803921351, 0.1137254901960784298 ) ;
#3701 = LINE ( 'NONE', #1960, #1568 ) ;
#3702 = SURFACE_STYLE_FILL_AREA ( #337 ) ;
#3703 = EDGE_LOOP ( 'NONE', ( #4248, #2325, #3048, #1610 ) ) ;
#3704 = DIRECTION ( 'NONE',  ( 0.0000000000000000000, 1.224646799146999945E-16, -1.000000000000000000 ) ) ;
#3705 = CARTESIAN_POINT ( 'NONE',  ( -0.05000000000000000278, -0.2999999999999999889, -6.204219578153998520E-19 ) ) ;
#3706 = LINE ( 'NONE', #1423, #663 ) ;
#3707 = SURFACE_SIDE_STYLE ('',( #1677 ) ) ;
#3708 =( LENGTH_UNIT ( ) NAMED_UNIT ( * ) SI_UNIT ( .MILLI., .METRE. ) );
#3709 = EDGE_LOOP ( 'NONE', ( #3802, #3050, #3356, #3579, #3438, #2868, #2002, #1958 ) ) ;
#3710 = SURFACE_STYLE_USAGE ( .BOTH. , #3336 ) ;
#3711 = CARTESIAN_POINT ( 'NONE',  ( -0.5500000000000000444, -0.3499999999999999778, 0.0000000000000000000 ) ) ;
#3712 = ADVANCED_FACE ( 'NONE', ( #2355 ), #1046, .T. ) ;
#3713 = LINE ( 'NONE', #3831, #2598 ) ;
#3714 = PLANE ( 'NONE',  #3409 ) ;
#3715 = LINE ( 'NONE', #1764, #585 ) ;
#3716 = COLOUR_RGB ( '',0.8274509803921568096, 0.8274509803921568096, 0.8274509803921568096 ) ;
#3717 =( GEOMETRIC_REPRESENTATION_CONTEXT ( 3 ) GLOBAL_UNCERTAINTY_ASSIGNED_CONTEXT ( ( #331 ) ) GLOBAL_UNIT_ASSIGNED_CONTEXT ( ( #496, #3093, #1808 ) ) REPRESENTATION_CONTEXT ( 'NONE', 'WORKASPACE' ) );
#3718 = ADVANCED_FACE ( 'NONE', ( #93 ), #2994, .T. ) ;
#3719 = VECTOR ( 'NONE', #95, 1000.000000000000000 ) ;
#3720 = PRESENTATION_STYLE_ASSIGNMENT (( #3744 ) ) ;
#3721 = STYLED_ITEM ( 'NONE', ( #4053 ), #1749 ) ;
#3722 = LINE ( 'NONE', #2726, #4172 ) ;
#3723 = SURFACE_SIDE_STYLE ('',( #676 ) ) ;
#3724 = CARTESIAN_POINT ( 'NONE',  ( -0.3152661081139450094, 0.2999999999999999889, 0.05999999999999999778 ) ) ;
#3725 = LINE ( 'NONE', #3788, #3188 ) ;
#3726 =( NAMED_UNIT ( * ) PLANE_ANGLE_UNIT ( ) SI_UNIT ( $, .RADIAN. ) );
#3727 = LINE ( 'NONE', #3705, #2526 ) ;
#3728 = COLOUR_RGB ( '',1.000000000000000000, 0.0000000000000000000, 0.0000000000000000000 ) ;
#3729 = LINE ( 'NONE', #682, #2531 ) ;
#3730 = FILL_AREA_STYLE ('',( #776 ) ) ;
#3731 = VECTOR ( 'NONE', #2768, 1000.000000000000000 ) ;
#3732 = ORIENTED_EDGE ( 'NONE', *, *, #181, .F. ) ;
#3733 = CARTESIAN_POINT ( 'NONE',  ( 0.4949999999999999956, -0.2999999999999999889, 0.02000000000000000042 ) ) ;
#3734 =( NAMED_UNIT ( * ) SI_UNIT ( $, .STERADIAN. ) SOLID_ANGLE_UNIT ( ) );
#3735 = CARTESIAN_POINT ( 'NONE',  ( -0.5000000000000000000, 0.2085786437628452394, 0.08000000000000000167 ) ) ;
#3736 = DIRECTION ( 'NONE',  ( 0.0000000000000000000, -0.0000000000000000000, 1.000000000000000000 ) ) ;
#3737 =( GEOMETRIC_REPRESENTATION_CONTEXT ( 3 ) GLOBAL_UNCERTAINTY_ASSIGNED_CONTEXT ( ( #1606 ) ) GLOBAL_UNIT_ASSIGNED_CONTEXT ( ( #4089, #4033, #1774 ) ) REPRESENTATION_CONTEXT ( 'NONE', 'WORKASPACE' ) );
#3738 = VERTEX_POINT ( 'NONE', #2154 ) ;
#3739 = EDGE_CURVE ( 'NONE', #2873, #1968, #2817, .T. ) ;
#3740 = UNCERTAINTY_MEASURE_WITH_UNIT (LENGTH_MEASURE( 1.000000000000000082E-05 ), #4020, 'distance_accuracy_value', 'NONE');
#3741 =( NAMED_UNIT ( * ) PLANE_ANGLE_UNIT ( ) SI_UNIT ( $, .RADIAN. ) );
#3742 = PRESENTATION_STYLE_ASSIGNMENT (( #2703 ) ) ;
#3743 = SURFACE_SIDE_STYLE ('',( #2660 ) ) ;
#3744 = SURFACE_STYLE_USAGE ( .BOTH. , #3343 ) ;
#3745 = CARTESIAN_POINT ( 'NONE',  ( 0.4999999999999027445, 0.2085786437627249190, 0.0000000000000000000 ) ) ;
#3746 = STYLED_ITEM ( 'NONE', ( #3543 ), #3888 ) ;
#3747 = SURFACE_STYLE_FILL_AREA ( #836 ) ;
#3748 = DIRECTION ( 'NONE',  ( 0.0000000000000000000, 0.0000000000000000000, -1.000000000000000000 ) ) ;
#3749 = DIRECTION ( 'NONE',  ( -0.0000000000000000000, 1.224646799146999945E-16, 1.000000000000000000 ) ) ;
#3750 =( GEOMETRIC_REPRESENTATION_CONTEXT ( 3 ) GLOBAL_UNCERTAINTY_ASSIGNED_CONTEXT ( ( #2205 ) ) GLOBAL_UNIT_ASSIGNED_CONTEXT ( ( #2327, #1684, #353 ) ) REPRESENTATION_CONTEXT ( 'NONE', 'WORKASPACE' ) );
#3751 =( LENGTH_UNIT ( ) NAMED_UNIT ( * ) SI_UNIT ( .MILLI., .METRE. ) );
#3752 = VECTOR ( 'NONE', #2758, 1000.000000000000000 ) ;
#3753 = LINE ( 'NONE', #420, #3861 ) ;
#3754 = ORIENTED_EDGE ( 'NONE', *, *, #1217, .T. ) ;
#3755 = VECTOR ( 'NONE', #4065, 1000.000000000000000 ) ;
#3756 = CARTESIAN_POINT ( 'NONE',  ( -0.4749999999999999778, -0.1645950378230000011, 2.015707862250000449E-17 ) ) ;
#3757 =( NAMED_UNIT ( * ) PLANE_ANGLE_UNIT ( ) SI_UNIT ( $, .RADIAN. ) );
#3758 = CARTESIAN_POINT ( 'NONE',  ( -0.2999999999999999889, 0.2950000000000000955, 0.0000000000000000000 ) ) ;
#3759 = DIRECTION ( 'NONE',  ( 0.0000000000000000000, -1.224646799146999945E-16, -1.000000000000000000 ) ) ;
#3760 = PRESENTATION_STYLE_ASSIGNMENT (( #2752 ) ) ;
#3761 = STYLED_ITEM ( 'NONE', ( #2538 ), #394 ) ;
#3762 =( NAMED_UNIT ( * ) PLANE_ANGLE_UNIT ( ) SI_UNIT ( $, .RADIAN. ) );
#3763 = DIRECTION ( 'NONE',  ( -0.0000000000000000000, -0.0000000000000000000, 1.000000000000000000 ) ) ;
#3764 = EDGE_CURVE ( 'NONE', #3466, #2128, #3482, .T. ) ;
#3765 = VECTOR ( 'NONE', #3588, 1000.000000000000000 ) ;
#3766 = ORIENTED_EDGE ( 'NONE', *, *, #3130, .F. ) ;
#3767 = CARTESIAN_POINT ( 'NONE',  ( 0.3713942890050412338, 0.2600000000000000089, 0.02000000000000000042 ) ) ;
#3768 = CARTESIAN_POINT ( 'NONE',  ( -0.4949999999999999956, -0.2999999999999999889, 0.02000000000000000042 ) ) ;
#3769 = UNCERTAINTY_MEASURE_WITH_UNIT (LENGTH_MEASURE( 1.000000000000000082E-05 ), #313, 'distance_accuracy_value', 'NONE');
#3770 = PRESENTATION_LAYER_ASSIGNMENT (  '', '', ( #3346 ) ) ;
#3771 = EDGE_CURVE ( 'NONE', #2931, #2854, #3835, .T. ) ;
#3772 = VERTEX_POINT ( 'NONE', #4184 ) ;
#3773 = CYLINDRICAL_SURFACE ( 'NONE', #2469, 0.2000000000000000111 ) ;
#3774 = ORIENTED_EDGE ( 'NONE', *, *, #648, .F. ) ;
#3775 = DIRECTION ( 'NONE',  ( 0.0000000000000000000, -1.224646799146999945E-16, -1.000000000000000000 ) ) ;
#3776 = EDGE_CURVE ( 'NONE', #397, #1018, #2462, .T. ) ;
#3777 = SURFACE_STYLE_USAGE ( .BOTH. , #2680 ) ;
#3778 = PLANE ( 'NONE',  #855 ) ;
#3779 = ORIENTED_EDGE ( 'NONE', *, *, #887, .T. ) ;
#3780 = SURFACE_SIDE_STYLE ('',( #829 ) ) ;
#3781 = AXIS2_PLACEMENT_3D ( 'NONE', #3174, #568, #1270 ) ;
#3782 =( NAMED_UNIT ( * ) PLANE_ANGLE_UNIT ( ) SI_UNIT ( $, .RADIAN. ) );
#3783 = AXIS2_PLACEMENT_3D ( 'NONE', #169, #1460, #470 ) ;
#3784 = MECHANICAL_DESIGN_GEOMETRIC_PRESENTATION_REPRESENTATION (  '', ( #3289 ), #317 ) ;
#3785 = DIRECTION ( 'NONE',  ( 1.084202172485504434E-15, 1.000000000000000000, -1.224646799146999945E-16 ) ) ;
#3786 =( REPRESENTATION_RELATIONSHIP ('NONE','NONE', #1988, #1849 ) REPRESENTATION_RELATIONSHIP_WITH_TRANSFORMATION ( #2014 )SHAPE_REPRESENTATION_RELATIONSHIP( ) );
#3787 = SURFACE_STYLE_USAGE ( .BOTH. , #3406 ) ;
#3788 = CARTESIAN_POINT ( 'NONE',  ( 0.4949999999999999956, -0.2999999999999999889, 0.02000000000000000042 ) ) ;
#3789 = CARTESIAN_POINT ( 'NONE',  ( -0.2999999999999999889, 0.2999999999999999889, 0.1337867965644035650 ) ) ;
#3790 =( GEOMETRIC_REPRESENTATION_CONTEXT ( 3 ) GLOBAL_UNCERTAINTY_ASSIGNED_CONTEXT ( ( #4051 ) ) GLOBAL_UNIT_ASSIGNED_CONTEXT ( ( #3823, #2847, #2167 ) ) REPRESENTATION_CONTEXT ( 'NONE', 'WORKASPACE' ) );
#3791 = AXIS2_PLACEMENT_3D ( 'NONE', #1498, #3161, #4201 ) ;
#3792 = CIRCLE ( 'NONE', #2398, 0.2000000000000000389 ) ;
#3793 = COLOUR_RGB ( '',1.000000000000000000, 0.0000000000000000000, 0.0000000000000000000 ) ;
#3794 = ORIENTED_EDGE ( 'NONE', *, *, #1930, .T. ) ;
#3795 = STYLED_ITEM ( 'NONE', ( #2217 ), #2777 ) ;
#3796 = VECTOR ( 'NONE', #3798, 1000.000000000000000 ) ;
#3797 = COLOUR_RGB ( '',0.7803921568627451011, 0.5686274509803921351, 0.1137254901960784298 ) ;
#3798 = DIRECTION ( 'NONE',  ( 0.0000000000000000000, -1.224646799146999945E-16, -1.000000000000000000 ) ) ;
#3799 = DIRECTION ( 'NONE',  ( 0.0000000000000000000, 0.0000000000000000000, 1.000000000000000000 ) ) ;
#3800 = ADVANCED_FACE ( 'NONE', ( #1194 ), #4137, .T. ) ;
#3801 = ORIENTED_EDGE ( 'NONE', *, *, #1593, .T. ) ;
#3802 = ORIENTED_EDGE ( 'NONE', *, *, #1381, .T. ) ;
#3803 = PRODUCT_RELATED_PRODUCT_CATEGORY ( 'part', '', ( #1629 ) ) ;
#3804 = DIRECTION ( 'NONE',  ( 0.0000000000000000000, 0.0000000000000000000, 1.000000000000000000 ) ) ;
#3805 =( NAMED_UNIT ( * ) SI_UNIT ( $, .STERADIAN. ) SOLID_ANGLE_UNIT ( ) );
#3806 = FILL_AREA_STYLE ('',( #214 ) ) ;
#3807 = PRODUCT_DEFINITION_SHAPE ( 'NONE', 'NONE',  #4098 ) ;
#3808 = MECHANICAL_DESIGN_GEOMETRIC_PRESENTATION_REPRESENTATION (  '', ( #2612 ), #3095 ) ;
#3809 = CARTESIAN_POINT ( 'NONE',  ( -0.2849999999999999756, -0.2849999999999999756, 0.1400000000000000133 ) ) ;
#3810 =( NAMED_UNIT ( * ) PLANE_ANGLE_UNIT ( ) SI_UNIT ( $, .RADIAN. ) );
#3811 = MECHANICAL_DESIGN_GEOMETRIC_PRESENTATION_REPRESENTATION (  '', ( #2966 ), #1451 ) ;
#3812 = SURFACE_STYLE_USAGE ( .BOTH. , #2427 ) ;
#3813 = CARTESIAN_POINT ( 'NONE',  ( -0.05000000000000000278, 0.1499999999999999944, -0.01000000000000000021 ) ) ;
#3814 = DIRECTION ( 'NONE',  ( -0.0000000000000000000, -0.0000000000000000000, 1.000000000000000000 ) ) ;
#3815 = CARTESIAN_POINT ( 'NONE',  ( 0.4749999999999999778, 0.2999999999999999889, 0.0000000000000000000 ) ) ;
#3816 = PRESENTATION_LAYER_ASSIGNMENT (  '', '', ( #1243 ) ) ;
#3817 = CARTESIAN_POINT ( 'NONE',  ( -0.4749999999999319766, -0.1645950378226359312, 3.150985829628107931E-17 ) ) ;
#3818 = UNCERTAINTY_MEASURE_WITH_UNIT (LENGTH_MEASURE( 1.000000000000000082E-05 ), #2819, 'distance_accuracy_value', 'NONE');
#3819 = SURFACE_STYLE_FILL_AREA ( #1556 ) ;
#3820 = AXIS2_PLACEMENT_3D ( 'NONE', #605, #3851, #2198 ) ;
#3821 = EDGE_LOOP ( 'NONE', ( #1522, #3465, #1743 ) ) ;
#3822 = DIRECTION ( 'NONE',  ( 0.0000000000000000000, -1.000000000000000000, -1.034036596358999946E-18 ) ) ;
#3823 =( LENGTH_UNIT ( ) NAMED_UNIT ( * ) SI_UNIT ( .MILLI., .METRE. ) );
#3824 = VECTOR ( 'NONE', #1998, 1000.000000000000000 ) ;
#3825 = ORIENTED_EDGE ( 'NONE', *, *, #3068, .T. ) ;
#3826 = DIRECTION ( 'NONE',  ( 0.0000000000000000000, 0.0000000000000000000, -1.000000000000000000 ) ) ;
#3827 = VECTOR ( 'NONE', #1312, 1000.000000000000000 ) ;
#3828 = SURFACE_STYLE_FILL_AREA ( #548 ) ;
#3829 = ORIENTED_EDGE ( 'NONE', *, *, #96, .T. ) ;
#3830 = VERTEX_POINT ( 'NONE', #4159 ) ;
#3831 = CARTESIAN_POINT ( 'NONE',  ( -0.4949999999999999956, -0.2999999999999999889, 0.06000000000000000472 ) ) ;
#3832 = ADVANCED_FACE ( 'NONE', ( #1107 ), #3402, .F. ) ;
#3833 = CARTESIAN_POINT ( 'NONE',  ( -0.05000000000000000278, 0.1499999999999999944, 0.0000000000000000000 ) ) ;
#3834 = CARTESIAN_POINT ( 'NONE',  ( -0.5500000000000000444, 0.3499999999999999778, 0.07999999999999998779 ) ) ;
#3835 = LINE ( 'NONE', #195, #3887 ) ;
#3836 =( GEOMETRIC_REPRESENTATION_CONTEXT ( 3 ) GLOBAL_UNCERTAINTY_ASSIGNED_CONTEXT ( ( #3651 ) ) GLOBAL_UNIT_ASSIGNED_CONTEXT ( ( #3109, #2852, #783 ) ) REPRESENTATION_CONTEXT ( 'NONE', 'WORKASPACE' ) );
#3837 = EDGE_CURVE ( 'NONE', #3398, #4044, #1638, .T. ) ;
#3838 = CYLINDRICAL_SURFACE ( 'NONE', #3925, 0.1499999999999999667 ) ;
#3839 = FACE_OUTER_BOUND ( 'NONE', #2778, .T. ) ;
#3840 = DIRECTION ( 'NONE',  ( 0.0000000000000000000, 1.000000000000000000, -0.0000000000000000000 ) ) ;
#3841 = CARTESIAN_POINT ( 'NONE',  ( 0.5000000000000000000, 0.1563508326898145895, 0.07999999999999998779 ) ) ;
#3842 = CIRCLE ( 'NONE', #1547, 0.2400000000000000189 ) ;
#3843 = ORIENTED_EDGE ( 'NONE', *, *, #4021, .F. ) ;
#3844 = PRESENTATION_LAYER_ASSIGNMENT (  '', '', ( #1409 ) ) ;
#3845 = VERTEX_POINT ( 'NONE', #3564 ) ;
#3846 = SURFACE_STYLE_FILL_AREA ( #547 ) ;
#3847 = CARTESIAN_POINT ( 'NONE',  ( 0.4949999999999999956, -0.2999999999999999889, 0.06000000000000000472 ) ) ;
#3848 = DIRECTION ( 'NONE',  ( -1.000000000000000000, 0.0000000000000000000, 0.0000000000000000000 ) ) ;
#3849 = VERTEX_POINT ( 'NONE', #2922 ) ;
#3850 = EDGE_LOOP ( 'NONE', ( #1895, #358, #2149, #3892, #2404, #545, #1838, #3211, #642, #2829, #1101, #635 ) ) ;
#3851 = DIRECTION ( 'NONE',  ( 0.0000000000000000000, 0.0000000000000000000, -1.000000000000000000 ) ) ;
#3852 =( NAMED_UNIT ( * ) SI_UNIT ( $, .STERADIAN. ) SOLID_ANGLE_UNIT ( ) );
#3853 = CARTESIAN_POINT ( 'NONE',  ( -0.4749999999999999778, -0.2999999999999999889, 0.06000000000000000472 ) ) ;
#3854 = VECTOR ( 'NONE', #1020, 1000.000000000000000 ) ;
#3855 = SURFACE_STYLE_USAGE ( .BOTH. , #2823 ) ;
#3856 = EDGE_CURVE ( 'NONE', #2316, #1589, #3519, .T. ) ;
#3857 = DIRECTION ( 'NONE',  ( 0.0000000000000000000, -1.034036596358999946E-18, 1.000000000000000000 ) ) ;
#3858 = CIRCLE ( 'NONE', #1643, 0.2000000000000000389 ) ;
#3859 =( GEOMETRIC_REPRESENTATION_CONTEXT ( 3 ) GLOBAL_UNCERTAINTY_ASSIGNED_CONTEXT ( ( #113 ) ) GLOBAL_UNIT_ASSIGNED_CONTEXT ( ( #1190, #876, #2789 ) ) REPRESENTATION_CONTEXT ( 'NONE', 'WORKASPACE' ) );
#3860 = EDGE_CURVE ( 'NONE', #4110, #1073, #575, .T. ) ;
#3861 = VECTOR ( 'NONE', #778, 1000.000000000000000 ) ;
#3862 = ORIENTED_EDGE ( 'NONE', *, *, #3112, .T. ) ;
#3863 = CIRCLE ( 'NONE', #1975, 0.2400000000000000466 ) ;
#3864 = PRESENTATION_STYLE_ASSIGNMENT (( #2827 ) ) ;
#3865 = ADVANCED_FACE ( 'NONE', ( #1901 ), #536, .T. ) ;
#3866 = UNCERTAINTY_MEASURE_WITH_UNIT (LENGTH_MEASURE( 1.000000000000000082E-05 ), #736, 'distance_accuracy_value', 'NONE');
#3867 = AXIS2_PLACEMENT_3D ( 'NONE', #2424, #3759, #193 ) ;
#3868 = SURFACE_STYLE_USAGE ( .BOTH. , #2894 ) ;
#3869 = FILL_AREA_STYLE_COLOUR ( '', #3623 ) ;
#3870 = COLOUR_RGB ( '',0.7803921568627451011, 0.5686274509803921351, 0.1137254901960784298 ) ;
#3871 = AXIS2_PLACEMENT_3D ( 'NONE', #1799, #3107, #144 ) ;
#3872 = VERTEX_POINT ( 'NONE', #3183 ) ;
#3873 = ORIENTED_EDGE ( 'NONE', *, *, #564, .F. ) ;
#3874 =( NAMED_UNIT ( * ) PLANE_ANGLE_UNIT ( ) SI_UNIT ( $, .RADIAN. ) );
#3875 = VECTOR ( 'NONE', #269, 1000.000000000000000 ) ;
#3876 = FILL_AREA_STYLE_COLOUR ( '', #1147 ) ;
#3877 = ORIENTED_EDGE ( 'NONE', *, *, #3526, .T. ) ;
#3878 = SURFACE_SIDE_STYLE ('',( #1151 ) ) ;
#3879 = DIRECTION ( 'NONE',  ( -1.000000000000000000, 0.0000000000000000000, -0.0000000000000000000 ) ) ;
#3880 = DIRECTION ( 'NONE',  ( -1.000000000000000000, -0.0000000000000000000, 0.0000000000000000000 ) ) ;
#3881 = DIRECTION ( 'NONE',  ( 0.0000000000000000000, 1.000000000000000000, -1.355252715606880296E-16 ) ) ;
#3882 = EDGE_CURVE ( 'NONE', #2128, #504, #1923, .T. ) ;
#3883 = CARTESIAN_POINT ( 'NONE',  ( 0.3713942890049999890, 0.2600000000000000089, 0.02000000000000000042 ) ) ;
#3884 = ORIENTED_EDGE ( 'NONE', *, *, #4175, .T. ) ;
#3885 =( NAMED_UNIT ( * ) PLANE_ANGLE_UNIT ( ) SI_UNIT ( $, .RADIAN. ) );
#3886 = ORIENTED_EDGE ( 'NONE', *, *, #3639, .F. ) ;
#3887 = VECTOR ( 'NONE', #1480, 1000.000000000000000 ) ;
#3888 = ADVANCED_FACE ( 'NONE', ( #283 ), #2623, .T. ) ;
#3889 = DIRECTION ( 'NONE',  ( -1.000000000000000000, 0.0000000000000000000, 0.0000000000000000000 ) ) ;
#3890 = CARTESIAN_POINT ( 'NONE',  ( -0.2000000000000000111, -0.2600000000000000089, -3.184081677782999738E-17 ) ) ;
#3891 = COLOUR_RGB ( '',0.7803921568627451011, 0.5686274509803921351, 0.1137254901960784298 ) ;
#3892 = ORIENTED_EDGE ( 'NONE', *, *, #1001, .T. ) ;
#3893 = ORIENTED_EDGE ( 'NONE', *, *, #451, .T. ) ;
#3894 =( NAMED_UNIT ( * ) SI_UNIT ( $, .STERADIAN. ) SOLID_ANGLE_UNIT ( ) );
#3895 = PRESENTATION_STYLE_ASSIGNMENT (( #305 ) ) ;
#3896 = DIRECTION ( 'NONE',  ( 0.0000000000000000000, 1.000000000000000000, -0.0000000000000000000 ) ) ;
#3897 = SHAPE_DEFINITION_REPRESENTATION ( #3807, #2898 ) ;
#3898 = PRESENTATION_STYLE_ASSIGNMENT (( #2263 ) ) ;
#3899 = SURFACE_STYLE_USAGE ( .BOTH. , #4254 ) ;
#3900 = STYLED_ITEM ( 'NONE', ( #478 ), #18 ) ;
#3901 = SURFACE_SIDE_STYLE ('',( #2972 ) ) ;
#3902 = PRESENTATION_LAYER_ASSIGNMENT (  '', '', ( #2844 ) ) ;
#3903 = EDGE_CURVE ( 'NONE', #1018, #3479, #1931, .T. ) ;
#3904 = CARTESIAN_POINT ( 'NONE',  ( 0.5500000000000000444, 0.3499999999999999778, 4.286263797016499571E-17 ) ) ;
#3905 = VERTEX_POINT ( 'NONE', #1623 ) ;
#3906 = FILL_AREA_STYLE ('',( #1650 ) ) ;
#3907 = EDGE_CURVE ( 'NONE', #2502, #3267, #1385, .T. ) ;
#3908 = AXIS2_PLACEMENT_3D ( 'NONE', #291, #767, #725 ) ;
#3909 = DIRECTION ( 'NONE',  ( 1.000000000000000000, 0.0000000000000000000, 0.0000000000000000000 ) ) ;
#3910 = DIRECTION ( 'NONE',  ( 1.000000000000000000, -9.274621392321998436E-15, 1.135813540141000073E-30 ) ) ;
#3911 = SURFACE_STYLE_USAGE ( .BOTH. , #235 ) ;
#3912 = ORIENTED_EDGE ( 'NONE', *, *, #354, .T. ) ;
#3913 = ORIENTED_EDGE ( 'NONE', *, *, #3882, .F. ) ;
#3914 = AXIS2_PLACEMENT_3D ( 'NONE', #786, #4156, #2814 ) ;
#3915 = EDGE_CURVE ( 'NONE', #1557, #2521, #290, .T. ) ;
#3916 = DIRECTION ( 'NONE',  ( -0.0000000000000000000, -0.0000000000000000000, 1.000000000000000000 ) ) ;
#3917 = DIRECTION ( 'NONE',  ( 0.0000000000000000000, 0.0000000000000000000, -1.000000000000000000 ) ) ;
#3918 =( LENGTH_UNIT ( ) NAMED_UNIT ( * ) SI_UNIT ( .MILLI., .METRE. ) );
#3919 = CYLINDRICAL_SURFACE ( 'NONE', #1395, 0.01500000000000001159 ) ;
#3920 = APPLICATION_PROTOCOL_DEFINITION ( 'draft international standard', 'automotive_design', 1998, #1737 ) ;
#3921 = LINE ( 'NONE', #1926, #1108 ) ;
#3922 = CARTESIAN_POINT ( 'NONE',  ( -0.5500000000000000444, -0.3499999999999999778, 0.08000000000000001554 ) ) ;
#3923 = EDGE_LOOP ( 'NONE', ( #685, #1002, #3945, #1818, #711, #3674, #1709, #2646 ) ) ;
#3924 = CARTESIAN_POINT ( 'NONE',  ( 0.5500000000000000444, -0.3499999999999999778, -4.286263797015999754E-17 ) ) ;
#3925 = AXIS2_PLACEMENT_3D ( 'NONE', #3166, #1466, #3546 ) ;
#3926 = ORIENTED_EDGE ( 'NONE', *, *, #3459, .F. ) ;
#3927 = AXIS2_PLACEMENT_3D ( 'NONE', #3589, #2925, #2311 ) ;
#3928 = PRESENTATION_LAYER_ASSIGNMENT (  '', '', ( #3360 ) ) ;
#3929 = LINE ( 'NONE', #2279, #4023 ) ;
#3930 = SURFACE_STYLE_USAGE ( .BOTH. , #2959 ) ;
#3931 = DIRECTION ( 'NONE',  ( 0.0000000000000000000, -0.0000000000000000000, -1.000000000000000000 ) ) ;
#3932 = EDGE_CURVE ( 'NONE', #4133, #1175, #1908, .T. ) ;
#3933 = VERTEX_POINT ( 'NONE', #4257 ) ;
#3934 = VECTOR ( 'NONE', #398, 1000.000000000000000 ) ;
#3935 = ORIENTED_EDGE ( 'NONE', *, *, #1857, .F. ) ;
#3936 = AXIS2_PLACEMENT_3D ( 'NONE', #3669, #1039, #1741 ) ;
#3937 = MECHANICAL_DESIGN_GEOMETRIC_PRESENTATION_REPRESENTATION (  '', ( #253 ), #179 ) ;
#3938 = EDGE_CURVE ( 'NONE', #3128, #1041, #436, .T. ) ;
#3939 = CIRCLE ( 'NONE', #1080, 0.1700000000000000122 ) ;
#3940 = VECTOR ( 'NONE', #1492, 1000.000000000000000 ) ;
#3941 = SURFACE_STYLE_USAGE ( .BOTH. , #349 ) ;
#3942 =( LENGTH_UNIT ( ) NAMED_UNIT ( * ) SI_UNIT ( .MILLI., .METRE. ) );
#3943 = FILL_AREA_STYLE ('',( #264 ) ) ;
#3944 = EDGE_CURVE ( 'NONE', #3905, #1018, #2904, .T. ) ;
#3945 = ORIENTED_EDGE ( 'NONE', *, *, #1197, .F. ) ;
#3946 = CIRCLE ( 'NONE', #3373, 0.2000000000000000389 ) ;
#3947 = DIRECTION ( 'NONE',  ( 1.000000000000000000, 0.0000000000000000000, 0.0000000000000000000 ) ) ;
#3948 = PRESENTATION_LAYER_ASSIGNMENT (  '', '', ( #2272 ) ) ;
#3949 = SURFACE_SIDE_STYLE ('',( #2291 ) ) ;
#3950 = CARTESIAN_POINT ( 'NONE',  ( 0.3000000000000000444, 0.2950000000000000400, 0.0000000000000000000 ) ) ;
#3951 = MECHANICAL_DESIGN_GEOMETRIC_PRESENTATION_REPRESENTATION (  '', ( #3310 ), #1090 ) ;
#3952 = DIRECTION ( 'NONE',  ( 0.0000000000000000000, -1.000000000000000000, -0.0000000000000000000 ) ) ;
#3953 = PRESENTATION_LAYER_ASSIGNMENT (  '', '', ( #3444 ) ) ;
#3954 = SURFACE_STYLE_FILL_AREA ( #1671 ) ;
#3955 = ORIENTED_EDGE ( 'NONE', *, *, #4193, .T. ) ;
#3956 = SURFACE_STYLE_USAGE ( .BOTH. , #2953 ) ;
#3957 = MECHANICAL_DESIGN_GEOMETRIC_PRESENTATION_REPRESENTATION (  '', ( #820 ), #2067 ) ;
#3958 = PRODUCT ( 'Rot', 'Rot', '', ( #1311 ) ) ;
#3959 = CIRCLE ( 'NONE', #2470, 0.1499999999999999667 ) ;
#3960 = DIRECTION ( 'NONE',  ( 0.0000000000000000000, 0.0000000000000000000, -1.000000000000000000 ) ) ;
#3961 = DIRECTION ( 'NONE',  ( 0.0000000000000000000, 1.000000000000000000, -1.129377263005733621E-16 ) ) ;
#3962 = ORIENTED_EDGE ( 'NONE', *, *, #2340, .F. ) ;
#3963 = VECTOR ( 'NONE', #3952, 1000.000000000000000 ) ;
#3964 = VERTEX_POINT ( 'NONE', #3016 ) ;
#3965 = UNCERTAINTY_MEASURE_WITH_UNIT (LENGTH_MEASURE( 1.000000000000000082E-05 ), #528, 'distance_accuracy_value', 'NONE');
#3966 = AXIS2_PLACEMENT_3D ( 'NONE', #1237, #2941, #2238 ) ;
#3967 = CYLINDRICAL_SURFACE ( 'NONE', #661, 0.2000000000000000389 ) ;
#3968 = CARTESIAN_POINT ( 'NONE',  ( -0.4999999999999514277, -0.2085786437627077106, 0.0000000000000000000 ) ) ;
#3969 = ORIENTED_EDGE ( 'NONE', *, *, #1891, .T. ) ;
#3970 = VERTEX_POINT ( 'NONE', #455 ) ;
#3971 = DIRECTION ( 'NONE',  ( 1.000000000000000000, 0.0000000000000000000, 0.0000000000000000000 ) ) ;
#3972 = DIRECTION ( 'NONE',  ( 1.000000000000000000, 0.0000000000000000000, -0.0000000000000000000 ) ) ;
#3973 = CARTESIAN_POINT ( 'NONE',  ( -0.4949999999999999956, -0.1891429205790000068, 0.02000000000000000042 ) ) ;
#3974 = DIRECTION ( 'NONE',  ( -0.0000000000000000000, 1.000000000000000000, 0.0000000000000000000 ) ) ;
#3975 = ORIENTED_EDGE ( 'NONE', *, *, #3698, .T. ) ;
#3976 = DIRECTION ( 'NONE',  ( 0.0000000000000000000, 0.0000000000000000000, 1.000000000000000000 ) ) ;
#3977 =( GEOMETRIC_REPRESENTATION_CONTEXT ( 3 ) GLOBAL_UNCERTAINTY_ASSIGNED_CONTEXT ( ( #1701 ) ) GLOBAL_UNIT_ASSIGNED_CONTEXT ( ( #3582, #1615, #2902 ) ) REPRESENTATION_CONTEXT ( 'NONE', 'WORKASPACE' ) );
#3978 = LINE ( 'NONE', #639, #3214 ) ;
#3979 = CARTESIAN_POINT ( 'NONE',  ( 0.2999999999999999889, 0.2999999999999999889, 0.1250000000000000000 ) ) ;
#3980 = LINE ( 'NONE', #1654, #3028 ) ;
#3981 = ORIENTED_EDGE ( 'NONE', *, *, #1169, .T. ) ;
#3982 = PRESENTATION_LAYER_ASSIGNMENT (  '', '', ( #2372 ) ) ;
#3983 = VERTEX_POINT ( 'NONE', #114 ) ;
#3984 =( NAMED_UNIT ( * ) PLANE_ANGLE_UNIT ( ) SI_UNIT ( $, .RADIAN. ) );
#3985 = STYLED_ITEM ( 'NONE', ( #581 ), #637 ) ;
#3986 = FACE_OUTER_BOUND ( 'NONE', #931, .T. ) ;
#3987 = SURFACE_STYLE_USAGE ( .BOTH. , #4270 ) ;
#3988 = ORIENTED_EDGE ( 'NONE', *, *, #4128, .T. ) ;
#3989 =( NAMED_UNIT ( * ) SI_UNIT ( $, .STERADIAN. ) SOLID_ANGLE_UNIT ( ) );
#3990 = SHAPE_DEFINITION_REPRESENTATION ( #2546, #1988 ) ;
#3991 = FILL_AREA_STYLE ('',( #2906 ) ) ;
#3992 = EDGE_CURVE ( 'NONE', #1885, #3905, #724, .T. ) ;
#3993 = DIRECTION ( 'NONE',  ( -1.000000000000000000, 0.0000000000000000000, 0.0000000000000000000 ) ) ;
#3994 = UNCERTAINTY_MEASURE_WITH_UNIT (LENGTH_MEASURE( 1.000000000000000082E-05 ), #1079, 'distance_accuracy_value', 'NONE');
#3995 = SURFACE_STYLE_FILL_AREA ( #37 ) ;
#3996 = EDGE_CURVE ( 'NONE', #1680, #2931, #2357, .T. ) ;
#3997 = ORIENTED_EDGE ( 'NONE', *, *, #2256, .F. ) ;
#3998 = CARTESIAN_POINT ( 'NONE',  ( -0.2950000000000000400, 0.2950000000000000400, 0.0000000000000000000 ) ) ;
#3999 = AXIS2_PLACEMENT_3D ( 'NONE', #923, #964, #2234 ) ;
#4000 = UNCERTAINTY_MEASURE_WITH_UNIT (LENGTH_MEASURE( 1.000000000000000082E-05 ), #119, 'distance_accuracy_value', 'NONE');
#4001 = DIRECTION ( 'NONE',  ( -1.000000000000000000, 0.0000000000000000000, -0.0000000000000000000 ) ) ;
#4002 = DIRECTION ( 'NONE',  ( 0.0000000000000000000, 0.0000000000000000000, 1.000000000000000000 ) ) ;
#4003 = DIRECTION ( 'NONE',  ( -0.0000000000000000000, 1.224646799146999945E-16, 1.000000000000000000 ) ) ;
#4004 = ORIENTED_EDGE ( 'NONE', *, *, #3396, .T. ) ;
#4005 = ORIENTED_EDGE ( 'NONE', *, *, #373, .T. ) ;
#4006 = UNCERTAINTY_MEASURE_WITH_UNIT (LENGTH_MEASURE( 1.000000000000000082E-05 ), #3220, 'distance_accuracy_value', 'NONE');
#4007 = VECTOR ( 'NONE', #2410, 1000.000000000000000 ) ;
#4008 = CARTESIAN_POINT ( 'NONE',  ( -0.2000000000000000111, -0.2599999999999999534, 0.0000000000000000000 ) ) ;
#4009 = DIRECTION ( 'NONE',  ( 1.000000000000000000, 0.0000000000000000000, 0.0000000000000000000 ) ) ;
#4010 = CARTESIAN_POINT ( 'NONE',  ( 0.3563508326900000078, 0.2999999999999999889, 0.0000000000000000000 ) ) ;
#4011 = AXIS2_PLACEMENT_3D ( 'NONE', #2693, #3749, #4067 ) ;
#4012 = VECTOR ( 'NONE', #2884, 1000.000000000000000 ) ;
#4013 = ORIENTED_EDGE ( 'NONE', *, *, #1333, .T. ) ;
#4014 =( GEOMETRIC_REPRESENTATION_CONTEXT ( 3 ) GLOBAL_UNCERTAINTY_ASSIGNED_CONTEXT ( ( #2839 ) ) GLOBAL_UNIT_ASSIGNED_CONTEXT ( ( #1329, #3631, #2969 ) ) REPRESENTATION_CONTEXT ( 'NONE', 'WORKASPACE' ) );
#4015 = MANIFOLD_SOLID_BREP ( 'Imported1', #3331 ) ;
#4016 = CARTESIAN_POINT ( 'NONE',  ( -0.05000000000000000278, 0.1499999999999999944, -3.877637236346249075E-20 ) ) ;
#4017 = AXIS2_PLACEMENT_3D ( 'NONE', #589, #3190, #4279 ) ;
#4018 = CIRCLE ( 'NONE', #3867, 0.2000000000000000389 ) ;
#4019 = SURFACE_STYLE_FILL_AREA ( #2642 ) ;
#4020 =( LENGTH_UNIT ( ) NAMED_UNIT ( * ) SI_UNIT ( .MILLI., .METRE. ) );
#4021 = EDGE_CURVE ( 'NONE', #3489, #201, #3722, .T. ) ;
#4022 = PRESENTATION_LAYER_ASSIGNMENT (  '', '', ( #56 ) ) ;
#4023 = VECTOR ( 'NONE', #3553, 1000.000000000000000 ) ;
#4024 =( LENGTH_UNIT ( ) NAMED_UNIT ( * ) SI_UNIT ( .MILLI., .METRE. ) );
#4025 = DIRECTION ( 'NONE',  ( 1.000000000000000000, 0.0000000000000000000, 0.0000000000000000000 ) ) ;
#4026 = PRESENTATION_LAYER_ASSIGNMENT (  '', '', ( #3310 ) ) ;
#4027 = EDGE_CURVE ( 'NONE', #904, #992, #2008, .T. ) ;
#4028 = ORIENTED_EDGE ( 'NONE', *, *, #2990, .F. ) ;
#4029 = FACE_OUTER_BOUND ( 'NONE', #1119, .T. ) ;
#4030 =( NAMED_UNIT ( * ) SI_UNIT ( $, .STERADIAN. ) SOLID_ANGLE_UNIT ( ) );
#4031 = PRODUCT_RELATED_PRODUCT_CATEGORY ( 'part', '', ( #1554 ) ) ;
#4032 = CARTESIAN_POINT ( 'NONE',  ( 0.1000000000000000194, -0.2999999999999999889, -1.551054894538499630E-19 ) ) ;
#4033 =( NAMED_UNIT ( * ) PLANE_ANGLE_UNIT ( ) SI_UNIT ( $, .RADIAN. ) );
#4034 = ORIENTED_EDGE ( 'NONE', *, *, #1661, .T. ) ;
#4035 = EDGE_CURVE ( 'NONE', #3489, #301, #1748, .T. ) ;
#4036 =( NAMED_UNIT ( * ) SI_UNIT ( $, .STERADIAN. ) SOLID_ANGLE_UNIT ( ) );
#4037 = AXIS2_PLACEMENT_3D ( 'NONE', #4125, #3524, #1814 ) ;
#4038 = ORIENTED_EDGE ( 'NONE', *, *, #550, .T. ) ;
#4039 = ORIENTED_EDGE ( 'NONE', *, *, #3172, .F. ) ;
#4040 = FACE_OUTER_BOUND ( 'NONE', #1227, .T. ) ;
#4041 = DIRECTION ( 'NONE',  ( 0.0000000000000000000, 1.000000000000000000, -1.129377263005733621E-16 ) ) ;
#4042 = FILL_AREA_STYLE_COLOUR ( '', #1406 ) ;
#4043 = COLOUR_RGB ( '',0.7803921568627451011, 0.5686274509803921351, 0.1137254901960784298 ) ;
#4044 = VERTEX_POINT ( 'NONE', #1396 ) ;
#4045 = DIRECTION ( 'NONE',  ( 0.0000000000000000000, 1.000000000000000000, -1.185846126156020228E-16 ) ) ;
#4046 =( NAMED_UNIT ( * ) SI_UNIT ( $, .STERADIAN. ) SOLID_ANGLE_UNIT ( ) );
#4047 = FILL_AREA_STYLE ('',( #68 ) ) ;
#4048 = FILL_AREA_STYLE ('',( #3003 ) ) ;
#4049 = ADVANCED_FACE ( 'NONE', ( #1047 ), #746, .F. ) ;
#4050 = EDGE_LOOP ( 'NONE', ( #3199, #1170, #3146, #1231 ) ) ;
#4051 = UNCERTAINTY_MEASURE_WITH_UNIT (LENGTH_MEASURE( 1.000000000000000082E-05 ), #3823, 'distance_accuracy_value', 'NONE');
#4052 = CYLINDRICAL_SURFACE ( 'NONE', #577, 0.2000000000000000111 ) ;
#4053 = PRESENTATION_STYLE_ASSIGNMENT (( #690 ) ) ;
#4054 = SURFACE_STYLE_FILL_AREA ( #1122 ) ;
#4055 = CIRCLE ( 'NONE', #3908, 0.1700000000000000122 ) ;
#4056 = DIRECTION ( 'NONE',  ( 1.000000000000000000, 0.0000000000000000000, -0.0000000000000000000 ) ) ;
#4057 = EDGE_CURVE ( 'NONE', #3215, #189, #3472, .T. ) ;
#4058 = CONTEXT_DEPENDENT_SHAPE_REPRESENTATION ( #3565, #2892 ) ;
#4059 = SURFACE_STYLE_FILL_AREA ( #1720 ) ;
#4060 = DIRECTION ( 'NONE',  ( 0.0000000000000000000, -1.224646799146999945E-16, -1.000000000000000000 ) ) ;
#4061 = LINE ( 'NONE', #2368, #472 ) ;
#4062 = SHAPE_REPRESENTATION_RELATIONSHIP ( 'NONE' , 'NONE' ,  #2898, #777 ) ;
#4063 = SURFACE_STYLE_FILL_AREA ( #59 ) ;
#4064 =( GEOMETRIC_REPRESENTATION_CONTEXT ( 3 ) GLOBAL_UNCERTAINTY_ASSIGNED_CONTEXT ( ( #4267 ) ) GLOBAL_UNIT_ASSIGNED_CONTEXT ( ( #2406, #3741, #392 ) ) REPRESENTATION_CONTEXT ( 'NONE', 'WORKASPACE' ) );
#4065 = DIRECTION ( 'NONE',  ( 0.0000000000000000000, -1.224646799146999945E-16, -1.000000000000000000 ) ) ;
#4066 = CARTESIAN_POINT ( 'NONE',  ( 0.2849999999999999756, 0.2999999999999999889, 0.1250000000000000000 ) ) ;
#4067 = DIRECTION ( 'NONE',  ( 0.0000000000000000000, 1.000000000000000000, -1.355252715606880543E-16 ) ) ;
#4068 = ORIENTED_EDGE ( 'NONE', *, *, #3771, .T. ) ;
#4069 = STYLED_ITEM ( 'NONE', ( #3202 ), #857 ) ;
#4070 = DIRECTION ( 'NONE',  ( 0.0000000000000000000, 0.0000000000000000000, 1.000000000000000000 ) ) ;
#4071 = ORIENTED_EDGE ( 'NONE', *, *, #1269, .T. ) ;
#4072 = VECTOR ( 'NONE', #1317, 1000.000000000000000 ) ;
#4073 = ADVANCED_FACE ( 'NONE', ( #557 ), #1504, .T. ) ;
#4074 =( GEOMETRIC_REPRESENTATION_CONTEXT ( 3 ) GLOBAL_UNCERTAINTY_ASSIGNED_CONTEXT ( ( #302 ) ) GLOBAL_UNIT_ASSIGNED_CONTEXT ( ( #2018, #3053, #1416 ) ) REPRESENTATION_CONTEXT ( 'NONE', 'WORKASPACE' ) );
#4075 =( GEOMETRIC_REPRESENTATION_CONTEXT ( 3 ) GLOBAL_UNCERTAINTY_ASSIGNED_CONTEXT ( ( #671 ) ) GLOBAL_UNIT_ASSIGNED_CONTEXT ( ( #1867, #2199, #3852 ) ) REPRESENTATION_CONTEXT ( 'NONE', 'WORKASPACE' ) );
#4076 = EDGE_CURVE ( 'NONE', #3191, #3044, #4138, .T. ) ;
#4077 = CARTESIAN_POINT ( 'NONE',  ( 0.5500000000000000444, -0.3499999999999999778, 0.02000000000000000042 ) ) ;
#4078 = STYLED_ITEM ( 'NONE', ( #2091 ), #2412 ) ;
#4079 =( LENGTH_UNIT ( ) NAMED_UNIT ( * ) SI_UNIT ( .MILLI., .METRE. ) );
#4080 = CARTESIAN_POINT ( 'NONE',  ( -0.4949999999999222799, 0.1577111547697281346, -1.931404608786746271E-17 ) ) ;
#4081 = CARTESIAN_POINT ( 'NONE',  ( 0.3875192319071404379, 0.2999999999999999889, 0.02000000000000000042 ) ) ;
#4082 = PRESENTATION_LAYER_ASSIGNMENT (  '', '', ( #1438 ) ) ;
#4083 = ORIENTED_EDGE ( 'NONE', *, *, #2476, .F. ) ;
#4084 = FILL_AREA_STYLE_COLOUR ( '', #681 ) ;
#4085 = PLANE ( 'NONE',  #2662 ) ;
#4086 = UNCERTAINTY_MEASURE_WITH_UNIT (LENGTH_MEASURE( 1.000000000000000082E-05 ), #905, 'distance_accuracy_value', 'NONE');
#4087 = FILL_AREA_STYLE_COLOUR ( '', #2603 ) ;
#4088 = ORIENTED_EDGE ( 'NONE', *, *, #4153, .F. ) ;
#4089 =( LENGTH_UNIT ( ) NAMED_UNIT ( * ) SI_UNIT ( .MILLI., .METRE. ) );
#4090 = ORIENTED_EDGE ( 'NONE', *, *, #1930, .F. ) ;
#4091 = ADVANCED_FACE ( 'NONE', ( #1810 ), #3206, .T. ) ;
#4092 = PRESENTATION_LAYER_ASSIGNMENT (  '', '', ( #967 ) ) ;
#4093 = CARTESIAN_POINT ( 'NONE',  ( -0.5000000000000000000, -0.2999999999999999889, 0.08000000000000000167 ) ) ;
#4094 = CARTESIAN_POINT ( 'NONE',  ( -0.5000000000000000000, 0.2999999999999999889, 0.0000000000000000000 ) ) ;
#4095 = VECTOR ( 'NONE', #4281, 1000.000000000000000 ) ;
#4096 = ADVANCED_FACE ( 'NONE', ( #3113 ), #154, .T. ) ;
#4097 = DIRECTION ( 'NONE',  ( 1.000000000000000000, -9.274621392321998436E-15, 1.135813540141000073E-30 ) ) ;
#4098 = PRODUCT_DEFINITION ( 'UNKNOWN', '', #957, #369 ) ;
#4099 =( NAMED_UNIT ( * ) SI_UNIT ( $, .STERADIAN. ) SOLID_ANGLE_UNIT ( ) );
#4100 = DIRECTION ( 'NONE',  ( 0.0000000000000000000, 1.000000000000000000, -1.129377263005733621E-16 ) ) ;
#4101 = DIRECTION ( 'NONE',  ( 0.0000000000000000000, 0.0000000000000000000, 1.000000000000000000 ) ) ;
#4102 = LINE ( 'NONE', #2110, #3755 ) ;
#4103 = FILL_AREA_STYLE ('',( #1511 ) ) ;
#4104 = EDGE_CURVE ( 'NONE', #2835, #992, #3921, .T. ) ;
#4105 = LINE ( 'NONE', #1095, #3578 ) ;
#4106 =( GEOMETRIC_REPRESENTATION_CONTEXT ( 3 ) GLOBAL_UNCERTAINTY_ASSIGNED_CONTEXT ( ( #3818 ) ) GLOBAL_UNIT_ASSIGNED_CONTEXT ( ( #2819, #3810, #3520 ) ) REPRESENTATION_CONTEXT ( 'NONE', 'WORKASPACE' ) );
#4107 = EDGE_LOOP ( 'NONE', ( #570, #1861, #1494, #3173 ) ) ;
#4108 = CARTESIAN_POINT ( 'NONE',  ( -0.5000000000000000000, -0.1563508326899999967, 0.0000000000000000000 ) ) ;
#4109 = PLANE ( 'NONE',  #3374 ) ;
#4110 = VERTEX_POINT ( 'NONE', #672 ) ;
#4111 = CARTESIAN_POINT ( 'NONE',  ( -0.5500000000000000444, 0.3499999999999999778, 0.08000000000000000167 ) ) ;
#4112 = CARTESIAN_POINT ( 'NONE',  ( 0.2950000000000000400, -0.3000000000000000444, 0.0000000000000000000 ) ) ;
#4113 =( NAMED_UNIT ( * ) SI_UNIT ( $, .STERADIAN. ) SOLID_ANGLE_UNIT ( ) );
#4114 = CARTESIAN_POINT ( 'NONE',  ( -0.4750000000000030309, 0.1645950378228036026, 0.01999999999999999001 ) ) ;
#4115 = MECHANICAL_DESIGN_GEOMETRIC_PRESENTATION_REPRESENTATION (  '', ( #4183 ), #1816 ) ;
#4116 =( LENGTH_UNIT ( ) NAMED_UNIT ( * ) SI_UNIT ( .MILLI., .METRE. ) );
#4117 = DIRECTION ( 'NONE',  ( -0.0000000000000000000, 0.0000000000000000000, 1.000000000000000000 ) ) ;
#4118 = CARTESIAN_POINT ( 'NONE',  ( -0.4949999999999999956, -0.2999999999999999889, 0.02000000000000000042 ) ) ;
#4119 = VECTOR ( 'NONE', #3931, 1000.000000000000000 ) ;
#4120 =( LENGTH_UNIT ( ) NAMED_UNIT ( * ) SI_UNIT ( .MILLI., .METRE. ) );
#4121 = CARTESIAN_POINT ( 'NONE',  ( -0.2000000000000000111, 0.2999999999999999889, 0.0000000000000000000 ) ) ;
#4122 = DIRECTION ( 'NONE',  ( -0.0000000000000000000, 1.000000000000000000, 1.034036596358999946E-18 ) ) ;
#4123 = PRESENTATION_LAYER_ASSIGNMENT (  '', '', ( #2173 ) ) ;
#4124 = ORIENTED_EDGE ( 'NONE', *, *, #2295, .F. ) ;
#4125 = CARTESIAN_POINT ( 'NONE',  ( -0.4949999999999999956, -0.2999999999999999889, 0.02000000000000000042 ) ) ;
#4126 = CARTESIAN_POINT ( 'NONE',  ( -0.4949999999999304956, 0.1891429205785696566, 0.01999999999999999001 ) ) ;
#4127 = EDGE_LOOP ( 'NONE', ( #1524, #3247, #3969 ) ) ;
#4128 = EDGE_CURVE ( 'NONE', #1073, #1682, #1971, .T. ) ;
#4129 = ORIENTED_EDGE ( 'NONE', *, *, #2317, .F. ) ;
#4130 = LINE ( 'NONE', #3462, #1368 ) ;
#4131 = PRESENTATION_STYLE_ASSIGNMENT (( #207 ) ) ;
#4132 = ORIENTED_EDGE ( 'NONE', *, *, #2722, .F. ) ;
#4133 = VERTEX_POINT ( 'NONE', #2618 ) ;
#4134 = STYLED_ITEM ( 'NONE', ( #2987 ), #942 ) ;
#4135 = PLANE ( 'NONE',  #2503 ) ;
#4136 = VECTOR ( 'NONE', #3366, 1000.000000000000000 ) ;
#4137 = PLANE ( 'NONE',  #2006 ) ;
#4138 = LINE ( 'NONE', #1128, #1531 ) ;
#4139 = EDGE_CURVE ( 'NONE', #251, #3598, #4231, .T. ) ;
#4140 = LINE ( 'NONE', #3950, #1339 ) ;
#4141 = CARTESIAN_POINT ( 'NONE',  ( 0.3275140453870000190, 0.2999999999999999889, 0.08000000000000000167 ) ) ;
#4142 = CARTESIAN_POINT ( 'NONE',  ( -0.05000000000000000278, 0.1499999999999999944, -0.01000000000000000021 ) ) ;
#4143 = DIRECTION ( 'NONE',  ( 0.0000000000000000000, -1.224646799146999945E-16, -1.000000000000000000 ) ) ;
#4144 =( GEOMETRIC_REPRESENTATION_CONTEXT ( 3 ) GLOBAL_UNCERTAINTY_ASSIGNED_CONTEXT ( ( #819 ) ) GLOBAL_UNIT_ASSIGNED_CONTEXT ( ( #1590, #2901, #2936 ) ) REPRESENTATION_CONTEXT ( 'NONE', 'WORKASPACE' ) );
#4145 =( GEOMETRIC_REPRESENTATION_CONTEXT ( 3 ) GLOBAL_UNCERTAINTY_ASSIGNED_CONTEXT ( ( #1595 ) ) GLOBAL_UNIT_ASSIGNED_CONTEXT ( ( #1087, #702, #3035 ) ) REPRESENTATION_CONTEXT ( 'NONE', 'WORKASPACE' ) );
#4146 = EDGE_CURVE ( 'NONE', #1756, #3933, #2944, .T. ) ;
#4147 =( GEOMETRIC_REPRESENTATION_CONTEXT ( 3 ) GLOBAL_UNCERTAINTY_ASSIGNED_CONTEXT ( ( #1888 ) ) GLOBAL_UNIT_ASSIGNED_CONTEXT ( ( #2736, #3661, #4046 ) ) REPRESENTATION_CONTEXT ( 'NONE', 'WORKASPACE' ) );
#4148 = VECTOR ( 'NONE', #1991, 1000.000000000000000 ) ;
#4149 = VERTEX_POINT ( 'NONE', #2578 ) ;
#4150 = COLOUR_RGB ( '',0.7803921568627451011, 0.5686274509803921351, 0.1137254901960784298 ) ;
#4151 = ORIENTED_EDGE ( 'NONE', *, *, #49, .F. ) ;
#4152 = VERTEX_POINT ( 'NONE', #1283 ) ;
#4153 = EDGE_CURVE ( 'NONE', #3044, #3128, #2310, .T. ) ;
#4154 = ORIENTED_EDGE ( 'NONE', *, *, #2074, .F. ) ;
#4155 = PRESENTATION_LAYER_ASSIGNMENT (  '', '', ( #2353 ) ) ;
#4156 = DIRECTION ( 'NONE',  ( 0.0000000000000000000, -1.224646799146999945E-16, -1.000000000000000000 ) ) ;
#4157 = PRESENTATION_STYLE_ASSIGNMENT (( #1827 ) ) ;
#4158 = ORIENTED_EDGE ( 'NONE', *, *, #3992, .F. ) ;
#4159 = CARTESIAN_POINT ( 'NONE',  ( -0.1000000000000000056, -0.1500000000000000222, -0.01000000000000000021 ) ) ;
#4160 = PRODUCT_DEFINITION_CONTEXT ( 'detailed design', #1737, 'design' ) ;
#4161 = PRESENTATION_LAYER_ASSIGNMENT (  '', '', ( #3593 ) ) ;
#4162 = CARTESIAN_POINT ( 'NONE',  ( -0.2975000000000000977, 0.2974999999999999867, 0.1250000000000000000 ) ) ;
#4163 = DIRECTION ( 'NONE',  ( -0.0000000000000000000, 0.0000000000000000000, 1.000000000000000000 ) ) ;
#4164 = CARTESIAN_POINT ( 'NONE',  ( 0.3875192319072565672, 0.3000000000000788702, 0.02000000000000000042 ) ) ;
#4165 = CARTESIAN_POINT ( 'NONE',  ( -0.3275140453870559187, -0.2600000000001834732, 0.08000000000000001554 ) ) ;
#4166 = AXIS2_PLACEMENT_3D ( 'NONE', #1706, #2330, #4041 ) ;
#4167 = CARTESIAN_POINT ( 'NONE',  ( 0.5500000000000000444, -0.3499999999999999778, 0.05999999999999999778 ) ) ;
#4168 = STYLED_ITEM ( 'NONE', ( #2553 ), #3865 ) ;
#4169 = ORIENTED_EDGE ( 'NONE', *, *, #2639, .F. ) ;
#4170 =( LENGTH_UNIT ( ) NAMED_UNIT ( * ) SI_UNIT ( .MILLI., .METRE. ) );
#4171 = CARTESIAN_POINT ( 'NONE',  ( -0.5000000000000000000, 0.2999999999999999889, 0.02000000000000000042 ) ) ;
#4172 = VECTOR ( 'NONE', #3680, 1000.000000000000000 ) ;
#4173 = VERTEX_POINT ( 'NONE', #3254 ) ;
#4174 = DIRECTION ( 'NONE',  ( 0.0000000000000000000, -0.0000000000000000000, -1.000000000000000000 ) ) ;
#4175 = EDGE_CURVE ( 'NONE', #3583, #3488, #1596, .T. ) ;
#4176 =( NAMED_UNIT ( * ) SI_UNIT ( $, .STERADIAN. ) SOLID_ANGLE_UNIT ( ) );
#4177 =( LENGTH_UNIT ( ) NAMED_UNIT ( * ) SI_UNIT ( .MILLI., .METRE. ) );
#4178 = LINE ( 'NONE', #2805, #218 ) ;
#4179 = EDGE_LOOP ( 'NONE', ( #753, #3571, #2605, #21, #2565, #1560, #126, #1303, #549, #4197, #389, #3529, #4132, #775 ) ) ;
#4180 = ORIENTED_EDGE ( 'NONE', *, *, #3067, .T. ) ;
#4181 = DIRECTION ( 'NONE',  ( -0.0000000000000000000, -1.000000000000000000, -1.224646799146999945E-16 ) ) ;
#4182 = EDGE_CURVE ( 'NONE', #3905, #2434, #926, .T. ) ;
#4183 = STYLED_ITEM ( 'NONE', ( #2420 ), #132 ) ;
#4184 = CARTESIAN_POINT ( 'NONE',  ( 0.3275140453870559187, 0.2600000000001834732, 0.07999999999999998779 ) ) ;
#4185 = ADVANCED_FACE ( 'NONE', ( #3566 ), #1903, .T. ) ;
#4186 = DIRECTION ( 'NONE',  ( 0.0000000000000000000, -1.224646799146999945E-16, -1.000000000000000000 ) ) ;
#4187 = DIRECTION ( 'NONE',  ( -0.0000000000000000000, 1.224646799146999945E-16, 1.000000000000000000 ) ) ;
#4188 = SURFACE_STYLE_FILL_AREA ( #1469 ) ;
#4189 = COLOUR_RGB ( '',0.7803921568627451011, 0.5686274509803921351, 0.1137254901960784298 ) ;
#4190 = ORIENTED_EDGE ( 'NONE', *, *, #576, .F. ) ;
#4191 = SURFACE_SIDE_STYLE ('',( #2472 ) ) ;
#4192 = VERTEX_POINT ( 'NONE', #4016 ) ;
#4193 = EDGE_CURVE ( 'NONE', #1050, #3516, #3031, .T. ) ;
#4194 = CARTESIAN_POINT ( 'NONE',  ( 0.3875192319069999947, -0.2999999999999999889, 0.0000000000000000000 ) ) ;
#4195 = SURFACE_STYLE_FILL_AREA ( #164 ) ;
#4196 = DIRECTION ( 'NONE',  ( 0.0000000000000000000, -1.000000000000000000, 0.0000000000000000000 ) ) ;
#4197 = ORIENTED_EDGE ( 'NONE', *, *, #4175, .F. ) ;
#4198 = ORIENTED_EDGE ( 'NONE', *, *, #1111, .F. ) ;
#4199 = ADVANCED_FACE ( 'NONE', ( #4040 ), #2016, .F. ) ;
#4200 = PRESENTATION_STYLE_ASSIGNMENT (( #304 ) ) ;
#4201 = DIRECTION ( 'NONE',  ( -1.084202172485504434E-15, 1.000000000000000000, 1.224646799146999945E-16 ) ) ;
#4202 = FACE_OUTER_BOUND ( 'NONE', #3709, .T. ) ;
#4203 = SURFACE_STYLE_FILL_AREA ( #2858 ) ;
#4204 =( NAMED_UNIT ( * ) PLANE_ANGLE_UNIT ( ) SI_UNIT ( $, .RADIAN. ) );
#4205 = CARTESIAN_POINT ( 'NONE',  ( 0.4949999999999611933, -0.1577111547697170046, 0.06000000000000001860 ) ) ;
#4206 = DIRECTION ( 'NONE',  ( 0.0000000000000000000, 1.224646799146999945E-16, -1.000000000000000000 ) ) ;
#4207 = EDGE_CURVE ( 'NONE', #2887, #1912, #785, .T. ) ;
#4208 = PRESENTATION_LAYER_ASSIGNMENT (  '', '', ( #41 ) ) ;
#4209 = UNCERTAINTY_MEASURE_WITH_UNIT (LENGTH_MEASURE( 1.000000000000000082E-05 ), #3592, 'distance_accuracy_value', 'NONE');
#4210 = PLANE ( 'NONE',  #3158 ) ;
#4211 = AXIS2_PLACEMENT_3D ( 'NONE', #3998, #3262, #2607 ) ;
#4212 = ORIENTED_EDGE ( 'NONE', *, *, #4234, .F. ) ;
#4213 = COLOUR_RGB ( '',0.7803921568627451011, 0.5686274509803921351, 0.1137254901960784298 ) ;
#4214 = ORIENTED_EDGE ( 'NONE', *, *, #527, .T. ) ;
#4215 = UNCERTAINTY_MEASURE_WITH_UNIT (LENGTH_MEASURE( 1.000000000000000082E-05 ), #4177, 'distance_accuracy_value', 'NONE');
#4216 = AXIS2_PLACEMENT_3D ( 'NONE', #883, #1553, #3478 ) ;
#4217 =( GEOMETRIC_REPRESENTATION_CONTEXT ( 3 ) GLOBAL_UNCERTAINTY_ASSIGNED_CONTEXT ( ( #422 ) ) GLOBAL_UNIT_ASSIGNED_CONTEXT ( ( #1567, #2305, #3291 ) ) REPRESENTATION_CONTEXT ( 'NONE', 'WORKASPACE' ) );
#4218 = PRODUCT_DEFINITION_FORMATION_WITH_SPECIFIED_SOURCE ( 'ANY', '', #1629, .NOT_KNOWN. ) ;
#4219 = CARTESIAN_POINT ( 'NONE',  ( -0.3713942890050412338, -0.2600000000000000089, -1.592040838891600018E-17 ) ) ;
#4220 = FACE_OUTER_BOUND ( 'NONE', #2550, .T. ) ;
#4221 = DIRECTION ( 'NONE',  ( 0.0000000000000000000, -1.224646799146999945E-16, 1.000000000000000000 ) ) ;
#4222 = PRESENTATION_LAYER_ASSIGNMENT (  '', '', ( #3795 ) ) ;
#4223 = VECTOR ( 'NONE', #163, 1000.000000000000000 ) ;
#4224 = VERTEX_POINT ( 'NONE', #1059 ) ;
#4225 = ORIENTED_EDGE ( 'NONE', *, *, #1197, .T. ) ;
#4226 = ADVANCED_FACE ( 'NONE', ( #3358 ), #3675, .T. ) ;
#4227 = SURFACE_SIDE_STYLE ('',( #1306 ) ) ;
#4228 =( BOUNDED_CURVE ( )  B_SPLINE_CURVE ( 3, ( #3157, #1457, #900, #2855 ),
 .UNSPECIFIED., .F., .T. ) 
 B_SPLINE_CURVE_WITH_KNOTS ( ( 4, 4 ),
 ( 3.141592653589793116, 4.712388980384689674 ),
 .UNSPECIFIED. ) 
 CURVE ( )  GEOMETRIC_REPRESENTATION_ITEM ( )  RATIONAL_B_SPLINE_CURVE ( ( 1.000000000000000000, 0.8047378541243649375, 0.8047378541243649375, 1.000000000000000000 ) ) 
 REPRESENTATION_ITEM ( '' )  );
#4229 =( NAMED_UNIT ( * ) SI_UNIT ( $, .STERADIAN. ) SOLID_ANGLE_UNIT ( ) );
#4230 = CARTESIAN_POINT ( 'NONE',  ( 0.0000000000000000000, 0.0000000000000000000, 0.06010000000000000064 ) ) ;
#4231 = LINE ( 'NONE', #629, #914 ) ;
#4232 =( GEOMETRIC_REPRESENTATION_CONTEXT ( 3 ) GLOBAL_UNCERTAINTY_ASSIGNED_CONTEXT ( ( #3195 ) ) GLOBAL_UNIT_ASSIGNED_CONTEXT ( ( #2083, #1717, #4113 ) ) REPRESENTATION_CONTEXT ( 'NONE', 'WORKASPACE' ) );
#4233 = PRESENTATION_STYLE_ASSIGNMENT (( #1574 ) ) ;
#4234 = EDGE_CURVE ( 'NONE', #301, #2587, #3713, .T. ) ;
#4235 = DIRECTION ( 'NONE',  ( 1.000000000000000000, 0.0000000000000000000, 0.0000000000000000000 ) ) ;
#4236 = PRODUCT_DEFINITION_SHAPE ( 'NONE', 'NONE',  #1383 ) ;
#4237 = FILL_AREA_STYLE ('',( #2951 ) ) ;
#4238 = COLOUR_RGB ( '',0.8274509803921568096, 0.8274509803921568096, 0.8274509803921568096 ) ;
#4239 = VERTEX_POINT ( 'NONE', #191 ) ;
#4240 = DIRECTION ( 'NONE',  ( 0.0000000000000000000, 0.0000000000000000000, 1.000000000000000000 ) ) ;
#4241 = EDGE_CURVE ( 'NONE', #2480, #4152, #2178, .T. ) ;
#4242 = ORIENTED_EDGE ( 'NONE', *, *, #773, .T. ) ;
#4243 = AXIS2_PLACEMENT_3D ( 'NONE', #2838, #2131, #788 ) ;
#4244 = SURFACE_STYLE_USAGE ( .BOTH. , #1584 ) ;
#4245 = CYLINDRICAL_SURFACE ( 'NONE', #3268, 0.005000000000000013115 ) ;
#4246 = VECTOR ( 'NONE', #3896, 1000.000000000000000 ) ;
#4247 = VERTEX_POINT ( 'NONE', #2150 ) ;
#4248 = ORIENTED_EDGE ( 'NONE', *, *, #1264, .T. ) ;
#4249 =( GEOMETRIC_REPRESENTATION_CONTEXT ( 3 ) GLOBAL_UNCERTAINTY_ASSIGNED_CONTEXT ( ( #1815 ) ) GLOBAL_UNIT_ASSIGNED_CONTEXT ( ( #3036, #703, #1724 ) ) REPRESENTATION_CONTEXT ( 'NONE', 'WORKASPACE' ) );
#4250 = CARTESIAN_POINT ( 'NONE',  ( -0.5500000000000000444, -0.3499999999999999778, -4.286263797015499320E-17 ) ) ;
#4251 = DIRECTION ( 'NONE',  ( 0.0000000000000000000, 1.000000000000000000, 1.224646799146999945E-16 ) ) ;
#4252 = FILL_AREA_STYLE_COLOUR ( '', #477 ) ;
#4253 = UNCERTAINTY_MEASURE_WITH_UNIT (LENGTH_MEASURE( 1.000000000000000082E-05 ), #4024, 'distance_accuracy_value', 'NONE');
#4254 = SURFACE_SIDE_STYLE ('',( #1573 ) ) ;
#4255 =( LENGTH_UNIT ( ) NAMED_UNIT ( * ) SI_UNIT ( .MILLI., .METRE. ) );
#4256 =( GEOMETRIC_REPRESENTATION_CONTEXT ( 3 ) GLOBAL_UNCERTAINTY_ASSIGNED_CONTEXT ( ( #1350 ) ) GLOBAL_UNIT_ASSIGNED_CONTEXT ( ( #3942, #3603, #3626 ) ) REPRESENTATION_CONTEXT ( 'NONE', 'WORKASPACE' ) );
#4257 = CARTESIAN_POINT ( 'NONE',  ( -0.4085786437628452505, -0.2999999999999999889, 0.0000000000000000000 ) ) ;
#4258 = VERTEX_POINT ( 'NONE', #3490 ) ;
#4259 = PRESENTATION_STYLE_ASSIGNMENT (( #3956 ) ) ;
#4260 = SHAPE_REPRESENTATION ( 'Rot', ( #1974 ), #3859 ) ;
#4261 = DIRECTION ( 'NONE',  ( -0.0000000000000000000, 1.000000000000000000, 1.224646799146999945E-16 ) ) ;
#4262 = STYLED_ITEM ( 'NONE', ( #3576 ), #324 ) ;
#4263 = MECHANICAL_DESIGN_GEOMETRIC_PRESENTATION_REPRESENTATION (  '', ( #1624 ), #1195 ) ;
#4264 =( LENGTH_UNIT ( ) NAMED_UNIT ( * ) SI_UNIT ( .MILLI., .METRE. ) );
#4265 = ORIENTED_EDGE ( 'NONE', *, *, #814, .F. ) ;
#4266 = EDGE_LOOP ( 'NONE', ( #27, #604, #350, #866 ) ) ;
#4267 = UNCERTAINTY_MEASURE_WITH_UNIT (LENGTH_MEASURE( 1.000000000000000082E-05 ), #2406, 'distance_accuracy_value', 'NONE');
#4268 = MECHANICAL_DESIGN_GEOMETRIC_PRESENTATION_REPRESENTATION (  '', ( #3346 ), #4064 ) ;
#4269 = CARTESIAN_POINT ( 'NONE',  ( 0.5500000000000000444, -0.3499999999999999778, 0.06000000000000000472 ) ) ;
#4270 = SURFACE_SIDE_STYLE ('',( #603 ) ) ;
#4271 = SURFACE_STYLE_FILL_AREA ( #1260 ) ;
#4272 = ORIENTED_EDGE ( 'NONE', *, *, #3089, .T. ) ;
#4273 = ORIENTED_EDGE ( 'NONE', *, *, #3608, .F. ) ;
#4274 = PRODUCT_CONTEXT ( 'NONE', #1944, 'mechanical' ) ;
#4275 = FILL_AREA_STYLE_COLOUR ( '', #4043 ) ;
#4276 = CARTESIAN_POINT ( 'NONE',  ( -0.2999999999999999889, -0.2999999999999999889, 0.0000000000000000000 ) ) ;
#4277 = PLANE ( 'NONE',  #3574 ) ;
#4278 =( GEOMETRIC_REPRESENTATION_CONTEXT ( 3 ) GLOBAL_UNCERTAINTY_ASSIGNED_CONTEXT ( ( #922 ) ) GLOBAL_UNIT_ASSIGNED_CONTEXT ( ( #3248, #2551, #3894 ) ) REPRESENTATION_CONTEXT ( 'NONE', 'WORKASPACE' ) );
#4279 = DIRECTION ( 'NONE',  ( 0.0000000000000000000, 0.0000000000000000000, -1.000000000000000000 ) ) ;
#4280 = ORIENTED_EDGE ( 'NONE', *, *, #417, .F. ) ;
#4281 = DIRECTION ( 'NONE',  ( 0.0000000000000000000, -1.000000000000000000, -0.0000000000000000000 ) ) ;
#4282 = CARTESIAN_POINT ( 'NONE',  ( 0.1000000000000000056, -0.2999999999999999889, 0.0000000000000000000 ) ) ;
#4283 = CIRCLE ( 'NONE', #512, 0.1700000000000000122 ) ;
#4284 = CIRCLE ( 'NONE', #1158, 0.2000000000000000389 ) ;
#4285 = PRESENTATION_LAYER_ASSIGNMENT (  '', '', ( #3505 ) ) ;
#4286 = DIRECTION ( 'NONE',  ( -0.0000000000000000000, 1.224646799146999945E-16, 1.000000000000000000 ) ) ;
#4287 =( NAMED_UNIT ( * ) SI_UNIT ( $, .STERADIAN. ) SOLID_ANGLE_UNIT ( ) );
#4288 = ORIENTED_EDGE ( 'NONE', *, *, #1334, .F. ) ;
#4289 = CIRCLE ( 'NONE', #1434, 0.2000000000000000111 ) ;
#4290 = ORIENTED_EDGE ( 'NONE', *, *, #799, .F. ) ;
#4291 = LINE ( 'NONE', #1566, #2712 ) ;
#4292 = CARTESIAN_POINT ( 'NONE',  ( 0.2950000000000000400, -0.2950000000000000400, 0.0000000000000000000 ) ) ;
#4293 = FILL_AREA_STYLE ('',( #862 ) ) ;
#4294 = ADVANCED_FACE ( 'NONE', ( #2504 ), #468, .F. ) ;
#4295 = ORIENTED_EDGE ( 'NONE', *, *, #1413, .F. ) ;
#4296 = CARTESIAN_POINT ( 'NONE',  ( 0.4749999999999999778, -0.1645950378230000011, 0.02000000000000000042 ) ) ;
#4297 = APPLICATION_PROTOCOL_DEFINITION ( 'draft international standard', 'automotive_design', 1998, #2661 ) ;
#4298 = PRESENTATION_STYLE_ASSIGNMENT (( #3233 ) ) ;
#4299 = FACE_OUTER_BOUND ( 'NONE', #2919, .T. ) ;
#4300 = CARTESIAN_POINT ( 'NONE',  ( 0.1000000000000000194, 0.2999999999999999889, 0.0000000000000000000 ) ) ;
#4301 = NEXT_ASSEMBLY_USAGE_OCCURRENCE ( 'NAUO1', ' ', ' ', #268, #1383, $ ) ;
#4302 = NEXT_ASSEMBLY_USAGE_OCCURRENCE ( 'NAUO2', ' ', ' ', #268, #4098, $ ) ;
#4303 = NEXT_ASSEMBLY_USAGE_OCCURRENCE ( 'NAUO3', ' ', ' ', #268, #1463, $ ) ;
#4304 = NEXT_ASSEMBLY_USAGE_OCCURRENCE ( 'NAUO4', ' ', ' ', #268, #546, $ ) ;
#4305 = NEXT_ASSEMBLY_USAGE_OCCURRENCE ( 'NAUO5', ' ', ' ', #268, #2385, $ ) ;
ENDSEC;
END-ISO-10303-21;
