ISO-10303-21;
HEADER;
FILE_DESCRIPTION (( 'STEP AP214' ),
    '1' );
FILE_NAME ('User Library-PTS645SL43SMTR92-LFS.STEP',
    '2026-08-10T07:45:14',
    ( '' ),
    ( '' ),
    'SwSTEP 2.0',
    'SolidWorks 2022',
    '' );
FILE_SCHEMA (( 'AUTOMOTIVE_DESIGN' ));
ENDSEC;

DATA;
#1 =( GEOMETRIC_REPRESENTATION_CONTEXT ( 3 ) GLOBAL_UNCERTAINTY_ASSIGNED_CONTEXT ( ( #4015 ) ) GLOBAL_UNIT_ASSIGNED_CONTEXT ( ( #896, #3408, #3805 ) ) REPRESENTATION_CONTEXT ( 'NONE', 'WORKASPACE' ) );
#2 = UNCERTAINTY_MEASURE_WITH_UNIT (LENGTH_MEASURE( 1.000000000000000082E-05 ), #4458, 'distance_accuracy_value', 'NONE');
#3 = DIRECTION ( 'NONE',  ( -0.0000000000000000000, 0.0000000000000000000, -1.000000000000000000 ) ) ;
#4 = DIRECTION ( 'NONE',  ( 1.000000000000000000, 0.0000000000000000000, 0.0000000000000000000 ) ) ;
#5 = LINE ( 'NONE', #4082, #1042 ) ;
#6 = ORIENTED_EDGE ( 'NONE', *, *, #2632, .F. ) ;
#7 = CYLINDRICAL_SURFACE ( 'NONE', #2407, 0.09999999999999982514 ) ;
#8 = PRESENTATION_LAYER_ASSIGNMENT (  '', '', ( #3833 ) ) ;
#9 = FILL_AREA_STYLE ('',( #480 ) ) ;
#10 =( GEOMETRIC_REPRESENTATION_CONTEXT ( 3 ) GLOBAL_UNCERTAINTY_ASSIGNED_CONTEXT ( ( #1639 ) ) GLOBAL_UNIT_ASSIGNED_CONTEXT ( ( #194, #3069, #2693 ) ) REPRESENTATION_CONTEXT ( 'NONE', 'WORKASPACE' ) );
#11 = CARTESIAN_POINT ( 'NONE',  ( 4.074999999999999289, 1.891781170833499948, 1.000000000000000000 ) ) ;
#12 = DIRECTION ( 'NONE',  ( -0.0000000000000000000, -0.0000000000000000000, -1.000000000000000000 ) ) ;
#13 = VERTEX_POINT ( 'NONE', #3876 ) ;
#14 = AXIS2_PLACEMENT_3D ( 'NONE', #3671, #747, #2421 ) ;
#15 = LINE ( 'NONE', #3723, #1574 ) ;
#16 = EDGE_CURVE ( 'NONE', #3065, #2832, #4302, .T. ) ;
#17 = MECHANICAL_DESIGN_GEOMETRIC_PRESENTATION_REPRESENTATION (  '', ( #2842 ), #4581 ) ;
#18 = SHAPE_REPRESENTATION ( '6', ( #3507 ), #1828 ) ;
#19 = PRESENTATION_STYLE_ASSIGNMENT (( #2020 ) ) ;
#20 = PRESENTATION_STYLE_ASSIGNMENT (( #367 ) ) ;
#21 = COLOUR_RGB ( '',0.7529411764705882248, 0.7529411764705882248, 0.7529411764705882248 ) ;
#22 = VERTEX_POINT ( 'NONE', #4673 ) ;
#23 = UNCERTAINTY_MEASURE_WITH_UNIT (LENGTH_MEASURE( 1.000000000000000082E-05 ), #4131, 'distance_accuracy_value', 'NONE');
#24 = EDGE_CURVE ( 'NONE', #1718, #295, #3119, .T. ) ;
#25 = PRODUCT_DEFINITION_FORMATION_WITH_SPECIFIED_SOURCE ( 'ANY', '', #1070, .NOT_KNOWN. ) ;
#26 = SURFACE_STYLE_USAGE ( .BOTH. , #118 ) ;
#27 = EDGE_LOOP ( 'NONE', ( #4224, #3862, #378, #1769 ) ) ;
#28 = AXIS2_PLACEMENT_3D ( 'NONE', #2194, #4201, #62 ) ;
#29 = ORIENTED_EDGE ( 'NONE', *, *, #490, .F. ) ;
#30 = PRODUCT_DEFINITION_SHAPE ( 'NONE', 'NONE',  #5227 ) ;
#31 =( GEOMETRIC_REPRESENTATION_CONTEXT ( 3 ) GLOBAL_UNCERTAINTY_ASSIGNED_CONTEXT ( ( #2096 ) ) GLOBAL_UNIT_ASSIGNED_CONTEXT ( ( #3380, #2711, #1104 ) ) REPRESENTATION_CONTEXT ( 'NONE', 'WORKASPACE' ) );
#32 = CARTESIAN_POINT ( 'NONE',  ( -3.750000000000000000, -1.908218829166499875, 0.4000000000000000222 ) ) ;
#33 = CARTESIAN_POINT ( 'NONE',  ( 3.649999999999999911, -2.608218829166498942, 0.0000000000000000000 ) ) ;
#34 =( REPRESENTATION_RELATIONSHIP ('NONE','NONE', #3242, #1307 ) REPRESENTATION_RELATIONSHIP_WITH_TRANSFORMATION ( #68 )SHAPE_REPRESENTATION_RELATIONSHIP( ) );
#35 = CARTESIAN_POINT ( 'NONE',  ( 3.749999999999997335, 2.591781170833499015, 0.4000000000000000222 ) ) ;
#36 = CARTESIAN_POINT ( 'NONE',  ( 2.000000000000000000, -1.581953906996889092, 3.637779991155306369 ) ) ;
#37 = SURFACE_SIDE_STYLE ('',( #3650 ) ) ;
#38 =( GEOMETRIC_REPRESENTATION_CONTEXT ( 3 ) GLOBAL_UNCERTAINTY_ASSIGNED_CONTEXT ( ( #61 ) ) GLOBAL_UNIT_ASSIGNED_CONTEXT ( ( #4426, #2872, #2011 ) ) REPRESENTATION_CONTEXT ( 'NONE', 'WORKASPACE' ) );
#39 = PRESENTATION_STYLE_ASSIGNMENT (( #2924 ) ) ;
#40 = FILL_AREA_STYLE_COLOUR ( '', #1867 ) ;
#41 = PRESENTATION_STYLE_ASSIGNMENT (( #3659 ) ) ;
#42 = SURFACE_STYLE_FILL_AREA ( #3207 ) ;
#43 =( BOUNDED_SURFACE ( )  B_SPLINE_SURFACE ( 3, 3, ( 
 ( #104, #3774, #1269, #2557 ),
 ( #2852, #4883, #481, #454 ),
 ( #4434, #2107, #3318, #4060 ),
 ( #73, #1710, #4911, #4159 ) ),
 .UNSPECIFIED., .F., .F., .F. ) 
 B_SPLINE_SURFACE_WITH_KNOTS ( ( 4, 4 ),
 ( 4, 4 ),
 ( 0.0000000000000000000, 1.000000000000000000 ),
 ( 0.0000000000000000000, 1.000000000000000000 ),
 .UNSPECIFIED. ) 
 GEOMETRIC_REPRESENTATION_ITEM ( )  RATIONAL_B_SPLINE_SURFACE ( (
 ( 1.000000000000000000, 0.3333333333333299842, 0.3333333333333299842, 1.000000000000000000),
 ( 0.8911066843560517814, 0.2970355614520142629, 0.2970355614520142629, 0.8911066843560517814),
 ( 0.8911066843560517814, 0.2970355614520142629, 0.2970355614520142629, 0.8911066843560517814),
 ( 1.000000000000000000, 0.3333333333333299842, 0.3333333333333299842, 1.000000000000000000) ) ) 
 REPRESENTATION_ITEM ( '' )  SURFACE ( )  );
#44 = DIRECTION ( 'NONE',  ( -0.0000000000000000000, -1.000000000000000000, 0.0000000000000000000 ) ) ;
#45 = ADVANCED_FACE ( 'NONE', ( #2734 ), #228, .F. ) ;
#46 = ORIENTED_EDGE ( 'NONE', *, *, #4188, .F. ) ;
#47 = SURFACE_STYLE_FILL_AREA ( #3697 ) ;
#48 = CARTESIAN_POINT ( 'NONE',  ( -3.250000000000000000, 2.591781170833500347, 1.000000000000000000 ) ) ;
#49 = FILL_AREA_STYLE_COLOUR ( '', #3840 ) ;
#50 = SURFACE_SIDE_STYLE ('',( #1689 ) ) ;
#51 = DIRECTION ( 'NONE',  ( 0.0000000000000000000, 0.0000000000000000000, 1.000000000000000000 ) ) ;
#52 = EDGE_CURVE ( 'NONE', #2469, #1283, #2685, .T. ) ;
#53 =( NAMED_UNIT ( * ) PLANE_ANGLE_UNIT ( ) SI_UNIT ( $, .RADIAN. ) );
#54 = ORIENTED_EDGE ( 'NONE', *, *, #1360, .T. ) ;
#55 = CARTESIAN_POINT ( 'NONE',  ( 3.649999999999999911, 2.241781170833498926, 0.9000000000000000222 ) ) ;
#56 = DIRECTION ( 'NONE',  ( 0.0000000000000000000, 1.000000000000000000, 0.0000000000000000000 ) ) ;
#57 = PLANE ( 'NONE',  #1100 ) ;
#58 = EDGE_CURVE ( 'NONE', #1198, #3464, #76, .T. ) ;
#59 = CARTESIAN_POINT ( 'NONE',  ( -3.250000000000000000, 2.241781170833500259, 1.300000000000000044 ) ) ;
#60 = VERTEX_POINT ( 'NONE', #4737 ) ;
#61 = UNCERTAINTY_MEASURE_WITH_UNIT (LENGTH_MEASURE( 1.000000000000000082E-05 ), #4426, 'distance_accuracy_value', 'NONE');
#62 = DIRECTION ( 'NONE',  ( 1.000000000000000000, 0.0000000000000000000, 0.0000000000000000000 ) ) ;
#63 = DIRECTION ( 'NONE',  ( 0.0000000000000000000, 1.000000000000000000, 0.0000000000000000000 ) ) ;
#64 = ORIENTED_EDGE ( 'NONE', *, *, #3665, .F. ) ;
#65 = VERTEX_POINT ( 'NONE', #3550 ) ;
#66 = STYLED_ITEM ( 'NONE', ( #2209 ), #4349 ) ;
#67 = DIRECTION ( 'NONE',  ( 0.0000000000000000000, -0.0000000000000000000, -1.000000000000000000 ) ) ;
#68 = ITEM_DEFINED_TRANSFORMATION ( 'NONE', 'NONE', #553,  #3507 ) ;
#69 = SURFACE_STYLE_FILL_AREA ( #1234 ) ;
#70 = UNCERTAINTY_MEASURE_WITH_UNIT (LENGTH_MEASURE( 1.000000000000000082E-05 ), #4919, 'distance_accuracy_value', 'NONE');
#71 = CARTESIAN_POINT ( 'NONE',  ( 2.000000000000000000, -1.500000000000000000, 3.449999999999999734 ) ) ;
#72 = SURFACE_STYLE_USAGE ( .BOTH. , #910 ) ;
#73 = CARTESIAN_POINT ( 'NONE',  ( 1.999999999999994893, 1.500000000000000000, 3.449999999999999734 ) ) ;
#74 = ORIENTED_EDGE ( 'NONE', *, *, #3282, .F. ) ;
#75 = CARTESIAN_POINT ( 'NONE',  ( -3.250000000000000000, 2.591781170833500347, 0.9000000000000000222 ) ) ;
#76 = CIRCLE ( 'NONE', #1538, 0.1499999999999999667 ) ;
#77 = DIRECTION ( 'NONE',  ( -3.231085104332679983E-15, -1.000000000000000000, -0.0000000000000000000 ) ) ;
#78 =( LENGTH_UNIT ( ) NAMED_UNIT ( * ) SI_UNIT ( .MILLI., .METRE. ) );
#79 = FILL_AREA_STYLE ('',( #3725 ) ) ;
#80 = ORIENTED_EDGE ( 'NONE', *, *, #4188, .T. ) ;
#81 = UNCERTAINTY_MEASURE_WITH_UNIT (LENGTH_MEASURE( 1.000000000000000082E-05 ), #3391, 'distance_accuracy_value', 'NONE');
#82 = CARTESIAN_POINT ( 'NONE',  ( 0.0000000000000000000, 0.0000000000000000000, 3.449999999999999734 ) ) ;
#83 = STYLED_ITEM ( 'NONE', ( #3292 ), #455 ) ;
#84 =( NAMED_UNIT ( * ) SI_UNIT ( $, .STERADIAN. ) SOLID_ANGLE_UNIT ( ) );
#85 = CARTESIAN_POINT ( 'NONE',  ( 3.000000000000000000, -2.850000000000000089, 0.0000000000000000000 ) ) ;
#86 =( NAMED_UNIT ( * ) SI_UNIT ( $, .STERADIAN. ) SOLID_ANGLE_UNIT ( ) );
#87 = CARTESIAN_POINT ( 'NONE',  ( 3.000000000000000000, 2.850000000000000089, 0.0000000000000000000 ) ) ;
#88 = ORIENTED_EDGE ( 'NONE', *, *, #808, .T. ) ;
#89 = COLOUR_RGB ( '',0.7529411764705882248, 0.7529411764705882248, 0.7529411764705882248 ) ;
#90 = DIRECTION ( 'NONE',  ( -0.0000000000000000000, -0.0000000000000000000, -1.000000000000000000 ) ) ;
#91 = AXIS2_PLACEMENT_3D ( 'NONE', #1906, #3943, #2807 ) ;
#92 = ADVANCED_FACE ( 'NONE', ( #677 ), #1555, .F. ) ;
#93 = CIRCLE ( 'NONE', #436, 0.1499999999999999667 ) ;
#94 = VECTOR ( 'NONE', #1387, 1000.000000000000000 ) ;
#95 = LINE ( 'NONE', #2969, #1340 ) ;
#96 = VERTEX_POINT ( 'NONE', #4083 ) ;
#97 =( NAMED_UNIT ( * ) SI_UNIT ( $, .STERADIAN. ) SOLID_ANGLE_UNIT ( ) );
#98 = FILL_AREA_STYLE ('',( #1397 ) ) ;
#99 = VERTEX_POINT ( 'NONE', #3176 ) ;
#100 = AXIS2_PLACEMENT_3D ( 'NONE', #4293, #625, #1117 ) ;
#101 = SURFACE_SIDE_STYLE ('',( #996 ) ) ;
#102 = MECHANICAL_DESIGN_GEOMETRIC_PRESENTATION_REPRESENTATION (  '', ( #2653 ), #3412 ) ;
#103 = PLANE ( 'NONE',  #1343 ) ;
#104 = CARTESIAN_POINT ( 'NONE',  ( 1.999999999999999556, 1.958257569495580164, 3.750000000000000000 ) ) ;
#105 =( LENGTH_UNIT ( ) NAMED_UNIT ( * ) SI_UNIT ( .MILLI., .METRE. ) );
#106 =( GEOMETRIC_REPRESENTATION_CONTEXT ( 3 ) GLOBAL_UNCERTAINTY_ASSIGNED_CONTEXT ( ( #560 ) ) GLOBAL_UNIT_ASSIGNED_CONTEXT ( ( #3023, #3760, #3383 ) ) REPRESENTATION_CONTEXT ( 'NONE', 'WORKASPACE' ) );
#107 = DIRECTION ( 'NONE',  ( 1.000000000000000000, 0.0000000000000000000, 0.0000000000000000000 ) ) ;
#108 =( LENGTH_UNIT ( ) NAMED_UNIT ( * ) SI_UNIT ( .MILLI., .METRE. ) );
#109 = CIRCLE ( 'NONE', #193, 0.5000000000000000000 ) ;
#110 = CARTESIAN_POINT ( 'NONE',  ( -3.350000000000000089, -2.258218829166500186, 0.0000000000000000000 ) ) ;
#111 = FILL_AREA_STYLE ('',( #859 ) ) ;
#112 = VERTEX_POINT ( 'NONE', #2071 ) ;
#113 =( REPRESENTATION_RELATIONSHIP ('NONE','NONE', #3242, #874 ) REPRESENTATION_RELATIONSHIP_WITH_TRANSFORMATION ( #479 )SHAPE_REPRESENTATION_RELATIONSHIP( ) );
#114 = DIRECTION ( 'NONE',  ( -1.000000000000000000, 0.0000000000000000000, 0.0000000000000000000 ) ) ;
#115 = VECTOR ( 'NONE', #3126, 1000.000000000000000 ) ;
#116 = PLANE ( 'NONE',  #4946 ) ;
#117 = FILL_AREA_STYLE ('',( #3757 ) ) ;
#118 = SURFACE_SIDE_STYLE ('',( #550 ) ) ;
#119 = ORIENTED_EDGE ( 'NONE', *, *, #916, .T. ) ;
#120 = MECHANICAL_DESIGN_GEOMETRIC_PRESENTATION_REPRESENTATION (  '', ( #5171 ), #2508 ) ;
#121 = CARTESIAN_POINT ( 'NONE',  ( 4.500000000000000000, -2.608218829166501163, 0.0000000000000000000 ) ) ;
#122 = CARTESIAN_POINT ( 'NONE',  ( -2.493254395993284689, -2.246627197996645897, 3.749999999999998224 ) ) ;
#123 =( NAMED_UNIT ( * ) SI_UNIT ( $, .STERADIAN. ) SOLID_ANGLE_UNIT ( ) );
#124 = ORIENTED_EDGE ( 'NONE', *, *, #5035, .F. ) ;
#125 = LINE ( 'NONE', #4959, #3831 ) ;
#126 = EDGE_CURVE ( 'NONE', #4509, #276, #2848, .T. ) ;
#127 = CARTESIAN_POINT ( 'NONE',  ( 2.000000000000000000, -1.958257569495584161, 3.250000000000000000 ) ) ;
#128 = EDGE_LOOP ( 'NONE', ( #2859, #2525, #440, #3508 ) ) ;
#129 = ORIENTED_EDGE ( 'NONE', *, *, #1885, .F. ) ;
#130 = FILL_AREA_STYLE_COLOUR ( '', #21 ) ;
#131 =( GEOMETRIC_REPRESENTATION_CONTEXT ( 3 ) GLOBAL_UNCERTAINTY_ASSIGNED_CONTEXT ( ( #3733 ) ) GLOBAL_UNIT_ASSIGNED_CONTEXT ( ( #2028, #2779, #1282 ) ) REPRESENTATION_CONTEXT ( 'NONE', 'WORKASPACE' ) );
#132 = FACE_OUTER_BOUND ( 'NONE', #1565, .T. ) ;
#133 = CARTESIAN_POINT ( 'NONE',  ( 3.000000000000000000, -2.499999999999998668, 3.450000000000000622 ) ) ;
#134 = ADVANCED_FACE ( 'NONE', ( #1263 ), #1290, .T. ) ;
#135 = EDGE_LOOP ( 'NONE', ( #2748, #3354, #168, #4009 ) ) ;
#136 = PRESENTATION_STYLE_ASSIGNMENT (( #4650 ) ) ;
#137 = DIRECTION ( 'NONE',  ( 0.0000000000000000000, 0.0000000000000000000, 1.000000000000000000 ) ) ;
#138 = CIRCLE ( 'NONE', #1761, 0.1499999999999999667 ) ;
#139 = EDGE_LOOP ( 'NONE', ( #1031, #4176, #4068, #3393 ) ) ;
#140 = UNCERTAINTY_MEASURE_WITH_UNIT (LENGTH_MEASURE( 1.000000000000000082E-05 ), #4417, 'distance_accuracy_value', 'NONE');
#141 = CARTESIAN_POINT ( 'NONE',  ( -1.999999999999999556, 2.500000000000000444, 3.449999999999999734 ) ) ;
#142 = CARTESIAN_POINT ( 'NONE',  ( 3.750000000000000000, -1.137328243749749834, 0.4000000000000000222 ) ) ;
#143 = EDGE_LOOP ( 'NONE', ( #1015, #415, #1415, #752 ) ) ;
#144 = CARTESIAN_POINT ( 'NONE',  ( -4.500000000000000000, -2.608218829166499830, 0.0000000000000000000 ) ) ;
#145 = APPLICATION_CONTEXT ( 'automotive_design' ) ;
#146 = SURFACE_STYLE_FILL_AREA ( #4958 ) ;
#147 = VERTEX_POINT ( 'NONE', #5161 ) ;
#148 = LINE ( 'NONE', #3385, #258 ) ;
#149 =( LENGTH_UNIT ( ) NAMED_UNIT ( * ) SI_UNIT ( .MILLI., .METRE. ) );
#150 = EDGE_LOOP ( 'NONE', ( #3047, #1021, #4448, #119 ) ) ;
#151 = ORIENTED_EDGE ( 'NONE', *, *, #5043, .T. ) ;
#152 = LINE ( 'NONE', #3038, #284 ) ;
#153 = CARTESIAN_POINT ( 'NONE',  ( 2.493254395993284245, -1.753372802003358100, 3.749999999999998668 ) ) ;
#154 = ORIENTED_EDGE ( 'NONE', *, *, #444, .F. ) ;
#155 = DIRECTION ( 'NONE',  ( 1.000000000000000000, 0.0000000000000000000, 0.0000000000000000000 ) ) ;
#156 = PRESENTATION_LAYER_ASSIGNMENT (  '', '', ( #66 ) ) ;
#157 = EDGE_CURVE ( 'NONE', #1390, #2413, #2019, .T. ) ;
#158 = FILL_AREA_STYLE_COLOUR ( '', #3888 ) ;
#159 = ORIENTED_EDGE ( 'NONE', *, *, #2322, .T. ) ;
#160 = COLOUR_RGB ( '',0.0000000000000000000, 0.0000000000000000000, 0.0000000000000000000 ) ;
#161 = ORIENTED_EDGE ( 'NONE', *, *, #5197, .T. ) ;
#162 = LINE ( 'NONE', #1804, #5157 ) ;
#163 = ADVANCED_FACE ( 'NONE', ( #2355 ), #2037, .F. ) ;
#164 = PRESENTATION_LAYER_ASSIGNMENT (  '', '', ( #3984 ) ) ;
#165 = CARTESIAN_POINT ( 'NONE',  ( 3.749999999999997335, -1.908218829166500319, 0.4000000000000000222 ) ) ;
#166 = SURFACE_STYLE_USAGE ( .BOTH. , #4583 ) ;
#167 = MECHANICAL_DESIGN_GEOMETRIC_PRESENTATION_REPRESENTATION (  '', ( #1401 ), #856 ) ;
#168 = ORIENTED_EDGE ( 'NONE', *, *, #5001, .F. ) ;
#169 = PRESENTATION_STYLE_ASSIGNMENT (( #1808 ) ) ;
#170 = SURFACE_STYLE_USAGE ( .BOTH. , #3033 ) ;
#171 = ORIENTED_EDGE ( 'NONE', *, *, #3545, .T. ) ;
#172 = ORIENTED_EDGE ( 'NONE', *, *, #3861, .F. ) ;
#173 = CIRCLE ( 'NONE', #678, 0.1499999999999999667 ) ;
#174 = VECTOR ( 'NONE', #1158, 1000.000000000000000 ) ;
#175 = LINE ( 'NONE', #2256, #1515 ) ;
#176 = SURFACE_STYLE_FILL_AREA ( #1840 ) ;
#177 =( GEOMETRIC_REPRESENTATION_CONTEXT ( 3 ) GLOBAL_UNCERTAINTY_ASSIGNED_CONTEXT ( ( #5194 ) ) GLOBAL_UNIT_ASSIGNED_CONTEXT ( ( #4538, #3713, #4511 ) ) REPRESENTATION_CONTEXT ( 'NONE', 'WORKASPACE' ) );
#178 = ORIENTED_EDGE ( 'NONE', *, *, #157, .F. ) ;
#179 =( NAMED_UNIT ( * ) PLANE_ANGLE_UNIT ( ) SI_UNIT ( $, .RADIAN. ) );
#180 = VERTEX_POINT ( 'NONE', #2524 ) ;
#181 = PRESENTATION_LAYER_ASSIGNMENT (  '', '', ( #4915 ) ) ;
#182 = EDGE_CURVE ( 'NONE', #2891, #2585, #4483, .T. ) ;
#183 =( BOUNDED_SURFACE ( )  B_SPLINE_SURFACE ( 3, 3, ( 
 ( #1490, #3046, #4631, #588 ),
 ( #4263, #3802, #3379, #4656 ),
 ( #546, #238, #2187, #3021 ),
 ( #4551, #4973, #3782, #141 ) ),
 .UNSPECIFIED., .F., .F., .T. ) 
 B_SPLINE_SURFACE_WITH_KNOTS ( ( 4, 4 ),
 ( 4, 4 ),
 ( 0.0000000000000000000, 1.000000000000000000 ),
 ( 0.0000000000000000000, 1.000000000000000000 ),
 .UNSPECIFIED. ) 
 GEOMETRIC_REPRESENTATION_ITEM ( )  RATIONAL_B_SPLINE_SURFACE ( (
 ( 1.000000000000000000, 0.3333333333333299842, 0.3333333333333299842, 1.000000000000000000),
 ( 0.8911066843560517814, 0.2970355614520142629, 0.2970355614520142629, 0.8911066843560517814),
 ( 0.8911066843560517814, 0.2970355614520142629, 0.2970355614520142629, 0.8911066843560517814),
 ( 1.000000000000000000, 0.3333333333333299842, 0.3333333333333299842, 1.000000000000000000) ) ) 
 REPRESENTATION_ITEM ( '' )  SURFACE ( )  );
#184 =( NAMED_UNIT ( * ) SI_UNIT ( $, .STERADIAN. ) SOLID_ANGLE_UNIT ( ) );
#185 = ADVANCED_BREP_SHAPE_REPRESENTATION ( '', ( #350, #3507 ), #1828 ) ;
#186 = DIRECTION ( 'NONE',  ( 0.0000000000000000000, -1.000000000000000000, 0.0000000000000000000 ) ) ;
#187 = STYLED_ITEM ( 'NONE', ( #2865 ), #4793 ) ;
#188 = CARTESIAN_POINT ( 'NONE',  ( -1.750000000000000000, -4.286263797015736595E-16, 4.200000000000000178 ) ) ;
#189 = DIRECTION ( 'NONE',  ( -1.000000000000000000, 0.0000000000000000000, -0.0000000000000000000 ) ) ;
#190 = AXIS2_PLACEMENT_3D ( 'NONE', #2565, #2540, #891 ) ;
#191 = ORIENTED_EDGE ( 'NONE', *, *, #5156, .F. ) ;
#192 = STYLED_ITEM ( 'NONE', ( #3397 ), #5155 ) ;
#193 = AXIS2_PLACEMENT_3D ( 'NONE', #3900, #5094, #4694 ) ;
#194 =( LENGTH_UNIT ( ) NAMED_UNIT ( * ) SI_UNIT ( .MILLI., .METRE. ) );
#195 = SURFACE_STYLE_USAGE ( .BOTH. , #4838 ) ;
#196 =( NAMED_UNIT ( * ) SI_UNIT ( $, .STERADIAN. ) SOLID_ANGLE_UNIT ( ) );
#197 = FILL_AREA_STYLE_COLOUR ( '', #5029 ) ;
#198 = DIRECTION ( 'NONE',  ( 1.000000000000000000, -3.252606517456515274E-15, 0.0000000000000000000 ) ) ;
#199 = EDGE_LOOP ( 'NONE', ( #3767, #3735 ) ) ;
#200 = MECHANICAL_DESIGN_GEOMETRIC_PRESENTATION_REPRESENTATION (  '', ( #4834 ), #5091 ) ;
#201 = COLOUR_RGB ( '',0.7921568627450980005, 0.8196078431372548767, 0.9333333333333333481 ) ;
#202 = PRODUCT ( '6', '6', '', ( #682 ) ) ;
#203 = LINE ( 'NONE', #4618, #362 ) ;
#204 = DIRECTION ( 'NONE',  ( 0.0000000000000000000, 0.0000000000000000000, 1.000000000000000000 ) ) ;
#205 = CARTESIAN_POINT ( 'NONE',  ( 2.000000000000000000, -1.499999999999999556, 3.449999999999999734 ) ) ;
#206 = CARTESIAN_POINT ( 'NONE',  ( 3.649999999999999911, 2.241781170833500259, 0.3999999999999999667 ) ) ;
#207 = AXIS2_PLACEMENT_3D ( 'NONE', #3799, #2958, #1049 ) ;
#208 =( NAMED_UNIT ( * ) SI_UNIT ( $, .STERADIAN. ) SOLID_ANGLE_UNIT ( ) );
#209 =( LENGTH_UNIT ( ) NAMED_UNIT ( * ) SI_UNIT ( .MILLI., .METRE. ) );
#210 = CARTESIAN_POINT ( 'NONE',  ( 3.000000000000000000, 0.0000000000000000000, 0.0000000000000000000 ) ) ;
#211 = ORIENTED_EDGE ( 'NONE', *, *, #4967, .F. ) ;
#212 = FILL_AREA_STYLE_COLOUR ( '', #4171 ) ;
#213 = VECTOR ( 'NONE', #2581, 1000.000000000000000 ) ;
#214 =( NAMED_UNIT ( * ) SI_UNIT ( $, .STERADIAN. ) SOLID_ANGLE_UNIT ( ) );
#215 = EDGE_CURVE ( 'NONE', #4554, #2620, #4128, .T. ) ;
#216 = SURFACE_SIDE_STYLE ('',( #3936 ) ) ;
#217 = EDGE_LOOP ( 'NONE', ( #1842, #5052, #3801, #1177 ) ) ;
#218 = CARTESIAN_POINT ( 'NONE',  ( -2.000000000000000000, -1.958257569495580608, 3.750000000000000000 ) ) ;
#219 = EDGE_CURVE ( 'NONE', #2013, #3585, #5050, .T. ) ;
#220 = DIRECTION ( 'NONE',  ( -0.0000000000000000000, -0.0000000000000000000, -1.000000000000000000 ) ) ;
#221 =( NAMED_UNIT ( * ) SI_UNIT ( $, .STERADIAN. ) SOLID_ANGLE_UNIT ( ) );
#222 = FACE_OUTER_BOUND ( 'NONE', #256, .T. ) ;
#223 = CARTESIAN_POINT ( 'NONE',  ( 1.163907813993778406, 1.581953906996890646, 3.637779991155306814 ) ) ;
#224 = PLANE ( 'NONE',  #3980 ) ;
#225 = CARTESIAN_POINT ( 'NONE',  ( 2.000000000000000000, -2.041742430504419392, 3.750000000000000000 ) ) ;
#226 = CARTESIAN_POINT ( 'NONE',  ( -1.999999999999999334, -2.418046093003111352, 3.637779991155306369 ) ) ;
#227 = DIRECTION ( 'NONE',  ( -3.231085104332679983E-15, -1.000000000000000000, 0.0000000000000000000 ) ) ;
#228 = PLANE ( 'NONE',  #1108 ) ;
#229 = MECHANICAL_DESIGN_GEOMETRIC_PRESENTATION_REPRESENTATION (  '', ( #4130 ), #740 ) ;
#230 = EDGE_CURVE ( 'NONE', #3368, #3997, #2951, .T. ) ;
#231 = SURFACE_SIDE_STYLE ('',( #4597 ) ) ;
#232 = SHAPE_DEFINITION_REPRESENTATION ( #1543, #1089 ) ;
#233 = CARTESIAN_POINT ( 'NONE',  ( -2.850000000000000089, -2.850000000000000089, 0.0000000000000000000 ) ) ;
#234 = CIRCLE ( 'NONE', #3204, 0.3999999999999997446 ) ;
#235 = FILL_AREA_STYLE ('',( #660 ) ) ;
#236 = ORIENTED_EDGE ( 'NONE', *, *, #2269, .F. ) ;
#237 = AXIS2_PLACEMENT_3D ( 'NONE', #2669, #5102, #3489 ) ;
#238 = CARTESIAN_POINT ( 'NONE',  ( -1.163907813993773521, 1.581953906996879988, 3.637779991155306369 ) ) ;
#239 = CLOSED_SHELL ( 'NONE', ( #2763, #3410, #4219, #500, #45, #2514, #2481, #1121, #2538, #163, #4209, #615, #3956, #4260 ) ) ;
#240 = CARTESIAN_POINT ( 'NONE',  ( -3.649999999999999911, 1.891781170833499948, 0.1499999999999999944 ) ) ;
#241 = ORIENTED_EDGE ( 'NONE', *, *, #1624, .F. ) ;
#242 = LINE ( 'NONE', #1870, #2744 ) ;
#243 = FILL_AREA_STYLE_COLOUR ( '', #4325 ) ;
#244 = SURFACE_STYLE_USAGE ( .BOTH. , #2901 ) ;
#245 = CARTESIAN_POINT ( 'NONE',  ( 2.850000000000000089, 2.850000000000000089, 0.0000000000000000000 ) ) ;
#246 = UNCERTAINTY_MEASURE_WITH_UNIT (LENGTH_MEASURE( 1.000000000000000082E-05 ), #209, 'distance_accuracy_value', 'NONE');
#247 = CARTESIAN_POINT ( 'NONE',  ( 4.500000000000000000, -2.258218829166500186, 0.0000000000000000000 ) ) ;
#248 = CARTESIAN_POINT ( 'NONE',  ( -1.750000000000000000, 3.499999999999999112, 4.258578643762691129 ) ) ;
#249 = PRESENTATION_LAYER_ASSIGNMENT (  '', '', ( #5217 ) ) ;
#250 = DIRECTION ( 'NONE',  ( -1.000000000000000000, 0.0000000000000000000, -0.0000000000000000000 ) ) ;
#251 = ORIENTED_EDGE ( 'NONE', *, *, #1633, .T. ) ;
#252 = EDGE_CURVE ( 'NONE', #3226, #1052, #1119, .T. ) ;
#253 = CARTESIAN_POINT ( 'NONE',  ( -3.000000000000000000, 2.850000000000000089, 3.149999999999999911 ) ) ;
#254 =( NAMED_UNIT ( * ) PLANE_ANGLE_UNIT ( ) SI_UNIT ( $, .RADIAN. ) );
#255 = PRESENTATION_STYLE_ASSIGNMENT (( #755 ) ) ;
#256 = EDGE_LOOP ( 'NONE', ( #2195, #4615, #2889, #2218 ) ) ;
#257 = AXIS2_PLACEMENT_3D ( 'NONE', #2146, #3736, #1732 ) ;
#258 = VECTOR ( 'NONE', #4585, 1000.000000000000000 ) ;
#259 = APPLICATION_PROTOCOL_DEFINITION ( 'draft international standard', 'automotive_design', 1998, #4357 ) ;
#260 = AXIS2_PLACEMENT_3D ( 'NONE', #4035, #2133, #2017 ) ;
#261 =( GEOMETRIC_REPRESENTATION_CONTEXT ( 3 ) GLOBAL_UNCERTAINTY_ASSIGNED_CONTEXT ( ( #829 ) ) GLOBAL_UNIT_ASSIGNED_CONTEXT ( ( #4533, #4868, #3758 ) ) REPRESENTATION_CONTEXT ( 'NONE', 'WORKASPACE' ) );
#262 = EDGE_LOOP ( 'NONE', ( #1192, #2605, #775, #5174, #4259, #851, #4237, #2006 ) ) ;
#263 = MECHANICAL_DESIGN_GEOMETRIC_PRESENTATION_REPRESENTATION (  '', ( #1132 ), #2213 ) ;
#264 = STYLED_ITEM ( 'NONE', ( #3544 ), #4624 ) ;
#265 =( LENGTH_UNIT ( ) NAMED_UNIT ( * ) SI_UNIT ( .MILLI., .METRE. ) );
#266 = ORIENTED_EDGE ( 'NONE', *, *, #4320, .F. ) ;
#267 = DIRECTION ( 'NONE',  ( 3.231085104332679983E-15, 1.000000000000000000, 0.0000000000000000000 ) ) ;
#268 = DIRECTION ( 'NONE',  ( 0.0000000000000000000, -0.0000000000000000000, 1.000000000000000000 ) ) ;
#269 = AXIS2_PLACEMENT_3D ( 'NONE', #2267, #1902, #1566 ) ;
#270 = CARTESIAN_POINT ( 'NONE',  ( 2.850000000000000089, 3.000000000000000000, 3.149999999999999911 ) ) ;
#271 = AXIS2_PLACEMENT_3D ( 'NONE', #1588, #1944, #2828 ) ;
#272 = DIRECTION ( 'NONE',  ( 0.0000000000000000000, 0.0000000000000000000, 1.000000000000000000 ) ) ;
#273 = FILL_AREA_STYLE_COLOUR ( '', #1012 ) ;
#274 = CARTESIAN_POINT ( 'NONE',  ( -3.250000000000000000, -2.258218829166500186, 0.9000000000000000222 ) ) ;
#275 = CARTESIAN_POINT ( 'NONE',  ( 1.649999999999999911, 2.020667218593132755E-16, 4.299999999999999822 ) ) ;
#276 = VERTEX_POINT ( 'NONE', #4245 ) ;
#277 = AXIS2_PLACEMENT_3D ( 'NONE', #395, #1537, #2772 ) ;
#278 = UNCERTAINTY_MEASURE_WITH_UNIT (LENGTH_MEASURE( 1.000000000000000082E-05 ), #330, 'distance_accuracy_value', 'NONE');
#279 = CIRCLE ( 'NONE', #1217, 0.1000000000000000472 ) ;
#280 = PLANE ( 'NONE',  #2326 ) ;
#281 = EDGE_CURVE ( 'NONE', #2174, #2866, #3811, .T. ) ;
#282 = MECHANICAL_DESIGN_GEOMETRIC_PRESENTATION_REPRESENTATION (  '', ( #2075 ), #1333 ) ;
#283 = DIRECTION ( 'NONE',  ( -0.0000000000000000000, -0.0000000000000000000, -1.000000000000000000 ) ) ;
#284 = VECTOR ( 'NONE', #1785, 1000.000000000000000 ) ;
#285 = PRODUCT_CONTEXT ( 'NONE', #3673, 'mechanical' ) ;
#286 = SURFACE_STYLE_USAGE ( .BOTH. , #1103 ) ;
#287 = PRODUCT_DEFINITION_SHAPE ( 'NONE', 'NONE',  #2064 ) ;
#288 = EDGE_CURVE ( 'NONE', #147, #2950, #5113, .T. ) ;
#289 = DIRECTION ( 'NONE',  ( -0.0000000000000000000, -0.0000000000000000000, -1.000000000000000000 ) ) ;
#290 = AXIS2_PLACEMENT_3D ( 'NONE', #785, #3648, #471 ) ;
#291 = MECHANICAL_DESIGN_GEOMETRIC_PRESENTATION_REPRESENTATION (  '', ( #1753 ), #131 ) ;
#292 = DIRECTION ( 'NONE',  ( 1.000000000000000000, 0.0000000000000000000, 0.0000000000000000000 ) ) ;
#293 = CARTESIAN_POINT ( 'NONE',  ( -1.750000000000000000, 2.143131898507868297E-16, 3.449999999999999734 ) ) ;
#294 =( LENGTH_UNIT ( ) NAMED_UNIT ( * ) SI_UNIT ( .MILLI., .METRE. ) );
#295 = VERTEX_POINT ( 'NONE', #1450 ) ;
#296 = DIRECTION ( 'NONE',  ( -1.000000000000000000, 3.231085104332679983E-15, 0.0000000000000000000 ) ) ;
#297 = STYLED_ITEM ( 'NONE', ( #1396 ), #3795 ) ;
#298 = SURFACE_SIDE_STYLE ('',( #670 ) ) ;
#299 = DIRECTION ( 'NONE',  ( 0.0000000000000000000, 0.0000000000000000000, 1.000000000000000000 ) ) ;
#300 = CARTESIAN_POINT ( 'NONE',  ( 3.000000000000000000, -2.258218829166500186, 1.300000000000000044 ) ) ;
#301 = DIRECTION ( 'NONE',  ( 1.000000000000000000, 0.0000000000000000000, 0.0000000000000000000 ) ) ;
#302 = LINE ( 'NONE', #3547, #3646 ) ;
#303 = PRESENTATION_STYLE_ASSIGNMENT (( #4368 ) ) ;
#304 =( NAMED_UNIT ( * ) SI_UNIT ( $, .STERADIAN. ) SOLID_ANGLE_UNIT ( ) );
#305 = SURFACE_STYLE_FILL_AREA ( #3105 ) ;
#306 =( LENGTH_UNIT ( ) NAMED_UNIT ( * ) SI_UNIT ( .MILLI., .METRE. ) );
#307 = APPLICATION_PROTOCOL_DEFINITION ( 'draft international standard', 'automotive_design', 1998, #2346 ) ;
#308 = CARTESIAN_POINT ( 'NONE',  ( -1.749999999999999556, -4.286263797015736102E-16, 4.258578643762690241 ) ) ;
#309 = PRESENTATION_LAYER_ASSIGNMENT (  '', '', ( #4700 ) ) ;
#310 = SURFACE_SIDE_STYLE ('',( #1186 ) ) ;
#311 = ADVANCED_FACE ( '6', ( #4295 ), #1067, .T. ) ;
#312 = AXIS2_PLACEMENT_3D ( 'NONE', #3303, #4532, #925 ) ;
#313 =( NAMED_UNIT ( * ) PLANE_ANGLE_UNIT ( ) SI_UNIT ( $, .RADIAN. ) );
#314 = ORIENTED_EDGE ( 'NONE', *, *, #4912, .F. ) ;
#315 = ADVANCED_FACE ( '3', ( #1094 ), #224, .T. ) ;
#316 = VECTOR ( 'NONE', #1868, 1000.000000000000000 ) ;
#317 = DIRECTION ( 'NONE',  ( 0.0000000000000000000, 1.000000000000000000, 0.0000000000000000000 ) ) ;
#318 =( NAMED_UNIT ( * ) PLANE_ANGLE_UNIT ( ) SI_UNIT ( $, .RADIAN. ) );
#319 =( NAMED_UNIT ( * ) SI_UNIT ( $, .STERADIAN. ) SOLID_ANGLE_UNIT ( ) );
#320 = ORIENTED_EDGE ( 'NONE', *, *, #584, .F. ) ;
#321 = CLOSED_SHELL ( 'NONE', ( #1428, #3091, #5065, #2678, #2173, #2364, #4439, #744, #2935, #3472, #543, #3894, #3820, #529 ) ) ;
#322 = UNCERTAINTY_MEASURE_WITH_UNIT (LENGTH_MEASURE( 1.000000000000000082E-05 ), #149, 'distance_accuracy_value', 'NONE');
#323 = LINE ( 'NONE', #1884, #466 ) ;
#324 = CARTESIAN_POINT ( 'NONE',  ( 1.000000000000000000, -3.000000000000000000, 0.2999999999999999889 ) ) ;
#325 = MECHANICAL_DESIGN_GEOMETRIC_PRESENTATION_REPRESENTATION (  '', ( #4373 ), #4466 ) ;
#326 = LINE ( 'NONE', #4427, #3566 ) ;
#327 = PRESENTATION_STYLE_ASSIGNMENT (( #3686 ) ) ;
#328 = VECTOR ( 'NONE', #2823, 1000.000000000000000 ) ;
#329 =( NAMED_UNIT ( * ) SI_UNIT ( $, .STERADIAN. ) SOLID_ANGLE_UNIT ( ) );
#330 =( LENGTH_UNIT ( ) NAMED_UNIT ( * ) SI_UNIT ( .MILLI., .METRE. ) );
#331 = AXIS2_PLACEMENT_3D ( 'NONE', #3321, #511, #4063 ) ;
#332 = SURFACE_STYLE_USAGE ( .BOTH. , #310 ) ;
#333 = CARTESIAN_POINT ( 'NONE',  ( -2.850000000000000089, -3.000000000000000000, 0.0000000000000000000 ) ) ;
#334 = PRESENTATION_LAYER_ASSIGNMENT (  '', '', ( #1041 ) ) ;
#335 = COLOUR_RGB ( '',0.7529411764705882248, 0.7529411764705882248, 0.7529411764705882248 ) ;
#336 = CARTESIAN_POINT ( 'NONE',  ( 0.0000000000000000000, 0.0000000000000000000, 3.149999999999999911 ) ) ;
#337 = VERTEX_POINT ( 'NONE', #1526 ) ;
#338 = VECTOR ( 'NONE', #4144, 1000.000000000000000 ) ;
#339 = UNCERTAINTY_MEASURE_WITH_UNIT (LENGTH_MEASURE( 1.000000000000000082E-05 ), #578, 'distance_accuracy_value', 'NONE');
#340 = MANIFOLD_SOLID_BREP ( 'Imported1', #3211 ) ;
#341 =( NAMED_UNIT ( * ) SI_UNIT ( $, .STERADIAN. ) SOLID_ANGLE_UNIT ( ) );
#342 = PRESENTATION_LAYER_ASSIGNMENT (  '', '', ( #2827 ) ) ;
#343 = DIRECTION ( 'NONE',  ( 1.000000000000000000, 0.0000000000000000000, -0.0000000000000000000 ) ) ;
#344 = DIRECTION ( 'NONE',  ( -1.000000000000000000, 3.231085104332679983E-15, -0.0000000000000000000 ) ) ;
#345 = ADVANCED_FACE ( 'NONE', ( #1644 ), #4701, .T. ) ;
#346 = VECTOR ( 'NONE', #1166, 1000.000000000000000 ) ;
#347 = ORIENTED_EDGE ( 'NONE', *, *, #2869, .F. ) ;
#348 = SHAPE_REPRESENTATION ( '7', ( #3507 ), #3933 ) ;
#349 = DIRECTION ( 'NONE',  ( 0.0000000000000000000, 0.0000000000000000000, 1.000000000000000000 ) ) ;
#350 = MANIFOLD_SOLID_BREP ( 'Imported1', #321 ) ;
#351 = VECTOR ( 'NONE', #2122, 1000.000000000000000 ) ;
#352 = FILL_AREA_STYLE ('',( #411 ) ) ;
#353 = ORIENTED_EDGE ( 'NONE', *, *, #1026, .T. ) ;
#354 = VECTOR ( 'NONE', #4383, 1000.000000000000000 ) ;
#355 = DIRECTION ( 'NONE',  ( 1.000000000000000000, -3.252606517456511724E-15, 0.0000000000000000000 ) ) ;
#356 =( NAMED_UNIT ( * ) PLANE_ANGLE_UNIT ( ) SI_UNIT ( $, .RADIAN. ) );
#357 = DIRECTION ( 'NONE',  ( 0.0000000000000000000, 0.0000000000000000000, -1.000000000000000000 ) ) ;
#358 =( LENGTH_UNIT ( ) NAMED_UNIT ( * ) SI_UNIT ( .MILLI., .METRE. ) );
#359 = VECTOR ( 'NONE', #357, 1000.000000000000000 ) ;
#360 = CARTESIAN_POINT ( 'NONE',  ( 3.350000000000001421, 2.591781170833500347, 0.0000000000000000000 ) ) ;
#361 = ORIENTED_EDGE ( 'NONE', *, *, #4421, .F. ) ;
#362 = VECTOR ( 'NONE', #1022, 1000.000000000000000 ) ;
#363 = PRESENTATION_LAYER_ASSIGNMENT (  '', '', ( #5171 ) ) ;
#364 = ADVANCED_FACE ( 'NONE', ( #3512 ), #3555, .T. ) ;
#365 = SURFACE_SIDE_STYLE ('',( #4012 ) ) ;
#366 = STYLED_ITEM ( 'NONE', ( #3335 ), #3133 ) ;
#367 = SURFACE_STYLE_USAGE ( .BOTH. , #1564 ) ;
#368 = VERTEX_POINT ( 'NONE', #3127 ) ;
#369 = DIRECTION ( 'NONE',  ( 0.0000000000000000000, 0.0000000000000000000, 1.000000000000000000 ) ) ;
#370 = CIRCLE ( 'NONE', #1919, 0.5000000000000000000 ) ;
#371 = SURFACE_STYLE_FILL_AREA ( #3220 ) ;
#372 = SURFACE_STYLE_USAGE ( .BOTH. , #780 ) ;
#373 = DIRECTION ( 'NONE',  ( -1.000000000000000000, 0.0000000000000000000, 0.0000000000000000000 ) ) ;
#374 = COLOUR_RGB ( '',0.0000000000000000000, 0.0000000000000000000, 0.0000000000000000000 ) ;
#375 = DIRECTION ( 'NONE',  ( 1.000000000000000000, -4.336808689942025625E-15, 0.0000000000000000000 ) ) ;
#376 = LINE ( 'NONE', #3679, #4494 ) ;
#377 = PRESENTATION_STYLE_ASSIGNMENT (( #4841 ) ) ;
#378 = ORIENTED_EDGE ( 'NONE', *, *, #4267, .F. ) ;
#379 = CARTESIAN_POINT ( 'NONE',  ( -2.083484861008840117, -2.041742430504419392, 3.749999999999999556 ) ) ;
#380 = EDGE_CURVE ( 'NONE', #2832, #368, #3476, .T. ) ;
#381 = COLOUR_RGB ( '',0.0000000000000000000, 0.0000000000000000000, 0.0000000000000000000 ) ;
#382 = FACE_OUTER_BOUND ( 'NONE', #2624, .T. ) ;
#383 = DIRECTION ( 'NONE',  ( -3.231085104332679983E-15, -1.000000000000000000, 0.0000000000000000000 ) ) ;
#384 = DIRECTION ( 'NONE',  ( 0.0000000000000000000, 0.0000000000000000000, -1.000000000000000000 ) ) ;
#385 = CARTESIAN_POINT ( 'NONE',  ( 1.916515138991160994, 2.041742430504419836, 3.750000000000000000 ) ) ;
#386 = ORIENTED_EDGE ( 'NONE', *, *, #5073, .T. ) ;
#387 = CARTESIAN_POINT ( 'NONE',  ( -1.916515138991160327, -2.041742430504419392, 3.750000000000000000 ) ) ;
#388 = EDGE_CURVE ( 'NONE', #1283, #3376, #1107, .T. ) ;
#389 = FILL_AREA_STYLE_COLOUR ( '', #4556 ) ;
#390 = AXIS2_PLACEMENT_3D ( 'NONE', #2726, #5151, #3496 ) ;
#391 =( LENGTH_UNIT ( ) NAMED_UNIT ( * ) SI_UNIT ( .MILLI., .METRE. ) );
#392 = CARTESIAN_POINT ( 'NONE',  ( -2.000000000000000444, 1.958257569495579720, 3.750000000000000000 ) ) ;
#393 = ORIENTED_EDGE ( 'NONE', *, *, #1546, .T. ) ;
#394 = PRESENTATION_STYLE_ASSIGNMENT (( #2931 ) ) ;
#395 = CARTESIAN_POINT ( 'NONE',  ( -2.000000000000000000, 2.041742430504415839, 3.250000000000000000 ) ) ;
#396 =( LENGTH_UNIT ( ) NAMED_UNIT ( * ) SI_UNIT ( .MILLI., .METRE. ) );
#397 = CARTESIAN_POINT ( 'NONE',  ( -3.000000000000000444, -1.908218829166499875, 1.000000000000000000 ) ) ;
#398 = SURFACE_STYLE_FILL_AREA ( #1590 ) ;
#399 = ORIENTED_EDGE ( 'NONE', *, *, #5016, .F. ) ;
#400 = DIRECTION ( 'NONE',  ( -1.000000000000000000, 0.0000000000000000000, -0.0000000000000000000 ) ) ;
#401 = UNCERTAINTY_MEASURE_WITH_UNIT (LENGTH_MEASURE( 1.000000000000000082E-05 ), #5205, 'distance_accuracy_value', 'NONE');
#402 = LINE ( 'NONE', #3674, #4076 ) ;
#403 = PRESENTATION_STYLE_ASSIGNMENT (( #3991 ) ) ;
#404 = FILL_AREA_STYLE_COLOUR ( '', #4005 ) ;
#405 = ORIENTED_EDGE ( 'NONE', *, *, #3708, .F. ) ;
#406 = PRESENTATION_STYLE_ASSIGNMENT (( #2033 ) ) ;
#407 = MECHANICAL_DESIGN_GEOMETRIC_PRESENTATION_REPRESENTATION (  '', ( #2279 ), #1700 ) ;
#408 = CARTESIAN_POINT ( 'NONE',  ( 4.074999999999999289, 1.891781170833499948, 1.300000000000000044 ) ) ;
#409 =( NAMED_UNIT ( * ) SI_UNIT ( $, .STERADIAN. ) SOLID_ANGLE_UNIT ( ) );
#410 = APPLICATION_CONTEXT ( 'automotive_design' ) ;
#411 = FILL_AREA_STYLE_COLOUR ( '', #335 ) ;
#412 = CLOSED_SHELL ( 'NONE', ( #722, #5149, #4489, #311 ) ) ;
#413 = EDGE_CURVE ( 'NONE', #3653, #3108, #2551, .T. ) ;
#414 = FILL_AREA_STYLE_COLOUR ( '', #2547 ) ;
#415 = ORIENTED_EDGE ( 'NONE', *, *, #641, .F. ) ;
#416 = EDGE_LOOP ( 'NONE', ( #361, #3230, #724, #837, #4287, #1646, #4422, #4957, #3044, #4233, #4429, #2782 ) ) ;
#417 = SURFACE_SIDE_STYLE ('',( #3314 ) ) ;
#418 = DIRECTION ( 'NONE',  ( 0.0000000000000000000, 0.0000000000000000000, 1.000000000000000000 ) ) ;
#419 = PRESENTATION_LAYER_ASSIGNMENT (  '', '', ( #754 ) ) ;
#420 = PRESENTATION_STYLE_ASSIGNMENT (( #508 ) ) ;
#421 = CARTESIAN_POINT ( 'NONE',  ( 1.750000000000000000, 0.0000000000000000000, 3.449999999999999734 ) ) ;
#422 = CARTESIAN_POINT ( 'NONE',  ( -2.083484861008840561, -1.958257569495580164, 3.749999999999999556 ) ) ;
#423 = MANIFOLD_SOLID_BREP ( 'Imported1', #3633 ) ;
#424 = ORIENTED_EDGE ( 'NONE', *, *, #2476, .T. ) ;
#425 = MECHANICAL_DESIGN_GEOMETRIC_PRESENTATION_REPRESENTATION (  '', ( #3984 ), #3128 ) ;
#426 = CARTESIAN_POINT ( 'NONE',  ( 3.650000000000001243, -1.908218829166499875, 0.3999999999999999667 ) ) ;
#427 =( NAMED_UNIT ( * ) PLANE_ANGLE_UNIT ( ) SI_UNIT ( $, .RADIAN. ) );
#428 = COLOUR_RGB ( '',0.7529411764705882248, 0.7529411764705882248, 0.7529411764705882248 ) ;
#429 = ADVANCED_FACE ( 'NONE', ( #4037 ), #3537, .F. ) ;
#430 =( NAMED_UNIT ( * ) PLANE_ANGLE_UNIT ( ) SI_UNIT ( $, .RADIAN. ) );
#431 = ORIENTED_EDGE ( 'NONE', *, *, #3536, .F. ) ;
#432 = LINE ( 'NONE', #1612, #354 ) ;
#433 = CIRCLE ( 'NONE', #3903, 0.5000000000000000000 ) ;
#434 = MANIFOLD_SOLID_BREP ( 'Imported1', #412 ) ;
#435 = FILL_AREA_STYLE ('',( #4835 ) ) ;
#436 = AXIS2_PLACEMENT_3D ( 'NONE', #882, #3270, #853 ) ;
#437 =( GEOMETRIC_REPRESENTATION_CONTEXT ( 3 ) GLOBAL_UNCERTAINTY_ASSIGNED_CONTEXT ( ( #2912 ) ) GLOBAL_UNIT_ASSIGNED_CONTEXT ( ( #1475, #3869, #1092 ) ) REPRESENTATION_CONTEXT ( 'NONE', 'WORKASPACE' ) );
#438 = DIRECTION ( 'NONE',  ( 3.231085104332679983E-15, 1.000000000000000000, 0.0000000000000000000 ) ) ;
#439 = PRESENTATION_STYLE_ASSIGNMENT (( #4073 ) ) ;
#440 = ORIENTED_EDGE ( 'NONE', *, *, #3711, .F. ) ;
#441 = CARTESIAN_POINT ( 'NONE',  ( -1.000000000000000000, 0.0000000000000000000, 0.0000000000000000000 ) ) ;
#442 = VERTEX_POINT ( 'NONE', #397 ) ;
#443 = UNCERTAINTY_MEASURE_WITH_UNIT (LENGTH_MEASURE( 1.000000000000000082E-05 ), #4691, 'distance_accuracy_value', 'NONE');
#444 = EDGE_CURVE ( 'NONE', #5076, #4903, #852, .T. ) ;
#445 = MANIFOLD_SOLID_BREP ( 'Imported1', #2199 ) ;
#446 = CARTESIAN_POINT ( 'NONE',  ( -3.250000000000000000, 1.891781170833499948, 1.300000000000000044 ) ) ;
#447 = LINE ( 'NONE', #1287, #3988 ) ;
#448 = LINE ( 'NONE', #2847, #605 ) ;
#449 = VECTOR ( 'NONE', #1504, 1000.000000000000000 ) ;
#450 = ORIENTED_EDGE ( 'NONE', *, *, #612, .T. ) ;
#451 = EDGE_CURVE ( 'NONE', #4376, #3824, #855, .T. ) ;
#452 =( LENGTH_UNIT ( ) NAMED_UNIT ( * ) SI_UNIT ( .MILLI., .METRE. ) );
#453 = PRESENTATION_LAYER_ASSIGNMENT (  '', '', ( #1896 ) ) ;
#454 = CARTESIAN_POINT ( 'NONE',  ( 2.000000000000000444, 2.246627197996641012, 3.749999999999998224 ) ) ;
#455 = MANIFOLD_SOLID_BREP ( 'Imported1', #1787 ) ;
#456 = ORIENTED_EDGE ( 'NONE', *, *, #1783, .F. ) ;
#457 = CIRCLE ( 'NONE', #1413, 0.4000000000000001887 ) ;
#458 = DIRECTION ( 'NONE',  ( -3.231085104332679983E-15, -1.000000000000000000, 2.938735877055720084E-31 ) ) ;
#459 = ADVANCED_FACE ( '6', ( #2104 ), #4056, .T. ) ;
#460 =( LENGTH_UNIT ( ) NAMED_UNIT ( * ) SI_UNIT ( .MILLI., .METRE. ) );
#461 = CARTESIAN_POINT ( 'NONE',  ( 6.938893903907229955E-15, 2.591781170833500347, 0.2999999999999999889 ) ) ;
#462 =( GEOMETRIC_REPRESENTATION_CONTEXT ( 3 ) GLOBAL_UNCERTAINTY_ASSIGNED_CONTEXT ( ( #3199 ) ) GLOBAL_UNIT_ASSIGNED_CONTEXT ( ( #1454, #2151, #2629 ) ) REPRESENTATION_CONTEXT ( 'NONE', 'WORKASPACE' ) );
#463 = ORIENTED_EDGE ( 'NONE', *, *, #3214, .T. ) ;
#464 = UNCERTAINTY_MEASURE_WITH_UNIT (LENGTH_MEASURE( 1.000000000000000082E-05 ), #3371, 'distance_accuracy_value', 'NONE');
#465 = DIRECTION ( 'NONE',  ( 1.000000000000000000, 0.0000000000000000000, -0.0000000000000000000 ) ) ;
#466 = VECTOR ( 'NONE', #2702, 1000.000000000000000 ) ;
#467 = SURFACE_SIDE_STYLE ('',( #3704 ) ) ;
#468 =( GEOMETRIC_REPRESENTATION_CONTEXT ( 3 ) GLOBAL_UNCERTAINTY_ASSIGNED_CONTEXT ( ( #246 ) ) GLOBAL_UNIT_ASSIGNED_CONTEXT ( ( #209, #3042, #3015 ) ) REPRESENTATION_CONTEXT ( 'NONE', 'WORKASPACE' ) );
#469 = SURFACE_SIDE_STYLE ('',( #4099 ) ) ;
#470 = ORIENTED_EDGE ( 'NONE', *, *, #3536, .T. ) ;
#471 = DIRECTION ( 'NONE',  ( 0.0000000000000000000, 0.0000000000000000000, 1.000000000000000000 ) ) ;
#472 = DIRECTION ( 'NONE',  ( 1.000000000000000000, 0.0000000000000000000, 0.0000000000000000000 ) ) ;
#473 = CARTESIAN_POINT ( 'NONE',  ( -3.250000000000000000, 2.241781170833500259, 0.9000000000000000222 ) ) ;
#474 = DIRECTION ( 'NONE',  ( -1.000000000000000000, 0.0000000000000000000, 0.0000000000000000000 ) ) ;
#475 = ORIENTED_EDGE ( 'NONE', *, *, #4421, .T. ) ;
#476 = VERTEX_POINT ( 'NONE', #5166 ) ;
#477 = VECTOR ( 'NONE', #4, 1000.000000000000000 ) ;
#478 = CARTESIAN_POINT ( 'NONE',  ( 6.938893903907229955E-15, -1.908218829166499875, 0.2999999999999999889 ) ) ;
#479 = ITEM_DEFINED_TRANSFORMATION ( 'NONE', 'NONE', #1163,  #3507 ) ;
#480 = FILL_AREA_STYLE_COLOUR ( '', #811 ) ;
#481 = CARTESIAN_POINT ( 'NONE',  ( 2.493254395993288242, 2.246627197996640568, 3.749999999999998224 ) ) ;
#482 = ORIENTED_EDGE ( 'NONE', *, *, #3239, .F. ) ;
#483 = CARTESIAN_POINT ( 'NONE',  ( 3.000000000000000000, 0.0000000000000000000, 3.149999999999999911 ) ) ;
#484 = DIRECTION ( 'NONE',  ( 0.0000000000000000000, -0.0000000000000000000, 1.000000000000000000 ) ) ;
#485 = SURFACE_STYLE_FILL_AREA ( #4917 ) ;
#486 =( LENGTH_UNIT ( ) NAMED_UNIT ( * ) SI_UNIT ( .MILLI., .METRE. ) );
#487 = DIRECTION ( 'NONE',  ( 1.000000000000000000, -0.0000000000000000000, 0.0000000000000000000 ) ) ;
#488 =( NAMED_UNIT ( * ) SI_UNIT ( $, .STERADIAN. ) SOLID_ANGLE_UNIT ( ) );
#489 = EDGE_LOOP ( 'NONE', ( #2156, #3305, #431, #1611 ) ) ;
#490 = EDGE_CURVE ( 'NONE', #4913, #4635, #949, .T. ) ;
#491 = DIRECTION ( 'NONE',  ( 0.0000000000000000000, 0.0000000000000000000, -1.000000000000000000 ) ) ;
#492 = SURFACE_SIDE_STYLE ('',( #4071 ) ) ;
#493 =( NAMED_UNIT ( * ) SI_UNIT ( $, .STERADIAN. ) SOLID_ANGLE_UNIT ( ) );
#494 = DIRECTION ( 'NONE',  ( 0.0000000000000000000, -0.0000000000000000000, 1.000000000000000000 ) ) ;
#495 = ORIENTED_EDGE ( 'NONE', *, *, #4582, .T. ) ;
#496 = DIRECTION ( 'NONE',  ( 0.0000000000000000000, 0.0000000000000000000, 1.000000000000000000 ) ) ;
#497 = CIRCLE ( 'NONE', #1189, 0.1000000000000000472 ) ;
#498 = DIRECTION ( 'NONE',  ( 0.0000000000000000000, -1.000000000000000000, 0.0000000000000000000 ) ) ;
#499 = VERTEX_POINT ( 'NONE', #4851 ) ;
#500 = ADVANCED_FACE ( 'NONE', ( #2074 ), #3691, .F. ) ;
#501 = ORIENTED_EDGE ( 'NONE', *, *, #3909, .T. ) ;
#502 = PRESENTATION_LAYER_ASSIGNMENT (  '', '', ( #3803 ) ) ;
#503 = FILL_AREA_STYLE_COLOUR ( '', #4183 ) ;
#504 = SURFACE_STYLE_FILL_AREA ( #4269 ) ;
#505 = CARTESIAN_POINT ( 'NONE',  ( 3.250000000000000444, -1.908218829166499431, 1.300000000000000044 ) ) ;
#506 = PRODUCT_DEFINITION ( 'UNKNOWN', '', #2513, #1209 ) ;
#507 = VECTOR ( 'NONE', #250, 1000.000000000000000 ) ;
#508 = SURFACE_STYLE_USAGE ( .BOTH. , #1321 ) ;
#509 =( NAMED_UNIT ( * ) SI_UNIT ( $, .STERADIAN. ) SOLID_ANGLE_UNIT ( ) );
#510 = VERTEX_POINT ( 'NONE', #2673 ) ;
#511 = DIRECTION ( 'NONE',  ( 0.0000000000000000000, 0.0000000000000000000, 1.000000000000000000 ) ) ;
#512 =( GEOMETRIC_REPRESENTATION_CONTEXT ( 3 ) GLOBAL_UNCERTAINTY_ASSIGNED_CONTEXT ( ( #4833 ) ) GLOBAL_UNIT_ASSIGNED_CONTEXT ( ( #3983, #1190, #3957 ) ) REPRESENTATION_CONTEXT ( 'NONE', 'WORKASPACE' ) );
#513 = SURFACE_STYLE_FILL_AREA ( #4135 ) ;
#514 = FILL_AREA_STYLE_COLOUR ( '', #2758 ) ;
#515 = FILL_AREA_STYLE ('',( #2934 ) ) ;
#516 = COLOUR_RGB ( '',0.7529411764705882248, 0.7529411764705882248, 0.7529411764705882248 ) ;
#517 = CARTESIAN_POINT ( 'NONE',  ( 2.850000000000000089, -2.850000000000000089, 3.149999999999999911 ) ) ;
#518 = ORIENTED_EDGE ( 'NONE', *, *, #1943, .F. ) ;
#519 = UNCERTAINTY_MEASURE_WITH_UNIT (LENGTH_MEASURE( 1.000000000000000082E-05 ), #2485, 'distance_accuracy_value', 'NONE');
#520 = SURFACE_STYLE_USAGE ( .BOTH. , #4469 ) ;
#521 = SURFACE_STYLE_FILL_AREA ( #435 ) ;
#522 = ADVANCED_FACE ( '2', ( #1063 ), #1427, .T. ) ;
#523 = CYLINDRICAL_SURFACE ( 'NONE', #3947, 0.09999999999999982514 ) ;
#524 = CYLINDRICAL_SURFACE ( 'NONE', #4289, 0.1499999999999999667 ) ;
#525 = ORIENTED_EDGE ( 'NONE', *, *, #1871, .T. ) ;
#526 = MECHANICAL_DESIGN_GEOMETRIC_PRESENTATION_REPRESENTATION (  '', ( #861 ), #4078 ) ;
#527 = UNCERTAINTY_MEASURE_WITH_UNIT (LENGTH_MEASURE( 1.000000000000000082E-05 ), #4028, 'distance_accuracy_value', 'NONE');
#528 = AXIS2_PLACEMENT_3D ( 'NONE', #2427, #1642, #3591 ) ;
#529 = ADVANCED_FACE ( '2', ( #621 ), #4610, .T. ) ;
#530 = ORIENTED_EDGE ( 'NONE', *, *, #4055, .T. ) ;
#531 = SURFACE_STYLE_USAGE ( .BOTH. , #4081 ) ;
#532 =( NAMED_UNIT ( * ) PLANE_ANGLE_UNIT ( ) SI_UNIT ( $, .RADIAN. ) );
#533 = ORIENTED_EDGE ( 'NONE', *, *, #1179, .F. ) ;
#534 = COLOUR_RGB ( '',0.7529411764705882248, 0.7529411764705882248, 0.7529411764705882248 ) ;
#535 = DIRECTION ( 'NONE',  ( 0.0000000000000000000, 0.0000000000000000000, 1.000000000000000000 ) ) ;
#536 = DIRECTION ( 'NONE',  ( -1.000000000000000000, -0.0000000000000000000, 0.0000000000000000000 ) ) ;
#537 = DIRECTION ( 'NONE',  ( 1.000000000000000000, 0.0000000000000000000, 0.0000000000000000000 ) ) ;
#538 = DIRECTION ( 'NONE',  ( 0.0000000000000000000, 0.0000000000000000000, 1.000000000000000000 ) ) ;
#539 = EDGE_LOOP ( 'NONE', ( #3360, #1669, #1407, #4697, #4013, #4478, #2974, #2517, #3885, #1451, #572, #1731 ) ) ;
#540 = VECTOR ( 'NONE', #1981, 1000.000000000000000 ) ;
#541 = ORIENTED_EDGE ( 'NONE', *, *, #4874, .F. ) ;
#542 =( GEOMETRIC_REPRESENTATION_CONTEXT ( 3 ) GLOBAL_UNCERTAINTY_ASSIGNED_CONTEXT ( ( #519 ) ) GLOBAL_UNIT_ASSIGNED_CONTEXT ( ( #2485, #3378, #1770 ) ) REPRESENTATION_CONTEXT ( 'NONE', 'WORKASPACE' ) );
#543 = ADVANCED_FACE ( 'NONE', ( #1113 ), #3912, .F. ) ;
#544 = FILL_AREA_STYLE ('',( #4865 ) ) ;
#545 = COLOUR_RGB ( '',0.7921568627450980005, 0.8196078431372548767, 0.9333333333333333481 ) ;
#546 = CARTESIAN_POINT ( 'NONE',  ( -2.000000000000004441, 1.581953906996889092, 3.637779991155306369 ) ) ;
#547 = AXIS2_PLACEMENT_3D ( 'NONE', #2479, #77, #3238 ) ;
#548 = SURFACE_STYLE_FILL_AREA ( #4999 ) ;
#549 = SURFACE_STYLE_FILL_AREA ( #4502 ) ;
#550 = SURFACE_STYLE_FILL_AREA ( #4553 ) ;
#551 = ORIENTED_EDGE ( 'NONE', *, *, #2794, .F. ) ;
#552 = PRESENTATION_STYLE_ASSIGNMENT (( #3048 ) ) ;
#553 = AXIS2_PLACEMENT_3D ( 'NONE', #2984, #2637, #975 ) ;
#554 = FACE_OUTER_BOUND ( 'NONE', #1433, .T. ) ;
#555 = MECHANICAL_DESIGN_GEOMETRIC_PRESENTATION_REPRESENTATION (  '', ( #2851 ), #3594 ) ;
#556 = FACE_OUTER_BOUND ( 'NONE', #982, .T. ) ;
#557 = ORIENTED_EDGE ( 'NONE', *, *, #4892, .F. ) ;
#558 = EDGE_LOOP ( 'NONE', ( #1395, #1494, #241, #1182 ) ) ;
#559 = EDGE_CURVE ( 'NONE', #1384, #4350, #4150, .T. ) ;
#560 = UNCERTAINTY_MEASURE_WITH_UNIT (LENGTH_MEASURE( 1.000000000000000082E-05 ), #3023, 'distance_accuracy_value', 'NONE');
#561 = LINE ( 'NONE', #5018, #5013 ) ;
#562 = UNCERTAINTY_MEASURE_WITH_UNIT (LENGTH_MEASURE( 1.000000000000000082E-05 ), #3188, 'distance_accuracy_value', 'NONE');
#563 = SURFACE_STYLE_FILL_AREA ( #3815 ) ;
#564 =( LENGTH_UNIT ( ) NAMED_UNIT ( * ) SI_UNIT ( .MILLI., .METRE. ) );
#565 = CARTESIAN_POINT ( 'NONE',  ( -3.649999999999999911, 2.591781170833500347, 0.3999999999999999667 ) ) ;
#566 = ORIENTED_EDGE ( 'NONE', *, *, #2632, .T. ) ;
#567 = STYLED_ITEM ( 'NONE', ( #590 ), #3502 ) ;
#568 = STYLED_ITEM ( 'NONE', ( #169 ), #3813 ) ;
#569 = PLANE ( 'NONE',  #2450 ) ;
#570 = ORIENTED_EDGE ( 'NONE', *, *, #3861, .T. ) ;
#571 = LINE ( 'NONE', #59, #3231 ) ;
#572 = ORIENTED_EDGE ( 'NONE', *, *, #4832, .T. ) ;
#573 = DIRECTION ( 'NONE',  ( -1.000000000000000000, 0.0000000000000000000, 0.0000000000000000000 ) ) ;
#574 = UNCERTAINTY_MEASURE_WITH_UNIT (LENGTH_MEASURE( 1.000000000000000082E-05 ), #627, 'distance_accuracy_value', 'NONE');
#575 =( LENGTH_UNIT ( ) NAMED_UNIT ( * ) SI_UNIT ( .MILLI., .METRE. ) );
#576 = ORIENTED_EDGE ( 'NONE', *, *, #3320, .T. ) ;
#577 = FACE_OUTER_BOUND ( 'NONE', #2939, .T. ) ;
#578 =( LENGTH_UNIT ( ) NAMED_UNIT ( * ) SI_UNIT ( .MILLI., .METRE. ) );
#579 = ORIENTED_EDGE ( 'NONE', *, *, #2439, .F. ) ;
#580 = CIRCLE ( 'NONE', #3461, 0.1000000000000000472 ) ;
#581 = FACE_OUTER_BOUND ( 'NONE', #539, .T. ) ;
#582 = EDGE_CURVE ( 'NONE', #4181, #3464, #1172, .T. ) ;
#583 = VERTEX_POINT ( 'NONE', #3990 ) ;
#584 = EDGE_CURVE ( 'NONE', #3368, #2343, #3518, .T. ) ;
#585 = FACE_OUTER_BOUND ( 'NONE', #1739, .T. ) ;
#586 = ORIENTED_EDGE ( 'NONE', *, *, #2665, .F. ) ;
#587 = FACE_OUTER_BOUND ( 'NONE', #1206, .T. ) ;
#588 = CARTESIAN_POINT ( 'NONE',  ( -1.999999999999999556, 2.041742430504420280, 3.750000000000000000 ) ) ;
#589 =( GEOMETRIC_REPRESENTATION_CONTEXT ( 3 ) GLOBAL_UNCERTAINTY_ASSIGNED_CONTEXT ( ( #668 ) ) GLOBAL_UNIT_ASSIGNED_CONTEXT ( ( #3449, #3890, #4689 ) ) REPRESENTATION_CONTEXT ( 'NONE', 'WORKASPACE' ) );
#590 = PRESENTATION_STYLE_ASSIGNMENT (( #3180 ) ) ;
#591 = FILL_AREA_STYLE_COLOUR ( '', #2352 ) ;
#592 =( BOUNDED_CURVE ( )  B_SPLINE_CURVE ( 3, ( #4400, #4304, #387, #2040 ),
 .UNSPECIFIED., .F., .F. ) 
 B_SPLINE_CURVE_WITH_KNOTS ( ( 4, 4 ),
 ( 0.0000000000000000000, 1.000000000000000000 ),
 .UNSPECIFIED. ) 
 CURVE ( )  GEOMETRIC_REPRESENTATION_ITEM ( )  RATIONAL_B_SPLINE_CURVE ( ( 1.000000000000000000, 0.3333333333333368120, 0.3333333333333368120, 1.000000000000000000 ) ) 
 REPRESENTATION_ITEM ( '' )  );
#593 = ORIENTED_EDGE ( 'NONE', *, *, #4536, .T. ) ;
#594 = CARTESIAN_POINT ( 'NONE',  ( -3.649999999999999911, 2.241781170833500259, 1.300000000000000044 ) ) ;
#595 = PRODUCT_RELATED_PRODUCT_CATEGORY ( 'part', '', ( #3892 ) ) ;
#596 = SURFACE_STYLE_FILL_AREA ( #4218 ) ;
#597 =( LENGTH_UNIT ( ) NAMED_UNIT ( * ) SI_UNIT ( .MILLI., .METRE. ) );
#598 = VECTOR ( 'NONE', #4595, 1000.000000000000000 ) ;
#599 = ORIENTED_EDGE ( 'NONE', *, *, #877, .F. ) ;
#600 = AXIS2_PLACEMENT_3D ( 'NONE', #4728, #2752, #4780 ) ;
#601 = CYLINDRICAL_SURFACE ( 'NONE', #2388, 0.3999999999999999667 ) ;
#602 = SURFACE_STYLE_FILL_AREA ( #1020 ) ;
#603 = ORIENTED_EDGE ( 'NONE', *, *, #4463, .T. ) ;
#604 = AXIS2_PLACEMENT_3D ( 'NONE', #3599, #5130, #3174 ) ;
#605 = VECTOR ( 'NONE', #2070, 1000.000000000000000 ) ;
#606 = SURFACE_STYLE_USAGE ( .BOTH. , #4641 ) ;
#607 = CARTESIAN_POINT ( 'NONE',  ( 0.0000000000000000000, 0.0000000000000000000, 3.149999999999999911 ) ) ;
#608 = CARTESIAN_POINT ( 'NONE',  ( 2.000000000000000888, -2.500000000000000000, 3.449999999999999734 ) ) ;
#609 = LINE ( 'NONE', #3528, #4653 ) ;
#610 = DIRECTION ( 'NONE',  ( 3.231085104332679983E-15, 1.000000000000000000, -2.938735877055720084E-31 ) ) ;
#611 = EDGE_LOOP ( 'NONE', ( #2094, #1572, #1725, #3326 ) ) ;
#612 = EDGE_CURVE ( 'NONE', #3108, #4503, #5107, .T. ) ;
#613 = DIRECTION ( 'NONE',  ( 0.0000000000000000000, -0.0000000000000000000, 1.000000000000000000 ) ) ;
#614 = ORIENTED_EDGE ( 'NONE', *, *, #2375, .F. ) ;
#615 = ADVANCED_FACE ( 'NONE', ( #748 ), #1977, .T. ) ;
#616 = AXIS2_PLACEMENT_3D ( 'NONE', #4688, #672, #728 ) ;
#617 = PRESENTATION_STYLE_ASSIGNMENT (( #5032 ) ) ;
#618 = ORIENTED_EDGE ( 'NONE', *, *, #3701, .T. ) ;
#619 = DIRECTION ( 'NONE',  ( -1.000000000000000000, -0.0000000000000000000, 0.0000000000000000000 ) ) ;
#620 = AXIS2_PLACEMENT_3D ( 'NONE', #2776, #369, #5175 ) ;
#621 = FACE_OUTER_BOUND ( 'NONE', #416, .T. ) ;
#622 = CARTESIAN_POINT ( 'NONE',  ( 3.000000000000000000, -2.850000000000000089, 0.0000000000000000000 ) ) ;
#623 = PRESENTATION_LAYER_ASSIGNMENT (  '', '', ( #885 ) ) ;
#624 = DIRECTION ( 'NONE',  ( 1.000000000000000000, -3.231085104332679983E-15, 0.0000000000000000000 ) ) ;
#625 = DIRECTION ( 'NONE',  ( 0.0000000000000000000, 1.000000000000000000, 0.0000000000000000000 ) ) ;
#626 = CARTESIAN_POINT ( 'NONE',  ( 1.999999999999999556, 1.958257569495580608, 3.750000000000000000 ) ) ;
#627 =( LENGTH_UNIT ( ) NAMED_UNIT ( * ) SI_UNIT ( .MILLI., .METRE. ) );
#628 = MECHANICAL_DESIGN_GEOMETRIC_PRESENTATION_REPRESENTATION (  '', ( #890 ), #2933 ) ;
#629 =( NAMED_UNIT ( * ) SI_UNIT ( $, .STERADIAN. ) SOLID_ANGLE_UNIT ( ) );
#630 = SURFACE_STYLE_FILL_AREA ( #3919 ) ;
#631 = CARTESIAN_POINT ( 'NONE',  ( -1.999999999999999556, -2.500000000000000444, 3.449999999999999734 ) ) ;
#632 = SURFACE_SIDE_STYLE ('',( #3462 ) ) ;
#633 = PLANE ( 'NONE',  #3562 ) ;
#634 = DIRECTION ( 'NONE',  ( -0.0000000000000000000, 0.0000000000000000000, 1.000000000000000000 ) ) ;
#635 = PRESENTATION_LAYER_ASSIGNMENT (  '', '', ( #1753 ) ) ;
#636 = DIRECTION ( 'NONE',  ( 0.0000000000000000000, 0.0000000000000000000, 1.000000000000000000 ) ) ;
#637 = DIRECTION ( 'NONE',  ( 1.000000000000000000, -0.0000000000000000000, 0.0000000000000000000 ) ) ;
#638 = ORIENTED_EDGE ( 'NONE', *, *, #3825, .T. ) ;
#639 =( GEOMETRIC_REPRESENTATION_CONTEXT ( 3 ) GLOBAL_UNCERTAINTY_ASSIGNED_CONTEXT ( ( #443 ) ) GLOBAL_UNIT_ASSIGNED_CONTEXT ( ( #4691, #2329, #1481 ) ) REPRESENTATION_CONTEXT ( 'NONE', 'WORKASPACE' ) );
#640 = CARTESIAN_POINT ( 'NONE',  ( 3.249999999999999556, 1.891781170833501280, 1.300000000000000044 ) ) ;
#641 = EDGE_CURVE ( 'NONE', #3997, #4709, #3280, .T. ) ;
#642 = EDGE_LOOP ( 'NONE', ( #2639, #5098, #2048, #3276 ) ) ;
#643 = FACE_OUTER_BOUND ( 'NONE', #2063, .T. ) ;
#644 = SURFACE_STYLE_USAGE ( .BOTH. , #907 ) ;
#645 = ADVANCED_FACE ( 'NONE', ( #4470 ), #833, .T. ) ;
#646 = FILL_AREA_STYLE_COLOUR ( '', #4106 ) ;
#647 = SURFACE_STYLE_FILL_AREA ( #2675 ) ;
#648 = EDGE_CURVE ( 'NONE', #1399, #2570, #402, .T. ) ;
#649 = SURFACE_SIDE_STYLE ('',( #1503 ) ) ;
#650 = CARTESIAN_POINT ( 'NONE',  ( -1.750000000000000000, 0.0000000000000000000, 4.200000000000000178 ) ) ;
#651 =( NAMED_UNIT ( * ) SI_UNIT ( $, .STERADIAN. ) SOLID_ANGLE_UNIT ( ) );
#652 = UNCERTAINTY_MEASURE_WITH_UNIT (LENGTH_MEASURE( 1.000000000000000082E-05 ), #2884, 'distance_accuracy_value', 'NONE');
#653 = CARTESIAN_POINT ( 'NONE',  ( -3.250000000000000000, -2.608218829166499830, 0.9000000000000000222 ) ) ;
#654 = CARTESIAN_POINT ( 'NONE',  ( 2.850000000000000089, -2.850000000000000089, 3.449999999999999734 ) ) ;
#655 = ORIENTED_EDGE ( 'NONE', *, *, #4132, .T. ) ;
#656 = DIRECTION ( 'NONE',  ( 1.000000000000000000, 0.0000000000000000000, 0.0000000000000000000 ) ) ;
#657 = PRODUCT_CONTEXT ( 'NONE', #410, 'mechanical' ) ;
#658 =( NAMED_UNIT ( * ) PLANE_ANGLE_UNIT ( ) SI_UNIT ( $, .RADIAN. ) );
#659 = VECTOR ( 'NONE', #3905, 1000.000000000000000 ) ;
#660 = FILL_AREA_STYLE_COLOUR ( '', #5153 ) ;
#661 = VERTEX_POINT ( 'NONE', #2423 ) ;
#662 = AXIS2_PLACEMENT_3D ( 'NONE', #2055, #1169, #2802 ) ;
#663 =( NAMED_UNIT ( * ) SI_UNIT ( $, .STERADIAN. ) SOLID_ANGLE_UNIT ( ) );
#664 = VECTOR ( 'NONE', #283, 1000.000000000000000 ) ;
#665 = DIRECTION ( 'NONE',  ( -0.0000000000000000000, -0.0000000000000000000, -1.000000000000000000 ) ) ;
#666 = VERTEX_POINT ( 'NONE', #4893 ) ;
#667 = DIRECTION ( 'NONE',  ( 3.231085104332679983E-15, 1.000000000000000000, -0.0000000000000000000 ) ) ;
#668 = UNCERTAINTY_MEASURE_WITH_UNIT (LENGTH_MEASURE( 1.000000000000000082E-05 ), #3449, 'distance_accuracy_value', 'NONE');
#669 = ADVANCED_FACE ( 'NONE', ( #2026 ), #3641, .T. ) ;
#670 = SURFACE_STYLE_FILL_AREA ( #3495 ) ;
#671 = PRODUCT_DEFINITION_CONTEXT ( 'detailed design', #4112, 'design' ) ;
#672 = DIRECTION ( 'NONE',  ( 3.231085104332679983E-15, 1.000000000000000000, 0.0000000000000000000 ) ) ;
#673 =( GEOMETRIC_REPRESENTATION_CONTEXT ( 3 ) GLOBAL_UNCERTAINTY_ASSIGNED_CONTEXT ( ( #4778 ) ) GLOBAL_UNIT_ASSIGNED_CONTEXT ( ( #1498, #1874, #1472 ) ) REPRESENTATION_CONTEXT ( 'NONE', 'WORKASPACE' ) );
#674 = SURFACE_SIDE_STYLE ('',( #2759 ) ) ;
#675 = LINE ( 'NONE', #2302, #477 ) ;
#676 = FILL_AREA_STYLE_COLOUR ( '', #3486 ) ;
#677 = FACE_OUTER_BOUND ( 'NONE', #150, .T. ) ;
#678 = AXIS2_PLACEMENT_3D ( 'NONE', #936, #2523, #472 ) ;
#679 = EDGE_CURVE ( 'NONE', #2950, #2236, #5030, .T. ) ;
#680 = MECHANICAL_DESIGN_GEOMETRIC_PRESENTATION_REPRESENTATION (  '', ( #1721 ), #1478 ) ;
#681 = SURFACE_STYLE_USAGE ( .BOTH. , #5187 ) ;
#682 = PRODUCT_CONTEXT ( 'NONE', #3600, 'mechanical' ) ;
#683 =( NAMED_UNIT ( * ) PLANE_ANGLE_UNIT ( ) SI_UNIT ( $, .RADIAN. ) );
#684 = LINE ( 'NONE', #3552, #3024 ) ;
#685 = CARTESIAN_POINT ( 'NONE',  ( 2.850000000000000089, -3.000000000000000000, 0.0000000000000000000 ) ) ;
#686 = FILL_AREA_STYLE_COLOUR ( '', #4408 ) ;
#687 = CARTESIAN_POINT ( 'NONE',  ( -3.750000000000000000, 1.891781170833499948, 0.4000000000000000222 ) ) ;
#688 = CARTESIAN_POINT ( 'NONE',  ( 3.750000000000000000, 3.362671756250250166, 0.4000000000000000222 ) ) ;
#689 = AXIS2_PLACEMENT_3D ( 'NONE', #1880, #1953, #2374 ) ;
#690 = LINE ( 'NONE', #240, #316 ) ;
#691 =( NAMED_UNIT ( * ) PLANE_ANGLE_UNIT ( ) SI_UNIT ( $, .RADIAN. ) );
#692 = ORIENTED_EDGE ( 'NONE', *, *, #219, .F. ) ;
#693 = SURFACE_STYLE_USAGE ( .BOTH. , #4313 ) ;
#694 = EDGE_CURVE ( 'NONE', #4913, #4404, #1801, .T. ) ;
#695 = SURFACE_STYLE_FILL_AREA ( #2268 ) ;
#696 = PRESENTATION_LAYER_ASSIGNMENT (  '', '', ( #3333 ) ) ;
#697 =( BOUNDED_SURFACE ( )  B_SPLINE_SURFACE ( 3, 3, ( 
 ( #4620, #4644, #943, #2228 ),
 ( #3040, #2200, #153, #3771 ),
 ( #2555, #2152, #4225, #3390 ),
 ( #608, #133, #1764, #205 ) ),
 .UNSPECIFIED., .F., .F., .T. ) 
 B_SPLINE_SURFACE_WITH_KNOTS ( ( 4, 4 ),
 ( 4, 4 ),
 ( 0.0000000000000000000, 1.000000000000000000 ),
 ( 0.0000000000000000000, 1.000000000000000000 ),
 .UNSPECIFIED. ) 
 GEOMETRIC_REPRESENTATION_ITEM ( )  RATIONAL_B_SPLINE_SURFACE ( (
 ( 1.000000000000000000, 0.3333333333333337034, 0.3333333333333337034, 1.000000000000000000),
 ( 0.8911066843560517814, 0.2970355614520175935, 0.2970355614520175935, 0.8911066843560517814),
 ( 0.8911066843560517814, 0.2970355614520175935, 0.2970355614520175935, 0.8911066843560517814),
 ( 1.000000000000000000, 0.3333333333333337034, 0.3333333333333337034, 1.000000000000000000) ) ) 
 REPRESENTATION_ITEM ( '' )  SURFACE ( )  );
#698 = SURFACE_STYLE_USAGE ( .BOTH. , #779 ) ;
#699 = PRESENTATION_LAYER_ASSIGNMENT (  '', '', ( #1819 ) ) ;
#700 = CARTESIAN_POINT ( 'NONE',  ( 2.850000000000000089, -3.000000000000000000, 3.149999999999999911 ) ) ;
#701 = DIRECTION ( 'NONE',  ( 0.0000000000000000000, 0.0000000000000000000, 1.000000000000000000 ) ) ;
#702 = LINE ( 'NONE', #3099, #2918 ) ;
#703 = CIRCLE ( 'NONE', #1152, 0.4000000000000001887 ) ;
#704 = UNCERTAINTY_MEASURE_WITH_UNIT (LENGTH_MEASURE( 1.000000000000000082E-05 ), #2261, 'distance_accuracy_value', 'NONE');
#705 = COLOUR_RGB ( '',0.7921568627450980005, 0.8196078431372548767, 0.9333333333333333481 ) ;
#706 = PRESENTATION_STYLE_ASSIGNMENT (( #4643 ) ) ;
#707 = DIRECTION ( 'NONE',  ( 1.000000000000000000, 0.0000000000000000000, 0.0000000000000000000 ) ) ;
#708 = SURFACE_STYLE_FILL_AREA ( #3971 ) ;
#709 = AXIS2_PLACEMENT_3D ( 'NONE', #1811, #2254, #4962 ) ;
#710 = EDGE_CURVE ( 'NONE', #2544, #987, #2991, .T. ) ;
#711 = COLOUR_RGB ( '',0.0000000000000000000, 0.0000000000000000000, 0.0000000000000000000 ) ;
#712 = APPLICATION_PROTOCOL_DEFINITION ( 'draft international standard', 'automotive_design', 1998, #3673 ) ;
#713 = PRESENTATION_LAYER_ASSIGNMENT (  '', '', ( #1666 ) ) ;
#714 = PRODUCT_DEFINITION_SHAPE ( 'NONE', 'NONE',  #5222 ) ;
#715 = CARTESIAN_POINT ( 'NONE',  ( 1.750000000000000222, -3.499999999999999112, 4.199999999999999289 ) ) ;
#716 = CARTESIAN_POINT ( 'NONE',  ( -2.493254395993282913, 2.246627197996641900, 3.749999999999998668 ) ) ;
#717 = PRESENTATION_LAYER_ASSIGNMENT (  '', '', ( #3020 ) ) ;
#718 = EDGE_CURVE ( 'NONE', #1390, #3319, #433, .T. ) ;
#719 =( NAMED_UNIT ( * ) SI_UNIT ( $, .STERADIAN. ) SOLID_ANGLE_UNIT ( ) );
#720 = PRESENTATION_LAYER_ASSIGNMENT (  '', '', ( #3864 ) ) ;
#721 = FILL_AREA_STYLE ('',( #5192 ) ) ;
#722 = ADVANCED_FACE ( 'NONE', ( #4997 ), #183, .T. ) ;
#723 = FACE_OUTER_BOUND ( 'NONE', #4034, .T. ) ;
#724 = ORIENTED_EDGE ( 'NONE', *, *, #1083, .F. ) ;
#725 = SURFACE_STYLE_FILL_AREA ( #4683 ) ;
#726 =( NAMED_UNIT ( * ) PLANE_ANGLE_UNIT ( ) SI_UNIT ( $, .RADIAN. ) );
#727 =( NAMED_UNIT ( * ) PLANE_ANGLE_UNIT ( ) SI_UNIT ( $, .RADIAN. ) );
#728 = DIRECTION ( 'NONE',  ( -1.000000000000000000, 2.168404344971012812E-15, 0.0000000000000000000 ) ) ;
#729 =( NAMED_UNIT ( * ) PLANE_ANGLE_UNIT ( ) SI_UNIT ( $, .RADIAN. ) );
#730 =( BOUNDED_SURFACE ( )  B_SPLINE_SURFACE ( 3, 3, ( 
 ( #4816, #790, #3288, #734 ),
 ( #1180, #2816, #5206, #841 ),
 ( #36, #3573, #4788, #2354 ),
 ( #2012, #2408, #1262, #3972 ) ),
 .UNSPECIFIED., .F., .F., .T. ) 
 B_SPLINE_SURFACE_WITH_KNOTS ( ( 4, 4 ),
 ( 4, 4 ),
 ( 0.0000000000000000000, 1.000000000000000000 ),
 ( 0.0000000000000000000, 1.000000000000000000 ),
 .UNSPECIFIED. ) 
 GEOMETRIC_REPRESENTATION_ITEM ( )  RATIONAL_B_SPLINE_SURFACE ( (
 ( 1.000000000000000000, 0.3333333333333299842, 0.3333333333333299842, 1.000000000000000000),
 ( 0.8911066843560517814, 0.2970355614520142629, 0.2970355614520142629, 0.8911066843560517814),
 ( 0.8911066843560517814, 0.2970355614520142629, 0.2970355614520142629, 0.8911066843560517814),
 ( 1.000000000000000000, 0.3333333333333299842, 0.3333333333333299842, 1.000000000000000000) ) ) 
 REPRESENTATION_ITEM ( '' )  SURFACE ( )  );
#731 = SURFACE_SIDE_STYLE ('',( #4449 ) ) ;
#732 = SURFACE_SIDE_STYLE ('',( #1178 ) ) ;
#733 = CARTESIAN_POINT ( 'NONE',  ( -3.349999999999999645, 1.120890585416750129, 0.4000000000000000222 ) ) ;
#734 = CARTESIAN_POINT ( 'NONE',  ( 2.000000000000000000, -2.041742430504420280, 3.750000000000000000 ) ) ;
#735 = CARTESIAN_POINT ( 'NONE',  ( 2.000000000000000000, 1.958257569495580608, 3.750000000000000000 ) ) ;
#736 = CARTESIAN_POINT ( 'NONE',  ( 3.749999999999997335, -2.608218829166499386, 0.0000000000000000000 ) ) ;
#737 = APPLICATION_PROTOCOL_DEFINITION ( 'draft international standard', 'automotive_design', 1998, #1250 ) ;
#738 = EDGE_CURVE ( 'NONE', #4265, #4509, #1418, .T. ) ;
#739 = CARTESIAN_POINT ( 'NONE',  ( 4.074999999999999289, -2.608218829166499830, 1.000000000000000000 ) ) ;
#740 =( GEOMETRIC_REPRESENTATION_CONTEXT ( 3 ) GLOBAL_UNCERTAINTY_ASSIGNED_CONTEXT ( ( #2300 ) ) GLOBAL_UNIT_ASSIGNED_CONTEXT ( ( #3829, #2569, #493 ) ) REPRESENTATION_CONTEXT ( 'NONE', 'WORKASPACE' ) );
#741 = CARTESIAN_POINT ( 'NONE',  ( -2.493254395993284689, 1.753372802003358766, 3.749999999999998668 ) ) ;
#742 = SURFACE_SIDE_STYLE ('',( #3612 ) ) ;
#743 = DIRECTION ( 'NONE',  ( -3.231085104332679983E-15, -1.000000000000000000, 0.0000000000000000000 ) ) ;
#744 = ADVANCED_FACE ( 'NONE', ( #5049 ), #5064, .T. ) ;
#745 = SURFACE_STYLE_USAGE ( .BOTH. , #4360 ) ;
#746 = ORIENTED_EDGE ( 'NONE', *, *, #3444, .T. ) ;
#747 = DIRECTION ( 'NONE',  ( -1.000000000000000000, 3.231085104332679983E-15, 0.0000000000000000000 ) ) ;
#748 = FACE_OUTER_BOUND ( 'NONE', #1597, .T. ) ;
#749 = DIRECTION ( 'NONE',  ( -0.0000000000000000000, -0.0000000000000000000, -1.000000000000000000 ) ) ;
#750 = LINE ( 'NONE', #3250, #1363 ) ;
#751 = CARTESIAN_POINT ( 'NONE',  ( 1.649999999999999689, 3.299999999999999378, 4.299999999999999822 ) ) ;
#752 = ORIENTED_EDGE ( 'NONE', *, *, #584, .T. ) ;
#753 = DIRECTION ( 'NONE',  ( -1.000000000000000000, -0.0000000000000000000, 0.0000000000000000000 ) ) ;
#754 = STYLED_ITEM ( 'NONE', ( #2650 ), #311 ) ;
#755 = SURFACE_STYLE_USAGE ( .BOTH. , #4761 ) ;
#756 = DIRECTION ( 'NONE',  ( 0.0000000000000000000, 0.0000000000000000000, 1.000000000000000000 ) ) ;
#757 = VERTEX_POINT ( 'NONE', #2229 ) ;
#758 = EDGE_CURVE ( 'NONE', #5076, #5022, #3548, .T. ) ;
#759 =( GEOMETRIC_REPRESENTATION_CONTEXT ( 3 ) GLOBAL_UNCERTAINTY_ASSIGNED_CONTEXT ( ( #3219 ) ) GLOBAL_UNIT_ASSIGNED_CONTEXT ( ( #4440, #2135, #3213 ) ) REPRESENTATION_CONTEXT ( 'NONE', 'WORKASPACE' ) );
#760 = ADVANCED_BREP_SHAPE_REPRESENTATION ( '', ( #3728, #3507 ), #2502 ) ;
#761 = CARTESIAN_POINT ( 'NONE',  ( 3.749999999999997335, -1.908218829166501207, 0.4000000000000000222 ) ) ;
#762 = APPLICATION_PROTOCOL_DEFINITION ( 'draft international standard', 'automotive_design', 1998, #4904 ) ;
#763 =( LENGTH_UNIT ( ) NAMED_UNIT ( * ) SI_UNIT ( .MILLI., .METRE. ) );
#764 = SHAPE_REPRESENTATION_RELATIONSHIP ( 'NONE' , 'NONE' ,  #4479, #760 ) ;
#765 = PRODUCT_DEFINITION_CONTEXT ( 'detailed design', #3946, 'design' ) ;
#766 = LINE ( 'NONE', #2389, #4603 ) ;
#767 = CARTESIAN_POINT ( 'NONE',  ( -3.649999999999999911, -2.608218829166499830, 0.3999999999999999667 ) ) ;
#768 = ORIENTED_EDGE ( 'NONE', *, *, #1633, .F. ) ;
#769 =( LENGTH_UNIT ( ) NAMED_UNIT ( * ) SI_UNIT ( .MILLI., .METRE. ) );
#770 = DIRECTION ( 'NONE',  ( 0.0000000000000000000, 0.0000000000000000000, 1.000000000000000000 ) ) ;
#771 = MECHANICAL_DESIGN_GEOMETRIC_PRESENTATION_REPRESENTATION (  '', ( #3992 ), #4388 ) ;
#772 = CARTESIAN_POINT ( 'NONE',  ( -3.250000000000000000, 1.891781170833499948, 0.9000000000000000222 ) ) ;
#773 = DIRECTION ( 'NONE',  ( 1.000000000000000000, -0.0000000000000000000, 0.0000000000000000000 ) ) ;
#774 = FILL_AREA_STYLE ('',( #2023 ) ) ;
#775 = ORIENTED_EDGE ( 'NONE', *, *, #5073, .F. ) ;
#776 = LINE ( 'NONE', #1670, #5164 ) ;
#777 = AXIS2_PLACEMENT_3D ( 'NONE', #3677, #3329, #2944 ) ;
#778 = EDGE_CURVE ( 'NONE', #2620, #1198, #609, .T. ) ;
#779 = SURFACE_SIDE_STYLE ('',( #3191 ) ) ;
#780 = SURFACE_SIDE_STYLE ('',( #4387 ) ) ;
#781 = FILL_AREA_STYLE_COLOUR ( '', #3883 ) ;
#782 = PLANE ( 'NONE',  #1408 ) ;
#783 = PRESENTATION_LAYER_ASSIGNMENT (  '', '', ( #187 ) ) ;
#784 = ORIENTED_EDGE ( 'NONE', *, *, #778, .F. ) ;
#785 = CARTESIAN_POINT ( 'NONE',  ( -3.750000000000000000, 2.591781170833500347, 0.4000000000000000222 ) ) ;
#786 = PRESENTATION_LAYER_ASSIGNMENT (  '', '', ( #4249 ) ) ;
#787 = SURFACE_STYLE_USAGE ( .BOTH. , #732 ) ;
#788 = EDGE_CURVE ( 'NONE', #972, #4498, #1045, .T. ) ;
#789 = SURFACE_SIDE_STYLE ('',( #2069 ) ) ;
#790 = CARTESIAN_POINT ( 'NONE',  ( 1.916515138991159439, -1.958257569495580164, 3.749999999999999556 ) ) ;
#791 = FILL_AREA_STYLE ('',( #2468 ) ) ;
#792 = ORIENTED_EDGE ( 'NONE', *, *, #5197, .F. ) ;
#793 = PRESENTATION_LAYER_ASSIGNMENT (  '', '', ( #3334 ) ) ;
#794 = AXIS2_PLACEMENT_3D ( 'NONE', #2533, #947, #1665 ) ;
#795 = EDGE_CURVE ( 'NONE', #4547, #4086, #2814, .T. ) ;
#796 = MECHANICAL_DESIGN_GEOMETRIC_PRESENTATION_REPRESENTATION (  '', ( #1423 ), #1501 ) ;
#797 = CARTESIAN_POINT ( 'NONE',  ( -2.000000000000000000, 2.418046093003111352, 3.637779991155306369 ) ) ;
#798 = VERTEX_POINT ( 'NONE', #4692 ) ;
#799 = STYLED_ITEM ( 'NONE', ( #3689 ), #2652 ) ;
#800 = LINE ( 'NONE', #4523, #3317 ) ;
#801 = LINE ( 'NONE', #333, #1648 ) ;
#802 = PRESENTATION_LAYER_ASSIGNMENT (  '', '', ( #2851 ) ) ;
#803 =( NAMED_UNIT ( * ) PLANE_ANGLE_UNIT ( ) SI_UNIT ( $, .RADIAN. ) );
#804 = CARTESIAN_POINT ( 'NONE',  ( 2.000000000000000000, 2.041742430504419392, 3.750000000000000000 ) ) ;
#805 = ORIENTED_EDGE ( 'NONE', *, *, #2665, .T. ) ;
#806 = CYLINDRICAL_SURFACE ( 'NONE', #620, 1.750000000000000000 ) ;
#807 = DIRECTION ( 'NONE',  ( 0.0000000000000000000, -0.0000000000000000000, 1.000000000000000000 ) ) ;
#808 = EDGE_CURVE ( 'NONE', #1238, #2168, #2293, .T. ) ;
#809 = LINE ( 'NONE', #5150, #4193 ) ;
#810 = FILL_AREA_STYLE_COLOUR ( '', #2535 ) ;
#811 = COLOUR_RGB ( '',0.0000000000000000000, 0.0000000000000000000, 0.0000000000000000000 ) ;
#812 = DIRECTION ( 'NONE',  ( -3.231085104332679983E-15, -1.000000000000000000, 0.0000000000000000000 ) ) ;
#813 = PRESENTATION_STYLE_ASSIGNMENT (( #4075 ) ) ;
#814 = EDGE_LOOP ( 'NONE', ( #1608, #2100, #4797, #4194 ) ) ;
#815 = CARTESIAN_POINT ( 'NONE',  ( -2.000000000000000000, -1.500000000000000000, 3.449999999999999734 ) ) ;
#816 = UNCERTAINTY_MEASURE_WITH_UNIT (LENGTH_MEASURE( 1.000000000000000082E-05 ), #1372, 'distance_accuracy_value', 'NONE');
#817 = PRESENTATION_LAYER_ASSIGNMENT (  '', '', ( #297 ) ) ;
#818 = CARTESIAN_POINT ( 'NONE',  ( -2.850000000000000089, 3.000000000000000000, 3.449999999999999734 ) ) ;
#819 = CARTESIAN_POINT ( 'NONE',  ( 1.916515138991160327, 1.958257569495581052, 3.750000000000000000 ) ) ;
#820 = ORIENTED_EDGE ( 'NONE', *, *, #2897, .T. ) ;
#821 = PLANE ( 'NONE',  #1068 ) ;
#822 = PRESENTATION_STYLE_ASSIGNMENT (( #4766 ) ) ;
#823 = LINE ( 'NONE', #3692, #359 ) ;
#824 = ORIENTED_EDGE ( 'NONE', *, *, #984, .F. ) ;
#825 = DIRECTION ( 'NONE',  ( 0.0000000000000000000, 1.000000000000000000, 0.0000000000000000000 ) ) ;
#826 =( NAMED_UNIT ( * ) PLANE_ANGLE_UNIT ( ) SI_UNIT ( $, .RADIAN. ) );
#827 = ORIENTED_EDGE ( 'NONE', *, *, #4900, .T. ) ;
#828 =( NAMED_UNIT ( * ) PLANE_ANGLE_UNIT ( ) SI_UNIT ( $, .RADIAN. ) );
#829 = UNCERTAINTY_MEASURE_WITH_UNIT (LENGTH_MEASURE( 1.000000000000000082E-05 ), #4533, 'distance_accuracy_value', 'NONE');
#830 = EDGE_CURVE ( 'NONE', #3434, #1247, #1554, .T. ) ;
#831 = PRESENTATION_LAYER_ASSIGNMENT (  '', '', ( #1280 ) ) ;
#832 = SURFACE_STYLE_FILL_AREA ( #544 ) ;
#833 = CYLINDRICAL_SURFACE ( 'NONE', #2214, 0.1499999999999999667 ) ;
#834 = CARTESIAN_POINT ( 'NONE',  ( 3.000000000000000444, 2.591781170833500347, 1.000000000000000000 ) ) ;
#835 =( LENGTH_UNIT ( ) NAMED_UNIT ( * ) SI_UNIT ( .MILLI., .METRE. ) );
#836 = CARTESIAN_POINT ( 'NONE',  ( 3.349999999999997424, 1.891781170833500392, 0.4000000000000000777 ) ) ;
#837 = ORIENTED_EDGE ( 'NONE', *, *, #2504, .T. ) ;
#838 = EDGE_CURVE ( 'NONE', #499, #4864, #1530, .T. ) ;
#839 = PRESENTATION_STYLE_ASSIGNMENT (( #3170 ) ) ;
#840 = LINE ( 'NONE', #2098, #1626 ) ;
#841 = CARTESIAN_POINT ( 'NONE',  ( 2.000000000000002220, -2.246627197996641900, 3.749999999999998224 ) ) ;
#842 = VECTOR ( 'NONE', #1124, 1000.000000000000000 ) ;
#843 = EDGE_LOOP ( 'NONE', ( #4628, #1747, #827, #1767 ) ) ;
#844 = ADVANCED_FACE ( 'NONE', ( #2655 ), #730, .T. ) ;
#845 = DIRECTION ( 'NONE',  ( 3.231085104332679983E-15, 1.000000000000000000, 0.0000000000000000000 ) ) ;
#846 = CONTEXT_DEPENDENT_SHAPE_REPRESENTATION ( #34, #4518 ) ;
#847 = SURFACE_STYLE_USAGE ( .BOTH. , #2014 ) ;
#848 =( NAMED_UNIT ( * ) SI_UNIT ( $, .STERADIAN. ) SOLID_ANGLE_UNIT ( ) );
#849 =( NAMED_UNIT ( * ) PLANE_ANGLE_UNIT ( ) SI_UNIT ( $, .RADIAN. ) );
#850 = CARTESIAN_POINT ( 'NONE',  ( -3.649999999999999911, -2.608218829166499830, 1.300000000000000044 ) ) ;
#851 = ORIENTED_EDGE ( 'NONE', *, *, #1696, .F. ) ;
#852 = CIRCLE ( 'NONE', #3732, 0.09999999999999982514 ) ;
#853 = DIRECTION ( 'NONE',  ( 1.000000000000000000, 0.0000000000000000000, 0.0000000000000000000 ) ) ;
#854 =( NAMED_UNIT ( * ) SI_UNIT ( $, .STERADIAN. ) SOLID_ANGLE_UNIT ( ) );
#855 = LINE ( 'NONE', #1267, #328 ) ;
#856 =( GEOMETRIC_REPRESENTATION_CONTEXT ( 3 ) GLOBAL_UNCERTAINTY_ASSIGNED_CONTEXT ( ( #889 ) ) GLOBAL_UNIT_ASSIGNED_CONTEXT ( ( #564, #5020, #4621 ) ) REPRESENTATION_CONTEXT ( 'NONE', 'WORKASPACE' ) );
#857 = AXIS2_PLACEMENT_3D ( 'NONE', #4604, #4212, #1055 ) ;
#858 = CARTESIAN_POINT ( 'NONE',  ( 2.083484861008840561, 2.041742430504419836, 3.749999999999999556 ) ) ;
#859 = FILL_AREA_STYLE_COLOUR ( '', #4676 ) ;
#860 = ORIENTED_EDGE ( 'NONE', *, *, #1889, .T. ) ;
#861 = STYLED_ITEM ( 'NONE', ( #394 ), #1826 ) ;
#862 = VECTOR ( 'NONE', #3146, 1000.000000000000000 ) ;
#863 =( NAMED_UNIT ( * ) SI_UNIT ( $, .STERADIAN. ) SOLID_ANGLE_UNIT ( ) );
#864 = DIRECTION ( 'NONE',  ( -0.0000000000000000000, 0.0000000000000000000, 1.000000000000000000 ) ) ;
#865 = FACE_OUTER_BOUND ( 'NONE', #2510, .T. ) ;
#866 = EDGE_LOOP ( 'NONE', ( #5154, #1257, #2623, #3013 ) ) ;
#867 = ORIENTED_EDGE ( 'NONE', *, *, #2886, .F. ) ;
#868 = MECHANICAL_DESIGN_GEOMETRIC_PRESENTATION_REPRESENTATION (  '', ( #3406 ), #1 ) ;
#869 = UNCERTAINTY_MEASURE_WITH_UNIT (LENGTH_MEASURE( 1.000000000000000082E-05 ), #1779, 'distance_accuracy_value', 'NONE');
#870 = CARTESIAN_POINT ( 'NONE',  ( 4.500000000000000888, -1.908218829166499875, 0.0000000000000000000 ) ) ;
#871 = CARTESIAN_POINT ( 'NONE',  ( 3.000000000000000000, 0.0000000000000000000, 3.449999999999999734 ) ) ;
#872 = ORIENTED_EDGE ( 'NONE', *, *, #490, .T. ) ;
#873 = COLOUR_RGB ( '',0.0000000000000000000, 0.0000000000000000000, 0.0000000000000000000 ) ;
#874 = SHAPE_REPRESENTATION ( '10', ( #3507 ), #4092 ) ;
#875 =( NAMED_UNIT ( * ) PLANE_ANGLE_UNIT ( ) SI_UNIT ( $, .RADIAN. ) );
#877 = EDGE_CURVE ( 'NONE', #4392, #2866, #2725, .T. ) ;
#876 = DIRECTION ( 'NONE',  ( -3.231085104332679983E-15, -1.000000000000000000, 0.0000000000000000000 ) ) ;
#878 =( GEOMETRIC_REPRESENTATION_CONTEXT ( 3 ) GLOBAL_UNCERTAINTY_ASSIGNED_CONTEXT ( ( #4395 ) ) GLOBAL_UNIT_ASSIGNED_CONTEXT ( ( #3485, #2612, #184 ) ) REPRESENTATION_CONTEXT ( 'NONE', 'WORKASPACE' ) );
#879 = FILL_AREA_STYLE_COLOUR ( '', #4162 ) ;
#880 = ORIENTED_EDGE ( 'NONE', *, *, #3558, .F. ) ;
#881 =( GEOMETRIC_REPRESENTATION_CONTEXT ( 3 ) GLOBAL_UNCERTAINTY_ASSIGNED_CONTEXT ( ( #2270 ) ) GLOBAL_UNIT_ASSIGNED_CONTEXT ( ( #396, #1274, #4493 ) ) REPRESENTATION_CONTEXT ( 'NONE', 'WORKASPACE' ) );
#882 = CARTESIAN_POINT ( 'NONE',  ( 2.850000000000000089, 2.850000000000000089, 0.0000000000000000000 ) ) ;
#883 = DIRECTION ( 'NONE',  ( -0.0000000000000000000, 0.0000000000000000000, 1.000000000000000000 ) ) ;
#884 = COLOUR_RGB ( '',0.7529411764705882248, 0.7529411764705882248, 0.7529411764705882248 ) ;
#885 = STYLED_ITEM ( 'NONE', ( #1168 ), #4719 ) ;
#886 = LINE ( 'NONE', #2909, #4457 ) ;
#887 =( GEOMETRIC_REPRESENTATION_CONTEXT ( 3 ) GLOBAL_UNCERTAINTY_ASSIGNED_CONTEXT ( ( #1365 ) ) GLOBAL_UNIT_ASSIGNED_CONTEXT ( ( #4248, #2578, #629 ) ) REPRESENTATION_CONTEXT ( 'NONE', 'WORKASPACE' ) );
#888 = ORIENTED_EDGE ( 'NONE', *, *, #2496, .F. ) ;
#889 = UNCERTAINTY_MEASURE_WITH_UNIT (LENGTH_MEASURE( 1.000000000000000082E-05 ), #564, 'distance_accuracy_value', 'NONE');
#890 = STYLED_ITEM ( 'NONE', ( #1244 ), #2025 ) ;
#891 = DIRECTION ( 'NONE',  ( 0.0000000000000000000, 0.0000000000000000000, 1.000000000000000000 ) ) ;
#892 = EDGE_CURVE ( 'NONE', #2873, #1214, #5, .T. ) ;
#893 = COLOUR_RGB ( '',0.0000000000000000000, 0.0000000000000000000, 0.0000000000000000000 ) ;
#894 = PRESENTATION_STYLE_ASSIGNMENT (( #4197 ) ) ;
#895 =( LENGTH_UNIT ( ) NAMED_UNIT ( * ) SI_UNIT ( .MILLI., .METRE. ) );
#896 =( LENGTH_UNIT ( ) NAMED_UNIT ( * ) SI_UNIT ( .MILLI., .METRE. ) );
#897 = ORIENTED_EDGE ( 'NONE', *, *, #4972, .F. ) ;
#898 = DIRECTION ( 'NONE',  ( 1.000000000000000000, -0.0000000000000000000, 0.0000000000000000000 ) ) ;
#899 =( GEOMETRIC_REPRESENTATION_CONTEXT ( 3 ) GLOBAL_UNCERTAINTY_ASSIGNED_CONTEXT ( ( #4507 ) ) GLOBAL_UNIT_ASSIGNED_CONTEXT ( ( #4339, #726, #196 ) ) REPRESENTATION_CONTEXT ( 'NONE', 'WORKASPACE' ) );
#900 = PRODUCT_DEFINITION ( 'UNKNOWN', '', #3262, #3693 ) ;
#901 = PRODUCT_DEFINITION_SHAPE ( 'NONE', 'NONE',  #5228 ) ;
#902 = EDGE_LOOP ( 'NONE', ( #576, #1778, #3140, #4573, #768, #482 ) ) ;
#903 = DIRECTION ( 'NONE',  ( -1.000000000000000000, -0.0000000000000000000, 0.0000000000000000000 ) ) ;
#904 = EDGE_LOOP ( 'NONE', ( #4062, #3062, #570, #3440, #4938, #3764, #3985, #4343, #1863, #1680, #1334, #4657 ) ) ;
#905 = AXIS2_PLACEMENT_3D ( 'NONE', #1351, #4566, #2176 ) ;
#906 = CARTESIAN_POINT ( 'NONE',  ( -3.000000000000000000, 1.891781170833499948, 1.000000000000000000 ) ) ;
#907 = SURFACE_SIDE_STYLE ('',( #504 ) ) ;
#908 = CARTESIAN_POINT ( 'NONE',  ( -3.649999999999999911, -2.258218829166500186, 0.3999999999999999667 ) ) ;
#909 = DIRECTION ( 'NONE',  ( -0.0000000000000000000, -0.0000000000000000000, -1.000000000000000000 ) ) ;
#910 = SURFACE_SIDE_STYLE ('',( #2556 ) ) ;
#911 = DIRECTION ( 'NONE',  ( 0.0000000000000000000, 0.0000000000000000000, 1.000000000000000000 ) ) ;
#912 = ORIENTED_EDGE ( 'NONE', *, *, #4666, .T. ) ;
#913 = PLANE ( 'NONE',  #4901 ) ;
#914 = AXIS2_PLACEMENT_3D ( 'NONE', #1951, #1502, #2754 ) ;
#915 = DIRECTION ( 'NONE',  ( 1.000000000000000000, 0.0000000000000000000, 0.0000000000000000000 ) ) ;
#916 = EDGE_CURVE ( 'NONE', #4635, #2404, #448, .T. ) ;
#917 =( BOUNDED_SURFACE ( )  B_SPLINE_SURFACE ( 3, 3, ( 
 ( #650, #1571, #2677, #3523 ),
 ( #5082, #248, #4318, #3995 ),
 ( #1147, #4273, #4342, #2781 ),
 ( #5152, #1547, #751, #275 ) ),
 .UNSPECIFIED., .F., .F., .T. ) 
 B_SPLINE_SURFACE_WITH_KNOTS ( ( 4, 4 ),
 ( 4, 4 ),
 ( 0.0000000000000000000, 1.000000000000000000 ),
 ( 0.0000000000000000000, 1.000000000000000000 ),
 .UNSPECIFIED. ) 
 GEOMETRIC_REPRESENTATION_ITEM ( )  RATIONAL_B_SPLINE_SURFACE ( (
 ( 1.000000000000000000, 0.3333333333333334259, 0.3333333333333334259, 1.000000000000000000),
 ( 0.8047378541243649375, 0.2682459513747884050, 0.2682459513747884050, 0.8047378541243649375),
 ( 0.8047378541243649375, 0.2682459513747884050, 0.2682459513747884050, 0.8047378541243649375),
 ( 1.000000000000000000, 0.3333333333333334259, 0.3333333333333334259, 1.000000000000000000) ) ) 
 REPRESENTATION_ITEM ( '' )  SURFACE ( )  );
#918 = FILL_AREA_STYLE ('',( #514 ) ) ;
#919 = FILL_AREA_STYLE ('',( #3634 ) ) ;
#920 = SURFACE_SIDE_STYLE ('',( #2938 ) ) ;
#921 = ORIENTED_EDGE ( 'NONE', *, *, #1316, .F. ) ;
#922 = SURFACE_STYLE_FILL_AREA ( #4415 ) ;
#923 = EDGE_CURVE ( 'NONE', #4848, #1312, #326, .T. ) ;
#924 = CARTESIAN_POINT ( 'NONE',  ( -3.000000000000000444, -1.908218829166499875, 1.300000000000000044 ) ) ;
#925 = DIRECTION ( 'NONE',  ( 0.0000000000000000000, -1.000000000000000000, 0.0000000000000000000 ) ) ;
#926 = FILL_AREA_STYLE_COLOUR ( '', #3233 ) ;
#927 = ORIENTED_EDGE ( 'NONE', *, *, #215, .F. ) ;
#928 = CARTESIAN_POINT ( 'NONE',  ( -3.000000000000000444, 1.891781170833499948, 1.000000000000000000 ) ) ;
#929 = PRESENTATION_LAYER_ASSIGNMENT (  '', '', ( #2192 ) ) ;
#930 = CARTESIAN_POINT ( 'NONE',  ( -2.000000000000000000, -1.581953906996889092, 3.637779991155306369 ) ) ;
#931 = EDGE_CURVE ( 'NONE', #2149, #337, #4846, .T. ) ;
#932 = UNCERTAINTY_MEASURE_WITH_UNIT (LENGTH_MEASURE( 1.000000000000000082E-05 ), #2915, 'distance_accuracy_value', 'NONE');
#933 = COLOUR_RGB ( '',0.0000000000000000000, 0.0000000000000000000, 0.0000000000000000000 ) ;
#934 = CARTESIAN_POINT ( 'NONE',  ( 2.000000000000000444, -2.041742430504415395, 3.250000000000000000 ) ) ;
#935 = ORIENTED_EDGE ( 'NONE', *, *, #2250, .F. ) ;
#936 = CARTESIAN_POINT ( 'NONE',  ( 2.850000000000000089, -2.850000000000000089, 0.0000000000000000000 ) ) ;
#937 = CARTESIAN_POINT ( 'NONE',  ( -3.750000000000000000, -2.608218829166499830, 0.0000000000000000000 ) ) ;
#938 = ORIENTED_EDGE ( 'NONE', *, *, #4463, .F. ) ;
#939 = MECHANICAL_DESIGN_GEOMETRIC_PRESENTATION_REPRESENTATION (  '', ( #1029 ), #4629 ) ;
#940 = UNCERTAINTY_MEASURE_WITH_UNIT (LENGTH_MEASURE( 1.000000000000000082E-05 ), #2586, 'distance_accuracy_value', 'NONE');
#941 = PRESENTATION_STYLE_ASSIGNMENT (( #1835 ) ) ;
#942 = MECHANICAL_DESIGN_GEOMETRIC_PRESENTATION_REPRESENTATION (  '', ( #2630 ), #4139 ) ;
#943 = CARTESIAN_POINT ( 'NONE',  ( 2.083484861008841005, -1.958257569495579720, 3.750000000000000444 ) ) ;
#944 =( NAMED_UNIT ( * ) PLANE_ANGLE_UNIT ( ) SI_UNIT ( $, .RADIAN. ) );
#945 = EDGE_LOOP ( 'NONE', ( #2718, #3183, #151, #638, #1807, #3687, #4805, #4784 ) ) ;
#946 = STYLED_ITEM ( 'NONE', ( #2111 ), #423 ) ;
#947 = DIRECTION ( 'NONE',  ( -0.0000000000000000000, -0.0000000000000000000, -1.000000000000000000 ) ) ;
#948 = CARTESIAN_POINT ( 'NONE',  ( 0.0000000000000000000, 0.0000000000000000000, 0.0000000000000000000 ) ) ;
#949 = CIRCLE ( 'NONE', #4147, 0.1000000000000000472 ) ;
#950 = SURFACE_STYLE_USAGE ( .BOTH. , #2589 ) ;
#951 = ORIENTED_EDGE ( 'NONE', *, *, #1316, .T. ) ;
#952 = UNCERTAINTY_MEASURE_WITH_UNIT (LENGTH_MEASURE( 1.000000000000000082E-05 ), #486, 'distance_accuracy_value', 'NONE');
#953 = PRESENTATION_STYLE_ASSIGNMENT (( #4499 ) ) ;
#954 = COLOUR_RGB ( '',0.7529411764705882248, 0.7529411764705882248, 0.7529411764705882248 ) ;
#955 = CARTESIAN_POINT ( 'NONE',  ( -4.500000000000000000, -2.258218829166500186, 0.0000000000000000000 ) ) ;
#956 = DIRECTION ( 'NONE',  ( 1.000000000000000000, -2.168404344971012812E-15, 0.0000000000000000000 ) ) ;
#957 = EDGE_CURVE ( 'NONE', #3490, #2522, #1960, .T. ) ;
#958 = VERTEX_POINT ( 'NONE', #818 ) ;
#959 = AXIS2_PLACEMENT_3D ( 'NONE', #1313, #1346, #2921 ) ;
#960 = MECHANICAL_DESIGN_GEOMETRIC_PRESENTATION_REPRESENTATION (  '', ( #4722 ), #3136 ) ;
#961 = VECTOR ( 'NONE', #3098, 1000.000000000000000 ) ;
#962 = DIRECTION ( 'NONE',  ( 0.0000000000000000000, -0.0000000000000000000, -1.000000000000000000 ) ) ;
#963 = ADVANCED_FACE ( 'NONE', ( #4001 ), #2436, .T. ) ;
#964 = DIRECTION ( 'NONE',  ( -1.000000000000000000, 3.231085104332679983E-15, 0.0000000000000000000 ) ) ;
#965 = DIRECTION ( 'NONE',  ( 0.0000000000000000000, 0.0000000000000000000, 1.000000000000000000 ) ) ;
#966 = ORIENTED_EDGE ( 'NONE', *, *, #1736, .F. ) ;
#967 = STYLED_ITEM ( 'NONE', ( #2529 ), #1458 ) ;
#968 = FILL_AREA_STYLE ('',( #4591 ) ) ;
#969 = CARTESIAN_POINT ( 'NONE',  ( 4.500000000000000000, 2.241781170833500259, 0.0000000000000000000 ) ) ;
#970 = FILL_AREA_STYLE_COLOUR ( '', #4813 ) ;
#971 = FILL_AREA_STYLE_COLOUR ( '', #1888 ) ;
#972 = VERTEX_POINT ( 'NONE', #2147 ) ;
#973 =( GEOMETRIC_REPRESENTATION_CONTEXT ( 3 ) GLOBAL_UNCERTAINTY_ASSIGNED_CONTEXT ( ( #1936 ) ) GLOBAL_UNIT_ASSIGNED_CONTEXT ( ( #3731, #4977, #4636 ) ) REPRESENTATION_CONTEXT ( 'NONE', 'WORKASPACE' ) );
#974 = CARTESIAN_POINT ( 'NONE',  ( -3.649999999999999911, -2.608218829166499830, 0.9000000000000000222 ) ) ;
#975 = DIRECTION ( 'NONE',  ( 1.000000000000000000, 0.0000000000000000000, 0.0000000000000000000 ) ) ;
#976 = VECTOR ( 'NONE', #1188, 1000.000000000000000 ) ;
#977 = VECTOR ( 'NONE', #1495, 1000.000000000000000 ) ;
#978 =( REPRESENTATION_RELATIONSHIP ('NONE','NONE', #3242, #1841 ) REPRESENTATION_RELATIONSHIP_WITH_TRANSFORMATION ( #2736 )SHAPE_REPRESENTATION_RELATIONSHIP( ) );
#979 = ORIENTED_EDGE ( 'NONE', *, *, #3981, .F. ) ;
#980 = CIRCLE ( 'NONE', #794, 0.1499999999999999667 ) ;
#981 = FACE_OUTER_BOUND ( 'NONE', #3401, .T. ) ;
#982 = EDGE_LOOP ( 'NONE', ( #3902, #2635, #4148, #3856 ) ) ;
#983 = CARTESIAN_POINT ( 'NONE',  ( 1.000000000000000000, 0.0000000000000000000, 0.0000000000000000000 ) ) ;
#984 = EDGE_CURVE ( 'NONE', #2585, #3569, #2972, .T. ) ;
#985 =( GEOMETRIC_REPRESENTATION_CONTEXT ( 3 ) GLOBAL_UNCERTAINTY_ASSIGNED_CONTEXT ( ( #1500 ) ) GLOBAL_UNIT_ASSIGNED_CONTEXT ( ( #4192, #179, #5025 ) ) REPRESENTATION_CONTEXT ( 'NONE', 'WORKASPACE' ) );
#986 = CARTESIAN_POINT ( 'NONE',  ( -3.350000000000000089, -1.908218829166499875, 0.0000000000000000000 ) ) ;
#987 = VERTEX_POINT ( 'NONE', #3789 ) ;
#988 = VECTOR ( 'NONE', #5087, 1000.000000000000000 ) ;
#989 = PRESENTATION_STYLE_ASSIGNMENT (( #4482 ) ) ;
#990 = FACE_OUTER_BOUND ( 'NONE', #3715, .T. ) ;
#991 = ORIENTED_EDGE ( 'NONE', *, *, #892, .T. ) ;
#992 = UNCERTAINTY_MEASURE_WITH_UNIT (LENGTH_MEASURE( 1.000000000000000082E-05 ), #78, 'distance_accuracy_value', 'NONE');
#993 = CARTESIAN_POINT ( 'NONE',  ( -2.083484861008838784, 2.041742430504419836, 3.750000000000000000 ) ) ;
#994 = EDGE_CURVE ( 'NONE', #4709, #2343, #148, .T. ) ;
#995 = VECTOR ( 'NONE', #4125, 1000.000000000000000 ) ;
#996 = SURFACE_STYLE_FILL_AREA ( #968 ) ;
#997 = UNCERTAINTY_MEASURE_WITH_UNIT (LENGTH_MEASURE( 1.000000000000000082E-05 ), #1277, 'distance_accuracy_value', 'NONE');
#998 = DIRECTION ( 'NONE',  ( -0.0000000000000000000, -1.000000000000000000, -0.0000000000000000000 ) ) ;
#999 = CYLINDRICAL_SURFACE ( 'NONE', #4074, 0.1499999999999999667 ) ;
#1000 = CARTESIAN_POINT ( 'NONE',  ( -3.750000000000000000, -2.608218829166499830, 0.4000000000000000222 ) ) ;
#1001 = ORIENTED_EDGE ( 'NONE', *, *, #718, .F. ) ;
#1002 = VECTOR ( 'NONE', #909, 1000.000000000000000 ) ;
#1003 = VECTOR ( 'NONE', #1437, 1000.000000000000000 ) ;
#1004 = ORIENTED_EDGE ( 'NONE', *, *, #2432, .F. ) ;
#1005 = PRODUCT_RELATED_PRODUCT_CATEGORY ( 'part', '', ( #1070 ) ) ;
#1006 = FILL_AREA_STYLE_COLOUR ( '', #4902 ) ;
#1007 = SURFACE_STYLE_FILL_AREA ( #1941 ) ;
#1008 = CARTESIAN_POINT ( 'NONE',  ( 0.0000000000000000000, -4.500000000000000000, 0.0000000000000000000 ) ) ;
#1009 = EDGE_LOOP ( 'NONE', ( #2956, #74, #1034, #3077 ) ) ;
#1010 = CARTESIAN_POINT ( 'NONE',  ( 3.749999999999998668, 2.591781170833499903, 0.3000000000000000444 ) ) ;
#1011 = ADVANCED_FACE ( '9', ( #3810 ), #4984, .T. ) ;
#1012 = COLOUR_RGB ( '',0.7529411764705882248, 0.7529411764705882248, 0.7529411764705882248 ) ;
#1013 = DIRECTION ( 'NONE',  ( 0.0000000000000000000, 0.0000000000000000000, 1.000000000000000000 ) ) ;
#1014 = DIRECTION ( 'NONE',  ( 0.0000000000000000000, 0.0000000000000000000, -1.000000000000000000 ) ) ;
#1015 = ORIENTED_EDGE ( 'NONE', *, *, #994, .F. ) ;
#1016 = VECTOR ( 'NONE', #864, 1000.000000000000000 ) ;
#1017 = SURFACE_SIDE_STYLE ('',( #3809 ) ) ;
#1018 = CARTESIAN_POINT ( 'NONE',  ( 2.000000000000000000, 2.418046093003111352, 3.637779991155306369 ) ) ;
#1019 = EDGE_CURVE ( 'NONE', #1796, #295, #1523, .T. ) ;
#1020 = FILL_AREA_STYLE ('',( #2295 ) ) ;
#1021 = ORIENTED_EDGE ( 'NONE', *, *, #923, .F. ) ;
#1022 = DIRECTION ( 'NONE',  ( -0.0000000000000000000, -0.0000000000000000000, -1.000000000000000000 ) ) ;
#1023 = CARTESIAN_POINT ( 'NONE',  ( -4.500000000000000000, 1.891781170833499948, 0.0000000000000000000 ) ) ;
#1024 = CARTESIAN_POINT ( 'NONE',  ( -3.349999999999999645, -1.908218829166499875, 0.4000000000000000222 ) ) ;
#1025 = CARTESIAN_POINT ( 'NONE',  ( -3.500000000000000000, -2.608218829166499830, 1.000000000000000000 ) ) ;
#1026 = EDGE_CURVE ( 'NONE', #4937, #1628, #4639, .T. ) ;
#1027 = ORIENTED_EDGE ( 'NONE', *, *, #4450, .F. ) ;
#1028 = CARTESIAN_POINT ( 'NONE',  ( 0.0000000000000000000, 0.0000000000000000000, 0.0000000000000000000 ) ) ;
#1029 = STYLED_ITEM ( 'NONE', ( #2937 ), #4219 ) ;
#1030 = PRODUCT_DEFINITION_SHAPE ( 'NONE', 'NONE',  #4195 ) ;
#1031 = ORIENTED_EDGE ( 'NONE', *, *, #3004, .T. ) ;
#1032 = COLOUR_RGB ( '',0.7529411764705882248, 0.7529411764705882248, 0.7529411764705882248 ) ;
#1033 = LINE ( 'NONE', #293, #659 ) ;
#1034 = ORIENTED_EDGE ( 'NONE', *, *, #1562, .F. ) ;
#1035 =( GEOMETRIC_REPRESENTATION_CONTEXT ( 3 ) GLOBAL_UNCERTAINTY_ASSIGNED_CONTEXT ( ( #1221 ) ) GLOBAL_UNIT_ASSIGNED_CONTEXT ( ( #763, #3264, #3606 ) ) REPRESENTATION_CONTEXT ( 'NONE', 'WORKASPACE' ) );
#1036 = COLOUR_RGB ( '',0.7529411764705882248, 0.7529411764705882248, 0.7529411764705882248 ) ;
#1037 = STYLED_ITEM ( 'NONE', ( #1640 ), #645 ) ;
#1038 = SURFACE_SIDE_STYLE ('',( #1910 ) ) ;
#1039 = DIRECTION ( 'NONE',  ( 3.231085104332679983E-15, 1.000000000000000000, 0.0000000000000000000 ) ) ;
#1040 = FILL_AREA_STYLE_COLOUR ( '', #4066 ) ;
#1041 = STYLED_ITEM ( 'NONE', ( #3102 ), #2054 ) ;
#1042 = VECTOR ( 'NONE', #1652, 1000.000000000000000 ) ;
#1043 = CARTESIAN_POINT ( 'NONE',  ( 3.000000000000000444, 1.891781170833503278, 1.000000000000000000 ) ) ;
#1044 = CARTESIAN_POINT ( 'NONE',  ( -2.850000000000000089, 3.000000000000000000, 3.149999999999999911 ) ) ;
#1045 = LINE ( 'NONE', #2684, #174 ) ;
#1046 = DIRECTION ( 'NONE',  ( 0.0000000000000000000, 1.000000000000000000, 0.0000000000000000000 ) ) ;
#1047 =( GEOMETRIC_REPRESENTATION_CONTEXT ( 3 ) GLOBAL_UNCERTAINTY_ASSIGNED_CONTEXT ( ( #2806 ) ) GLOBAL_UNIT_ASSIGNED_CONTEXT ( ( #4123, #1774, #1697 ) ) REPRESENTATION_CONTEXT ( 'NONE', 'WORKASPACE' ) );
#1048 =( NAMED_UNIT ( * ) SI_UNIT ( $, .STERADIAN. ) SOLID_ANGLE_UNIT ( ) );
#1049 = DIRECTION ( 'NONE',  ( 1.000000000000000000, 0.0000000000000000000, 0.0000000000000000000 ) ) ;
#1050 =( GEOMETRIC_REPRESENTATION_CONTEXT ( 3 ) GLOBAL_UNCERTAINTY_ASSIGNED_CONTEXT ( ( #2577 ) ) GLOBAL_UNIT_ASSIGNED_CONTEXT ( ( #3870, #3367, #4560 ) ) REPRESENTATION_CONTEXT ( 'NONE', 'WORKASPACE' ) );
#1051 = SURFACE_STYLE_FILL_AREA ( #4211 ) ;
#1052 = VERTEX_POINT ( 'NONE', #2676 ) ;
#1053 =( GEOMETRIC_REPRESENTATION_CONTEXT ( 3 ) GLOBAL_UNCERTAINTY_ASSIGNED_CONTEXT ( ( #1095 ) ) GLOBAL_UNIT_ASSIGNED_CONTEXT ( ( #2005, #5200, #4840 ) ) REPRESENTATION_CONTEXT ( 'NONE', 'WORKASPACE' ) );
#1054 = FILL_AREA_STYLE_COLOUR ( '', #4011 ) ;
#1055 = DIRECTION ( 'NONE',  ( 0.0000000000000000000, 0.0000000000000000000, -1.000000000000000000 ) ) ;
#1056 = CIRCLE ( 'NONE', #2494, 0.1499999999999999667 ) ;
#1057 = MECHANICAL_DESIGN_GEOMETRIC_PRESENTATION_REPRESENTATION (  '', ( #3334 ), #3157 ) ;
#1058 = ORIENTED_EDGE ( 'NONE', *, *, #4626, .T. ) ;
#1059 = CARTESIAN_POINT ( 'NONE',  ( -2.000000000000000000, 1.958257569495580608, 3.750000000000000000 ) ) ;
#1060 = AXIS2_PLACEMENT_3D ( 'NONE', #1162, #3551, #3879 ) ;
#1061 = CARTESIAN_POINT ( 'NONE',  ( 2.000000000000000000, 2.000000000000000000, 3.449999999999999734 ) ) ;
#1062 = VECTOR ( 'NONE', #2385, 1000.000000000000000 ) ;
#1063 = FACE_OUTER_BOUND ( 'NONE', #2204, .T. ) ;
#1064 = SURFACE_STYLE_USAGE ( .BOTH. , #1142 ) ;
#1065 = MECHANICAL_DESIGN_GEOMETRIC_PRESENTATION_REPRESENTATION (  '', ( #885 ), #4330 ) ;
#1066 =( NAMED_UNIT ( * ) PLANE_ANGLE_UNIT ( ) SI_UNIT ( $, .RADIAN. ) );
#1067 = PLANE ( 'NONE',  #1112 ) ;
#1068 = AXIS2_PLACEMENT_3D ( 'NONE', #1318, #4819, #1233 ) ;
#1069 = SURFACE_SIDE_STYLE ('',( #47 ) ) ;
#1070 = PRODUCT ( '3', '3', '', ( #3878 ) ) ;
#1071 = LINE ( 'NONE', #253, #4416 ) ;
#1072 = MECHANICAL_DESIGN_GEOMETRIC_PRESENTATION_REPRESENTATION (  '', ( #366 ), #4190 ) ;
#1073 = SURFACE_STYLE_USAGE ( .BOTH. , #4670 ) ;
#1074 = CARTESIAN_POINT ( 'NONE',  ( -2.000000000000000000, -1.581953906996889314, 3.637779991155306369 ) ) ;
#1075 = CARTESIAN_POINT ( 'NONE',  ( -3.000000000000000000, -2.850000000000000089, 3.149999999999999911 ) ) ;
#1076 = AXIS2_PLACEMENT_3D ( 'NONE', #245, #272, #4240 ) ;
#1077 =( NAMED_UNIT ( * ) SI_UNIT ( $, .STERADIAN. ) SOLID_ANGLE_UNIT ( ) );
#1078 = APPLICATION_PROTOCOL_DEFINITION ( 'draft international standard', 'automotive_design', 1998, #5101 ) ;
#1079 =( LENGTH_UNIT ( ) NAMED_UNIT ( * ) SI_UNIT ( .MILLI., .METRE. ) );
#1080 = STYLED_ITEM ( 'NONE', ( #1210 ), #3597 ) ;
#1081 = CARTESIAN_POINT ( 'NONE',  ( 3.350000000000000089, -2.608218829166498054, 0.0000000000000000000 ) ) ;
#1082 = ORIENTED_EDGE ( 'NONE', *, *, #2897, .F. ) ;
#1083 = EDGE_CURVE ( 'NONE', #1541, #99, #5080, .T. ) ;
#1084 = COLOUR_RGB ( '',0.7529411764705882248, 0.7529411764705882248, 0.7529411764705882248 ) ;
#1085 =( NAMED_UNIT ( * ) SI_UNIT ( $, .STERADIAN. ) SOLID_ANGLE_UNIT ( ) );
#1086 = ORIENTED_EDGE ( 'NONE', *, *, #2322, .F. ) ;
#1087 = PLANE ( 'NONE',  #14 ) ;
#1088 = CARTESIAN_POINT ( 'NONE',  ( -1.999999999999996003, -2.418046093003111352, 3.637779991155306369 ) ) ;
#1089 = SHAPE_REPRESENTATION ( '3', ( #3507 ), #4504 ) ;
#1090 = DIRECTION ( 'NONE',  ( -0.0000000000000000000, -1.000000000000000000, 0.0000000000000000000 ) ) ;
#1091 = ADVANCED_BREP_SHAPE_REPRESENTATION ( '', ( #445, #3507 ), #5009 ) ;
#1092 =( NAMED_UNIT ( * ) SI_UNIT ( $, .STERADIAN. ) SOLID_ANGLE_UNIT ( ) );
#1093 = CARTESIAN_POINT ( 'NONE',  ( -3.000000000000000444, 2.591781170833500347, 1.300000000000000044 ) ) ;
#1094 = FACE_OUTER_BOUND ( 'NONE', #3209, .T. ) ;
#1095 = UNCERTAINTY_MEASURE_WITH_UNIT (LENGTH_MEASURE( 1.000000000000000082E-05 ), #2005, 'distance_accuracy_value', 'NONE');
#1096 = MECHANICAL_DESIGN_GEOMETRIC_PRESENTATION_REPRESENTATION (  '', ( #2786 ), #4767 ) ;
#1097 = CARTESIAN_POINT ( 'NONE',  ( 3.249999999999997780, -2.608218829166498942, 1.000000000000000000 ) ) ;
#1098 = PRESENTATION_STYLE_ASSIGNMENT (( #3921 ) ) ;
#1099 = SURFACE_SIDE_STYLE ('',( #305 ) ) ;
#1100 = AXIS2_PLACEMENT_3D ( 'NONE', #4389, #4782, #438 ) ;
#1101 = PRESENTATION_STYLE_ASSIGNMENT (( #681 ) ) ;
#1102 = APPLICATION_PROTOCOL_DEFINITION ( 'draft international standard', 'automotive_design', 1998, #2941 ) ;
#1103 = SURFACE_SIDE_STYLE ('',( #3506 ) ) ;
#1104 =( NAMED_UNIT ( * ) SI_UNIT ( $, .STERADIAN. ) SOLID_ANGLE_UNIT ( ) );
#1105 = CARTESIAN_POINT ( 'NONE',  ( 3.649999999999999911, -2.258218829166500186, 0.3999999999999999667 ) ) ;
#1106 = DIRECTION ( 'NONE',  ( -1.000000000000000000, 3.231085104332679983E-15, 0.0000000000000000000 ) ) ;
#1107 = LINE ( 'NONE', #2715, #4792 ) ;
#1108 = AXIS2_PLACEMENT_3D ( 'NONE', #4693, #634, #3529 ) ;
#1109 = DIRECTION ( 'NONE',  ( -3.231085104332679983E-15, -1.000000000000000000, 0.0000000000000000000 ) ) ;
#1110 = ORIENTED_EDGE ( 'NONE', *, *, #4047, .T. ) ;
#1111 = CARTESIAN_POINT ( 'NONE',  ( 3.000000000000000000, -2.608218829166496722, 0.0000000000000000000 ) ) ;
#1112 = AXIS2_PLACEMENT_3D ( 'NONE', #2679, #2325, #5123 ) ;
#1113 = FACE_OUTER_BOUND ( 'NONE', #4932, .T. ) ;
#1114 = EDGE_CURVE ( 'NONE', #1138, #4982, #1129, .T. ) ;
#1115 = PLANE ( 'NONE',  #1167 ) ;
#1116 = CARTESIAN_POINT ( 'NONE',  ( -3.250000000000000000, 2.241781170833500259, 0.9000000000000000222 ) ) ;
#1117 = DIRECTION ( 'NONE',  ( 0.0000000000000000000, -0.0000000000000000000, 1.000000000000000000 ) ) ;
#1118 = LINE ( 'NONE', #2728, #1567 ) ;
#1119 = LINE ( 'NONE', #300, #2286 ) ;
#1120 = CIRCLE ( 'NONE', #4981, 0.4000000000000000222 ) ;
#1121 = ADVANCED_FACE ( 'NONE', ( #222 ), #601, .T. ) ;
#1122 = CARTESIAN_POINT ( 'NONE',  ( -1.000000000000000222, -2.499999999999998668, 3.450000000000000622 ) ) ;
#1123 =( NAMED_UNIT ( * ) PLANE_ANGLE_UNIT ( ) SI_UNIT ( $, .RADIAN. ) );
#1124 = DIRECTION ( 'NONE',  ( -0.0000000000000000000, -1.000000000000000000, -0.0000000000000000000 ) ) ;
#1125 = STYLED_ITEM ( 'NONE', ( #4127 ), #1576 ) ;
#1126 = ADVANCED_FACE ( 'NONE', ( #1430 ), #2252, .F. ) ;
#1127 = CONTEXT_DEPENDENT_SHAPE_REPRESENTATION ( #1146, #2710 ) ;
#1128 = PRESENTATION_LAYER_ASSIGNMENT (  '', '', ( #2989 ) ) ;
#1129 = CIRCLE ( 'NONE', #3910, 0.3999999999999997446 ) ;
#1130 = LINE ( 'NONE', #1994, #3696 ) ;
#1131 = CARTESIAN_POINT ( 'NONE',  ( -2.000000000000000888, 1.581953906996888426, 3.637779991155306369 ) ) ;
#1132 = STYLED_ITEM ( 'NONE', ( #2178 ), #1428 ) ;
#1133 = FILL_AREA_STYLE ('',( #1609 ) ) ;
#1134 = DIRECTION ( 'NONE',  ( -0.0000000000000000000, -0.0000000000000000000, -1.000000000000000000 ) ) ;
#1135 = STYLED_ITEM ( 'NONE', ( #3268 ), #4489 ) ;
#1136 =( NAMED_UNIT ( * ) SI_UNIT ( $, .STERADIAN. ) SOLID_ANGLE_UNIT ( ) );
#1137 = PRESENTATION_STYLE_ASSIGNMENT (( #745 ) ) ;
#1138 = VERTEX_POINT ( 'NONE', #836 ) ;
#1139 = VECTOR ( 'NONE', #1829, 1000.000000000000000 ) ;
#1140 = DIRECTION ( 'NONE',  ( -0.0000000000000000000, 0.0000000000000000000, -1.000000000000000000 ) ) ;
#1141 = STYLED_ITEM ( 'NONE', ( #2451 ), #2260 ) ;
#1142 = SURFACE_SIDE_STYLE ('',( #4729 ) ) ;
#1143 = PRESENTATION_STYLE_ASSIGNMENT (( #3520 ) ) ;
#1144 = FILL_AREA_STYLE ('',( #3643 ) ) ;
#1145 = MECHANICAL_DESIGN_GEOMETRIC_PRESENTATION_REPRESENTATION (  '', ( #3841 ), #4662 ) ;
#1146 =( REPRESENTATION_RELATIONSHIP ('NONE','NONE', #3242, #4479 ) REPRESENTATION_RELATIONSHIP_WITH_TRANSFORMATION ( #3950 )SHAPE_REPRESENTATION_RELATIONSHIP( ) );
#1147 = CARTESIAN_POINT ( 'NONE',  ( -1.708578643762690641, 0.0000000000000000000, 4.299999999999999822 ) ) ;
#1148 = SURFACE_STYLE_FILL_AREA ( #3139 ) ;
#1149 = ORIENTED_EDGE ( 'NONE', *, *, #2699, .F. ) ;
#1150 = EDGE_CURVE ( 'NONE', #1464, #180, #2730, .T. ) ;
#1151 = LINE ( 'NONE', #3253, #4652 ) ;
#1152 = AXIS2_PLACEMENT_3D ( 'NONE', #761, #1208, #355 ) ;
#1153 = UNCERTAINTY_MEASURE_WITH_UNIT (LENGTH_MEASURE( 1.000000000000000082E-05 ), #391, 'distance_accuracy_value', 'NONE');
#1154 =( GEOMETRIC_REPRESENTATION_CONTEXT ( 3 ) GLOBAL_UNCERTAINTY_ASSIGNED_CONTEXT ( ( #1784 ) ) GLOBAL_UNIT_ASSIGNED_CONTEXT ( ( #769, #2361, #5216 ) ) REPRESENTATION_CONTEXT ( 'NONE', 'WORKASPACE' ) );
#1155 = FILL_AREA_STYLE_COLOUR ( '', #1036 ) ;
#1156 = DIRECTION ( 'NONE',  ( -0.0000000000000000000, -1.000000000000000000, -0.0000000000000000000 ) ) ;
#1157 = AXIS2_PLACEMENT_3D ( 'NONE', #2552, #3420, #5015 ) ;
#1158 = DIRECTION ( 'NONE',  ( 1.000000000000000000, 0.0000000000000000000, -0.0000000000000000000 ) ) ;
#1159 = SURFACE_SIDE_STYLE ('',( #3923 ) ) ;
#1160 = ADVANCED_FACE ( 'NONE', ( #4839 ), #1197, .F. ) ;
#1161 = DIRECTION ( 'NONE',  ( 0.0000000000000000000, 0.0000000000000000000, 1.000000000000000000 ) ) ;
#1162 = CARTESIAN_POINT ( 'NONE',  ( 0.0000000000000000000, 0.0000000000000000000, 3.449999999999999734 ) ) ;
#1163 = AXIS2_PLACEMENT_3D ( 'NONE', #4968, #1381, #4625 ) ;
#1164 = PRODUCT_DEFINITION_SHAPE ( 'NONE', 'NONE',  #900 ) ;
#1165 = PRESENTATION_STYLE_ASSIGNMENT (( #4741 ) ) ;
#1166 = DIRECTION ( 'NONE',  ( -0.0000000000000000000, 1.000000000000000000, 0.0000000000000000000 ) ) ;
#1167 = AXIS2_PLACEMENT_3D ( 'NONE', #2723, #3134, #1932 ) ;
#1168 = PRESENTATION_STYLE_ASSIGNMENT (( #1536 ) ) ;
#1169 = DIRECTION ( 'NONE',  ( 0.0000000000000000000, 0.0000000000000000000, -1.000000000000000000 ) ) ;
#1170 = CARTESIAN_POINT ( 'NONE',  ( -3.250000000000000000, -1.908218829166499875, 1.000000000000000000 ) ) ;
#1171 = MECHANICAL_DESIGN_GEOMETRIC_PRESENTATION_REPRESENTATION (  '', ( #3445 ), #38 ) ;
#1172 = LINE ( 'NONE', #270, #1872 ) ;
#1173 = FILL_AREA_STYLE ('',( #2454 ) ) ;
#1174 = DIRECTION ( 'NONE',  ( -0.0000000000000000000, -1.000000000000000000, -0.0000000000000000000 ) ) ;
#1175 = FILL_AREA_STYLE ('',( #1225 ) ) ;
#1176 = CARTESIAN_POINT ( 'NONE',  ( -3.250000000000000000, 2.591781170833500347, 1.300000000000000044 ) ) ;
#1177 = ORIENTED_EDGE ( 'NONE', *, *, #4320, .T. ) ;
#1178 = SURFACE_STYLE_FILL_AREA ( #4052 ) ;
#1179 = EDGE_CURVE ( 'NONE', #4498, #3721, #1255, .T. ) ;
#1180 = CARTESIAN_POINT ( 'NONE',  ( 2.000000000000000000, -1.753372802003358544, 3.749999999999998224 ) ) ;
#1181 = SURFACE_SIDE_STYLE ('',( #1205 ) ) ;
#1182 = ORIENTED_EDGE ( 'NONE', *, *, #4354, .F. ) ;
#1183 = APPLICATION_PROTOCOL_DEFINITION ( 'draft international standard', 'automotive_design', 1998, #2871 ) ;
#1185 = ADVANCED_FACE ( 'NONE', ( #3223 ), #4756, .T. ) ;
#1184 = CARTESIAN_POINT ( 'NONE',  ( -1.708578643762689309, -3.417157287525380394, 4.299999999999999822 ) ) ;
#1186 = SURFACE_STYLE_FILL_AREA ( #1662 ) ;
#1187 = ORIENTED_EDGE ( 'NONE', *, *, #3922, .T. ) ;
#1188 = DIRECTION ( 'NONE',  ( -1.000000000000000000, -0.0000000000000000000, 0.0000000000000000000 ) ) ;
#1189 = AXIS2_PLACEMENT_3D ( 'NONE', #4264, #1847, #1444 ) ;
#1190 =( NAMED_UNIT ( * ) PLANE_ANGLE_UNIT ( ) SI_UNIT ( $, .RADIAN. ) );
#1191 =( NAMED_UNIT ( * ) PLANE_ANGLE_UNIT ( ) SI_UNIT ( $, .RADIAN. ) );
#1192 = ORIENTED_EDGE ( 'NONE', *, *, #2731, .F. ) ;
#1193 = DIRECTION ( 'NONE',  ( -3.231085104332679983E-15, -1.000000000000000000, 2.938735877055720084E-31 ) ) ;
#1194 = STYLED_ITEM ( 'NONE', ( #4862 ), #4209 ) ;
#1195 = EDGE_CURVE ( 'NONE', #499, #583, #4925, .T. ) ;
#1196 = CARTESIAN_POINT ( 'NONE',  ( -3.649999999999999911, 1.891781170833499948, 1.300000000000000044 ) ) ;
#1197 = CYLINDRICAL_SURFACE ( 'NONE', #2647, 0.09999999999999999167 ) ;
#1198 = VERTEX_POINT ( 'NONE', #4578 ) ;
#1199 = DIRECTION ( 'NONE',  ( 1.224646799147353207E-16, -1.000000000000000000, 0.0000000000000000000 ) ) ;
#1200 = UNCERTAINTY_MEASURE_WITH_UNIT (LENGTH_MEASURE( 1.000000000000000082E-05 ), #4276, 'distance_accuracy_value', 'NONE');
#1201 = SURFACE_STYLE_USAGE ( .BOTH. , #4786 ) ;
#1202 = PRESENTATION_STYLE_ASSIGNMENT (( #787 ) ) ;
#1203 = DIRECTION ( 'NONE',  ( -3.231085104332679983E-15, -1.000000000000000000, 0.0000000000000000000 ) ) ;
#1204 = DIRECTION ( 'NONE',  ( 0.0000000000000000000, 0.0000000000000000000, 1.000000000000000000 ) ) ;
#1205 = SURFACE_STYLE_FILL_AREA ( #3260 ) ;
#1206 = EDGE_LOOP ( 'NONE', ( #792, #5012 ) ) ;
#1207 = STYLED_ITEM ( 'NONE', ( #3961 ), #543 ) ;
#1208 = DIRECTION ( 'NONE',  ( -3.231085104332679983E-15, -1.000000000000000000, 0.0000000000000000000 ) ) ;
#1209 = PRODUCT_DEFINITION_CONTEXT ( 'detailed design', #4357, 'design' ) ;
#1210 = PRESENTATION_STYLE_ASSIGNMENT (( #3293 ) ) ;
#1211 = VECTOR ( 'NONE', #2870, 1000.000000000000000 ) ;
#1212 = VECTOR ( 'NONE', #4559, 1000.000000000000000 ) ;
#1213 = FILL_AREA_STYLE_COLOUR ( '', #2393 ) ;
#1214 = VERTEX_POINT ( 'NONE', #3283 ) ;
#1215 =( NAMED_UNIT ( * ) PLANE_ANGLE_UNIT ( ) SI_UNIT ( $, .RADIAN. ) );
#1216 = EDGE_CURVE ( 'NONE', #4905, #3065, #4975, .T. ) ;
#1217 = AXIS2_PLACEMENT_3D ( 'NONE', #1258, #1199, #4344 ) ;
#1218 = FILL_AREA_STYLE_COLOUR ( '', #3468 ) ;
#1219 = ORIENTED_EDGE ( 'NONE', *, *, #1926, .F. ) ;
#1220 = VECTOR ( 'NONE', #610, 1000.000000000000000 ) ;
#1221 = UNCERTAINTY_MEASURE_WITH_UNIT (LENGTH_MEASURE( 1.000000000000000082E-05 ), #763, 'distance_accuracy_value', 'NONE');
#1222 = EDGE_CURVE ( 'NONE', #4654, #3108, #571, .T. ) ;
#1223 = DIRECTION ( 'NONE',  ( 3.231085104332679983E-15, 1.000000000000000000, -0.0000000000000000000 ) ) ;
#1224 = COLOUR_RGB ( '',0.0000000000000000000, 0.0000000000000000000, 0.0000000000000000000 ) ;
#1225 = FILL_AREA_STYLE_COLOUR ( '', #1560 ) ;
#1226 = SURFACE_STYLE_FILL_AREA ( #1310 ) ;
#1227 =( LENGTH_UNIT ( ) NAMED_UNIT ( * ) SI_UNIT ( .MILLI., .METRE. ) );
#1228 = VERTEX_POINT ( 'NONE', #87 ) ;
#1229 = FACE_OUTER_BOUND ( 'NONE', #3619, .T. ) ;
#1230 = VECTOR ( 'NONE', #1694, 1000.000000000000000 ) ;
#1231 =( GEOMETRIC_REPRESENTATION_CONTEXT ( 3 ) GLOBAL_UNCERTAINTY_ASSIGNED_CONTEXT ( ( #3008 ) ) GLOBAL_UNIT_ASSIGNED_CONTEXT ( ( #2738, #2076, #4006 ) ) REPRESENTATION_CONTEXT ( 'NONE', 'WORKASPACE' ) );
#1232 =( NAMED_UNIT ( * ) PLANE_ANGLE_UNIT ( ) SI_UNIT ( $, .RADIAN. ) );
#1233 = DIRECTION ( 'NONE',  ( -3.231085104332679983E-15, -1.000000000000000000, 0.0000000000000000000 ) ) ;
#1234 = FILL_AREA_STYLE ('',( #1297 ) ) ;
#1235 = CARTESIAN_POINT ( 'NONE',  ( 4.074999999999999289, -2.608218829166499830, 0.0000000000000000000 ) ) ;
#1236 = ADVANCED_FACE ( 'NONE', ( #981 ), #1389, .T. ) ;
#1237 = CARTESIAN_POINT ( 'NONE',  ( -2.083484861008840117, -2.041742430504420724, 3.749999999999999556 ) ) ;
#1238 = VERTEX_POINT ( 'NONE', #2594 ) ;
#1239 = CARTESIAN_POINT ( 'NONE',  ( -4.500000000000000000, 0.0000000000000000000, 0.2999999999999999889 ) ) ;
#1240 = CARTESIAN_POINT ( 'NONE',  ( 3.000000000000000000, 2.850000000000000089, 0.0000000000000000000 ) ) ;
#1241 = AXIS2_PLACEMENT_3D ( 'NONE', #5115, #1161, #2686 ) ;
#1242 =( LENGTH_UNIT ( ) NAMED_UNIT ( * ) SI_UNIT ( .MILLI., .METRE. ) );
#1243 = SURFACE_SIDE_STYLE ('',( #3240 ) ) ;
#1244 = PRESENTATION_STYLE_ASSIGNMENT (( #2394 ) ) ;
#1245 = FACE_OUTER_BOUND ( 'NONE', #262, .T. ) ;
#1246 = ADVANCED_FACE ( 'NONE', ( #865 ), #2491, .T. ) ;
#1247 = VERTEX_POINT ( 'NONE', #3816 ) ;
#1248 = FACE_OUTER_BOUND ( 'NONE', #3680, .T. ) ;
#1249 = VECTOR ( 'NONE', #2224, 1000.000000000000000 ) ;
#1250 = APPLICATION_CONTEXT ( 'automotive_design' ) ;
#1251 = DIRECTION ( 'NONE',  ( 1.000000000000000000, 0.0000000000000000000, 0.0000000000000000000 ) ) ;
#1252 = SURFACE_STYLE_FILL_AREA ( #5177 ) ;
#1253 = EDGE_CURVE ( 'NONE', #2288, #60, #3425, .T. ) ;
#1254 = PRESENTATION_LAYER_ASSIGNMENT (  '', '', ( #567 ) ) ;
#1255 = LINE ( 'NONE', #3165, #3142 ) ;
#1256 = FILL_AREA_STYLE ('',( #404 ) ) ;
#1257 = ORIENTED_EDGE ( 'NONE', *, *, #2731, .T. ) ;
#1258 = CARTESIAN_POINT ( 'NONE',  ( 1.649999999999999911, 2.020667218593132755E-16, 4.200000000000000178 ) ) ;
#1259 = UNCERTAINTY_MEASURE_WITH_UNIT (LENGTH_MEASURE( 1.000000000000000082E-05 ), #452, 'distance_accuracy_value', 'NONE');
#1260 = CARTESIAN_POINT ( 'NONE',  ( 3.750000000000000000, -1.137328243749749834, 0.4000000000000000222 ) ) ;
#1261 = LINE ( 'NONE', #1703, #1211 ) ;
#1262 = CARTESIAN_POINT ( 'NONE',  ( 0.9999999999999937828, -2.500000000000009770, 3.450000000000000622 ) ) ;
#1263 = FACE_OUTER_BOUND ( 'NONE', #866, .T. ) ;
#1264 = ORIENTED_EDGE ( 'NONE', *, *, #1978, .F. ) ;
#1265 =( LENGTH_UNIT ( ) NAMED_UNIT ( * ) SI_UNIT ( .MILLI., .METRE. ) );
#1266 = CONTEXT_DEPENDENT_SHAPE_REPRESENTATION ( #3195, #2211 ) ;
#1267 = CARTESIAN_POINT ( 'NONE',  ( 2.850000000000000089, -3.000000000000000000, 0.0000000000000000000 ) ) ;
#1268 = CARTESIAN_POINT ( 'NONE',  ( -4.500000000000000000, 1.891781170833499948, 0.0000000000000000000 ) ) ;
#1269 = CARTESIAN_POINT ( 'NONE',  ( 2.083484861008840117, 2.041742430504418948, 3.749999999999999556 ) ) ;
#1270 = CARTESIAN_POINT ( 'NONE',  ( 1.999999999999999112, 1.500000000000000444, 3.449999999999999734 ) ) ;
#1271 = ORIENTED_EDGE ( 'NONE', *, *, #4549, .T. ) ;
#1272 =( NAMED_UNIT ( * ) SI_UNIT ( $, .STERADIAN. ) SOLID_ANGLE_UNIT ( ) );
#1273 = DIRECTION ( 'NONE',  ( -0.0000000000000000000, -0.0000000000000000000, 1.000000000000000000 ) ) ;
#1274 =( NAMED_UNIT ( * ) PLANE_ANGLE_UNIT ( ) SI_UNIT ( $, .RADIAN. ) );
#1275 = PRESENTATION_LAYER_ASSIGNMENT (  '', '', ( #2786 ) ) ;
#1276 = CARTESIAN_POINT ( 'NONE',  ( -1.000000000000000000, 0.0000000000000000000, 0.2999999999999999889 ) ) ;
#1277 =( LENGTH_UNIT ( ) NAMED_UNIT ( * ) SI_UNIT ( .MILLI., .METRE. ) );
#1278 = ORIENTED_EDGE ( 'NONE', *, *, #1482, .T. ) ;
#1279 = UNCERTAINTY_MEASURE_WITH_UNIT (LENGTH_MEASURE( 1.000000000000000082E-05 ), #2058, 'distance_accuracy_value', 'NONE');
#1280 = STYLED_ITEM ( 'NONE', ( #2994 ), #3963 ) ;
#1281 = DIRECTION ( 'NONE',  ( 1.000000000000000000, 0.0000000000000000000, 0.0000000000000000000 ) ) ;
#1282 =( NAMED_UNIT ( * ) SI_UNIT ( $, .STERADIAN. ) SOLID_ANGLE_UNIT ( ) );
#1283 = VERTEX_POINT ( 'NONE', #1438 ) ;
#1284 = ORIENTED_EDGE ( 'NONE', *, *, #2840, .F. ) ;
#1285 = ADVANCED_FACE ( '1', ( #2106 ), #2633, .T. ) ;
#1286 = DIRECTION ( 'NONE',  ( 1.000000000000000000, 0.0000000000000000000, -0.0000000000000000000 ) ) ;
#1287 = CARTESIAN_POINT ( 'NONE',  ( 0.0000000000000000000, -3.000000000000000000, 3.149999999999999911 ) ) ;
#1288 = SURFACE_STYLE_USAGE ( .BOTH. , #3602 ) ;
#1289 = MECHANICAL_DESIGN_GEOMETRIC_PRESENTATION_REPRESENTATION (  '', ( #5207 ), #4637 ) ;
#1290 = PLANE ( 'NONE',  #3808 ) ;
#1291 = ORIENTED_EDGE ( 'NONE', *, *, #2337, .F. ) ;
#1292 = ORIENTED_EDGE ( 'NONE', *, *, #4292, .F. ) ;
#1293 =( LENGTH_UNIT ( ) NAMED_UNIT ( * ) SI_UNIT ( .MILLI., .METRE. ) );
#1294 = ADVANCED_FACE ( 'NONE', ( #3743 ), #999, .T. ) ;
#1295 = SURFACE_STYLE_FILL_AREA ( #4879 ) ;
#1296 = COLOUR_RGB ( '',0.7529411764705882248, 0.7529411764705882248, 0.7529411764705882248 ) ;
#1297 = FILL_AREA_STYLE_COLOUR ( '', #3087 ) ;
#1298 = ORIENTED_EDGE ( 'NONE', *, *, #795, .T. ) ;
#1299 = COLOUR_RGB ( '',0.7529411764705882248, 0.7529411764705882248, 0.7529411764705882248 ) ;
#1300 = AXIS2_PLACEMENT_3D ( 'NONE', #2942, #114, #2486 ) ;
#1301 = DIRECTION ( 'NONE',  ( 0.0000000000000000000, -1.000000000000000000, 0.0000000000000000000 ) ) ;
#1302 = ORIENTED_EDGE ( 'NONE', *, *, #3524, .F. ) ;
#1303 = VECTOR ( 'NONE', #1712, 1000.000000000000000 ) ;
#1304 = VECTOR ( 'NONE', #384, 1000.000000000000000 ) ;
#1305 = SURFACE_STYLE_USAGE ( .BOTH. , #492 ) ;
#1306 = LINE ( 'NONE', #2943, #2940 ) ;
#1307 = SHAPE_REPRESENTATION ( '11', ( #3507 ), #881 ) ;
#1308 = CARTESIAN_POINT ( 'NONE',  ( -4.074999999999999289, 2.591781170833500347, 0.0000000000000000000 ) ) ;
#1309 = EDGE_LOOP ( 'NONE', ( #1518, #4612, #4843, #614 ) ) ;
#1310 = FILL_AREA_STYLE ('',( #4810 ) ) ;
#1311 = UNCERTAINTY_MEASURE_WITH_UNIT (LENGTH_MEASURE( 1.000000000000000082E-05 ), #306, 'distance_accuracy_value', 'NONE');
#1312 = VERTEX_POINT ( 'NONE', #1352 ) ;
#1313 = CARTESIAN_POINT ( 'NONE',  ( -3.250000000000000000, -1.908218829166499875, 0.9000000000000000222 ) ) ;
#1314 = FACE_OUTER_BOUND ( 'NONE', #4335, .T. ) ;
#1315 =( GEOMETRIC_REPRESENTATION_CONTEXT ( 3 ) GLOBAL_UNCERTAINTY_ASSIGNED_CONTEXT ( ( #3103 ) ) GLOBAL_UNIT_ASSIGNED_CONTEXT ( ( #4257, #3534, #1487 ) ) REPRESENTATION_CONTEXT ( 'NONE', 'WORKASPACE' ) );
#1316 = EDGE_CURVE ( 'NONE', #4654, #4704, #2955, .T. ) ;
#1317 = ORIENTED_EDGE ( 'NONE', *, *, #641, .T. ) ;
#1318 = CARTESIAN_POINT ( 'NONE',  ( 3.649999999999999911, 2.241781170833500259, 0.1499999999999999944 ) ) ;
#1319 =( GEOMETRIC_REPRESENTATION_CONTEXT ( 3 ) GLOBAL_UNCERTAINTY_ASSIGNED_CONTEXT ( ( #4667 ) ) GLOBAL_UNIT_ASSIGNED_CONTEXT ( ( #2493, #1643, #2095 ) ) REPRESENTATION_CONTEXT ( 'NONE', 'WORKASPACE' ) );
#1320 = UNCERTAINTY_MEASURE_WITH_UNIT (LENGTH_MEASURE( 1.000000000000000082E-05 ), #2881, 'distance_accuracy_value', 'NONE');
#1321 = SURFACE_SIDE_STYLE ('',( #2105 ) ) ;
#1322 = AXIS2_PLACEMENT_3D ( 'NONE', #687, #4800, #770 ) ;
#1323 = FILL_AREA_STYLE ('',( #970 ) ) ;
#1324 =( NAMED_UNIT ( * ) PLANE_ANGLE_UNIT ( ) SI_UNIT ( $, .RADIAN. ) );
#1325 = VERTEX_POINT ( 'NONE', #1375 ) ;
#1326 = VECTOR ( 'NONE', #2719, 1000.000000000000000 ) ;
#1327 = APPLICATION_CONTEXT ( 'automotive_design' ) ;
#1328 = DIRECTION ( 'NONE',  ( 0.0000000000000000000, 0.0000000000000000000, 1.000000000000000000 ) ) ;
#1329 = FILL_AREA_STYLE_COLOUR ( '', #1655 ) ;
#1330 = AXIS2_PLACEMENT_3D ( 'NONE', #1380, #656, #1843 ) ;
#1331 = MECHANICAL_DESIGN_GEOMETRIC_PRESENTATION_REPRESENTATION (  '', ( #4827 ), #2666 ) ;
#1332 =( NAMED_UNIT ( * ) SI_UNIT ( $, .STERADIAN. ) SOLID_ANGLE_UNIT ( ) );
#1333 =( GEOMETRIC_REPRESENTATION_CONTEXT ( 3 ) GLOBAL_UNCERTAINTY_ASSIGNED_CONTEXT ( ( #3000 ) ) GLOBAL_UNIT_ASSIGNED_CONTEXT ( ( #1293, #4540, #2126 ) ) REPRESENTATION_CONTEXT ( 'NONE', 'WORKASPACE' ) );
#1334 = ORIENTED_EDGE ( 'NONE', *, *, #1508, .T. ) ;
#1335 = UNCERTAINTY_MEASURE_WITH_UNIT (LENGTH_MEASURE( 1.000000000000000082E-05 ), #4933, 'distance_accuracy_value', 'NONE');
#1336 = STYLED_ITEM ( 'NONE', ( #4941 ), #2935 ) ;
#1337 = DIRECTION ( 'NONE',  ( 0.0000000000000000000, 0.0000000000000000000, -1.000000000000000000 ) ) ;
#1338 = ORIENTED_EDGE ( 'NONE', *, *, #4410, .F. ) ;
#1339 = FACE_OUTER_BOUND ( 'NONE', #2841, .T. ) ;
#1340 = VECTOR ( 'NONE', #1344, 1000.000000000000000 ) ;
#1341 = CARTESIAN_POINT ( 'NONE',  ( -2.493254395993288242, -1.753372802003358766, 3.749999999999998224 ) ) ;
#1342 = EDGE_CURVE ( 'NONE', #4704, #4503, #2201, .T. ) ;
#1343 = AXIS2_PLACEMENT_3D ( 'NONE', #1660, #2473, #2442 ) ;
#1344 = DIRECTION ( 'NONE',  ( 1.000000000000000000, 0.0000000000000000000, 0.0000000000000000000 ) ) ;
#1345 = ORIENTED_EDGE ( 'NONE', *, *, #1519, .F. ) ;
#1346 = DIRECTION ( 'NONE',  ( 0.0000000000000000000, 1.000000000000000000, 0.0000000000000000000 ) ) ;
#1347 = SURFACE_SIDE_STYLE ('',( #3339 ) ) ;
#1348 = DIRECTION ( 'NONE',  ( -0.0000000000000000000, 1.000000000000000000, 0.0000000000000000000 ) ) ;
#1349 = ORIENTED_EDGE ( 'NONE', *, *, #444, .T. ) ;
#1350 = LINE ( 'NONE', #1763, #2242 ) ;
#1351 = CARTESIAN_POINT ( 'NONE',  ( 0.0000000000000000000, 0.0000000000000000000, 0.0000000000000000000 ) ) ;
#1352 = CARTESIAN_POINT ( 'NONE',  ( -3.000000000000000444, 2.591781170833500347, 1.000000000000000000 ) ) ;
#1353 = ORIENTED_EDGE ( 'NONE', *, *, #4229, .T. ) ;
#1354 = SURFACE_STYLE_FILL_AREA ( #1987 ) ;
#1355 = CARTESIAN_POINT ( 'NONE',  ( 0.0000000000000000000, 0.0000000000000000000, 0.0000000000000000000 ) ) ;
#1356 = EDGE_CURVE ( 'NONE', #4596, #2236, #2608, .T. ) ;
#1357 = DIRECTION ( 'NONE',  ( 1.000000000000000000, 0.0000000000000000000, 0.0000000000000000000 ) ) ;
#1358 = ORIENTED_EDGE ( 'NONE', *, *, #2432, .T. ) ;
#1359 = CARTESIAN_POINT ( 'NONE',  ( 0.0000000000000000000, 0.0000000000000000000, 3.750000000000000000 ) ) ;
#1360 = EDGE_CURVE ( 'NONE', #2409, #2997, #2257, .T. ) ;
#1361 = ORIENTED_EDGE ( 'NONE', *, *, #4203, .T. ) ;
#1362 = DIRECTION ( 'NONE',  ( 3.231085104332679983E-15, 1.000000000000000000, -0.0000000000000000000 ) ) ;
#1363 = VECTOR ( 'NONE', #1174, 1000.000000000000000 ) ;
#1364 = ADVANCED_FACE ( '1', ( #5021 ), #633, .T. ) ;
#1365 = UNCERTAINTY_MEASURE_WITH_UNIT (LENGTH_MEASURE( 1.000000000000000082E-05 ), #4248, 'distance_accuracy_value', 'NONE');
#1366 = DIRECTION ( 'NONE',  ( 0.0000000000000000000, -1.000000000000000000, 0.0000000000000000000 ) ) ;
#1367 = DIRECTION ( 'NONE',  ( -3.231085104332679983E-15, -1.000000000000000000, 0.0000000000000000000 ) ) ;
#1368 = DIRECTION ( 'NONE',  ( 1.000000000000000000, 0.0000000000000000000, 0.0000000000000000000 ) ) ;
#1369 = CARTESIAN_POINT ( 'NONE',  ( -3.750000000000000000, 0.0000000000000000000, 0.0000000000000000000 ) ) ;
#1370 = CIRCLE ( 'NONE', #4214, 0.3999999999999999667 ) ;
#1371 = UNCERTAINTY_MEASURE_WITH_UNIT (LENGTH_MEASURE( 1.000000000000000082E-05 ), #3075, 'distance_accuracy_value', 'NONE');
#1372 =( LENGTH_UNIT ( ) NAMED_UNIT ( * ) SI_UNIT ( .MILLI., .METRE. ) );
#1373 = CLOSED_SHELL ( 'NONE', ( #3502, #5093, #2260, #2566, #4624, #315 ) ) ;
#1374 = CARTESIAN_POINT ( 'NONE',  ( -3.500000000000000000, 1.891781170833499948, 1.000000000000000000 ) ) ;
#1375 = CARTESIAN_POINT ( 'NONE',  ( -3.000000000000000444, -2.608218829166499830, 1.300000000000000044 ) ) ;
#1376 = DIRECTION ( 'NONE',  ( 0.0000000000000000000, 0.0000000000000000000, 1.000000000000000000 ) ) ;
#1377 = VERTEX_POINT ( 'NONE', #4186 ) ;
#1378 =( NAMED_UNIT ( * ) SI_UNIT ( $, .STERADIAN. ) SOLID_ANGLE_UNIT ( ) );
#1379 = STYLED_ITEM ( 'NONE', ( #5038 ), #315 ) ;
#1380 = CARTESIAN_POINT ( 'NONE',  ( -3.000000000000000000, -2.258218829166500186, 1.000000000000000000 ) ) ;
#1381 = DIRECTION ( 'NONE',  ( 0.0000000000000000000, 0.0000000000000000000, 1.000000000000000000 ) ) ;
#1382 = MECHANICAL_DESIGN_GEOMETRIC_PRESENTATION_REPRESENTATION (  '', ( #83 ), #1035 ) ;
#1383 = DIRECTION ( 'NONE',  ( 0.0000000000000000000, -0.0000000000000000000, -1.000000000000000000 ) ) ;
#1384 = VERTEX_POINT ( 'NONE', #1790 ) ;
#1385 = DIRECTION ( 'NONE',  ( -0.0000000000000000000, -1.000000000000000000, 0.0000000000000000000 ) ) ;
#1386 =( GEOMETRIC_REPRESENTATION_CONTEXT ( 3 ) GLOBAL_UNCERTAINTY_ASSIGNED_CONTEXT ( ( #464 ) ) GLOBAL_UNIT_ASSIGNED_CONTEXT ( ( #3371, #2131, #2155 ) ) REPRESENTATION_CONTEXT ( 'NONE', 'WORKASPACE' ) );
#1387 = DIRECTION ( 'NONE',  ( -0.0000000000000000000, -1.000000000000000000, 0.0000000000000000000 ) ) ;
#1388 = SURFACE_STYLE_USAGE ( .BOTH. , #4895 ) ;
#1389 = PLANE ( 'NONE',  #1799 ) ;
#1390 = VERTEX_POINT ( 'NONE', #1815 ) ;
#1391 = STYLED_ITEM ( 'NONE', ( #1202 ), #1793 ) ;
#1392 = AXIS2_PLACEMENT_3D ( 'NONE', #2671, #3411, #3442 ) ;
#1393 = STYLED_ITEM ( 'NONE', ( #2120 ), #1236 ) ;
#1394 = CARTESIAN_POINT ( 'NONE',  ( 0.0000000000000000000, 0.0000000000000000000, 3.449999999999999734 ) ) ;
#1395 = ORIENTED_EDGE ( 'NONE', *, *, #3346, .F. ) ;
#1396 = PRESENTATION_STYLE_ASSIGNMENT (( #4934 ) ) ;
#1397 = FILL_AREA_STYLE_COLOUR ( '', #5066 ) ;
#1398 = DIRECTION ( 'NONE',  ( 0.0000000000000000000, 1.000000000000000000, 0.0000000000000000000 ) ) ;
#1399 = VERTEX_POINT ( 'NONE', #565 ) ;
#1400 = ORIENTED_EDGE ( 'NONE', *, *, #4132, .F. ) ;
#1401 = STYLED_ITEM ( 'NONE', ( #2528 ), #1285 ) ;
#1402 = FILL_AREA_STYLE_COLOUR ( '', #3429 ) ;
#1403 = DIRECTION ( 'NONE',  ( -0.0000000000000000000, 1.000000000000000000, 0.0000000000000000000 ) ) ;
#1404 = LINE ( 'NONE', #4592, #3029 ) ;
#1405 = DIRECTION ( 'NONE',  ( 3.231085104332679983E-15, 1.000000000000000000, 0.0000000000000000000 ) ) ;
#1406 = DIRECTION ( 'NONE',  ( -1.000000000000000000, 3.231085104332679983E-15, 0.0000000000000000000 ) ) ;
#1407 = ORIENTED_EDGE ( 'NONE', *, *, #288, .T. ) ;
#1408 = AXIS2_PLACEMENT_3D ( 'NONE', #594, #5003, #2191 ) ;
#1409 = FILL_AREA_STYLE_COLOUR ( '', #4252 ) ;
#1410 = CARTESIAN_POINT ( 'NONE',  ( 0.0000000000000000000, 0.0000000000000000000, 0.0000000000000000000 ) ) ;
#1411 = CIRCLE ( 'NONE', #190, 0.4000000000000000222 ) ;
#1412 = PRESENTATION_LAYER_ASSIGNMENT (  '', '', ( #192 ) ) ;
#1413 = AXIS2_PLACEMENT_3D ( 'NONE', #3190, #1193, #2833 ) ;
#1414 =( NAMED_UNIT ( * ) PLANE_ANGLE_UNIT ( ) SI_UNIT ( $, .RADIAN. ) );
#1415 = ORIENTED_EDGE ( 'NONE', *, *, #230, .F. ) ;
#1416 = VECTOR ( 'NONE', #1273, 1000.000000000000000 ) ;
#1417 = DIRECTION ( 'NONE',  ( 0.0000000000000000000, 0.0000000000000000000, -1.000000000000000000 ) ) ;
#1418 = LINE ( 'NONE', #2215, #2046 ) ;
#1419 = EDGE_CURVE ( 'NONE', #337, #4596, #1120, .T. ) ;
#1420 = PRESENTATION_LAYER_ASSIGNMENT (  '', '', ( #799 ) ) ;
#1421 = DIRECTION ( 'NONE',  ( 3.231085104332679983E-15, 1.000000000000000000, -0.0000000000000000000 ) ) ;
#1422 = ORIENTED_EDGE ( 'NONE', *, *, #1765, .T. ) ;
#1423 = STYLED_ITEM ( 'NONE', ( #1692 ), #2163 ) ;
#1424 = CARTESIAN_POINT ( 'NONE',  ( -3.750000000000000000, 2.591781170833500347, 0.3000000000000000444 ) ) ;
#1425 = DIRECTION ( 'NONE',  ( 1.000000000000000000, 0.0000000000000000000, -0.0000000000000000000 ) ) ;
#1426 = VECTOR ( 'NONE', #4619, 1000.000000000000000 ) ;
#1427 = CYLINDRICAL_SURFACE ( 'NONE', #2810, 0.1499999999999999667 ) ;
#1428 = ADVANCED_FACE ( 'NONE', ( #5045 ), #4568, .T. ) ;
#1429 = PRESENTATION_LAYER_ASSIGNMENT (  '', '', ( #3945 ) ) ;
#1430 = FACE_OUTER_BOUND ( 'NONE', #5033, .T. ) ;
#1431 = CARTESIAN_POINT ( 'NONE',  ( 1.999999999999999556, 1.753372802003358766, 3.749999999999998224 ) ) ;
#1432 = ORIENTED_EDGE ( 'NONE', *, *, #2396, .F. ) ;
#1433 = EDGE_LOOP ( 'NONE', ( #3197, #4682, #3706, #386, #3818, #2883, #938, #4129 ) ) ;
#1434 = UNCERTAINTY_MEASURE_WITH_UNIT (LENGTH_MEASURE( 1.000000000000000082E-05 ), #2506, 'distance_accuracy_value', 'NONE');
#1435 = DIRECTION ( 'NONE',  ( 0.0000000000000000000, 1.000000000000000000, 0.0000000000000000000 ) ) ;
#1436 = CARTESIAN_POINT ( 'NONE',  ( -4.500000000000000000, -1.908218829166499875, 0.0000000000000000000 ) ) ;
#1437 = DIRECTION ( 'NONE',  ( 0.0000000000000000000, 0.0000000000000000000, 1.000000000000000000 ) ) ;
#1438 = CARTESIAN_POINT ( 'NONE',  ( 3.000000000000000888, 2.591781170833500347, 1.300000000000000044 ) ) ;
#1439 = ORIENTED_EDGE ( 'NONE', *, *, #679, .F. ) ;
#1440 =( LENGTH_UNIT ( ) NAMED_UNIT ( * ) SI_UNIT ( .MILLI., .METRE. ) );
#1441 = ORIENTED_EDGE ( 'NONE', *, *, #1926, .T. ) ;
#1442 = CARTESIAN_POINT ( 'NONE',  ( 1.999999999999999556, 1.958257569495584605, 3.250000000000000000 ) ) ;
#1443 = CARTESIAN_POINT ( 'NONE',  ( -1.649999999999999911, -4.041334437186265510E-16, 4.299999999999999822 ) ) ;
#1444 = DIRECTION ( 'NONE',  ( 0.0000000000000000000, 0.0000000000000000000, -1.000000000000000000 ) ) ;
#1445 = ORIENTED_EDGE ( 'NONE', *, *, #4907, .F. ) ;
#1446 = DIRECTION ( 'NONE',  ( 0.0000000000000000000, 0.0000000000000000000, 1.000000000000000000 ) ) ;
#1447 = SURFACE_SIDE_STYLE ('',( #596 ) ) ;
#1448 = PRESENTATION_LAYER_ASSIGNMENT (  '', '', ( #3542 ) ) ;
#1449 = FILL_AREA_STYLE ('',( #1780 ) ) ;
#1450 = CARTESIAN_POINT ( 'NONE',  ( -1.000000000000000000, -3.000000000000000444, 0.0000000000000000000 ) ) ;
#1451 = ORIENTED_EDGE ( 'NONE', *, *, #2820, .T. ) ;
#1452 = EDGE_CURVE ( 'NONE', #4937, #3615, #2443, .T. ) ;
#1453 = FILL_AREA_STYLE ('',( #130 ) ) ;
#1454 =( LENGTH_UNIT ( ) NAMED_UNIT ( * ) SI_UNIT ( .MILLI., .METRE. ) );
#1455 = DIRECTION ( 'NONE',  ( 0.0000000000000000000, -1.000000000000000000, -0.0000000000000000000 ) ) ;
#1456 =( LENGTH_UNIT ( ) NAMED_UNIT ( * ) SI_UNIT ( .MILLI., .METRE. ) );
#1457 = VECTOR ( 'NONE', #4137, 1000.000000000000000 ) ;
#1458 = ADVANCED_FACE ( 'NONE', ( #3720 ), #43, .T. ) ;
#1459 = FACE_OUTER_BOUND ( 'NONE', #4110, .T. ) ;
#1460 = DIRECTION ( 'NONE',  ( 1.000000000000000000, 0.0000000000000000000, 0.0000000000000000000 ) ) ;
#1461 = AXIS2_PLACEMENT_3D ( 'NONE', #4763, #4847, #4454 ) ;
#1462 = PRODUCT ( '8', '8', '', ( #2706 ) ) ;
#1463 = CARTESIAN_POINT ( 'NONE',  ( -3.000000000000000000, -2.850000000000000089, 3.149999999999999911 ) ) ;
#1464 = VERTEX_POINT ( 'NONE', #421 ) ;
#1465 =( GEOMETRIC_REPRESENTATION_CONTEXT ( 3 ) GLOBAL_UNCERTAINTY_ASSIGNED_CONTEXT ( ( #4069 ) ) GLOBAL_UNIT_ASSIGNED_CONTEXT ( ( #2800, #313, #663 ) ) REPRESENTATION_CONTEXT ( 'NONE', 'WORKASPACE' ) );
#1466 = AXIS2_PLACEMENT_3D ( 'NONE', #2880, #5007, #4527 ) ;
#1467 = EDGE_LOOP ( 'NONE', ( #1445, #5090, #4173, #860 ) ) ;
#1468 = CARTESIAN_POINT ( 'NONE',  ( 3.350000000000000089, 2.241781170833500259, 0.9000000000000000222 ) ) ;
#1469 = MECHANICAL_DESIGN_GEOMETRIC_PRESENTATION_REPRESENTATION (  '', ( #1795 ), #3556 ) ;
#1470 = DIRECTION ( 'NONE',  ( 1.000000000000000000, -2.168404344971012812E-15, 0.0000000000000000000 ) ) ;
#1471 =( BOUNDED_CURVE ( )  B_SPLINE_CURVE ( 3, ( #2770, #1237, #422, #5214 ),
 .UNSPECIFIED., .F., .T. ) 
 B_SPLINE_CURVE_WITH_KNOTS ( ( 4, 4 ),
 ( 0.0000000000000000000, 1.000000000000000000 ),
 .UNSPECIFIED. ) 
 CURVE ( )  GEOMETRIC_REPRESENTATION_ITEM ( )  RATIONAL_B_SPLINE_CURVE ( ( 1.000000000000000000, 0.3333333333333299286, 0.3333333333333299286, 1.000000000000000000 ) ) 
 REPRESENTATION_ITEM ( '' )  );
#1472 =( NAMED_UNIT ( * ) SI_UNIT ( $, .STERADIAN. ) SOLID_ANGLE_UNIT ( ) );
#1473 = DIRECTION ( 'NONE',  ( -0.0000000000000000000, -0.0000000000000000000, -1.000000000000000000 ) ) ;
#1474 = MECHANICAL_DESIGN_GEOMETRIC_PRESENTATION_REPRESENTATION (  '', ( #1391 ), #2044 ) ;
#1475 =( LENGTH_UNIT ( ) NAMED_UNIT ( * ) SI_UNIT ( .MILLI., .METRE. ) );
#1476 = SURFACE_SIDE_STYLE ('',( #5057 ) ) ;
#1477 = PRESENTATION_LAYER_ASSIGNMENT (  '', '', ( #3066 ) ) ;
#1478 =( GEOMETRIC_REPRESENTATION_CONTEXT ( 3 ) GLOBAL_UNCERTAINTY_ASSIGNED_CONTEXT ( ( #3278 ) ) GLOBAL_UNIT_ASSIGNED_CONTEXT ( ( #1456, #4672, #3897 ) ) REPRESENTATION_CONTEXT ( 'NONE', 'WORKASPACE' ) );
#1479 = UNCERTAINTY_MEASURE_WITH_UNIT (LENGTH_MEASURE( 1.000000000000000082E-05 ), #835, 'distance_accuracy_value', 'NONE');
#1480 =( NAMED_UNIT ( * ) SI_UNIT ( $, .STERADIAN. ) SOLID_ANGLE_UNIT ( ) );
#1482 = EDGE_CURVE ( 'NONE', #4003, #1325, #2877, .T. ) ;
#1481 =( NAMED_UNIT ( * ) SI_UNIT ( $, .STERADIAN. ) SOLID_ANGLE_UNIT ( ) );
#1483 = CARTESIAN_POINT ( 'NONE',  ( -3.750000000000000000, 1.120890585416750129, 0.3000000000000000444 ) ) ;
#1484 = APPLICATION_PROTOCOL_DEFINITION ( 'draft international standard', 'automotive_design', 1998, #3842 ) ;
#1485 = PRESENTATION_LAYER_ASSIGNMENT (  '', '', ( #1135 ) ) ;
#1486 = FACE_OUTER_BOUND ( 'NONE', #3289, .T. ) ;
#1487 =( NAMED_UNIT ( * ) SI_UNIT ( $, .STERADIAN. ) SOLID_ANGLE_UNIT ( ) );
#1488 = ORIENTED_EDGE ( 'NONE', *, *, #4024, .F. ) ;
#1489 = CARTESIAN_POINT ( 'NONE',  ( 3.500000000000000000, 2.591781170833500347, 1.000000000000000000 ) ) ;
#1490 = CARTESIAN_POINT ( 'NONE',  ( -2.000000000000000444, 1.958257569495580164, 3.750000000000000000 ) ) ;
#1491 = COLOUR_RGB ( '',0.0000000000000000000, 0.0000000000000000000, 0.0000000000000000000 ) ;
#1492 = LINE ( 'NONE', #1276, #4058 ) ;
#1493 = AXIS2_PLACEMENT_3D ( 'NONE', #1061, #4217, #4268 ) ;
#1494 = ORIENTED_EDGE ( 'NONE', *, *, #1360, .F. ) ;
#1495 = DIRECTION ( 'NONE',  ( -1.000000000000000000, 3.231085104332679983E-15, -0.0000000000000000000 ) ) ;
#1496 = CARTESIAN_POINT ( 'NONE',  ( 3.500000000000000000, -2.258218829166500186, 1.000000000000000000 ) ) ;
#1497 = COLOUR_RGB ( '',0.7529411764705882248, 0.7529411764705882248, 0.7529411764705882248 ) ;
#1498 =( LENGTH_UNIT ( ) NAMED_UNIT ( * ) SI_UNIT ( .MILLI., .METRE. ) );
#1499 = DIRECTION ( 'NONE',  ( 1.000000000000000000, 0.0000000000000000000, 0.0000000000000000000 ) ) ;
#1500 = UNCERTAINTY_MEASURE_WITH_UNIT (LENGTH_MEASURE( 1.000000000000000082E-05 ), #4192, 'distance_accuracy_value', 'NONE');
#1501 =( GEOMETRIC_REPRESENTATION_CONTEXT ( 3 ) GLOBAL_UNCERTAINTY_ASSIGNED_CONTEXT ( ( #4565 ) ) GLOBAL_UNIT_ASSIGNED_CONTEXT ( ( #2910, #430, #1332 ) ) REPRESENTATION_CONTEXT ( 'NONE', 'WORKASPACE' ) );
#1502 = DIRECTION ( 'NONE',  ( 0.0000000000000000000, 0.0000000000000000000, 1.000000000000000000 ) ) ;
#1503 = SURFACE_STYLE_FILL_AREA ( #2649 ) ;
#1504 = DIRECTION ( 'NONE',  ( -1.000000000000000000, -0.0000000000000000000, 0.0000000000000000000 ) ) ;
#1505 = AXIS2_PLACEMENT_3D ( 'NONE', #4668, #1509, #4275 ) ;
#1506 = ORIENTED_EDGE ( 'NONE', *, *, #3922, .F. ) ;
#1507 = EDGE_LOOP ( 'NONE', ( #29, #4204, #935, #2180 ) ) ;
#1508 = EDGE_CURVE ( 'NONE', #3022, #2437, #3661, .T. ) ;
#1509 = DIRECTION ( 'NONE',  ( 0.0000000000000000000, 0.0000000000000000000, 1.000000000000000000 ) ) ;
#1510 =( LENGTH_UNIT ( ) NAMED_UNIT ( * ) SI_UNIT ( .MILLI., .METRE. ) );
#1511 = APPLICATION_PROTOCOL_DEFINITION ( 'draft international standard', 'automotive_design', 1998, #2384 ) ;
#1512 =( GEOMETRIC_REPRESENTATION_CONTEXT ( 3 ) GLOBAL_UNCERTAINTY_ASSIGNED_CONTEXT ( ( #4049 ) ) GLOBAL_UNIT_ASSIGNED_CONTEXT ( ( #2188, #3357, #2117 ) ) REPRESENTATION_CONTEXT ( 'NONE', 'WORKASPACE' ) );
#1513 = ORIENTED_EDGE ( 'NONE', *, *, #1253, .F. ) ;
#1514 = EDGE_CURVE ( 'NONE', #3434, #3569, #4459, .T. ) ;
#1515 = VECTOR ( 'NONE', #1455, 1000.000000000000000 ) ;
#1516 = SURFACE_SIDE_STYLE ('',( #2365 ) ) ;
#1517 = FILL_AREA_STYLE_COLOUR ( '', #933 ) ;
#1518 = ORIENTED_EDGE ( 'NONE', *, *, #4942, .T. ) ;
#1519 = EDGE_CURVE ( 'NONE', #112, #4350, #1685, .T. ) ;
#1520 = FILL_AREA_STYLE ('',( #3588 ) ) ;
#1521 =( NAMED_UNIT ( * ) PLANE_ANGLE_UNIT ( ) SI_UNIT ( $, .RADIAN. ) );
#1522 = FACE_OUTER_BOUND ( 'NONE', #2132, .T. ) ;
#1523 = LINE ( 'NONE', #2727, #961 ) ;
#1524 = APPLICATION_CONTEXT ( 'automotive_design' ) ;
#1525 = DIRECTION ( 'NONE',  ( -3.231085104332679983E-15, -1.000000000000000000, 0.0000000000000000000 ) ) ;
#1526 = CARTESIAN_POINT ( 'NONE',  ( -3.349999999999999645, -2.608218829166499830, 0.4000000000000000222 ) ) ;
#1527 = COLOUR_RGB ( '',0.7529411764705882248, 0.7529411764705882248, 0.7529411764705882248 ) ;
#1528 =( LENGTH_UNIT ( ) NAMED_UNIT ( * ) SI_UNIT ( .MILLI., .METRE. ) );
#1529 = CARTESIAN_POINT ( 'NONE',  ( 2.000000000000000000, -1.958257569495580608, 3.750000000000000000 ) ) ;
#1530 = LINE ( 'NONE', #1483, #2562 ) ;
#1531 = ORIENTED_EDGE ( 'NONE', *, *, #2546, .T. ) ;
#1532 = AXIS2_PLACEMENT_3D ( 'NONE', #5198, #373, #2455 ) ;
#1533 = SHAPE_DEFINITION_REPRESENTATION ( #3516, #4479 ) ;
#1534 = CARTESIAN_POINT ( 'NONE',  ( 1.750000000000000000, 2.143131898507868297E-16, 4.200000000000000178 ) ) ;
#1535 = CARTESIAN_POINT ( 'NONE',  ( 6.938893903907229955E-15, -1.908218829166499875, 0.0000000000000000000 ) ) ;
#1536 = SURFACE_STYLE_USAGE ( .BOTH. , #742 ) ;
#1537 = DIRECTION ( 'NONE',  ( -1.000000000000000000, 0.0000000000000000000, 0.0000000000000000000 ) ) ;
#1538 = AXIS2_PLACEMENT_3D ( 'NONE', #2331, #4324, #1937 ) ;
#1539 =( NAMED_UNIT ( * ) PLANE_ANGLE_UNIT ( ) SI_UNIT ( $, .RADIAN. ) );
#1540 = EDGE_CURVE ( 'NONE', #3490, #798, #2985, .T. ) ;
#1541 = VERTEX_POINT ( 'NONE', #4149 ) ;
#1542 = CARTESIAN_POINT ( 'NONE',  ( -2.000000000000000000, -1.958257569495584161, 3.250000000000000000 ) ) ;
#1543 = PRODUCT_DEFINITION_SHAPE ( 'NONE', 'NONE',  #2707 ) ;
#1544 = FILL_AREA_STYLE_COLOUR ( '', #954 ) ;
#1545 = SURFACE_SIDE_STYLE ('',( #647 ) ) ;
#1546 = EDGE_CURVE ( 'NONE', #368, #3721, #447, .T. ) ;
#1547 = CARTESIAN_POINT ( 'NONE',  ( -1.649999999999999911, 3.299999999999999378, 4.299999999999999822 ) ) ;
#1548 = COLOUR_RGB ( '',0.7529411764705882248, 0.7529411764705882248, 0.7529411764705882248 ) ;
#1549 = FILL_AREA_STYLE ('',( #3996 ) ) ;
#1550 = ORIENTED_EDGE ( 'NONE', *, *, #3171, .T. ) ;
#1551 = MECHANICAL_DESIGN_GEOMETRIC_PRESENTATION_REPRESENTATION (  '', ( #1956 ), #4802 ) ;
#1552 = LINE ( 'NONE', #5184, #3227 ) ;
#1553 = CARTESIAN_POINT ( 'NONE',  ( -1.000000000000001998, -1.500000000000000222, 3.450000000000000622 ) ) ;
#1554 = LINE ( 'NONE', #1857, #862 ) ;
#1555 = PLANE ( 'NONE',  #4710 ) ;
#1556 = CIRCLE ( 'NONE', #2219, 0.4000000000000001887 ) ;
#1557 = AXIS2_PLACEMENT_3D ( 'NONE', #5089, #3845, #2762 ) ;
#1558 = APPLICATION_PROTOCOL_DEFINITION ( 'draft international standard', 'automotive_design', 1998, #3600 ) ;
#1559 = LINE ( 'NONE', #739, #3421 ) ;
#1560 = COLOUR_RGB ( '',0.7529411764705882248, 0.7529411764705882248, 0.7529411764705882248 ) ;
#1561 = MECHANICAL_DESIGN_GEOMETRIC_PRESENTATION_REPRESENTATION (  '', ( #967 ), #1386 ) ;
#1562 = EDGE_CURVE ( 'NONE', #3651, #2397, #840, .T. ) ;
#1563 = SURFACE_STYLE_USAGE ( .BOTH. , #365 ) ;
#1564 = SURFACE_SIDE_STYLE ('',( #4039 ) ) ;
#1565 = EDGE_LOOP ( 'NONE', ( #129, #266, #4126, #2960, #456, #4521, #2917, #4601 ) ) ;
#1566 = DIRECTION ( 'NONE',  ( 0.0000000000000000000, 0.0000000000000000000, 1.000000000000000000 ) ) ;
#1567 = VECTOR ( 'NONE', #299, 1000.000000000000000 ) ;
#1568 = EDGE_CURVE ( 'NONE', #3300, #4376, #173, .T. ) ;
#1569 = SURFACE_STYLE_USAGE ( .BOTH. , #3962 ) ;
#1570 = DIRECTION ( 'NONE',  ( 0.0000000000000000000, 0.0000000000000000000, 1.000000000000000000 ) ) ;
#1571 = CARTESIAN_POINT ( 'NONE',  ( -1.750000000000000000, 3.499999999999999112, 4.199999999999999289 ) ) ;
#1572 = ORIENTED_EDGE ( 'NONE', *, *, #5054, .F. ) ;
#1573 = FILL_AREA_STYLE ('',( #4732 ) ) ;
#1574 = VECTOR ( 'NONE', #4887, 1000.000000000000000 ) ;
#1575 = UNCERTAINTY_MEASURE_WITH_UNIT (LENGTH_MEASURE( 1.000000000000000082E-05 ), #3915, 'distance_accuracy_value', 'NONE');
#1576 = ADVANCED_FACE ( 'NONE', ( #3287 ), #3683, .T. ) ;
#1577 = CARTESIAN_POINT ( 'NONE',  ( 4.074999999999999289, -2.608218829166499830, 0.0000000000000000000 ) ) ;
#1578 = SURFACE_SIDE_STYLE ('',( #708 ) ) ;
#1579 = PRESENTATION_LAYER_ASSIGNMENT (  '', '', ( #2075 ) ) ;
#1580 = STYLED_ITEM ( 'NONE', ( #2056 ), #2102 ) ;
#1581 =( GEOMETRIC_REPRESENTATION_CONTEXT ( 3 ) GLOBAL_UNCERTAINTY_ASSIGNED_CONTEXT ( ( #4929 ) ) GLOBAL_UNIT_ASSIGNED_CONTEXT ( ( #4155, #1812, #3770 ) ) REPRESENTATION_CONTEXT ( 'NONE', 'WORKASPACE' ) );
#1582 = APPLICATION_PROTOCOL_DEFINITION ( 'draft international standard', 'automotive_design', 1998, #4495 ) ;
#1583 = DIRECTION ( 'NONE',  ( 1.000000000000000000, 0.0000000000000000000, 0.0000000000000000000 ) ) ;
#1584 = AXIS2_PLACEMENT_3D ( 'NONE', #4571, #3060, #107 ) ;
#1585 = PRODUCT ( 'User Library-PTS645SL43SMTR92-LFS', 'User Library-PTS645SL43SMTR92-LFS', '', ( #3083 ) ) ;
#1586 = CARTESIAN_POINT ( 'NONE',  ( -2.000000000000000000, 2.246627197996641900, 3.749999999999998224 ) ) ;
#1587 = ORIENTED_EDGE ( 'NONE', *, *, #3101, .F. ) ;
#1588 = CARTESIAN_POINT ( 'NONE',  ( 0.0000000000000000000, 0.0000000000000000000, 3.449999999999999734 ) ) ;
#1589 = CARTESIAN_POINT ( 'NONE',  ( -2.850000000000000089, -2.850000000000000089, 3.149999999999999911 ) ) ;
#1590 = FILL_AREA_STYLE ('',( #3557 ) ) ;
#1591 = ORIENTED_EDGE ( 'NONE', *, *, #3374, .F. ) ;
#1592 = MECHANICAL_DESIGN_GEOMETRIC_PRESENTATION_REPRESENTATION (  '', ( #4032 ), #3037 ) ;
#1593 = UNCERTAINTY_MEASURE_WITH_UNIT (LENGTH_MEASURE( 1.000000000000000082E-05 ), #5178, 'distance_accuracy_value', 'NONE');
#1594 = DIRECTION ( 'NONE',  ( 0.0000000000000000000, 1.000000000000000000, 0.0000000000000000000 ) ) ;
#1595 = FACE_OUTER_BOUND ( 'NONE', #4764, .T. ) ;
#1596 = CARTESIAN_POINT ( 'NONE',  ( -4.074999999999999289, -1.908218829166499875, 1.000000000000000000 ) ) ;
#1597 = EDGE_LOOP ( 'NONE', ( #1677, #4579, #1317, #405 ) ) ;
#1598 = FILL_AREA_STYLE ('',( #1986 ) ) ;
#1599 = CARTESIAN_POINT ( 'NONE',  ( 3.349999999999997424, -2.608218829166499386, 0.4000000000000000777 ) ) ;
#1600 = FILL_AREA_STYLE ('',( #3601 ) ) ;
#1601 = PRESENTATION_STYLE_ASSIGNMENT (( #1288 ) ) ;
#1602 = EDGE_CURVE ( 'NONE', #1377, #1541, #1261, .T. ) ;
#1603 = ORIENTED_EDGE ( 'NONE', *, *, #1419, .F. ) ;
#1604 = CARTESIAN_POINT ( 'NONE',  ( 3.000000000000000000, 2.850000000000000089, 3.449999999999999734 ) ) ;
#1605 = CARTESIAN_POINT ( 'NONE',  ( -3.250000000000000000, 1.891781170833499948, 0.9000000000000000222 ) ) ;
#1606 = SURFACE_STYLE_FILL_AREA ( #2336 ) ;
#1607 = CARTESIAN_POINT ( 'NONE',  ( 3.000000000000000000, -2.850000000000000089, 3.449999999999999734 ) ) ;
#1608 = ORIENTED_EDGE ( 'NONE', *, *, #451, .F. ) ;
#1609 = FILL_AREA_STYLE_COLOUR ( '', #4577 ) ;
#1610 =( LENGTH_UNIT ( ) NAMED_UNIT ( * ) SI_UNIT ( .MILLI., .METRE. ) );
#1611 = ORIENTED_EDGE ( 'NONE', *, *, #3320, .F. ) ;
#1612 = CARTESIAN_POINT ( 'NONE',  ( -3.000000000000000000, 2.591781170833500347, 0.0000000000000000000 ) ) ;
#1613 = AXIS2_PLACEMENT_3D ( 'NONE', #4572, #1301, #1383 ) ;
#1614 =( NAMED_UNIT ( * ) PLANE_ANGLE_UNIT ( ) SI_UNIT ( $, .RADIAN. ) );
#1615 = FACE_OUTER_BOUND ( 'NONE', #2226, .T. ) ;
#1616 = PRESENTATION_STYLE_ASSIGNMENT (( #2401 ) ) ;
#1617 = ORIENTED_EDGE ( 'NONE', *, *, #1783, .T. ) ;
#1618 = AXIS2_PLACEMENT_3D ( 'NONE', #1935, #5059, #4664 ) ;
#1619 = COLOUR_RGB ( '',0.0000000000000000000, 0.0000000000000000000, 0.0000000000000000000 ) ;
#1620 =( NAMED_UNIT ( * ) SI_UNIT ( $, .STERADIAN. ) SOLID_ANGLE_UNIT ( ) );
#1621 = ORIENTED_EDGE ( 'NONE', *, *, #5054, .T. ) ;
#1622 = ORIENTED_EDGE ( 'NONE', *, *, #1026, .F. ) ;
#1623 = SURFACE_STYLE_FILL_AREA ( #5210 ) ;
#1624 = EDGE_CURVE ( 'NONE', #476, #2409, #4453, .T. ) ;
#1625 = SURFACE_SIDE_STYLE ('',( #69 ) ) ;
#1626 = VECTOR ( 'NONE', #903, 1000.000000000000000 ) ;
#1627 = PRESENTATION_LAYER_ASSIGNMENT (  '', '', ( #3228 ) ) ;
#1628 = VERTEX_POINT ( 'NONE', #870 ) ;
#1629 = CYLINDRICAL_SURFACE ( 'NONE', #2298, 0.1499999999999999667 ) ;
#1630 = SURFACE_SIDE_STYLE ('',( #3664 ) ) ;
#1631 =( NAMED_UNIT ( * ) SI_UNIT ( $, .STERADIAN. ) SOLID_ANGLE_UNIT ( ) );
#1632 =( GEOMETRIC_REPRESENTATION_CONTEXT ( 3 ) GLOBAL_UNCERTAINTY_ASSIGNED_CONTEXT ( ( #1593 ) ) GLOBAL_UNIT_ASSIGNED_CONTEXT ( ( #5178, #3194, #4341 ) ) REPRESENTATION_CONTEXT ( 'NONE', 'WORKASPACE' ) );
#1633 = EDGE_CURVE ( 'NONE', #112, #1796, #4721, .T. ) ;
#1634 = DIRECTION ( 'NONE',  ( 1.000000000000000000, -4.336808689942025625E-15, 0.0000000000000000000 ) ) ;
#1635 = DIRECTION ( 'NONE',  ( 0.0000000000000000000, 0.0000000000000000000, -1.000000000000000000 ) ) ;
#1636 = SURFACE_SIDE_STYLE ('',( #2367 ) ) ;
#1637 = ORIENTED_EDGE ( 'NONE', *, *, #1356, .T. ) ;
#1638 = AXIS2_PLACEMENT_3D ( 'NONE', #3796, #3719, #1405 ) ;
#1639 = UNCERTAINTY_MEASURE_WITH_UNIT (LENGTH_MEASURE( 1.000000000000000082E-05 ), #194, 'distance_accuracy_value', 'NONE');
#1640 = PRESENTATION_STYLE_ASSIGNMENT (( #4531 ) ) ;
#1641 = PRESENTATION_LAYER_ASSIGNMENT (  '', '', ( #264 ) ) ;
#1642 = DIRECTION ( 'NONE',  ( 0.0000000000000000000, 0.0000000000000000000, 1.000000000000000000 ) ) ;
#1643 =( NAMED_UNIT ( * ) PLANE_ANGLE_UNIT ( ) SI_UNIT ( $, .RADIAN. ) );
#1644 = FACE_OUTER_BOUND ( 'NONE', #4587, .T. ) ;
#1645 = PRESENTATION_LAYER_ASSIGNMENT (  '', '', ( #2658 ) ) ;
#1646 = ORIENTED_EDGE ( 'NONE', *, *, #4772, .F. ) ;
#1647 =( LENGTH_UNIT ( ) NAMED_UNIT ( * ) SI_UNIT ( .MILLI., .METRE. ) );
#1648 = VECTOR ( 'NONE', #3110, 1000.000000000000000 ) ;
#1649 = FACE_OUTER_BOUND ( 'NONE', #4558, .T. ) ;
#1650 = COLOUR_RGB ( '',0.0000000000000000000, 0.0000000000000000000, 0.0000000000000000000 ) ;
#1651 = CYLINDRICAL_SURFACE ( 'NONE', #3784, 0.3999999999999999667 ) ;
#1652 = DIRECTION ( 'NONE',  ( 1.000000000000000000, -0.0000000000000000000, 0.0000000000000000000 ) ) ;
#1653 = CARTESIAN_POINT ( 'NONE',  ( -3.000000000000000000, 0.0000000000000000000, 0.0000000000000000000 ) ) ;
#1654 = ORIENTED_EDGE ( 'NONE', *, *, #5001, .T. ) ;
#1655 = COLOUR_RGB ( '',0.7529411764705882248, 0.7529411764705882248, 0.7529411764705882248 ) ;
#1656 = PRESENTATION_STYLE_ASSIGNMENT (( #1569 ) ) ;
#1657 = FACE_OUTER_BOUND ( 'NONE', #135, .T. ) ;
#1658 = DIRECTION ( 'NONE',  ( 0.0000000000000000000, 0.0000000000000000000, -1.000000000000000000 ) ) ;
#1659 = COLOUR_RGB ( '',0.7529411764705882248, 0.7529411764705882248, 0.7529411764705882248 ) ;
#1660 = CARTESIAN_POINT ( 'NONE',  ( 0.0000000000000000000, 0.0000000000000000000, 0.0000000000000000000 ) ) ;
#1661 = DIRECTION ( 'NONE',  ( 1.000000000000000000, -3.231085104332679983E-15, 0.0000000000000000000 ) ) ;
#1662 = FILL_AREA_STYLE ('',( #3182 ) ) ;
#1663 = EDGE_LOOP ( 'NONE', ( #1149, #2296 ) ) ;
#1664 = CIRCLE ( 'NONE', #4678, 0.1499999999999999667 ) ;
#1665 = DIRECTION ( 'NONE',  ( 1.000000000000000000, 0.0000000000000000000, 0.0000000000000000000 ) ) ;
#1666 = STYLED_ITEM ( 'NONE', ( #2907 ), #3298 ) ;
#1667 = SHAPE_REPRESENTATION_RELATIONSHIP ( 'NONE' , 'NONE' ,  #874, #3298 ) ;
#1668 = DIRECTION ( 'NONE',  ( 0.0000000000000000000, 0.0000000000000000000, 1.000000000000000000 ) ) ;
#1669 = ORIENTED_EDGE ( 'NONE', *, *, #2773, .T. ) ;
#1670 = CARTESIAN_POINT ( 'NONE',  ( 0.0000000000000000000, -3.000000000000000000, 3.149999999999999911 ) ) ;
#1671 =( NAMED_UNIT ( * ) PLANE_ANGLE_UNIT ( ) SI_UNIT ( $, .RADIAN. ) );
#1672 =( GEOMETRIC_REPRESENTATION_CONTEXT ( 3 ) GLOBAL_UNCERTAINTY_ASSIGNED_CONTEXT ( ( #2948 ) ) GLOBAL_UNIT_ASSIGNED_CONTEXT ( ( #3913, #1521, #4271 ) ) REPRESENTATION_CONTEXT ( 'NONE', 'WORKASPACE' ) );
#1673 =( NAMED_UNIT ( * ) SI_UNIT ( $, .STERADIAN. ) SOLID_ANGLE_UNIT ( ) );
#1674 = MECHANICAL_DESIGN_GEOMETRIC_PRESENTATION_REPRESENTATION (  '', ( #3020 ), #3526 ) ;
#1675 = ORIENTED_EDGE ( 'NONE', *, *, #2396, .T. ) ;
#1676 = EDGE_CURVE ( 'NONE', #2544, #4937, #3229, .T. ) ;
#1677 = ORIENTED_EDGE ( 'NONE', *, *, #679, .T. ) ;
#1678 = MECHANICAL_DESIGN_GEOMETRIC_PRESENTATION_REPRESENTATION (  '', ( #2422 ), #639 ) ;
#1679 = DIRECTION ( 'NONE',  ( 0.0000000000000000000, 0.0000000000000000000, 1.000000000000000000 ) ) ;
#1680 = ORIENTED_EDGE ( 'NONE', *, *, #4326, .T. ) ;
#1681 = VERTEX_POINT ( 'NONE', #3649 ) ;
#1682 = FACE_OUTER_BOUND ( 'NONE', #1467, .T. ) ;
#1683 = PRODUCT_DEFINITION_CONTEXT ( 'detailed design', #2941, 'design' ) ;
#1684 = PRODUCT_DEFINITION ( 'UNKNOWN', '', #3019, #671 ) ;
#1685 = LINE ( 'NONE', #4520, #4562 ) ;
#1686 = ORIENTED_EDGE ( 'NONE', *, *, #4685, .F. ) ;
#1687 = CARTESIAN_POINT ( 'NONE',  ( 1.650000000000000577, -3.299999999999999822, 4.299999999999999822 ) ) ;
#1688 = DIRECTION ( 'NONE',  ( 1.000000000000000000, 0.0000000000000000000, -0.0000000000000000000 ) ) ;
#1689 = SURFACE_STYLE_FILL_AREA ( #515 ) ;
#1690 =( GEOMETRIC_REPRESENTATION_CONTEXT ( 3 ) GLOBAL_UNCERTAINTY_ASSIGNED_CONTEXT ( ( #5183 ) ) GLOBAL_UNIT_ASSIGNED_CONTEXT ( ( #2426, #4755, #4021 ) ) REPRESENTATION_CONTEXT ( 'NONE', 'WORKASPACE' ) );
#1691 = DIRECTION ( 'NONE',  ( -0.0000000000000000000, -0.0000000000000000000, -1.000000000000000000 ) ) ;
#1692 = PRESENTATION_STYLE_ASSIGNMENT (( #4528 ) ) ;
#1693 = VERTEX_POINT ( 'NONE', #1599 ) ;
#1694 = DIRECTION ( 'NONE',  ( 3.231085104332679983E-15, 1.000000000000000000, -2.938735877055720084E-31 ) ) ;
#1695 =( NAMED_UNIT ( * ) SI_UNIT ( $, .STERADIAN. ) SOLID_ANGLE_UNIT ( ) );
#1696 = EDGE_CURVE ( 'NONE', #2826, #1702, #1715, .T. ) ;
#1697 =( NAMED_UNIT ( * ) SI_UNIT ( $, .STERADIAN. ) SOLID_ANGLE_UNIT ( ) );
#1698 = ORIENTED_EDGE ( 'NONE', *, *, #3623, .T. ) ;
#1699 = CARTESIAN_POINT ( 'NONE',  ( -3.250000000000000000, -2.258218829166500186, 1.000000000000000000 ) ) ;
#1700 =( GEOMETRIC_REPRESENTATION_CONTEXT ( 3 ) GLOBAL_UNCERTAINTY_ASSIGNED_CONTEXT ( ( #992 ) ) GLOBAL_UNIT_ASSIGNED_CONTEXT ( ( #78, #1414, #4600 ) ) REPRESENTATION_CONTEXT ( 'NONE', 'WORKASPACE' ) );
#1701 = DIRECTION ( 'NONE',  ( -0.0000000000000000000, -1.000000000000000000, -0.0000000000000000000 ) ) ;
#1702 = VERTEX_POINT ( 'NONE', #4760 ) ;
#1703 = CARTESIAN_POINT ( 'NONE',  ( 3.350000000000000089, -2.258218829166500186, 0.9000000000000000222 ) ) ;
#1704 = ORIENTED_EDGE ( 'NONE', *, *, #2330, .F. ) ;
#1705 = ORIENTED_EDGE ( 'NONE', *, *, #830, .T. ) ;
#1706 = FACE_OUTER_BOUND ( 'NONE', #4992, .T. ) ;
#1707 = COLOUR_RGB ( '',0.7529411764705882248, 0.7529411764705882248, 0.7529411764705882248 ) ;
#1708 = PLANE ( 'NONE',  #905 ) ;
#1709 = CARTESIAN_POINT ( 'NONE',  ( -4.074999999999999289, 1.891781170833499948, 0.0000000000000000000 ) ) ;
#1710 = CARTESIAN_POINT ( 'NONE',  ( 3.000000000000004885, 1.499999999999989786, 3.450000000000000622 ) ) ;
#1711 = ORIENTED_EDGE ( 'NONE', *, *, #3711, .T. ) ;
#1712 = DIRECTION ( 'NONE',  ( -0.0000000000000000000, 1.000000000000000000, 0.0000000000000000000 ) ) ;
#1713 = PLANE ( 'NONE',  #1330 ) ;
#1714 = PRESENTATION_STYLE_ASSIGNMENT (( #4465 ) ) ;
#1715 = CIRCLE ( 'NONE', #604, 0.1499999999999999667 ) ;
#1716 = MECHANICAL_DESIGN_GEOMETRIC_PRESENTATION_REPRESENTATION (  '', ( #1037 ), #4649 ) ;
#1717 = FILL_AREA_STYLE_COLOUR ( '', #1858 ) ;
#1718 = VERTEX_POINT ( 'NONE', #2787 ) ;
#1719 =( GEOMETRIC_REPRESENTATION_CONTEXT ( 3 ) GLOBAL_UNCERTAINTY_ASSIGNED_CONTEXT ( ( #2539 ) ) GLOBAL_UNIT_ASSIGNED_CONTEXT ( ( #4393, #2351, #2783 ) ) REPRESENTATION_CONTEXT ( 'NONE', 'WORKASPACE' ) );
#1720 = EDGE_CURVE ( 'NONE', #3812, #1834, #1552, .T. ) ;
#1721 = STYLED_ITEM ( 'NONE', ( #4278 ), #844 ) ;
#1722 = STYLED_ITEM ( 'NONE', ( #4242 ), #1121 ) ;
#1723 =( NAMED_UNIT ( * ) SI_UNIT ( $, .STERADIAN. ) SOLID_ANGLE_UNIT ( ) );
#1724 = FILL_AREA_STYLE_COLOUR ( '', #3654 ) ;
#1725 = ORIENTED_EDGE ( 'NONE', *, *, #2886, .T. ) ;
#1726 = CARTESIAN_POINT ( 'NONE',  ( -3.649999999999999911, 2.241781170833500259, 0.3999999999999999667 ) ) ;
#1727 = CARTESIAN_POINT ( 'NONE',  ( -2.000000000000000000, -1.753372802003358544, 3.749999999999998224 ) ) ;
#1728 =( GEOMETRIC_REPRESENTATION_CONTEXT ( 3 ) GLOBAL_UNCERTAINTY_ASSIGNED_CONTEXT ( ( #1371 ) ) GLOBAL_UNIT_ASSIGNED_CONTEXT ( ( #3075, #3965, #4663 ) ) REPRESENTATION_CONTEXT ( 'NONE', 'WORKASPACE' ) );
#1729 = UNCERTAINTY_MEASURE_WITH_UNIT (LENGTH_MEASURE( 1.000000000000000082E-05 ), #2659, 'distance_accuracy_value', 'NONE');
#1730 = CARTESIAN_POINT ( 'NONE',  ( 0.0000000000000000000, -3.000000000000000000, 0.0000000000000000000 ) ) ;
#1731 = ORIENTED_EDGE ( 'NONE', *, *, #4024, .T. ) ;
#1732 = DIRECTION ( 'NONE',  ( 1.000000000000000000, 0.0000000000000000000, 0.0000000000000000000 ) ) ;
#1733 = COLOUR_RGB ( '',0.7529411764705882248, 0.7529411764705882248, 0.7529411764705882248 ) ;
#1734 = EDGE_LOOP ( 'NONE', ( #463, #3737, #655, #4776 ) ) ;
#1735 = ORIENTED_EDGE ( 'NONE', *, *, #582, .F. ) ;
#1736 = EDGE_CURVE ( 'NONE', #2826, #3812, #4027, .T. ) ;
#1737 = SURFACE_STYLE_USAGE ( .BOTH. , #101 ) ;
#1738 = CARTESIAN_POINT ( 'NONE',  ( 4.500000000000000000, -2.608218829166501163, 0.0000000000000000000 ) ) ;
#1739 = EDGE_LOOP ( 'NONE', ( #5125, #3938, #1358, #1791 ) ) ;
#1740 = MECHANICAL_DESIGN_GEOMETRIC_PRESENTATION_REPRESENTATION (  '', ( #2068 ), #2579 ) ;
#1741 = DIRECTION ( 'NONE',  ( -1.000000000000000000, -0.0000000000000000000, 0.0000000000000000000 ) ) ;
#1742 = SURFACE_SIDE_STYLE ('',( #513 ) ) ;
#1743 = SURFACE_SIDE_STYLE ('',( #2480 ) ) ;
#1744 = PRESENTATION_LAYER_ASSIGNMENT (  '', '', ( #2751 ) ) ;
#1745 =( NAMED_UNIT ( * ) SI_UNIT ( $, .STERADIAN. ) SOLID_ANGLE_UNIT ( ) );
#1746 = MECHANICAL_DESIGN_GEOMETRIC_PRESENTATION_REPRESENTATION (  '', ( #799 ), #4017 ) ;
#1747 = ORIENTED_EDGE ( 'NONE', *, *, #4326, .F. ) ;
#1748 = DIRECTION ( 'NONE',  ( 1.000000000000000000, 0.0000000000000000000, -0.0000000000000000000 ) ) ;
#1749 = CARTESIAN_POINT ( 'NONE',  ( 2.850000000000000089, -2.850000000000000089, 3.149999999999999911 ) ) ;
#1750 = PRESENTATION_STYLE_ASSIGNMENT (( #2091 ) ) ;
#1751 = EDGE_CURVE ( 'NONE', #4903, #276, #302, .T. ) ;
#1752 = ORIENTED_EDGE ( 'NONE', *, *, #1696, .T. ) ;
#1753 = STYLED_ITEM ( 'NONE', ( #403 ), #3410 ) ;
#1754 = PRESENTATION_LAYER_ASSIGNMENT (  '', '', ( #1998 ) ) ;
#1755 =( NAMED_UNIT ( * ) SI_UNIT ( $, .STERADIAN. ) SOLID_ANGLE_UNIT ( ) );
#1756 = ORIENTED_EDGE ( 'NONE', *, *, #2834, .T. ) ;
#1757 = SURFACE_STYLE_FILL_AREA ( #3415 ) ;
#1758 = CARTESIAN_POINT ( 'NONE',  ( 2.000000000000000000, 2.041742430504419836, 3.750000000000000000 ) ) ;
#1759 = ORIENTED_EDGE ( 'NONE', *, *, #892, .F. ) ;
#1760 = VERTEX_POINT ( 'NONE', #3949 ) ;
#1761 = AXIS2_PLACEMENT_3D ( 'NONE', #654, #2703, #4300 ) ;
#1762 = SURFACE_STYLE_FILL_AREA ( #1453 ) ;
#1763 = CARTESIAN_POINT ( 'NONE',  ( 3.000000000000000000, -2.850000000000000089, 3.149999999999999911 ) ) ;
#1765 = EDGE_CURVE ( 'NONE', #4513, #3368, #3313, .T. ) ;
#1764 = CARTESIAN_POINT ( 'NONE',  ( 3.000000000000000000, -1.499999999999999778, 3.450000000000000622 ) ) ;
#1766 = DIRECTION ( 'NONE',  ( 1.000000000000000000, 0.0000000000000000000, -0.0000000000000000000 ) ) ;
#1767 = ORIENTED_EDGE ( 'NONE', *, *, #388, .T. ) ;
#1768 = DIRECTION ( 'NONE',  ( 1.000000000000000000, 0.0000000000000000000, 0.0000000000000000000 ) ) ;
#1769 = ORIENTED_EDGE ( 'NONE', *, *, #1751, .T. ) ;
#1770 =( NAMED_UNIT ( * ) SI_UNIT ( $, .STERADIAN. ) SOLID_ANGLE_UNIT ( ) );
#1771 = CARTESIAN_POINT ( 'NONE',  ( 3.750000000000000000, -0.01643765833298820034, 0.0000000000000000000 ) ) ;
#1772 = FILL_AREA_STYLE_COLOUR ( '', #2855 ) ;
#1773 = SURFACE_STYLE_FILL_AREA ( #2217 ) ;
#1774 =( NAMED_UNIT ( * ) PLANE_ANGLE_UNIT ( ) SI_UNIT ( $, .RADIAN. ) );
#1775 = ORIENTED_EDGE ( 'NONE', *, *, #4900, .F. ) ;
#1776 = COLOUR_RGB ( '',0.0000000000000000000, 0.0000000000000000000, 0.0000000000000000000 ) ;
#1777 = UNCERTAINTY_MEASURE_WITH_UNIT (LENGTH_MEASURE( 1.000000000000000082E-05 ), #2263, 'distance_accuracy_value', 'NONE');
#1778 = ORIENTED_EDGE ( 'NONE', *, *, #3623, .F. ) ;
#1779 =( LENGTH_UNIT ( ) NAMED_UNIT ( * ) SI_UNIT ( .MILLI., .METRE. ) );
#1780 = FILL_AREA_STYLE_COLOUR ( '', #1972 ) ;
#1781 = EDGE_LOOP ( 'NONE', ( #1004, #2114, #966, #1752 ) ) ;
#1782 = PRESENTATION_LAYER_ASSIGNMENT (  '', '', ( #4291 ) ) ;
#1783 = EDGE_CURVE ( 'NONE', #65, #2832, #4735, .T. ) ;
#1784 = UNCERTAINTY_MEASURE_WITH_UNIT (LENGTH_MEASURE( 1.000000000000000082E-05 ), #769, 'distance_accuracy_value', 'NONE');
#1785 = DIRECTION ( 'NONE',  ( 1.000000000000000000, -0.0000000000000000000, 0.0000000000000000000 ) ) ;
#1786 = SURFACE_SIDE_STYLE ('',( #2526 ) ) ;
#1787 = CLOSED_SHELL ( 'NONE', ( #1458, #3054, #4602, #4115 ) ) ;
#1788 = SURFACE_STYLE_USAGE ( .BOTH. , #4251 ) ;
#1789 = FILL_AREA_STYLE_COLOUR ( '', #2993 ) ;
#1790 = CARTESIAN_POINT ( 'NONE',  ( -2.850000000000000089, -3.000000000000000000, 3.149999999999999911 ) ) ;
#1791 = ORIENTED_EDGE ( 'NONE', *, *, #2007, .T. ) ;
#1792 = MECHANICAL_DESIGN_GEOMETRIC_PRESENTATION_REPRESENTATION (  '', ( #754 ), #2892 ) ;
#1793 = ADVANCED_FACE ( 'NONE', ( #4815 ), #3257, .F. ) ;
#1794 = SURFACE_STYLE_USAGE ( .BOTH. , #3853 ) ;
#1795 = STYLED_ITEM ( 'NONE', ( #19 ), #429 ) ;
#1796 = VERTEX_POINT ( 'NONE', #2845 ) ;
#1797 =( NAMED_UNIT ( * ) PLANE_ANGLE_UNIT ( ) SI_UNIT ( $, .RADIAN. ) );
#1798 = EDGE_CURVE ( 'NONE', #3168, #3824, #3565, .T. ) ;
#1799 = AXIS2_PLACEMENT_3D ( 'NONE', #1308, #2996, #494 ) ;
#1800 = COLOUR_RGB ( '',0.7529411764705882248, 0.7529411764705882248, 0.7529411764705882248 ) ;
#1801 = LINE ( 'NONE', #2264, #3068 ) ;
#1802 = ORIENTED_EDGE ( 'NONE', *, *, #758, .F. ) ;
#1803 = VECTOR ( 'NONE', #44, 1000.000000000000000 ) ;
#1804 = CARTESIAN_POINT ( 'NONE',  ( 3.000000000000000000, 2.241781170833500259, 1.300000000000000044 ) ) ;
#1805 = FILL_AREA_STYLE_COLOUR ( '', #1548 ) ;
#1806 = DIRECTION ( 'NONE',  ( 1.000000000000000000, 0.0000000000000000000, -0.0000000000000000000 ) ) ;
#1807 = ORIENTED_EDGE ( 'NONE', *, *, #1216, .T. ) ;
#1808 = SURFACE_STYLE_USAGE ( .BOTH. , #1017 ) ;
#1809 = EDGE_LOOP ( 'NONE', ( #2558, #4994, #3089, #4857 ) ) ;
#1810 = PRESENTATION_LAYER_ASSIGNMENT (  '', '', ( #3131 ) ) ;
#1811 = CARTESIAN_POINT ( 'NONE',  ( 0.0000000000000000000, 3.000000000000000000, 3.149999999999999911 ) ) ;
#1812 =( NAMED_UNIT ( * ) PLANE_ANGLE_UNIT ( ) SI_UNIT ( $, .RADIAN. ) );
#1813 = AXIS2_PLACEMENT_3D ( 'NONE', #210, #3061, #5096 ) ;
#1814 =( NAMED_UNIT ( * ) SI_UNIT ( $, .STERADIAN. ) SOLID_ANGLE_UNIT ( ) );
#1815 = CARTESIAN_POINT ( 'NONE',  ( 2.000000000000000000, 1.958257569495580608, 3.750000000000000000 ) ) ;
#1816 = EDGE_CURVE ( 'NONE', #1312, #2404, #4322, .T. ) ;
#1817 = VERTEX_POINT ( 'NONE', #324 ) ;
#1818 = MECHANICAL_DESIGN_GEOMETRIC_PRESENTATION_REPRESENTATION (  '', ( #187 ), #1319 ) ;
#1819 = STYLED_ITEM ( 'NONE', ( #953 ), #2221 ) ;
#1820 = CIRCLE ( 'NONE', #5081, 0.1499999999999999667 ) ;
#1821 = LINE ( 'NONE', #1105, #2307 ) ;
#1822 = ORIENTED_EDGE ( 'NONE', *, *, #3208, .F. ) ;
#1823 = SURFACE_STYLE_FILL_AREA ( #2241 ) ;
#1824 = PRESENTATION_LAYER_ASSIGNMENT (  '', '', ( #4834 ) ) ;
#1825 = CARTESIAN_POINT ( 'NONE',  ( 1.749999999999999556, 2.143131898507868051E-16, 4.258578643762690241 ) ) ;
#1826 = ADVANCED_FACE ( 'NONE', ( #1958 ), #913, .T. ) ;
#1827 = ORIENTED_EDGE ( 'NONE', *, *, #3177, .T. ) ;
#1828 =( GEOMETRIC_REPRESENTATION_CONTEXT ( 3 ) GLOBAL_UNCERTAINTY_ASSIGNED_CONTEXT ( ( #4988 ) ) GLOBAL_UNIT_ASSIGNED_CONTEXT ( ( #4775, #1191, #4804 ) ) REPRESENTATION_CONTEXT ( 'NONE', 'WORKASPACE' ) );
#1829 = DIRECTION ( 'NONE',  ( -0.0000000000000000000, 1.000000000000000000, 0.0000000000000000000 ) ) ;
#1830 = CARTESIAN_POINT ( 'NONE',  ( 3.250000000000000444, 2.591781170833500791, 1.000000000000000000 ) ) ;
#1831 =( BOUNDED_SURFACE ( )  B_SPLINE_SURFACE ( 3, 3, ( 
 ( #4403, #3234, #3553, #392 ),
 ( #1586, #716, #741, #1942 ),
 ( #797, #4796, #4061, #1131 ),
 ( #2360, #4008, #3630, #4743 ) ),
 .UNSPECIFIED., .F., .F., .F. ) 
 B_SPLINE_SURFACE_WITH_KNOTS ( ( 4, 4 ),
 ( 4, 4 ),
 ( 0.0000000000000000000, 1.000000000000000000 ),
 ( 0.0000000000000000000, 1.000000000000000000 ),
 .UNSPECIFIED. ) 
 GEOMETRIC_REPRESENTATION_ITEM ( )  RATIONAL_B_SPLINE_SURFACE ( (
 ( 1.000000000000000000, 0.3333333333333337034, 0.3333333333333337034, 1.000000000000000000),
 ( 0.8911066843560517814, 0.2970355614520175935, 0.2970355614520175935, 0.8911066843560517814),
 ( 0.8911066843560517814, 0.2970355614520175935, 0.2970355614520175935, 0.8911066843560517814),
 ( 1.000000000000000000, 0.3333333333333337034, 0.3333333333333337034, 1.000000000000000000) ) ) 
 REPRESENTATION_ITEM ( '' )  SURFACE ( )  );
#1832 = PRODUCT_DEFINITION_FORMATION_WITH_SPECIFIED_SOURCE ( 'ANY', '', #2626, .NOT_KNOWN. ) ;
#1833 = AXIS2_PLACEMENT_3D ( 'NONE', #4418, #3564, #343 ) ;
#1834 = VERTEX_POINT ( 'NONE', #3722 ) ;
#1835 = SURFACE_STYLE_USAGE ( .BOTH. , #3009 ) ;
#1836 = MECHANICAL_DESIGN_GEOMETRIC_PRESENTATION_REPRESENTATION (  '', ( #567 ), #4849 ) ;
#1837 = EDGE_CURVE ( 'NONE', #2409, #5002, #1556, .T. ) ;
#1838 = CARTESIAN_POINT ( 'NONE',  ( -3.649999999999999911, 1.891781170833499948, 0.9000000000000000222 ) ) ;
#1839 = SURFACE_STYLE_FILL_AREA ( #4736 ) ;
#1840 = FILL_AREA_STYLE ('',( #3817 ) ) ;
#1841 = SHAPE_REPRESENTATION ( '2', ( #3507 ), #5009 ) ;
#1842 = ORIENTED_EDGE ( 'NONE', *, *, #2926, .F. ) ;
#1843 = DIRECTION ( 'NONE',  ( 0.0000000000000000000, 0.0000000000000000000, -1.000000000000000000 ) ) ;
#1844 = PRODUCT_DEFINITION ( 'UNKNOWN', '', #2592, #1908 ) ;
#1845 = CARTESIAN_POINT ( 'NONE',  ( -3.750000000000000000, 1.891781170833499948, 0.4000000000000000222 ) ) ;
#1846 = EDGE_LOOP ( 'NONE', ( #1711, #159, #4054, #4361 ) ) ;
#1847 = DIRECTION ( 'NONE',  ( 0.0000000000000000000, -1.000000000000000000, 0.0000000000000000000 ) ) ;
#1848 = ORIENTED_EDGE ( 'NONE', *, *, #2246, .T. ) ;
#1849 = SURFACE_STYLE_USAGE ( .BOTH. , #4238 ) ;
#1850 = SURFACE_SIDE_STYLE ('',( #695 ) ) ;
#1851 = CARTESIAN_POINT ( 'NONE',  ( -3.000000000000000000, 2.850000000000000089, 0.0000000000000000000 ) ) ;
#1852 = AXIS2_PLACEMENT_3D ( 'NONE', #1008, #2614, #189 ) ;
#1853 = CARTESIAN_POINT ( 'NONE',  ( 1.999999999999999334, 1.581953906996889314, 3.637779991155306369 ) ) ;
#1854 = VECTOR ( 'NONE', #665, 1000.000000000000000 ) ;
#1855 = CARTESIAN_POINT ( 'NONE',  ( 1.916515138991160105, -2.041742430504420724, 3.749999999999999556 ) ) ;
#1856 = CARTESIAN_POINT ( 'NONE',  ( -1.999999999999999556, -2.246627197996641900, 3.749999999999998224 ) ) ;
#1857 = CARTESIAN_POINT ( 'NONE',  ( -4.500000000000000000, 2.591781170833500347, 0.0000000000000000000 ) ) ;
#1858 = COLOUR_RGB ( '',0.7529411764705882248, 0.7529411764705882248, 0.7529411764705882248 ) ;
#1859 = FILL_AREA_STYLE_COLOUR ( '', #1032 ) ;
#1860 = SHAPE_DEFINITION_REPRESENTATION ( #3431, #5024 ) ;
#1861 = PRESENTATION_LAYER_ASSIGNMENT (  '', '', ( #4548 ) ) ;
#1862 = DIRECTION ( 'NONE',  ( 0.0000000000000000000, 0.0000000000000000000, 1.000000000000000000 ) ) ;
#1863 = ORIENTED_EDGE ( 'NONE', *, *, #3101, .T. ) ;
#1864 = PRESENTATION_LAYER_ASSIGNMENT (  '', '', ( #2370 ) ) ;
#1865 = CARTESIAN_POINT ( 'NONE',  ( -3.250000000000000000, -2.608218829166499830, 1.000000000000000000 ) ) ;
#1866 = DIRECTION ( 'NONE',  ( 1.000000000000000000, -1.224646799147353207E-16, 0.0000000000000000000 ) ) ;
#1867 = COLOUR_RGB ( '',0.7529411764705882248, 0.7529411764705882248, 0.7529411764705882248 ) ;
#1868 = DIRECTION ( 'NONE',  ( 0.0000000000000000000, 0.0000000000000000000, -1.000000000000000000 ) ) ;
#1869 = ORIENTED_EDGE ( 'NONE', *, *, #4047, .F. ) ;
#1870 = CARTESIAN_POINT ( 'NONE',  ( 0.0000000000000000000, 3.000000000000000000, 3.449999999999999734 ) ) ;
#1871 = EDGE_CURVE ( 'NONE', #661, #4124, #3882, .T. ) ;
#1872 = VECTOR ( 'NONE', #1140, 1000.000000000000000 ) ;
#1873 = FACE_OUTER_BOUND ( 'NONE', #1009, .T. ) ;
#1874 =( NAMED_UNIT ( * ) PLANE_ANGLE_UNIT ( ) SI_UNIT ( $, .RADIAN. ) );
#1875 = CARTESIAN_POINT ( 'NONE',  ( 3.000000000000000000, -2.258218829166500186, 1.000000000000000000 ) ) ;
#1876 = VERTEX_POINT ( 'NONE', #2478 ) ;
#1877 = AXIS2_PLACEMENT_3D ( 'NONE', #5114, #5132, #3454 ) ;
#1878 = PLANE ( 'NONE',  #390 ) ;
#1879 = CARTESIAN_POINT ( 'NONE',  ( 3.350000000000001421, -1.908218829166499875, 0.0000000000000000000 ) ) ;
#1880 = CARTESIAN_POINT ( 'NONE',  ( 3.749999999999995115, -2.608218829166499830, 0.4000000000000000222 ) ) ;
#1881 = FILL_AREA_STYLE ('',( #1040 ) ) ;
#1882 = STYLED_ITEM ( 'NONE', ( #5106 ), #2173 ) ;
#1883 = CARTESIAN_POINT ( 'NONE',  ( -2.000000000000000444, 1.499999999999999778, 3.449999999999999734 ) ) ;
#1884 = CARTESIAN_POINT ( 'NONE',  ( -3.350000000000000089, -2.258218829166500186, 0.9000000000000000222 ) ) ;
#1885 = EDGE_CURVE ( 'NONE', #5039, #1198, #2049, .T. ) ;
#1886 = CARTESIAN_POINT ( 'NONE',  ( 2.850000000000000089, -3.000000000000000000, 3.149999999999999911 ) ) ;
#1887 = DIRECTION ( 'NONE',  ( -0.0000000000000000000, -0.0000000000000000000, -1.000000000000000000 ) ) ;
#1888 = COLOUR_RGB ( '',0.7529411764705882248, 0.7529411764705882248, 0.7529411764705882248 ) ;
#1889 = EDGE_CURVE ( 'NONE', #3464, #3645, #3236, .T. ) ;
#1890 =( LENGTH_UNIT ( ) NAMED_UNIT ( * ) SI_UNIT ( .MILLI., .METRE. ) );
#1891 = FACE_OUTER_BOUND ( 'NONE', #2185, .T. ) ;
#1892 = SHAPE_DEFINITION_REPRESENTATION ( #2245, #3242 ) ;
#1893 = VECTOR ( 'NONE', #637, 1000.000000000000000 ) ;
#1894 = FILL_AREA_STYLE ('',( #2283 ) ) ;
#1895 = ORIENTED_EDGE ( 'NONE', *, *, #3437, .F. ) ;
#1896 = STYLED_ITEM ( 'NONE', ( #4261 ), #2304 ) ;
#1897 = CARTESIAN_POINT ( 'NONE',  ( 4.074999999999999289, 1.891781170833499948, 0.0000000000000000000 ) ) ;
#1898 = MECHANICAL_DESIGN_GEOMETRIC_PRESENTATION_REPRESENTATION (  '', ( #4093 ), #2399 ) ;
#1899 =( NAMED_UNIT ( * ) PLANE_ANGLE_UNIT ( ) SI_UNIT ( $, .RADIAN. ) );
#1900 =( GEOMETRIC_REPRESENTATION_CONTEXT ( 3 ) GLOBAL_UNCERTAINTY_ASSIGNED_CONTEXT ( ( #4979 ) ) GLOBAL_UNIT_ASSIGNED_CONTEXT ( ( #1440, #4191, #2182 ) ) REPRESENTATION_CONTEXT ( 'NONE', 'WORKASPACE' ) );
#1901 = EDGE_LOOP ( 'NONE', ( #1439, #2161, #1187, #1637 ) ) ;
#1902 = DIRECTION ( 'NONE',  ( -1.000000000000000000, 0.0000000000000000000, 0.0000000000000000000 ) ) ;
#1903 = MECHANICAL_DESIGN_GEOMETRIC_PRESENTATION_REPRESENTATION (  '', ( #2751 ), #4020 ) ;
#1904 = CARTESIAN_POINT ( 'NONE',  ( -3.000000000000010214, -1.500000000000000000, 3.450000000000000622 ) ) ;
#1905 = PRESENTATION_LAYER_ASSIGNMENT (  '', '', ( #2238 ) ) ;
#1906 = CARTESIAN_POINT ( 'NONE',  ( 6.938893903907229955E-15, -0.01643765833298820034, 0.2999999999999999889 ) ) ;
#1907 = CARTESIAN_POINT ( 'NONE',  ( -3.000000000000000000, 0.0000000000000000000, 0.0000000000000000000 ) ) ;
#1908 = PRODUCT_DEFINITION_CONTEXT ( 'detailed design', #2599, 'design' ) ;
#1909 = ORIENTED_EDGE ( 'NONE', *, *, #3887, .T. ) ;
#1910 = SURFACE_STYLE_FILL_AREA ( #3944 ) ;
#1911 = SURFACE_STYLE_USAGE ( .BOTH. , #649 ) ;
#1912 = CARTESIAN_POINT ( 'NONE',  ( -4.500000000000000000, -1.908218829166499875, 0.2999999999999999889 ) ) ;
#1913 = DIRECTION ( 'NONE',  ( 1.000000000000000000, 0.0000000000000000000, -0.0000000000000000000 ) ) ;
#1914 = AXIS2_PLACEMENT_3D ( 'NONE', #4651, #3373, #2183 ) ;
#1915 = MECHANICAL_DESIGN_GEOMETRIC_PRESENTATION_REPRESENTATION (  '', ( #2164 ), #4510 ) ;
#1916 = LINE ( 'NONE', #4250, #988 ) ;
#1917 = SURFACE_STYLE_USAGE ( .BOTH. , #2303 ) ;
#1918 = PRESENTATION_STYLE_ASSIGNMENT (( #2764 ) ) ;
#1919 = AXIS2_PLACEMENT_3D ( 'NONE', #2371, #4836, #1251 ) ;
#1920 = PRODUCT_CONTEXT ( 'NONE', #3064, 'mechanical' ) ;
#1921 = EDGE_CURVE ( 'NONE', #583, #1247, #4491, .T. ) ;
#1922 = PRESENTATION_STYLE_ASSIGNMENT (( #286 ) ) ;
#1923 = SHAPE_REPRESENTATION_RELATIONSHIP ( 'NONE' , 'NONE' ,  #1992, #4477 ) ;
#1924 = CARTESIAN_POINT ( 'NONE',  ( 3.000000000000000444, -1.908218829166499875, 1.000000000000000000 ) ) ;
#1925 = AXIS2_PLACEMENT_3D ( 'NONE', #35, #1203, #4397 ) ;
#1926 = EDGE_CURVE ( 'NONE', #2570, #4654, #1962, .T. ) ;
#1927 = DIRECTION ( 'NONE',  ( 0.0000000000000000000, 0.0000000000000000000, 1.000000000000000000 ) ) ;
#1928 = CARTESIAN_POINT ( 'NONE',  ( -2.850000000000000089, 2.850000000000000089, 0.0000000000000000000 ) ) ;
#1929 = EDGE_LOOP ( 'NONE', ( #824, #1086, #4896, #872, #4724, #4227, #4584, #4960, #3700, #4145, #5189, #2775 ) ) ;
#1930 = FILL_AREA_STYLE_COLOUR ( '', #3756 ) ;
#1931 = ORIENTED_EDGE ( 'NONE', *, *, #4549, .F. ) ;
#1932 = DIRECTION ( 'NONE',  ( 0.0000000000000000000, -0.0000000000000000000, -1.000000000000000000 ) ) ;
#1933 = DIRECTION ( 'NONE',  ( -0.0000000000000000000, -0.0000000000000000000, -1.000000000000000000 ) ) ;
#1934 = FACE_OUTER_BOUND ( 'NONE', #2492, .T. ) ;
#1935 = CARTESIAN_POINT ( 'NONE',  ( -2.000000000000000444, 1.958257569495583716, 3.250000000000000000 ) ) ;
#1936 = UNCERTAINTY_MEASURE_WITH_UNIT (LENGTH_MEASURE( 1.000000000000000082E-05 ), #3731, 'distance_accuracy_value', 'NONE');
#1937 = DIRECTION ( 'NONE',  ( 1.000000000000000000, 0.0000000000000000000, 0.0000000000000000000 ) ) ;
#1938 =( GEOMETRIC_REPRESENTATION_CONTEXT ( 3 ) GLOBAL_UNCERTAINTY_ASSIGNED_CONTEXT ( ( #1479 ) ) GLOBAL_UNIT_ASSIGNED_CONTEXT ( ( #835, #3617, #4098 ) ) REPRESENTATION_CONTEXT ( 'NONE', 'WORKASPACE' ) );
#1939 = APPLICATION_PROTOCOL_DEFINITION ( 'draft international standard', 'automotive_design', 1998, #3946 ) ;
#1940 = FILL_AREA_STYLE ('',( #2357 ) ) ;
#1941 = FILL_AREA_STYLE ('',( #3607 ) ) ;
#1942 = CARTESIAN_POINT ( 'NONE',  ( -2.000000000000000444, 1.753372802003357878, 3.749999999999998224 ) ) ;
#1943 = EDGE_CURVE ( 'NONE', #4105, #3319, #2641, .T. ) ;
#1944 = DIRECTION ( 'NONE',  ( 0.0000000000000000000, 0.0000000000000000000, 1.000000000000000000 ) ) ;
#1945 = PRESENTATION_STYLE_ASSIGNMENT (( #1563 ) ) ;
#1946 = CARTESIAN_POINT ( 'NONE',  ( 3.649999999999999023, 1.891781170833500392, 0.9000000000000000222 ) ) ;
#1947 = DIRECTION ( 'NONE',  ( 0.0000000000000000000, 1.000000000000000000, 0.0000000000000000000 ) ) ;
#1948 = EDGE_CURVE ( 'NONE', #2168, #2437, #800, .T. ) ;
#1949 = AXIS2_PLACEMENT_3D ( 'NONE', #688, #2315, #5142 ) ;
#1950 =( NAMED_UNIT ( * ) PLANE_ANGLE_UNIT ( ) SI_UNIT ( $, .RADIAN. ) );
#1951 = CARTESIAN_POINT ( 'NONE',  ( -2.850000000000000089, 2.850000000000000089, 3.449999999999999734 ) ) ;
#1952 = CARTESIAN_POINT ( 'NONE',  ( 3.750000000000000000, 3.362671756250250166, 0.4000000000000000222 ) ) ;
#1953 = DIRECTION ( 'NONE',  ( 3.231085104332679983E-15, 1.000000000000000000, -0.0000000000000000000 ) ) ;
#1954 = EDGE_LOOP ( 'NONE', ( #3002, #2757, #784, #927 ) ) ;
#1955 = COLOUR_RGB ( '',0.7529411764705882248, 0.7529411764705882248, 0.7529411764705882248 ) ;
#1956 = STYLED_ITEM ( 'NONE', ( #4386 ), #615 ) ;
#1957 = CARTESIAN_POINT ( 'NONE',  ( 3.650000000000001243, -1.908218829166499875, 0.9000000000000000222 ) ) ;
#1958 = FACE_OUTER_BOUND ( 'NONE', #4442, .T. ) ;
#1959 =( NAMED_UNIT ( * ) PLANE_ANGLE_UNIT ( ) SI_UNIT ( $, .RADIAN. ) );
#1960 = LINE ( 'NONE', #4762, #2645 ) ;
#1961 = SURFACE_STYLE_USAGE ( .BOTH. , #1181 ) ;
#1962 = CIRCLE ( 'NONE', #4897, 0.3999999999999999667 ) ;
#1963 = VECTOR ( 'NONE', #4574, 1000.000000000000000 ) ;
#1964 = PRODUCT_CONTEXT ( 'NONE', #4042, 'mechanical' ) ;
#1965 = PLANE ( 'NONE',  #1060 ) ;
#1966 = PRODUCT_RELATED_PRODUCT_CATEGORY ( 'part', '', ( #3055 ) ) ;
#1967 = PRESENTATION_LAYER_ASSIGNMENT (  '', '', ( #1722 ) ) ;
#1968 =( NAMED_UNIT ( * ) PLANE_ANGLE_UNIT ( ) SI_UNIT ( $, .RADIAN. ) );
#1969 = CARTESIAN_POINT ( 'NONE',  ( -3.000000000000000444, 1.891781170833499948, 1.300000000000000044 ) ) ;
#1970 = FILL_AREA_STYLE ('',( #3979 ) ) ;
#1971 = CARTESIAN_POINT ( 'NONE',  ( -3.649999999999999911, 2.241781170833500259, 0.8999999999999999112 ) ) ;
#1972 = COLOUR_RGB ( '',0.0000000000000000000, 0.0000000000000000000, 0.0000000000000000000 ) ;
#1973 = FACE_OUTER_BOUND ( 'NONE', #143, .T. ) ;
#1974 = ORIENTED_EDGE ( 'NONE', *, *, #830, .F. ) ;
#1975 = SURFACE_STYLE_FILL_AREA ( #2002 ) ;
#1976 = VECTOR ( 'NONE', #496, 1000.000000000000000 ) ;
#1977 = PLANE ( 'NONE',  #1300 ) ;
#1978 = EDGE_CURVE ( 'NONE', #4179, #4046, #3652, .T. ) ;
#1979 = PLANE ( 'NONE',  #4961 ) ;
#1980 = CIRCLE ( 'NONE', #3246, 0.09999999999999982514 ) ;
#1981 = DIRECTION ( 'NONE',  ( -1.000000000000000000, 0.0000000000000000000, -0.0000000000000000000 ) ) ;
#1982 = ORIENTED_EDGE ( 'NONE', *, *, #4727, .T. ) ;
#1983 = CARTESIAN_POINT ( 'NONE',  ( -2.000000000000000000, -1.958257569495580164, 3.750000000000000000 ) ) ;
#1984 = PRESENTATION_LAYER_ASSIGNMENT (  '', '', ( #4830 ) ) ;
#1985 = UNCERTAINTY_MEASURE_WITH_UNIT (LENGTH_MEASURE( 1.000000000000000082E-05 ), #2323, 'distance_accuracy_value', 'NONE');
#1986 = FILL_AREA_STYLE_COLOUR ( '', #893 ) ;
#1987 = FILL_AREA_STYLE ('',( #5158 ) ) ;
#1988 = VECTOR ( 'NONE', #2103, 1000.000000000000000 ) ;
#1989 = VERTEX_POINT ( 'NONE', #426 ) ;
#1990 = CYLINDRICAL_SURFACE ( 'NONE', #3424, 1.750000000000000000 ) ;
#1991 = CONTEXT_DEPENDENT_SHAPE_REPRESENTATION ( #3474, #3026 ) ;
#1992 = SHAPE_REPRESENTATION ( '4', ( #3507 ), #1154 ) ;
#1993 = PRODUCT_DEFINITION_SHAPE ( 'NONE', 'NONE',  #2916 ) ;
#1994 = CARTESIAN_POINT ( 'NONE',  ( -2.850000000000000089, 3.000000000000000000, 0.0000000000000000000 ) ) ;
#1995 = ORIENTED_EDGE ( 'NONE', *, *, #2869, .T. ) ;
#1996 = PRODUCT_DEFINITION ( 'UNKNOWN', '', #4749, #1683 ) ;
#1997 = SURFACE_SIDE_STYLE ('',( #3185 ) ) ;
#1998 = STYLED_ITEM ( 'NONE', ( #1165 ), #3549 ) ;
#1999 = CARTESIAN_POINT ( 'NONE',  ( 3.349999999999999645, 1.891781170833501280, 0.9000000000000000222 ) ) ;
#2000 =( NAMED_UNIT ( * ) PLANE_ANGLE_UNIT ( ) SI_UNIT ( $, .RADIAN. ) );
#2001 = ORIENTED_EDGE ( 'NONE', *, *, #718, .T. ) ;
#2002 = FILL_AREA_STYLE ('',( #4443 ) ) ;
#2003 = UNCERTAINTY_MEASURE_WITH_UNIT (LENGTH_MEASURE( 1.000000000000000082E-05 ), #2386, 'distance_accuracy_value', 'NONE');
#2004 = DIRECTION ( 'NONE',  ( 0.0000000000000000000, 0.0000000000000000000, -1.000000000000000000 ) ) ;
#2005 =( LENGTH_UNIT ( ) NAMED_UNIT ( * ) SI_UNIT ( .MILLI., .METRE. ) );
#2006 = ORIENTED_EDGE ( 'NONE', *, *, #2467, .F. ) ;
#2007 = EDGE_CURVE ( 'NONE', #1702, #3168, #3632, .T. ) ;
#2008 = CARTESIAN_POINT ( 'NONE',  ( -2.000000000000000000, -2.041742430504419392, 3.750000000000000000 ) ) ;
#2009 =( NAMED_UNIT ( * ) SI_UNIT ( $, .STERADIAN. ) SOLID_ANGLE_UNIT ( ) );
#2010 = DIRECTION ( 'NONE',  ( -1.000000000000000000, 0.0000000000000000000, -0.0000000000000000000 ) ) ;
#2011 =( NAMED_UNIT ( * ) SI_UNIT ( $, .STERADIAN. ) SOLID_ANGLE_UNIT ( ) );
#2012 = CARTESIAN_POINT ( 'NONE',  ( 2.000000000000000000, -1.500000000000000000, 3.449999999999999734 ) ) ;
#2013 = VERTEX_POINT ( 'NONE', #3349 ) ;
#2014 = SURFACE_SIDE_STYLE ('',( #2472 ) ) ;
#2015 =( NAMED_UNIT ( * ) PLANE_ANGLE_UNIT ( ) SI_UNIT ( $, .RADIAN. ) );
#2016 = ORIENTED_EDGE ( 'NONE', *, *, #2962, .T. ) ;
#2017 = DIRECTION ( 'NONE',  ( 1.000000000000000000, -3.252606517456511724E-15, 0.0000000000000000000 ) ) ;
#2018 = FACE_OUTER_BOUND ( 'NONE', #4455, .T. ) ;
#2019 =( BOUNDED_CURVE ( )  B_SPLINE_CURVE ( 3, ( #735, #819, #385, #3624 ),
 .UNSPECIFIED., .F., .T. ) 
 B_SPLINE_CURVE_WITH_KNOTS ( ( 4, 4 ),
 ( 0.0000000000000000000, 1.000000000000000000 ),
 .UNSPECIFIED. ) 
 CURVE ( )  GEOMETRIC_REPRESENTATION_ITEM ( )  RATIONAL_B_SPLINE_CURVE ( ( 1.000000000000000000, 0.3333333333333368120, 0.3333333333333368120, 1.000000000000000000 ) ) 
 REPRESENTATION_ITEM ( '' )  );
#2020 = SURFACE_STYLE_USAGE ( .BOTH. , #1243 ) ;
#2021 =( NAMED_UNIT ( * ) PLANE_ANGLE_UNIT ( ) SI_UNIT ( $, .RADIAN. ) );
#2022 =( NAMED_UNIT ( * ) SI_UNIT ( $, .STERADIAN. ) SOLID_ANGLE_UNIT ( ) );
#2023 = FILL_AREA_STYLE_COLOUR ( '', #705 ) ;
#2024 = ORIENTED_EDGE ( 'NONE', *, *, #5016, .T. ) ;
#2025 = ADVANCED_BREP_SHAPE_REPRESENTATION ( '', ( #455, #3507 ), #3255 ) ;
#2026 = FACE_OUTER_BOUND ( 'NONE', #128, .T. ) ;
#2027 = PRESENTATION_LAYER_ASSIGNMENT (  '', '', ( #4064 ) ) ;
#2028 =( LENGTH_UNIT ( ) NAMED_UNIT ( * ) SI_UNIT ( .MILLI., .METRE. ) );
#2029 = LINE ( 'NONE', #1699, #2740 ) ;
#2030 = SURFACE_STYLE_FILL_AREA ( #1549 ) ;
#2031 = ORIENTED_EDGE ( 'NONE', *, *, #3049, .F. ) ;
#2032 = COLOUR_RGB ( '',0.0000000000000000000, 0.0000000000000000000, 0.0000000000000000000 ) ;
#2033 = SURFACE_STYLE_USAGE ( .BOTH. , #731 ) ;
#2034 = UNCERTAINTY_MEASURE_WITH_UNIT (LENGTH_MEASURE( 1.000000000000000082E-05 ), #358, 'distance_accuracy_value', 'NONE');
#2035 = CARTESIAN_POINT ( 'NONE',  ( -2.850000000000000089, -2.850000000000000089, 0.0000000000000000000 ) ) ;
#2036 = PRESENTATION_LAYER_ASSIGNMENT (  '', '', ( #1795 ) ) ;
#2037 = CYLINDRICAL_SURFACE ( 'NONE', #1461, 0.09999999999999999167 ) ;
#2038 = ORIENTED_EDGE ( 'NONE', *, *, #1736, .T. ) ;
#2039 = COLOUR_RGB ( '',0.7529411764705882248, 0.7529411764705882248, 0.7529411764705882248 ) ;
#2040 = CARTESIAN_POINT ( 'NONE',  ( -2.000000000000000000, -2.041742430504419392, 3.750000000000000000 ) ) ;
#2041 = FILL_AREA_STYLE ('',( #4791 ) ) ;
#2042 = CARTESIAN_POINT ( 'NONE',  ( 0.0000000000000000000, 0.0000000000000000000, 0.0000000000000000000 ) ) ;
#2043 = EDGE_CURVE ( 'NONE', #3812, #1228, #93, .T. ) ;
#2045 = DIRECTION ( 'NONE',  ( 1.000000000000000000, 0.0000000000000000000, 0.0000000000000000000 ) ) ;
#2044 =( GEOMETRIC_REPRESENTATION_CONTEXT ( 3 ) GLOBAL_UNCERTAINTY_ASSIGNED_CONTEXT ( ( #401 ) ) GLOBAL_UNIT_ASSIGNED_CONTEXT ( ( #5205, #1232, #409 ) ) REPRESENTATION_CONTEXT ( 'NONE', 'WORKASPACE' ) );
#2046 = VECTOR ( 'NONE', #3826, 1000.000000000000000 ) ;
#2047 = LINE ( 'NONE', #360, #4239 ) ;
#2048 = ORIENTED_EDGE ( 'NONE', *, *, #2375, .T. ) ;
#2049 = LINE ( 'NONE', #4858, #1303 ) ;
#2050 = DIRECTION ( 'NONE',  ( -0.0000000000000000000, -0.0000000000000000000, -1.000000000000000000 ) ) ;
#2051 = MECHANICAL_DESIGN_GEOMETRIC_PRESENTATION_REPRESENTATION (  '', ( #2989 ), #1719 ) ;
#2052 = MECHANICAL_DESIGN_GEOMETRIC_PRESENTATION_REPRESENTATION (  '', ( #1393 ), #1047 ) ;
#2053 = CARTESIAN_POINT ( 'NONE',  ( 3.749999999999997335, 2.591781170833499903, 0.4000000000000000222 ) ) ;
#2054 = ADVANCED_FACE ( 'NONE', ( #5163 ), #1629, .T. ) ;
#2055 = CARTESIAN_POINT ( 'NONE',  ( 0.0000000000000000000, -4.500000000000000000, 0.2999999999999999889 ) ) ;
#2056 = PRESENTATION_STYLE_ASSIGNMENT (( #2085 ) ) ;
#2057 = ORIENTED_EDGE ( 'NONE', *, *, #795, .F. ) ;
#2058 =( LENGTH_UNIT ( ) NAMED_UNIT ( * ) SI_UNIT ( .MILLI., .METRE. ) );
#2059 = SURFACE_STYLE_FILL_AREA ( #4472 ) ;
#2060 = ORIENTED_EDGE ( 'NONE', *, *, #2193, .T. ) ;
#2061 = DIRECTION ( 'NONE',  ( 0.0000000000000000000, 0.0000000000000000000, -1.000000000000000000 ) ) ;
#2062 = VECTOR ( 'NONE', #3306, 1000.000000000000000 ) ;
#2063 = EDGE_LOOP ( 'NONE', ( #2368, #6 ) ) ;
#2064 = PRODUCT_DEFINITION ( 'UNKNOWN', '', #4837, #5188 ) ;
#2065 = VECTOR ( 'NONE', #4196, 1000.000000000000000 ) ;
#2066 = AXIS2_PLACEMENT_3D ( 'NONE', #1028, #636, #3821 ) ;
#2067 = DIRECTION ( 'NONE',  ( -3.231085104332679983E-15, -1.000000000000000000, 0.0000000000000000000 ) ) ;
#2068 = STYLED_ITEM ( 'NONE', ( #2319 ), #5065 ) ;
#2069 = SURFACE_STYLE_FILL_AREA ( #1600 ) ;
#2070 = DIRECTION ( 'NONE',  ( -0.0000000000000000000, 1.000000000000000000, -0.0000000000000000000 ) ) ;
#2071 = CARTESIAN_POINT ( 'NONE',  ( -3.000000000000000000, -2.850000000000000089, 0.0000000000000000000 ) ) ;
#2072 = ORIENTED_EDGE ( 'NONE', *, *, #219, .T. ) ;
#2073 = SURFACE_SIDE_STYLE ('',( #1623 ) ) ;
#2074 = FACE_OUTER_BOUND ( 'NONE', #3540, .T. ) ;
#2075 = STYLED_ITEM ( 'NONE', ( #39 ), #2678 ) ;
#2076 =( NAMED_UNIT ( * ) PLANE_ANGLE_UNIT ( ) SI_UNIT ( $, .RADIAN. ) );
#2077 = CARTESIAN_POINT ( 'NONE',  ( -2.850000000000000089, 3.000000000000000000, 3.149999999999999911 ) ) ;
#2078 = PRESENTATION_LAYER_ASSIGNMENT (  '', '', ( #3935 ) ) ;
#2079 = FILL_AREA_STYLE_COLOUR ( '', #4312 ) ;
#2080 = DIRECTION ( 'NONE',  ( -0.0000000000000000000, -1.000000000000000000, -0.0000000000000000000 ) ) ;
#2081 = MANIFOLD_SOLID_BREP ( 'Imported1', #1373 ) ;
#2082 = CIRCLE ( 'NONE', #3598, 0.1499999999999999667 ) ;
#2083 = APPLICATION_CONTEXT ( 'automotive_design' ) ;
#2084 = FACE_OUTER_BOUND ( 'NONE', #5186, .T. ) ;
#2085 = SURFACE_STYLE_USAGE ( .BOTH. , #920 ) ;
#2086 = VERTEX_POINT ( 'NONE', #815 ) ;
#2087 = LINE ( 'NONE', #55, #1230 ) ;
#2088 = EDGE_CURVE ( 'NONE', #3651, #3738, #1151, .T. ) ;
#2089 = STYLED_ITEM ( 'NONE', ( #894 ), #3472 ) ;
#2090 = PRESENTATION_STYLE_ASSIGNMENT (( #1305 ) ) ;
#2091 = SURFACE_STYLE_USAGE ( .BOTH. , #467 ) ;
#2092 = LINE ( 'NONE', #4072, #1016 ) ;
#2093 = SURFACE_STYLE_USAGE ( .BOTH. , #469 ) ;
#2094 = ORIENTED_EDGE ( 'NONE', *, *, #252, .F. ) ;
#2095 =( NAMED_UNIT ( * ) SI_UNIT ( $, .STERADIAN. ) SOLID_ANGLE_UNIT ( ) );
#2096 = UNCERTAINTY_MEASURE_WITH_UNIT (LENGTH_MEASURE( 1.000000000000000082E-05 ), #3380, 'distance_accuracy_value', 'NONE');
#2097 =( NAMED_UNIT ( * ) SI_UNIT ( $, .STERADIAN. ) SOLID_ANGLE_UNIT ( ) );
#2098 = CARTESIAN_POINT ( 'NONE',  ( 3.500000000000000000, -1.908218829166499875, 1.000000000000000000 ) ) ;
#2099 = CARTESIAN_POINT ( 'NONE',  ( 3.350000000000000089, 2.241781170833500259, 0.0000000000000000000 ) ) ;
#2100 = ORIENTED_EDGE ( 'NONE', *, *, #1568, .F. ) ;
#2101 = ORIENTED_EDGE ( 'NONE', *, *, #3057, .F. ) ;
#2102 = ADVANCED_BREP_SHAPE_REPRESENTATION ( '', ( #340, #3507 ), #3511 ) ;
#2103 = DIRECTION ( 'NONE',  ( 1.000000000000000000, -0.0000000000000000000, 0.0000000000000000000 ) ) ;
#2104 = FACE_OUTER_BOUND ( 'NONE', #2911, .T. ) ;
#2105 = SURFACE_STYLE_FILL_AREA ( #9 ) ;
#2106 = FACE_OUTER_BOUND ( 'NONE', #1929, .T. ) ;
#2107 = CARTESIAN_POINT ( 'NONE',  ( 2.836092186006226701, 1.581953906996879988, 3.637779991155306369 ) ) ;
#2108 = ORIENTED_EDGE ( 'NONE', *, *, #3981, .T. ) ;
#2109 = SURFACE_SIDE_STYLE ('',( #1354 ) ) ;
#2110 = FILL_AREA_STYLE_COLOUR ( '', #884 ) ;
#2111 = PRESENTATION_STYLE_ASSIGNMENT (( #4860 ) ) ;
#2112 =( NAMED_UNIT ( * ) PLANE_ANGLE_UNIT ( ) SI_UNIT ( $, .RADIAN. ) );
#2113 = EDGE_CURVE ( 'NONE', #4547, #661, #279, .T. ) ;
#2114 = ORIENTED_EDGE ( 'NONE', *, *, #2043, .F. ) ;
#2115 = UNCERTAINTY_MEASURE_WITH_UNIT (LENGTH_MEASURE( 1.000000000000000082E-05 ), #460, 'distance_accuracy_value', 'NONE');
#2116 =( LENGTH_UNIT ( ) NAMED_UNIT ( * ) SI_UNIT ( .MILLI., .METRE. ) );
#2117 =( NAMED_UNIT ( * ) SI_UNIT ( $, .STERADIAN. ) SOLID_ANGLE_UNIT ( ) );
#2118 = MECHANICAL_DESIGN_GEOMETRIC_PRESENTATION_REPRESENTATION (  '', ( #3803 ), #3052 ) ;
#2119 = ADVANCED_FACE ( 'NONE', ( #1229 ), #3480, .T. ) ;
#2120 = PRESENTATION_STYLE_ASSIGNMENT (( #26 ) ) ;
#2121 = ORIENTED_EDGE ( 'NONE', *, *, #388, .F. ) ;
#2122 = DIRECTION ( 'NONE',  ( 0.0000000000000000000, 0.0000000000000000000, 1.000000000000000000 ) ) ;
#2123 = VECTOR ( 'NONE', #1348, 1000.000000000000000 ) ;
#2124 = PLANE ( 'NONE',  #2597 ) ;
#2125 = ORIENTED_EDGE ( 'NONE', *, *, #2250, .T. ) ;
#2126 =( NAMED_UNIT ( * ) SI_UNIT ( $, .STERADIAN. ) SOLID_ANGLE_UNIT ( ) );
#2127 =( NAMED_UNIT ( * ) PLANE_ANGLE_UNIT ( ) SI_UNIT ( $, .RADIAN. ) );
#2128 = PRESENTATION_LAYER_ASSIGNMENT (  '', '', ( #4377 ) ) ;
#2129 = FACE_OUTER_BOUND ( 'NONE', #558, .T. ) ;
#2130 = DIRECTION ( 'NONE',  ( 0.0000000000000000000, -0.0000000000000000000, -1.000000000000000000 ) ) ;
#2131 =( NAMED_UNIT ( * ) PLANE_ANGLE_UNIT ( ) SI_UNIT ( $, .RADIAN. ) );
#2132 = EDGE_LOOP ( 'NONE', ( #1622, #3785, #2970, #475 ) ) ;
#2133 = DIRECTION ( 'NONE',  ( -3.231085104332679983E-15, -1.000000000000000000, 2.938735877055720084E-31 ) ) ;
#2134 = DIRECTION ( 'NONE',  ( 1.000000000000000000, 0.0000000000000000000, 0.0000000000000000000 ) ) ;
#2135 =( NAMED_UNIT ( * ) PLANE_ANGLE_UNIT ( ) SI_UNIT ( $, .RADIAN. ) );
#2136 = STYLED_ITEM ( 'NONE', ( #2090 ), #669 ) ;
#2137 = ORIENTED_EDGE ( 'NONE', *, *, #3437, .T. ) ;
#2138 =( GEOMETRIC_REPRESENTATION_CONTEXT ( 3 ) GLOBAL_UNCERTAINTY_ASSIGNED_CONTEXT ( ( #3328 ) ) GLOBAL_UNIT_ASSIGNED_CONTEXT ( ( #1528, #4690, #5040 ) ) REPRESENTATION_CONTEXT ( 'NONE', 'WORKASPACE' ) );
#2139 = PRESENTATION_LAYER_ASSIGNMENT (  '', '', ( #4722 ) ) ;
#2140 = FILL_AREA_STYLE_COLOUR ( '', #2600 ) ;
#2141 = PRESENTATION_LAYER_ASSIGNMENT (  '', '', ( #4569 ) ) ;
#2142 = FACE_OUTER_BOUND ( 'NONE', #1901, .T. ) ;
#2143 = ORIENTED_EDGE ( 'NONE', *, *, #1871, .F. ) ;
#2144 = UNCERTAINTY_MEASURE_WITH_UNIT (LENGTH_MEASURE( 1.000000000000000082E-05 ), #2837, 'distance_accuracy_value', 'NONE');
#2145 =( NAMED_UNIT ( * ) PLANE_ANGLE_UNIT ( ) SI_UNIT ( $, .RADIAN. ) );
#2146 = CARTESIAN_POINT ( 'NONE',  ( -2.850000000000000089, -2.850000000000000089, 3.149999999999999911 ) ) ;
#2147 = CARTESIAN_POINT ( 'NONE',  ( -2.850000000000000089, -3.000000000000000000, 3.449999999999999734 ) ) ;
#2148 = COLOUR_RGB ( '',0.7529411764705882248, 0.7529411764705882248, 0.7529411764705882248 ) ;
#2149 = VERTEX_POINT ( 'NONE', #3866 ) ;
#2150 = EDGE_CURVE ( 'NONE', #1989, #1876, #4808, .T. ) ;
#2151 =( NAMED_UNIT ( * ) PLANE_ANGLE_UNIT ( ) SI_UNIT ( $, .RADIAN. ) );
#2152 = CARTESIAN_POINT ( 'NONE',  ( 2.836092186006223148, -2.418046093003110020, 3.637779991155306814 ) ) ;
#2153 = CIRCLE ( 'NONE', #2836, 0.1000000000000000472 ) ;
#2154 = PRESENTATION_STYLE_ASSIGNMENT (( #2583 ) ) ;
#2155 =( NAMED_UNIT ( * ) SI_UNIT ( $, .STERADIAN. ) SOLID_ANGLE_UNIT ( ) );
#2156 = ORIENTED_EDGE ( 'NONE', *, *, #3309, .F. ) ;
#2157 = PRESENTATION_LAYER_ASSIGNMENT (  '', '', ( #2240 ) ) ;
#2158 = CARTESIAN_POINT ( 'NONE',  ( -3.649999999999999911, -2.258218829166500186, 1.300000000000000044 ) ) ;
#2159 = PRESENTATION_LAYER_ASSIGNMENT (  '', '', ( #2842 ) ) ;
#2160 = VECTOR ( 'NONE', #67, 1000.000000000000000 ) ;
#2161 = ORIENTED_EDGE ( 'NONE', *, *, #288, .F. ) ;
#2162 = AXIS2_PLACEMENT_3D ( 'NONE', #1410, #4598, #2660 ) ;
#2163 = ADVANCED_BREP_SHAPE_REPRESENTATION ( '', ( #423, #3507 ), #3933 ) ;
#2164 = STYLED_ITEM ( 'NONE', ( #706 ), #2995 ) ;
#2165 = SURFACE_SIDE_STYLE ('',( #1823 ) ) ;
#2166 = CARTESIAN_POINT ( 'NONE',  ( 2.850000000000000089, 3.000000000000000000, 3.149999999999999911 ) ) ;
#2167 = SURFACE_SIDE_STYLE ('',( #1773 ) ) ;
#2168 = VERTEX_POINT ( 'NONE', #1830 ) ;
#2169 = DIRECTION ( 'NONE',  ( 0.0000000000000000000, 0.0000000000000000000, 1.000000000000000000 ) ) ;
#2170 = EDGE_CURVE ( 'NONE', #3603, #2469, #5069, .T. ) ;
#2171 = MECHANICAL_DESIGN_GEOMETRIC_PRESENTATION_REPRESENTATION (  '', ( #3859 ), #2936 ) ;
#2172 = MECHANICAL_DESIGN_GEOMETRIC_PRESENTATION_REPRESENTATION (  '', ( #2089 ), #1512 ) ;
#2173 = ADVANCED_FACE ( 'NONE', ( #1873 ), #5006, .F. ) ;
#2174 = VERTEX_POINT ( 'NONE', #3911 ) ;
#2175 = FILL_AREA_STYLE ('',( #4541 ) ) ;
#2176 = DIRECTION ( 'NONE',  ( -1.000000000000000000, 0.0000000000000000000, -0.0000000000000000000 ) ) ;
#2177 = SURFACE_SIDE_STYLE ('',( #2927 ) ) ;
#2178 = PRESENTATION_STYLE_ASSIGNMENT (( #3426 ) ) ;
#2179 = EDGE_CURVE ( 'NONE', #1760, #3585, #4665, .T. ) ;
#2180 = ORIENTED_EDGE ( 'NONE', *, *, #916, .F. ) ;
#2181 = PRESENTATION_STYLE_ASSIGNMENT (( #4966 ) ) ;
#2182 =( NAMED_UNIT ( * ) SI_UNIT ( $, .STERADIAN. ) SOLID_ANGLE_UNIT ( ) );
#2183 = DIRECTION ( 'NONE',  ( 1.000000000000000000, 0.0000000000000000000, 0.0000000000000000000 ) ) ;
#2184 = CARTESIAN_POINT ( 'NONE',  ( -3.000000000000000000, -2.258218829166500186, 1.300000000000000044 ) ) ;
#2185 = EDGE_LOOP ( 'NONE', ( #1869, #495, #1982, #1298 ) ) ;
#2186 = PRESENTATION_STYLE_ASSIGNMENT (( #2239 ) ) ;
#2187 = CARTESIAN_POINT ( 'NONE',  ( -1.163907813993768858, 2.418046093003110908, 3.637779991155306369 ) ) ;
#2188 =( LENGTH_UNIT ( ) NAMED_UNIT ( * ) SI_UNIT ( .MILLI., .METRE. ) );
#2189 = PRESENTATION_STYLE_ASSIGNMENT (( #3804 ) ) ;
#2190 = ORIENTED_EDGE ( 'NONE', *, *, #984, .T. ) ;
#2191 = DIRECTION ( 'NONE',  ( 1.000000000000000000, 0.0000000000000000000, -0.0000000000000000000 ) ) ;
#2192 = STYLED_ITEM ( 'NONE', ( #3222 ), #3894 ) ;
#2193 = EDGE_CURVE ( 'NONE', #666, #1817, #3493, .T. ) ;
#2194 = CARTESIAN_POINT ( 'NONE',  ( -2.000000000000000000, 2.000000000000000000, 3.449999999999999734 ) ) ;
#2195 = ORIENTED_EDGE ( 'NONE', *, *, #2237, .F. ) ;
#2196 = VERTEX_POINT ( 'NONE', #4609 ) ;
#2197 = PRODUCT ( '11', '11', '', ( #1964 ) ) ;
#2198 = PRESENTATION_STYLE_ASSIGNMENT (( #606 ) ) ;
#2199 = CLOSED_SHELL ( 'NONE', ( #3340, #2054, #2995, #645, #3267, #1576, #3951, #522, #2722, #2893 ) ) ;
#2200 = CARTESIAN_POINT ( 'NONE',  ( 2.493254395993283357, -2.246627197996641012, 3.749999999999998668 ) ) ;
#2201 = LINE ( 'NONE', #2979, #2568 ) ;
#2202 = SURFACE_STYLE_USAGE ( .BOTH. , #3797 ) ;
#2203 = SHAPE_REPRESENTATION ( '5', ( #3507 ), #2839 ) ;
#2204 = EDGE_LOOP ( 'NONE', ( #3341, #3726, #4284, #4161 ) ) ;
#2205 = SURFACE_STYLE_FILL_AREA ( #2657 ) ;
#2206 = DIRECTION ( 'NONE',  ( 1.000000000000000000, 0.0000000000000000000, 0.0000000000000000000 ) ) ;
#2207 = EDGE_CURVE ( 'NONE', #3319, #4105, #2495, .T. ) ;
#2208 = COLOUR_RGB ( '',0.0000000000000000000, 0.0000000000000000000, 0.0000000000000000000 ) ;
#2209 = PRESENTATION_STYLE_ASSIGNMENT (( #4627 ) ) ;
#2210 = ORIENTED_EDGE ( 'NONE', *, *, #3169, .F. ) ;
#2211 = PRODUCT_DEFINITION_SHAPE ( 'NONE', 'NONE',  #5225 ) ;
#2212 = PLANE ( 'NONE',  #271 ) ;
#2213 =( GEOMETRIC_REPRESENTATION_CONTEXT ( 3 ) GLOBAL_UNCERTAINTY_ASSIGNED_CONTEXT ( ( #4414 ) ) GLOBAL_UNIT_ASSIGNED_CONTEXT ( ( #2634, #1324, #509 ) ) REPRESENTATION_CONTEXT ( 'NONE', 'WORKASPACE' ) );
#2214 = AXIS2_PLACEMENT_3D ( 'NONE', #1749, #3247, #1281 ) ;
#2215 = CARTESIAN_POINT ( 'NONE',  ( 4.500000000000000000, 1.891781170833498837, 0.0000000000000000000 ) ) ;
#2216 = CARTESIAN_POINT ( 'NONE',  ( 0.0000000000000000000, 0.0000000000000000000, 0.2999999999999999889 ) ) ;
#2217 = FILL_AREA_STYLE ('',( #591 ) ) ;
#2218 = ORIENTED_EDGE ( 'NONE', *, *, #4143, .T. ) ;
#2219 = AXIS2_PLACEMENT_3D ( 'NONE', #2446, #458, #4405 ) ;
#2220 = LINE ( 'NONE', #144, #1976 ) ;
#2221 = ADVANCED_FACE ( '6', ( #643 ), #3886, .T. ) ;
#2222 = CARTESIAN_POINT ( 'NONE',  ( -2.836092186006226701, -2.418046093003118902, 3.637779991155306369 ) ) ;
#2223 = DIRECTION ( 'NONE',  ( 1.000000000000000000, 0.0000000000000000000, 0.0000000000000000000 ) ) ;
#2224 = DIRECTION ( 'NONE',  ( -1.000000000000000000, -0.0000000000000000000, 0.0000000000000000000 ) ) ;
#2225 = SURFACE_STYLE_FILL_AREA ( #3074 ) ;
#2226 = EDGE_LOOP ( 'NONE', ( #64, #172, #746, #991 ) ) ;
#2227 =( NAMED_UNIT ( * ) PLANE_ANGLE_UNIT ( ) SI_UNIT ( $, .RADIAN. ) );
#2228 = CARTESIAN_POINT ( 'NONE',  ( 2.000000000000000000, -1.958257569495579720, 3.750000000000000000 ) ) ;
#2229 = CARTESIAN_POINT ( 'NONE',  ( -2.000000000000000000, -2.041742430504419392, 3.750000000000000000 ) ) ;
#2230 = PRESENTATION_STYLE_ASSIGNMENT (( #2202 ) ) ;
#2231 = EDGE_LOOP ( 'NONE', ( #3626, #5215, #347, #1338 ) ) ;
#2232 = SHAPE_REPRESENTATION_RELATIONSHIP ( 'NONE' , 'NONE' ,  #1307, #5155 ) ;
#2233 = AXIS2_PLACEMENT_3D ( 'NONE', #4996, #1417, #3881 ) ;
#2234 = SURFACE_SIDE_STYLE ('',( #521 ) ) ;
#2235 = PRESENTATION_LAYER_ASSIGNMENT (  '', '', ( #3841 ) ) ;
#2236 = VERTEX_POINT ( 'NONE', #3355 ) ;
#2237 = EDGE_CURVE ( 'NONE', #798, #4003, #4550, .T. ) ;
#2238 = STYLED_ITEM ( 'NONE', ( #3851 ), #2514 ) ;
#2239 = SURFACE_STYLE_USAGE ( .BOTH. , #4285 ) ;
#2240 = STYLED_ITEM ( 'NONE', ( #3579 ), #4477 ) ;
#2241 = FILL_AREA_STYLE ('',( #1006 ) ) ;
#2242 = VECTOR ( 'NONE', #3010, 1000.000000000000000 ) ;
#2243 = ORIENTED_EDGE ( 'NONE', *, *, #838, .F. ) ;
#2244 =( LENGTH_UNIT ( ) NAMED_UNIT ( * ) SI_UNIT ( .MILLI., .METRE. ) );
#2245 = PRODUCT_DEFINITION_SHAPE ( 'NONE', 'NONE',  #4751 ) ;
#2246 = EDGE_CURVE ( 'NONE', #1681, #2891, #1411, .T. ) ;
#2247 = MECHANICAL_DESIGN_GEOMETRIC_PRESENTATION_REPRESENTATION (  '', ( #3935 ), #2511 ) ;
#2248 = PRODUCT_DEFINITION_FORMATION_WITH_SPECIFIED_SOURCE ( 'ANY', '', #3055, .NOT_KNOWN. ) ;
#2249 = LINE ( 'NONE', #1875, #5100 ) ;
#2250 = EDGE_CURVE ( 'NONE', #2404, #510, #2153, .T. ) ;
#2251 = MECHANICAL_DESIGN_GEOMETRIC_PRESENTATION_REPRESENTATION (  '', ( #3942 ), #899 ) ;
#2252 = CYLINDRICAL_SURFACE ( 'NONE', #4726, 0.09999999999999982514 ) ;
#2253 = CARTESIAN_POINT ( 'NONE',  ( 1.163907813993778406, 2.418046093003111352, 3.637779991155306814 ) ) ;
#2254 = DIRECTION ( 'NONE',  ( 0.0000000000000000000, 1.000000000000000000, 0.0000000000000000000 ) ) ;
#2255 = FACE_OUTER_BOUND ( 'NONE', #1954, .T. ) ;
#2256 = CARTESIAN_POINT ( 'NONE',  ( -3.350000000000000089, 2.241781170833500259, 0.9000000000000000222 ) ) ;
#2257 = LINE ( 'NONE', #4645, #1220 ) ;
#2258 =( GEOMETRIC_REPRESENTATION_CONTEXT ( 3 ) GLOBAL_UNCERTAINTY_ASSIGNED_CONTEXT ( ( #869 ) ) GLOBAL_UNIT_ASSIGNED_CONTEXT ( ( #1779, #3447, #97 ) ) REPRESENTATION_CONTEXT ( 'NONE', 'WORKASPACE' ) );
#2259 = DIRECTION ( 'NONE',  ( 0.0000000000000000000, 0.0000000000000000000, 1.000000000000000000 ) ) ;
#2260 = ADVANCED_FACE ( 'NONE', ( #4167 ), #4140, .F. ) ;
#2261 =( LENGTH_UNIT ( ) NAMED_UNIT ( * ) SI_UNIT ( .MILLI., .METRE. ) );
#2262 = ORIENTED_EDGE ( 'NONE', *, *, #4772, .T. ) ;
#2263 =( LENGTH_UNIT ( ) NAMED_UNIT ( * ) SI_UNIT ( .MILLI., .METRE. ) );
#2264 = CARTESIAN_POINT ( 'NONE',  ( -3.350000000000000089, 1.891781170833499948, 0.0000000000000000000 ) ) ;
#2265 = SURFACE_STYLE_FILL_AREA ( #117 ) ;
#2266 = ORIENTED_EDGE ( 'NONE', *, *, #2207, .F. ) ;
#2267 = CARTESIAN_POINT ( 'NONE',  ( -4.500000000000000000, 2.241781170833500259, 0.0000000000000000000 ) ) ;
#2268 = FILL_AREA_STYLE ('',( #3517 ) ) ;
#2269 = EDGE_CURVE ( 'NONE', #4179, #3603, #2087, .T. ) ;
#2270 = UNCERTAINTY_MEASURE_WITH_UNIT (LENGTH_MEASURE( 1.000000000000000082E-05 ), #396, 'distance_accuracy_value', 'NONE');
#2271 = FILL_AREA_STYLE_COLOUR ( '', #1527 ) ;
#2272 = CARTESIAN_POINT ( 'NONE',  ( 3.749999999999995115, 1.891781170833499948, 0.4000000000000000222 ) ) ;
#2273 = DIRECTION ( 'NONE',  ( 0.0000000000000000000, 1.000000000000000000, 0.0000000000000000000 ) ) ;
#2274 = ORIENTED_EDGE ( 'NONE', *, *, #1342, .T. ) ;
#2275 = DIRECTION ( 'NONE',  ( -0.0000000000000000000, 1.000000000000000000, -0.0000000000000000000 ) ) ;
#2276 = EDGE_CURVE ( 'NONE', #2168, #3376, #2913, .T. ) ;
#2277 = CARTESIAN_POINT ( 'NONE',  ( -1.506745604006717754, -1.753372802003358766, 3.749999999999998668 ) ) ;
#2278 = DIRECTION ( 'NONE',  ( 1.000000000000000000, -3.252606517456511724E-15, 0.0000000000000000000 ) ) ;
#2279 = STYLED_ITEM ( 'NONE', ( #3800 ), #4260 ) ;
#2280 = PRESENTATION_STYLE_ASSIGNMENT (( #3456 ) ) ;
#2281 = APPLICATION_PROTOCOL_DEFINITION ( 'draft international standard', 'automotive_design', 1998, #3064 ) ;
#2282 = CLOSED_SHELL ( 'NONE', ( #4200, #134, #3133, #4349, #1011, #5124, #3597, #3987, #3581, #3478, #1294, #3274, #4793, #4867 ) ) ;
#2283 = FILL_AREA_STYLE_COLOUR ( '', #4327 ) ;
#2284 = DIRECTION ( 'NONE',  ( 0.0000000000000000000, 1.000000000000000000, 0.0000000000000000000 ) ) ;
#2285 = ORIENTED_EDGE ( 'NONE', *, *, #5137, .T. ) ;
#2286 = VECTOR ( 'NONE', #3034, 1000.000000000000000 ) ;
#2287 = PLANE ( 'NONE',  #2233 ) ;
#2288 = VERTEX_POINT ( 'NONE', #1865 ) ;
#2289 = CARTESIAN_POINT ( 'NONE',  ( 3.249999999999998668, -2.608218829166499830, 0.9000000000000000222 ) ) ;
#2290 = CARTESIAN_POINT ( 'NONE',  ( -1.999999999999995337, -2.499999999999999556, 3.449999999999999734 ) ) ;
#2291 = FACE_OUTER_BOUND ( 'NONE', #4679, .T. ) ;
#2292 = AXIS2_PLACEMENT_3D ( 'NONE', #2434, #4787, #3621 ) ;
#2293 = CIRCLE ( 'NONE', #1557, 0.09999999999999982514 ) ;
#2294 = FILL_AREA_STYLE_COLOUR ( '', #4084 ) ;
#2295 = FILL_AREA_STYLE_COLOUR ( '', #4713 ) ;
#2296 = ORIENTED_EDGE ( 'NONE', *, *, #4942, .F. ) ;
#2297 = ADVANCED_FACE ( 'NONE', ( #2689 ), #2287, .F. ) ;
#2298 = AXIS2_PLACEMENT_3D ( 'NONE', #3968, #349, #4812 ) ;
#2299 = PRESENTATION_LAYER_ASSIGNMENT (  '', '', ( #3494 ) ) ;
#2300 = UNCERTAINTY_MEASURE_WITH_UNIT (LENGTH_MEASURE( 1.000000000000000082E-05 ), #3829, 'distance_accuracy_value', 'NONE');
#2301 = PLANE ( 'NONE',  #3095 ) ;
#2302 = CARTESIAN_POINT ( 'NONE',  ( 0.0000000000000000000, -3.000000000000000000, 0.2999999999999999889 ) ) ;
#2303 = SURFACE_SIDE_STYLE ('',( #1839 ) ) ;
#2304 = ADVANCED_FACE ( 'NONE', ( #587 ), #2212, .F. ) ;
#2305 = CARTESIAN_POINT ( 'NONE',  ( -3.649999999999999911, 2.591781170833500347, 0.9000000000000000222 ) ) ;
#2306 = SHAPE_DEFINITION_REPRESENTATION ( #2670, #1992 ) ;
#2307 = VECTOR ( 'NONE', #4677, 1000.000000000000000 ) ;
#2308 = DIRECTION ( 'NONE',  ( 0.0000000000000000000, 0.0000000000000000000, 1.000000000000000000 ) ) ;
#2309 = FACE_OUTER_BOUND ( 'NONE', #843, .T. ) ;
#2310 = EDGE_CURVE ( 'NONE', #2920, #1052, #3156, .T. ) ;
#2311 = SURFACE_SIDE_STYLE ('',( #1051 ) ) ;
#2312 = SURFACE_STYLE_FILL_AREA ( #1970 ) ;
#2313 = CARTESIAN_POINT ( 'NONE',  ( 3.649999999999999911, -1.908218829166499875, 1.300000000000000044 ) ) ;
#2314 = VECTOR ( 'NONE', #1013, 1000.000000000000000 ) ;
#2315 = DIRECTION ( 'NONE',  ( -3.231085104332679983E-15, -1.000000000000000000, 0.0000000000000000000 ) ) ;
#2316 = PRESENTATION_LAYER_ASSIGNMENT (  '', '', ( #2068 ) ) ;
#2317 = CARTESIAN_POINT ( 'NONE',  ( -3.250000000000000000, -2.608218829166499830, 1.300000000000000044 ) ) ;
#2318 = ORIENTED_EDGE ( 'NONE', *, *, #3193, .F. ) ;
#2319 = PRESENTATION_STYLE_ASSIGNMENT (( #693 ) ) ;
#2320 = MECHANICAL_DESIGN_GEOMETRIC_PRESENTATION_REPRESENTATION (  '', ( #2846 ), #462 ) ;
#2321 = LINE ( 'NONE', #1907, #3352 ) ;
#2322 = EDGE_CURVE ( 'NONE', #4404, #2585, #2661, .T. ) ;
#2323 =( LENGTH_UNIT ( ) NAMED_UNIT ( * ) SI_UNIT ( .MILLI., .METRE. ) );
#2324 = LINE ( 'NONE', #3568, #4995 ) ;
#2325 = DIRECTION ( 'NONE',  ( 0.0000000000000000000, 0.0000000000000000000, 1.000000000000000000 ) ) ;
#2326 = AXIS2_PLACEMENT_3D ( 'NONE', #3969, #3475, #5129 ) ;
#2327 = PRODUCT_DEFINITION_FORMATION_WITH_SPECIFIED_SOURCE ( 'ANY', '', #3892, .NOT_KNOWN. ) ;
#2328 = CARTESIAN_POINT ( 'NONE',  ( -4.074999999999999289, 2.591781170833500347, 1.000000000000000000 ) ) ;
#2330 = EDGE_CURVE ( 'NONE', #2013, #5202, #4543, .T. ) ;
#2329 =( NAMED_UNIT ( * ) PLANE_ANGLE_UNIT ( ) SI_UNIT ( $, .RADIAN. ) );
#2331 = CARTESIAN_POINT ( 'NONE',  ( 2.850000000000000089, 2.850000000000000089, 3.149999999999999911 ) ) ;
#2332 = VECTOR ( 'NONE', #56, 1000.000000000000000 ) ;
#2333 = SURFACE_STYLE_FILL_AREA ( #3107 ) ;
#2334 = CONTEXT_DEPENDENT_SHAPE_REPRESENTATION ( #978, #4711 ) ;
#2335 = SURFACE_SIDE_STYLE ('',( #5116 ) ) ;
#2337 = EDGE_CURVE ( 'NONE', #1384, #1796, #801, .T. ) ;
#2336 = FILL_AREA_STYLE ('',( #4374 ) ) ;
#2338 = MECHANICAL_DESIGN_GEOMETRIC_PRESENTATION_REPRESENTATION (  '', ( #1998 ), #4599 ) ;
#2339 = CARTESIAN_POINT ( 'NONE',  ( 2.850000000000000089, -3.000000000000000000, 3.449999999999999734 ) ) ;
#2340 = SURFACE_STYLE_USAGE ( .BOTH. , #1997 ) ;
#2341 = VECTOR ( 'NONE', #536, 1000.000000000000000 ) ;
#2342 = SURFACE_STYLE_FILL_AREA ( #4332 ) ;
#2343 = VERTEX_POINT ( 'NONE', #3613 ) ;
#2344 = CARTESIAN_POINT ( 'NONE',  ( 3.249999999999999556, -2.608218829166498942, 1.300000000000000044 ) ) ;
#2345 = ADVANCED_BREP_SHAPE_REPRESENTATION ( '', ( #3904, #3507 ), #2839 ) ;
#2346 = APPLICATION_CONTEXT ( 'automotive_design' ) ;
#2347 = CARTESIAN_POINT ( 'NONE',  ( -3.750000000000000000, -3.379109414583250093, 0.4000000000000000222 ) ) ;
#2348 = PRESENTATION_STYLE_ASSIGNMENT (( #5110 ) ) ;
#2349 = CARTESIAN_POINT ( 'NONE',  ( -3.750000000000000000, 1.120890585416750129, 0.4000000000000000222 ) ) ;
#2350 = DIRECTION ( 'NONE',  ( 1.000000000000000000, 0.0000000000000000000, 0.0000000000000000000 ) ) ;
#2351 =( NAMED_UNIT ( * ) PLANE_ANGLE_UNIT ( ) SI_UNIT ( $, .RADIAN. ) );
#2352 = COLOUR_RGB ( '',0.7529411764705882248, 0.7529411764705882248, 0.7529411764705882248 ) ;
#2353 = FILL_AREA_STYLE_COLOUR ( '', #381 ) ;
#2354 = CARTESIAN_POINT ( 'NONE',  ( 2.000000000000003997, -2.418046093003111352, 3.637779991155306369 ) ) ;
#2355 = FACE_OUTER_BOUND ( 'NONE', #3759, .T. ) ;
#2356 = APPLICATION_PROTOCOL_DEFINITION ( 'draft international standard', 'automotive_design', 1998, #1524 ) ;
#2357 = FILL_AREA_STYLE_COLOUR ( '', #4174 ) ;
#2358 = VECTOR ( 'NONE', #4496, 1000.000000000000000 ) ;
#2359 = DIRECTION ( 'NONE',  ( -1.000000000000000000, 0.0000000000000000000, -0.0000000000000000000 ) ) ;
#2360 = CARTESIAN_POINT ( 'NONE',  ( -2.000000000000000000, 2.500000000000000000, 3.449999999999999734 ) ) ;
#2361 =( NAMED_UNIT ( * ) PLANE_ANGLE_UNIT ( ) SI_UNIT ( $, .RADIAN. ) );
#2362 =( GEOMETRIC_REPRESENTATION_CONTEXT ( 3 ) GLOBAL_UNCERTAINTY_ASSIGNED_CONTEXT ( ( #3332 ) ) GLOBAL_UNIT_ASSIGNED_CONTEXT ( ( #3477, #4646, #3081 ) ) REPRESENTATION_CONTEXT ( 'NONE', 'WORKASPACE' ) );
#2363 = CARTESIAN_POINT ( 'NONE',  ( -3.649999999999999911, -1.908218829166499875, 0.3999999999999999667 ) ) ;
#2364 = ADVANCED_FACE ( 'NONE', ( #5191 ), #3535, .T. ) ;
#2365 = SURFACE_STYLE_FILL_AREA ( #3614 ) ;
#2366 = CARTESIAN_POINT ( 'NONE',  ( 2.000000000000000000, 1.958257569495580608, 3.750000000000000000 ) ) ;
#2367 = SURFACE_STYLE_FILL_AREA ( #2774 ) ;
#2368 = ORIENTED_EDGE ( 'NONE', *, *, #4536, .F. ) ;
#2369 = CARTESIAN_POINT ( 'NONE',  ( 3.650000000000001243, 2.591781170833500347, 0.3999999999999999667 ) ) ;
#2370 = STYLED_ITEM ( 'NONE', ( #3158 ), #364 ) ;
#2371 = CARTESIAN_POINT ( 'NONE',  ( -2.000000000000000000, -2.000000000000000000, 3.449999999999999734 ) ) ;
#2372 = LINE ( 'NONE', #3993, #4050 ) ;
#2373 = SURFACE_STYLE_FILL_AREA ( #1175 ) ;
#2375 = EDGE_CURVE ( 'NONE', #3830, #4392, #2582, .T. ) ;
#2374 = DIRECTION ( 'NONE',  ( 1.000000000000000000, -4.336808689942025625E-15, -1.084202172485506406E-15 ) ) ;
#2376 =( NAMED_UNIT ( * ) SI_UNIT ( $, .STERADIAN. ) SOLID_ANGLE_UNIT ( ) );
#2377 = ORIENTED_EDGE ( 'NONE', *, *, #2690, .F. ) ;
#2378 = PRESENTATION_LAYER_ASSIGNMENT (  '', '', ( #2136 ) ) ;
#2379 = DIRECTION ( 'NONE',  ( 1.000000000000000000, -3.252606517456511724E-15, 0.0000000000000000000 ) ) ;
#2380 = CARTESIAN_POINT ( 'NONE',  ( -1.916515138991160327, -2.041742430504418948, 3.750000000000000444 ) ) ;
#2381 = PRESENTATION_STYLE_ASSIGNMENT (( #1961 ) ) ;
#2382 = AXIS2_PLACEMENT_3D ( 'NONE', #165, #3466, #1470 ) ;
#2383 = PRESENTATION_LAYER_ASSIGNMENT (  '', '', ( #3992 ) ) ;
#2384 = APPLICATION_CONTEXT ( 'automotive_design' ) ;
#2385 = DIRECTION ( 'NONE',  ( -0.0000000000000000000, -0.0000000000000000000, 1.000000000000000000 ) ) ;
#2386 =( LENGTH_UNIT ( ) NAMED_UNIT ( * ) SI_UNIT ( .MILLI., .METRE. ) );
#2387 = DIRECTION ( 'NONE',  ( 1.000000000000000000, 0.0000000000000000000, 0.0000000000000000000 ) ) ;
#2388 = AXIS2_PLACEMENT_3D ( 'NONE', #274, #3522, #701 ) ;
#2389 = CARTESIAN_POINT ( 'NONE',  ( 1.000000000000000000, 0.0000000000000000000, 0.0000000000000000000 ) ) ;
#2390 = DIRECTION ( 'NONE',  ( 0.0000000000000000000, 0.0000000000000000000, -1.000000000000000000 ) ) ;
#2391 = VERTEX_POINT ( 'NONE', #2363 ) ;
#2392 =( NAMED_UNIT ( * ) SI_UNIT ( $, .STERADIAN. ) SOLID_ANGLE_UNIT ( ) );
#2393 = COLOUR_RGB ( '',0.7529411764705882248, 0.7529411764705882248, 0.7529411764705882248 ) ;
#2394 = SURFACE_STYLE_USAGE ( .BOTH. , #3635 ) ;
#2395 =( NAMED_UNIT ( * ) SI_UNIT ( $, .STERADIAN. ) SOLID_ANGLE_UNIT ( ) );
#2396 = EDGE_CURVE ( 'NONE', #2570, #3653, #2741, .T. ) ;
#2397 = VERTEX_POINT ( 'NONE', #1924 ) ;
#2398 =( NAMED_UNIT ( * ) PLANE_ANGLE_UNIT ( ) SI_UNIT ( $, .RADIAN. ) );
#2399 =( GEOMETRIC_REPRESENTATION_CONTEXT ( 3 ) GLOBAL_UNCERTAINTY_ASSIGNED_CONTEXT ( ( #3143 ) ) GLOBAL_UNIT_ASSIGNED_CONTEXT ( ( #1079, #683, #3152 ) ) REPRESENTATION_CONTEXT ( 'NONE', 'WORKASPACE' ) );
#2400 = FILL_AREA_STYLE_COLOUR ( '', #4423 ) ;
#2401 = SURFACE_STYLE_USAGE ( .BOTH. , #4044 ) ;
#2402 = ADVANCED_FACE ( 'NONE', ( #2018 ), #5170, .F. ) ;
#2403 = SURFACE_SIDE_STYLE ('',( #3196 ) ) ;
#2404 = VERTEX_POINT ( 'NONE', #48 ) ;
#2405 = COLOUR_RGB ( '',0.0000000000000000000, 0.0000000000000000000, 0.0000000000000000000 ) ;
#2406 = UNCERTAINTY_MEASURE_WITH_UNIT (LENGTH_MEASURE( 1.000000000000000082E-05 ), #4378, 'distance_accuracy_value', 'NONE');
#2407 = AXIS2_PLACEMENT_3D ( 'NONE', #4456, #845, #4031 ) ;
#2408 = CARTESIAN_POINT ( 'NONE',  ( 0.9999999999999900080, -1.500000000000000000, 3.450000000000000622 ) ) ;
#2409 = VERTEX_POINT ( 'NONE', #3322 ) ;
#2410 = PRESENTATION_LAYER_ASSIGNMENT (  '', '', ( #1336 ) ) ;
#2411 = CARTESIAN_POINT ( 'NONE',  ( 0.0000000000000000000, 0.0000000000000000000, 3.750000000000000000 ) ) ;
#2412 = SURFACE_STYLE_FILL_AREA ( #2825 ) ;
#2413 = VERTEX_POINT ( 'NONE', #2447 ) ;
#2414 = CARTESIAN_POINT ( 'NONE',  ( 1.649999999999999911, 1.212400331155879702E-16, 4.299999999999999822 ) ) ;
#2415 =( NAMED_UNIT ( * ) PLANE_ANGLE_UNIT ( ) SI_UNIT ( $, .RADIAN. ) );
#2416 = MECHANICAL_DESIGN_GEOMETRIC_PRESENTATION_REPRESENTATION (  '', ( #1080 ), #4433 ) ;
#2417 = FILL_AREA_STYLE_COLOUR ( '', #516 ) ;
#2418 = PLANE ( 'NONE',  #2885 ) ;
#2419 =( LENGTH_UNIT ( ) NAMED_UNIT ( * ) SI_UNIT ( .MILLI., .METRE. ) );
#2420 = ORIENTED_EDGE ( 'NONE', *, *, #808, .F. ) ;
#2421 = DIRECTION ( 'NONE',  ( -3.231085104332679983E-15, -1.000000000000000000, 0.0000000000000000000 ) ) ;
#2422 = STYLED_ITEM ( 'NONE', ( #255 ), #3728 ) ;
#2423 = CARTESIAN_POINT ( 'NONE',  ( 1.649999999999999911, 1.212400331155879702E-16, 4.299999999999999822 ) ) ;
#2424 = PRESENTATION_LAYER_ASSIGNMENT (  '', '', ( #568 ) ) ;
#2425 = FACE_OUTER_BOUND ( 'NONE', #2520, .T. ) ;
#2426 =( LENGTH_UNIT ( ) NAMED_UNIT ( * ) SI_UNIT ( .MILLI., .METRE. ) );
#2427 = CARTESIAN_POINT ( 'NONE',  ( 0.0000000000000000000, 0.0000000000000000000, 3.449999999999999734 ) ) ;
#2428 = CARTESIAN_POINT ( 'NONE',  ( 3.000000000000001332, -1.908218829166499875, 1.000000000000000000 ) ) ;
#2429 = PRESENTATION_STYLE_ASSIGNMENT (( #4447 ) ) ;
#2430 = ORIENTED_EDGE ( 'NONE', *, *, #1222, .T. ) ;
#2431 = DIRECTION ( 'NONE',  ( -3.231085104332679983E-15, -1.000000000000000000, -0.0000000000000000000 ) ) ;
#2432 = EDGE_CURVE ( 'NONE', #1228, #1702, #4545, .T. ) ;
#2433 = LINE ( 'NONE', #408, #3167 ) ;
#2434 = CARTESIAN_POINT ( 'NONE',  ( -3.750000000000000000, -2.608218829166499830, 0.4000000000000000222 ) ) ;
#2435 = SURFACE_STYLE_USAGE ( .BOTH. , #789 ) ;
#2436 = PLANE ( 'NONE',  #2821 ) ;
#2437 = VERTEX_POINT ( 'NONE', #2957 ) ;
#2438 = CARTESIAN_POINT ( 'NONE',  ( -2.850000000000000089, -3.000000000000000000, 3.149999999999999911 ) ) ;
#2439 = EDGE_CURVE ( 'NONE', #3376, #3022, #2854, .T. ) ;
#2440 = ITEM_DEFINED_TRANSFORMATION ( 'NONE', 'NONE', #4419,  #3507 ) ;
#2441 =( NAMED_UNIT ( * ) SI_UNIT ( $, .STERADIAN. ) SOLID_ANGLE_UNIT ( ) );
#2442 = DIRECTION ( 'NONE',  ( -1.000000000000000000, 0.0000000000000000000, -0.0000000000000000000 ) ) ;
#2443 = LINE ( 'NONE', #1738, #4474 ) ;
#2444 = CIRCLE ( 'NONE', #1532, 0.5000000000000000000 ) ;
#2445 = ORIENTED_EDGE ( 'NONE', *, *, #1342, .F. ) ;
#2446 = CARTESIAN_POINT ( 'NONE',  ( 3.249999999999998668, -2.608218829166499386, 0.9000000000000000222 ) ) ;
#2447 = CARTESIAN_POINT ( 'NONE',  ( 2.000000000000000000, 2.041742430504419392, 3.750000000000000000 ) ) ;
#2448 =( NAMED_UNIT ( * ) SI_UNIT ( $, .STERADIAN. ) SOLID_ANGLE_UNIT ( ) );
#2449 = ORIENTED_EDGE ( 'NONE', *, *, #2840, .T. ) ;
#2450 = AXIS2_PLACEMENT_3D ( 'NONE', #110, #1357, #2563 ) ;
#2451 = PRESENTATION_STYLE_ASSIGNMENT (( #520 ) ) ;
#2452 = FILL_AREA_STYLE_COLOUR ( '', #1800 ) ;
#2453 = VECTOR ( 'NONE', #2817, 1000.000000000000000 ) ;
#2454 = FILL_AREA_STYLE_COLOUR ( '', #4025 ) ;
#2455 = DIRECTION ( 'NONE',  ( 0.0000000000000000000, 1.000000000000000000, 0.0000000000000000000 ) ) ;
#2456 =( NAMED_UNIT ( * ) SI_UNIT ( $, .STERADIAN. ) SOLID_ANGLE_UNIT ( ) );
#2457 = PLANE ( 'NONE',  #2830 ) ;
#2458 =( LENGTH_UNIT ( ) NAMED_UNIT ( * ) SI_UNIT ( .MILLI., .METRE. ) );
#2459 = ORIENTED_EDGE ( 'NONE', *, *, #4680, .F. ) ;
#2460 = MECHANICAL_DESIGN_GEOMETRIC_PRESENTATION_REPRESENTATION (  '', ( #4974 ), #2713 ) ;
#2461 = PRODUCT_DEFINITION_SHAPE ( 'NONE', 'NONE',  #5226 ) ;
#2462 = UNCERTAINTY_MEASURE_WITH_UNIT (LENGTH_MEASURE( 1.000000000000000082E-05 ), #4402, 'distance_accuracy_value', 'NONE');
#2463 = CARTESIAN_POINT ( 'NONE',  ( -3.000000000000000000, -2.850000000000000089, 3.449999999999999734 ) ) ;
#2464 = SURFACE_STYLE_FILL_AREA ( #3311 ) ;
#2465 = MECHANICAL_DESIGN_GEOMETRIC_PRESENTATION_REPRESENTATION (  '', ( #4978 ), #759 ) ;
#2466 = DIRECTION ( 'NONE',  ( 1.000000000000000000, 0.0000000000000000000, 0.0000000000000000000 ) ) ;
#2467 = EDGE_CURVE ( 'NONE', #4970, #3595, #980, .T. ) ;
#2468 = FILL_AREA_STYLE_COLOUR ( '', #160 ) ;
#2469 = VERTEX_POINT ( 'NONE', #4438 ) ;
#2470 = STYLED_ITEM ( 'NONE', ( #2230 ), #1364 ) ;
#2471 = LINE ( 'NONE', #478, #1988 ) ;
#2472 = SURFACE_STYLE_FILL_AREA ( #4486 ) ;
#2473 = DIRECTION ( 'NONE',  ( 0.0000000000000000000, 0.0000000000000000000, -1.000000000000000000 ) ) ;
#2475 = CARTESIAN_POINT ( 'NONE',  ( -4.500000000000000000, 2.241781170833500259, 0.0000000000000000000 ) ) ;
#2474 = AXIS2_PLACEMENT_3D ( 'NONE', #2035, #2760, #4425 ) ;
#2476 = EDGE_CURVE ( 'NONE', #4086, #4547, #2923, .T. ) ;
#2477 = ORIENTED_EDGE ( 'NONE', *, *, #2496, .T. ) ;
#2478 = CARTESIAN_POINT ( 'NONE',  ( 3.749999999999998668, -1.908218829166499875, 0.3000000000000000444 ) ) ;
#2479 = CARTESIAN_POINT ( 'NONE',  ( 3.250000000000001332, -1.908218829166499431, 0.9000000000000000222 ) ) ;
#2480 = SURFACE_STYLE_FILL_AREA ( #2856 ) ;
#2481 = ADVANCED_FACE ( 'NONE', ( #3271 ), #4114, .T. ) ;
#2482 = ORIENTED_EDGE ( 'NONE', *, *, #1765, .F. ) ;
#2483 = PRESENTATION_LAYER_ASSIGNMENT (  '', '', ( #1132 ) ) ;
#2484 = UNCERTAINTY_MEASURE_WITH_UNIT (LENGTH_MEASURE( 1.000000000000000082E-05 ), #3875, 'distance_accuracy_value', 'NONE');
#2485 =( LENGTH_UNIT ( ) NAMED_UNIT ( * ) SI_UNIT ( .MILLI., .METRE. ) );
#2486 = DIRECTION ( 'NONE',  ( 0.0000000000000000000, 0.0000000000000000000, 1.000000000000000000 ) ) ;
#2487 = COLOUR_RGB ( '',0.0000000000000000000, 0.0000000000000000000, 0.0000000000000000000 ) ;
#2488 = PRODUCT_DEFINITION ( 'UNKNOWN', '', #2327, #4880 ) ;
#2489 = FACE_OUTER_BOUND ( 'NONE', #1734, .T. ) ;
#2490 = FILL_AREA_STYLE ('',( #3642 ) ) ;
#2491 = PLANE ( 'NONE',  #1638 ) ;
#2492 = EDGE_LOOP ( 'NONE', ( #2420, #124, #4029, #4831 ) ) ;
#2493 =( LENGTH_UNIT ( ) NAMED_UNIT ( * ) SI_UNIT ( .MILLI., .METRE. ) );
#2494 = AXIS2_PLACEMENT_3D ( 'NONE', #2700, #4294, #2350 ) ;
#2495 = CIRCLE ( 'NONE', #1493, 0.5000000000000000000 ) ;
#2496 = EDGE_CURVE ( 'NONE', #60, #442, #15, .T. ) ;
#2497 = SURFACE_SIDE_STYLE ('',( #3256 ) ) ;
#2498 = ORIENTED_EDGE ( 'NONE', *, *, #3930, .F. ) ;
#2499 = VECTOR ( 'NONE', #2080, 1000.000000000000000 ) ;
#2500 = ORIENTED_EDGE ( 'NONE', *, *, #710, .F. ) ;
#2501 = VECTOR ( 'NONE', #1661, 1000.000000000000000 ) ;
#2502 =( GEOMETRIC_REPRESENTATION_CONTEXT ( 3 ) GLOBAL_UNCERTAINTY_ASSIGNED_CONTEXT ( ( #3525 ) ) GLOBAL_UNIT_ASSIGNED_CONTEXT ( ( #2875, #4057, #4908 ) ) REPRESENTATION_CONTEXT ( 'NONE', 'WORKASPACE' ) );
#2503 =( NAMED_UNIT ( * ) PLANE_ANGLE_UNIT ( ) SI_UNIT ( $, .RADIAN. ) );
#2504 = EDGE_CURVE ( 'NONE', #1541, #3651, #2747, .T. ) ;
#2505 = VECTOR ( 'NONE', #1403, 1000.000000000000000 ) ;
#2506 =( LENGTH_UNIT ( ) NAMED_UNIT ( * ) SI_UNIT ( .MILLI., .METRE. ) );
#2507 = FACE_OUTER_BOUND ( 'NONE', #902, .T. ) ;
#2508 =( GEOMETRIC_REPRESENTATION_CONTEXT ( 3 ) GLOBAL_UNCERTAINTY_ASSIGNED_CONTEXT ( ( #562 ) ) GLOBAL_UNIT_ASSIGNED_CONTEXT ( ( #3188, #2803, #5144 ) ) REPRESENTATION_CONTEXT ( 'NONE', 'WORKASPACE' ) );
#2509 = DIRECTION ( 'NONE',  ( 1.000000000000000000, -3.231085104332679983E-15, 0.0000000000000000000 ) ) ;
#2510 = EDGE_LOOP ( 'NONE', ( #4023, #1909, #618, #3788 ) ) ;
#2511 =( GEOMETRIC_REPRESENTATION_CONTEXT ( 3 ) GLOBAL_UNCERTAINTY_ASSIGNED_CONTEXT ( ( #2521 ) ) GLOBAL_UNIT_ASSIGNED_CONTEXT ( ( #4844, #4452, #2009 ) ) REPRESENTATION_CONTEXT ( 'NONE', 'WORKASPACE' ) );
#2512 = CARTESIAN_POINT ( 'NONE',  ( 3.500000000000000000, 2.241781170833500259, 1.000000000000000000 ) ) ;
#2513 = PRODUCT_DEFINITION_FORMATION_WITH_SPECIFIED_SOURCE ( 'ANY', '', #5095, .NOT_KNOWN. ) ;
#2514 = ADVANCED_FACE ( 'NONE', ( #3748 ), #1713, .T. ) ;
#2515 = COLOUR_RGB ( '',0.0000000000000000000, 0.0000000000000000000, 0.0000000000000000000 ) ;
#2516 = CARTESIAN_POINT ( 'NONE',  ( 4.500000000000000000, -0.01643765833298820034, 0.2999999999999999889 ) ) ;
#2517 = ORIENTED_EDGE ( 'NONE', *, *, #1540, .T. ) ;
#2518 =( NAMED_UNIT ( * ) PLANE_ANGLE_UNIT ( ) SI_UNIT ( $, .RADIAN. ) );
#2519 = CARTESIAN_POINT ( 'NONE',  ( -3.000000000000000000, 0.0000000000000000000, 3.449999999999999734 ) ) ;
#2520 = EDGE_LOOP ( 'NONE', ( #171, #4382, #1506, #3384 ) ) ;
#2521 = UNCERTAINTY_MEASURE_WITH_UNIT (LENGTH_MEASURE( 1.000000000000000082E-05 ), #4844, 'distance_accuracy_value', 'NONE');
#2522 = VERTEX_POINT ( 'NONE', #974 ) ;
#2523 = DIRECTION ( 'NONE',  ( -0.0000000000000000000, -0.0000000000000000000, -1.000000000000000000 ) ) ;
#2524 = CARTESIAN_POINT ( 'NONE',  ( -1.750000000000000000, 2.143131898507868297E-16, 3.449999999999999734 ) ) ;
#2525 = ORIENTED_EDGE ( 'NONE', *, *, #694, .T. ) ;
#2526 = SURFACE_STYLE_FILL_AREA ( #2175 ) ;
#2527 =( NAMED_UNIT ( * ) PLANE_ANGLE_UNIT ( ) SI_UNIT ( $, .RADIAN. ) );
#2528 = PRESENTATION_STYLE_ASSIGNMENT (( #72 ) ) ;
#2529 = PRESENTATION_STYLE_ASSIGNMENT (( #4488 ) ) ;
#2530 = ORIENTED_EDGE ( 'NONE', *, *, #1948, .T. ) ;
#2531 = PRESENTATION_LAYER_ASSIGNMENT (  '', '', ( #3712 ) ) ;
#2532 = CARTESIAN_POINT ( 'NONE',  ( -1.649999999999999911, -3.299999999999999822, 4.299999999999999822 ) ) ;
#2533 = CARTESIAN_POINT ( 'NONE',  ( -2.850000000000000089, 2.850000000000000089, 3.149999999999999911 ) ) ;
#2534 = SURFACE_STYLE_FILL_AREA ( #918 ) ;
#2535 = COLOUR_RGB ( '',0.7529411764705882248, 0.7529411764705882248, 0.7529411764705882248 ) ;
#2536 = SURFACE_STYLE_USAGE ( .BOTH. , #2959 ) ;
#2537 = EDGE_LOOP ( 'NONE', ( #3967, #1432, #2818, #314 ) ) ;
#2538 = ADVANCED_FACE ( 'NONE', ( #1459 ), #3059, .F. ) ;
#2539 = UNCERTAINTY_MEASURE_WITH_UNIT (LENGTH_MEASURE( 1.000000000000000082E-05 ), #4393, 'distance_accuracy_value', 'NONE');
#2540 = DIRECTION ( 'NONE',  ( 0.0000000000000000000, 1.000000000000000000, 0.0000000000000000000 ) ) ;
#2541 = FACE_OUTER_BOUND ( 'NONE', #3382, .T. ) ;
#2542 = VECTOR ( 'NONE', #773, 1000.000000000000000 ) ;
#2543 = FACE_OUTER_BOUND ( 'NONE', #489, .T. ) ;
#2544 = VERTEX_POINT ( 'NONE', #736 ) ;
#2545 = CARTESIAN_POINT ( 'NONE',  ( -1.916515138991159439, 2.041742430504419836, 3.749999999999999556 ) ) ;
#2546 = EDGE_CURVE ( 'NONE', #1718, #96, #3605, .T. ) ;
#2547 = COLOUR_RGB ( '',0.7529411764705882248, 0.7529411764705882248, 0.7529411764705882248 ) ;
#2548 = ORIENTED_EDGE ( 'NONE', *, *, #5122, .F. ) ;
#2549 =( NAMED_UNIT ( * ) SI_UNIT ( $, .STERADIAN. ) SOLID_ANGLE_UNIT ( ) );
#2550 = PRESENTATION_STYLE_ASSIGNMENT (( #4202 ) ) ;
#2551 = CIRCLE ( 'NONE', #3215, 0.3999999999999999667 ) ;
#2552 = CARTESIAN_POINT ( 'NONE',  ( -4.074999999999999289, -1.908218829166499875, 0.0000000000000000000 ) ) ;
#2553 = AXIS2_PLACEMENT_3D ( 'NONE', #2411, #418, #3657 ) ;
#2554 = DIRECTION ( 'NONE',  ( 1.000000000000000000, 0.0000000000000000000, -0.0000000000000000000 ) ) ;
#2555 = CARTESIAN_POINT ( 'NONE',  ( 2.000000000000000888, -2.418046093003111352, 3.637779991155306369 ) ) ;
#2556 = SURFACE_STYLE_FILL_AREA ( #4593 ) ;
#2557 = CARTESIAN_POINT ( 'NONE',  ( 2.000000000000000444, 2.041742430504419392, 3.750000000000000000 ) ) ;
#2558 = ORIENTED_EDGE ( 'NONE', *, *, #3027, .F. ) ;
#2559 = VECTOR ( 'NONE', #1594, 1000.000000000000000 ) ;
#2560 = CARTESIAN_POINT ( 'NONE',  ( 0.0000000000000000000, 0.0000000000000000000, 0.0000000000000000000 ) ) ;
#2561 = VECTOR ( 'NONE', #1679, 1000.000000000000000 ) ;
#2562 = VECTOR ( 'NONE', #4301, 1000.000000000000000 ) ;
#2563 = DIRECTION ( 'NONE',  ( 0.0000000000000000000, 0.0000000000000000000, -1.000000000000000000 ) ) ;
#2564 = COLOUR_RGB ( '',0.0000000000000000000, 0.0000000000000000000, 0.0000000000000000000 ) ;
#2565 = CARTESIAN_POINT ( 'NONE',  ( -3.750000000000000000, 2.591781170833500347, 0.4000000000000000222 ) ) ;
#2566 = ADVANCED_FACE ( 'NONE', ( #1891 ), #1990, .T. ) ;
#2567 = CARTESIAN_POINT ( 'NONE',  ( 3.750000000000000000, 4.483562341667009399, 0.0000000000000000000 ) ) ;
#2568 = VECTOR ( 'NONE', #4990, 1000.000000000000000 ) ;
#2569 =( NAMED_UNIT ( * ) PLANE_ANGLE_UNIT ( ) SI_UNIT ( $, .RADIAN. ) );
#2570 = VERTEX_POINT ( 'NONE', #2305 ) ;
#2571 =( GEOMETRIC_REPRESENTATION_CONTEXT ( 3 ) GLOBAL_UNCERTAINTY_ASSIGNED_CONTEXT ( ( #3369 ) ) GLOBAL_UNIT_ASSIGNED_CONTEXT ( ( #4435, #2015, #4375 ) ) REPRESENTATION_CONTEXT ( 'NONE', 'WORKASPACE' ) );
#2572 = UNCERTAINTY_MEASURE_WITH_UNIT (LENGTH_MEASURE( 1.000000000000000082E-05 ), #4208, 'distance_accuracy_value', 'NONE');
#2573 =( BOUNDED_SURFACE ( )  B_SPLINE_SURFACE ( 3, 3, ( 
 ( #1534, #715, #3952, #188 ),
 ( #1825, #5117, #5167, #308 ),
 ( #4769, #3438, #1184, #2796 ),
 ( #2613, #4306, #5031, #1443 ) ),
 .UNSPECIFIED., .F., .F., .T. ) 
 B_SPLINE_SURFACE_WITH_KNOTS ( ( 4, 4 ),
 ( 4, 4 ),
 ( 0.0000000000000000000, 1.000000000000000000 ),
 ( 0.0000000000000000000, 1.000000000000000000 ),
 .UNSPECIFIED. ) 
 GEOMETRIC_REPRESENTATION_ITEM ( )  RATIONAL_B_SPLINE_SURFACE ( (
 ( 1.000000000000000000, 0.3333333333333334259, 0.3333333333333334259, 1.000000000000000000),
 ( 0.8047378541243649375, 0.2682459513747884050, 0.2682459513747884050, 0.8047378541243649375),
 ( 0.8047378541243649375, 0.2682459513747884050, 0.2682459513747884050, 0.8047378541243649375),
 ( 1.000000000000000000, 0.3333333333333334259, 0.3333333333333334259, 1.000000000000000000) ) ) 
 REPRESENTATION_ITEM ( '' )  SURFACE ( )  );
#2574 = EDGE_LOOP ( 'NONE', ( #4151, #3459, #3284, #692 ) ) ;
#2575 = MECHANICAL_DESIGN_GEOMETRIC_PRESENTATION_REPRESENTATION (  '', ( #2658 ), #1053 ) ;
#2576 = CARTESIAN_POINT ( 'NONE',  ( 1.506745604006716865, 2.246627197996641900, 3.749999999999998668 ) ) ;
#2577 = UNCERTAINTY_MEASURE_WITH_UNIT (LENGTH_MEASURE( 1.000000000000000082E-05 ), #3870, 'distance_accuracy_value', 'NONE');
#2578 =( NAMED_UNIT ( * ) PLANE_ANGLE_UNIT ( ) SI_UNIT ( $, .RADIAN. ) );
#2579 =( GEOMETRIC_REPRESENTATION_CONTEXT ( 3 ) GLOBAL_UNCERTAINTY_ASSIGNED_CONTEXT ( ( #2784 ) ) GLOBAL_UNIT_ASSIGNED_CONTEXT ( ( #3940, #2398, #4014 ) ) REPRESENTATION_CONTEXT ( 'NONE', 'WORKASPACE' ) );
#2580 = DIRECTION ( 'NONE',  ( 0.0000000000000000000, 1.000000000000000000, 0.0000000000000000000 ) ) ;
#2581 = DIRECTION ( 'NONE',  ( 3.231085104332679983E-15, 1.000000000000000000, 0.0000000000000000000 ) ) ;
#2582 = CIRCLE ( 'NONE', #277, 0.5000000000000000000 ) ;
#2583 = SURFACE_STYLE_USAGE ( .BOTH. , #2177 ) ;
#2584 = SURFACE_SIDE_STYLE ('',( #4253 ) ) ;
#2585 = VERTEX_POINT ( 'NONE', #4328 ) ;
#2586 =( LENGTH_UNIT ( ) NAMED_UNIT ( * ) SI_UNIT ( .MILLI., .METRE. ) );
#2587 = CIRCLE ( 'NONE', #1505, 0.5000000000000000000 ) ;
#2588 = COLOUR_RGB ( '',0.7921568627450980005, 0.8196078431372548767, 0.9333333333333333481 ) ;
#2589 = SURFACE_SIDE_STYLE ('',( #3325 ) ) ;
#2590 = CIRCLE ( 'NONE', #3254, 0.4000000000000000222 ) ;
#2591 = EDGE_LOOP ( 'NONE', ( #2929, #888, #1513, #3093 ) ) ;
#2592 = PRODUCT_DEFINITION_FORMATION_WITH_SPECIFIED_SOURCE ( 'ANY', '', #1462, .NOT_KNOWN. ) ;
#2593 = CARTESIAN_POINT ( 'NONE',  ( -4.500000000000000000, 2.591781170833500347, 0.0000000000000000000 ) ) ;
#2594 = CARTESIAN_POINT ( 'NONE',  ( 3.350000000000001421, 2.591781170833500347, 0.9000000000000000222 ) ) ;
#2595 = ORIENTED_EDGE ( 'NONE', *, *, #778, .T. ) ;
#2596 = PRESENTATION_STYLE_ASSIGNMENT (( #4022 ) ) ;
#2597 = AXIS2_PLACEMENT_3D ( 'NONE', #1730, #498, #962 ) ;
#2598 = UNCERTAINTY_MEASURE_WITH_UNIT (LENGTH_MEASURE( 1.000000000000000082E-05 ), #1890, 'distance_accuracy_value', 'NONE');
#2599 = APPLICATION_CONTEXT ( 'automotive_design' ) ;
#2600 = COLOUR_RGB ( '',0.7529411764705882248, 0.7529411764705882248, 0.7529411764705882248 ) ;
#2601 = LINE ( 'NONE', #3364, #1249 ) ;
#2602 = ORIENTED_EDGE ( 'NONE', *, *, #5119, .T. ) ;
#2603 = DIRECTION ( 'NONE',  ( 0.0000000000000000000, -0.0000000000000000000, 1.000000000000000000 ) ) ;
#2604 = SURFACE_STYLE_FILL_AREA ( #1449 ) ;
#2605 = ORIENTED_EDGE ( 'NONE', *, *, #559, .F. ) ;
#2606 = EDGE_CURVE ( 'NONE', #99, #987, #703, .T. ) ;
#2607 = LINE ( 'NONE', #3423, #1003 ) ;
#2608 = LINE ( 'NONE', #3846, #598 ) ;
#2609 = ORIENTED_EDGE ( 'NONE', *, *, #3873, .F. ) ;
#2610 = DIRECTION ( 'NONE',  ( 1.000000000000000000, 0.0000000000000000000, 0.0000000000000000000 ) ) ;
#2611 = VERTEX_POINT ( 'NONE', #2705 ) ;
#2612 =( NAMED_UNIT ( * ) PLANE_ANGLE_UNIT ( ) SI_UNIT ( $, .RADIAN. ) );
#2613 = CARTESIAN_POINT ( 'NONE',  ( 1.649999999999999911, 2.020667218593132755E-16, 4.299999999999999822 ) ) ;
#2614 = DIRECTION ( 'NONE',  ( 0.0000000000000000000, 0.0000000000000000000, -1.000000000000000000 ) ) ;
#2615 = ORIENTED_EDGE ( 'NONE', *, *, #16, .T. ) ;
#2616 = FILL_AREA_STYLE ('',( #3361 ) ) ;
#2617 = CIRCLE ( 'NONE', #312, 0.5000000000000000000 ) ;
#2618 = CARTESIAN_POINT ( 'NONE',  ( -2.000000000000000000, -1.500000000000000000, 3.449999999999999734 ) ) ;
#2619 = FILL_AREA_STYLE_COLOUR ( '', #2721 ) ;
#2620 = VERTEX_POINT ( 'NONE', #1604 ) ;
#2621 = CARTESIAN_POINT ( 'NONE',  ( 1.000000000000001110, 2.500000000000000000, 3.450000000000000622 ) ) ;
#2622 = SURFACE_SIDE_STYLE ('',( #4274 ) ) ;
#2623 = ORIENTED_EDGE ( 'NONE', *, *, #3309, .T. ) ;
#2624 = EDGE_LOOP ( 'NONE', ( #3388, #4965 ) ) ;
#2625 =( GEOMETRIC_REPRESENTATION_CONTEXT ( 3 ) GLOBAL_UNCERTAINTY_ASSIGNED_CONTEXT ( ( #4712 ) ) GLOBAL_UNIT_ASSIGNED_CONTEXT ( ( #2882, #3216, #2022 ) ) REPRESENTATION_CONTEXT ( 'NONE', 'WORKASPACE' ) );
#2626 = PRODUCT ( '7', '7', '', ( #4765 ) ) ;
#2627 = UNCERTAINTY_MEASURE_WITH_UNIT (LENGTH_MEASURE( 1.000000000000000082E-05 ), #4067, 'distance_accuracy_value', 'NONE');
#2628 = CARTESIAN_POINT ( 'NONE',  ( 2.850000000000000089, 3.000000000000000000, 3.149999999999999911 ) ) ;
#2629 =( NAMED_UNIT ( * ) SI_UNIT ( $, .STERADIAN. ) SOLID_ANGLE_UNIT ( ) );
#2630 = STYLED_ITEM ( 'NONE', ( #2280 ), #45 ) ;
#2632 = EDGE_CURVE ( 'NONE', #4986, #757, #592, .T. ) ;
#2631 = CARTESIAN_POINT ( 'NONE',  ( 0.0000000000000000000, 3.000000000000000000, 0.0000000000000000000 ) ) ;
#2633 = PLANE ( 'NONE',  #3394 ) ;
#2634 =( LENGTH_UNIT ( ) NAMED_UNIT ( * ) SI_UNIT ( .MILLI., .METRE. ) );
#2635 = ORIENTED_EDGE ( 'NONE', *, *, #2476, .F. ) ;
#2636 = MECHANICAL_DESIGN_GEOMETRIC_PRESENTATION_REPRESENTATION (  '', ( #1379 ), #589 ) ;
#2637 = DIRECTION ( 'NONE',  ( 0.0000000000000000000, 0.0000000000000000000, 1.000000000000000000 ) ) ;
#2638 = EDGE_CURVE ( 'NONE', #4503, #4848, #3120, .T. ) ;
#2639 = ORIENTED_EDGE ( 'NONE', *, *, #281, .F. ) ;
#2640 =( NAMED_UNIT ( * ) SI_UNIT ( $, .STERADIAN. ) SOLID_ANGLE_UNIT ( ) );
#2641 = CIRCLE ( 'NONE', #331, 0.5000000000000000000 ) ;
#2642 =( GEOMETRIC_REPRESENTATION_CONTEXT ( 3 ) GLOBAL_UNCERTAINTY_ASSIGNED_CONTEXT ( ( #23 ) ) GLOBAL_UNIT_ASSIGNED_CONTEXT ( ( #4131, #2127, #4686 ) ) REPRESENTATION_CONTEXT ( 'NONE', 'WORKASPACE' ) );
#2643 = FILL_AREA_STYLE_COLOUR ( '', #4153 ) ;
#2644 = ORIENTED_EDGE ( 'NONE', *, *, #3524, .T. ) ;
#2645 = VECTOR ( 'NONE', #2789, 1000.000000000000000 ) ;
#2646 = SURFACE_STYLE_USAGE ( .BOTH. , #1447 ) ;
#2647 = AXIS2_PLACEMENT_3D ( 'NONE', #2349, #3964, #1570 ) ;
#2648 = CYLINDRICAL_SURFACE ( 'NONE', #1076, 0.1499999999999999667 ) ;
#2649 = FILL_AREA_STYLE ('',( #2294 ) ) ;
#2650 = PRESENTATION_STYLE_ASSIGNMENT (( #4614 ) ) ;
#2651 =( GEOMETRIC_REPRESENTATION_CONTEXT ( 3 ) GLOBAL_UNCERTAINTY_ASSIGNED_CONTEXT ( ( #322 ) ) GLOBAL_UNIT_ASSIGNED_CONTEXT ( ( #149, #532, #3417 ) ) REPRESENTATION_CONTEXT ( 'NONE', 'WORKASPACE' ) );
#2652 = ADVANCED_FACE ( 'NONE', ( #1706 ), #821, .F. ) ;
#2653 = STYLED_ITEM ( 'NONE', ( #4283 ), #4439 ) ;
#2654 = CARTESIAN_POINT ( 'NONE',  ( 4.500000000000000000, -2.608218829166501163, 0.2999999999999999889 ) ) ;
#2655 = FACE_OUTER_BOUND ( 'NONE', #3312, .T. ) ;
#2656 =( NAMED_UNIT ( * ) SI_UNIT ( $, .STERADIAN. ) SOLID_ANGLE_UNIT ( ) );
#2657 = FILL_AREA_STYLE ('',( #3058 ) ) ;
#2658 = STYLED_ITEM ( 'NONE', ( #813 ), #4733 ) ;
#2659 =( LENGTH_UNIT ( ) NAMED_UNIT ( * ) SI_UNIT ( .MILLI., .METRE. ) );
#2660 = DIRECTION ( 'NONE',  ( 1.000000000000000000, 0.0000000000000000000, 0.0000000000000000000 ) ) ;
#2661 = CIRCLE ( 'NONE', #1322, 0.4000000000000000222 ) ;
#2662 =( REPRESENTATION_RELATIONSHIP ('NONE','NONE', #3242, #2203 ) REPRESENTATION_RELATIONSHIP_WITH_TRANSFORMATION ( #4516 )SHAPE_REPRESENTATION_RELATIONSHIP( ) );
#2663 = ORIENTED_EDGE ( 'NONE', *, *, #3887, .F. ) ;
#2664 = SURFACE_STYLE_USAGE ( .BOTH. , #3858 ) ;
#2665 = EDGE_CURVE ( 'NONE', #972, #368, #2953, .T. ) ;
#2666 =( GEOMETRIC_REPRESENTATION_CONTEXT ( 3 ) GLOBAL_UNCERTAINTY_ASSIGNED_CONTEXT ( ( #3570 ) ) GLOBAL_UNIT_ASSIGNED_CONTEXT ( ( #3850, #4280, #1378 ) ) REPRESENTATION_CONTEXT ( 'NONE', 'WORKASPACE' ) );
#2667 = PRESENTATION_STYLE_ASSIGNMENT (( #4168 ) ) ;
#2668 = COLOUR_RGB ( '',0.7529411764705882248, 0.7529411764705882248, 0.7529411764705882248 ) ;
#2669 = CARTESIAN_POINT ( 'NONE',  ( 0.0000000000000000000, 0.0000000000000000000, 3.750000000000000000 ) ) ;
#2670 = PRODUCT_DEFINITION_SHAPE ( 'NONE', 'NONE',  #2488 ) ;
#2671 = CARTESIAN_POINT ( 'NONE',  ( 3.250000000000001332, 2.591781170833501236, 0.9000000000000000222 ) ) ;
#2672 = COLOUR_RGB ( '',0.0000000000000000000, 0.0000000000000000000, 0.0000000000000000000 ) ;
#2673 = CARTESIAN_POINT ( 'NONE',  ( -3.350000000000000089, 2.591781170833500347, 0.9000000000000000222 ) ) ;
#2674 = PRESENTATION_STYLE_ASSIGNMENT (( #1064 ) ) ;
#2675 = FILL_AREA_STYLE ('',( #2271 ) ) ;
#2676 = CARTESIAN_POINT ( 'NONE',  ( 3.000000000000000888, -1.908218829166499875, 1.300000000000000044 ) ) ;
#2678 = ADVANCED_FACE ( 'NONE', ( #1657 ), #7, .F. ) ;
#2677 = CARTESIAN_POINT ( 'NONE',  ( 1.749999999999999556, 3.499999999999999112, 4.199999999999999289 ) ) ;
#2679 = CARTESIAN_POINT ( 'NONE',  ( 0.0000000000000000000, 0.0000000000000000000, 3.750000000000000000 ) ) ;
#2680 = UNCERTAINTY_MEASURE_WITH_UNIT (LENGTH_MEASURE( 1.000000000000000082E-05 ), #5000, 'distance_accuracy_value', 'NONE');
#2681 = LINE ( 'NONE', #3499, #3932 ) ;
#2682 = MECHANICAL_DESIGN_GEOMETRIC_PRESENTATION_REPRESENTATION (  '', ( #3864 ), #3178 ) ;
#2683 = PRESENTATION_STYLE_ASSIGNMENT (( #1073 ) ) ;
#2684 = CARTESIAN_POINT ( 'NONE',  ( 0.0000000000000000000, -3.000000000000000000, 3.449999999999999734 ) ) ;
#2685 = LINE ( 'NONE', #4279, #5126 ) ;
#2686 = DIRECTION ( 'NONE',  ( 1.000000000000000000, 0.0000000000000000000, 0.0000000000000000000 ) ) ;
#2687 = SURFACE_STYLE_FILL_AREA ( #235 ) ;
#2688 = ORIENTED_EDGE ( 'NONE', *, *, #1943, .T. ) ;
#2689 = FACE_OUTER_BOUND ( 'NONE', #27, .T. ) ;
#2690 = EDGE_CURVE ( 'NONE', #1876, #3217, #2471, .T. ) ;
#2691 = ORIENTED_EDGE ( 'NONE', *, *, #2546, .F. ) ;
#2692 = FILL_AREA_STYLE_COLOUR ( '', #4500 ) ;
#2693 =( NAMED_UNIT ( * ) SI_UNIT ( $, .STERADIAN. ) SOLID_ANGLE_UNIT ( ) );
#2694 = CARTESIAN_POINT ( 'NONE',  ( -2.850000000000000089, 2.850000000000000089, 3.149999999999999911 ) ) ;
#2695 = PLANE ( 'NONE',  #1833 ) ;
#2696 = UNCERTAINTY_MEASURE_WITH_UNIT (LENGTH_MEASURE( 1.000000000000000082E-05 ), #3184, 'distance_accuracy_value', 'NONE');
#2697 = MECHANICAL_DESIGN_GEOMETRIC_PRESENTATION_REPRESENTATION (  '', ( #1280 ), #3375 ) ;
#2698 = CARTESIAN_POINT ( 'NONE',  ( -2.000000000000000000, 2.041742430504419392, 3.750000000000000000 ) ) ;
#2699 = EDGE_CURVE ( 'NONE', #2174, #3830, #5075, .T. ) ;
#2700 = CARTESIAN_POINT ( 'NONE',  ( 2.850000000000000089, 2.850000000000000089, 3.449999999999999734 ) ) ;
#2701 = DIRECTION ( 'NONE',  ( 0.0000000000000000000, 0.0000000000000000000, 1.000000000000000000 ) ) ;
#2702 = DIRECTION ( 'NONE',  ( 0.0000000000000000000, -1.000000000000000000, -0.0000000000000000000 ) ) ;
#2703 = DIRECTION ( 'NONE',  ( 0.0000000000000000000, 0.0000000000000000000, 1.000000000000000000 ) ) ;
#2704 = DIRECTION ( 'NONE',  ( -1.000000000000000000, -0.0000000000000000000, 0.0000000000000000000 ) ) ;
#2705 = CARTESIAN_POINT ( 'NONE',  ( -3.000000000000000000, 2.850000000000000089, 0.0000000000000000000 ) ) ;
#2706 = PRODUCT_CONTEXT ( 'NONE', #4495, 'mechanical' ) ;
#2707 = PRODUCT_DEFINITION ( 'UNKNOWN', '', #25, #3206 ) ;
#2708 = CLOSED_SHELL ( 'NONE', ( #364, #345, #963, #4733, #2402, #3549, #3795, #5213, #2652, #1126, #2297, #1246, #3430, #1364 ) ) ;
#2709 = CARTESIAN_POINT ( 'NONE',  ( 1.649999999999999911, 1.212400331155879702E-16, 4.299999999999999822 ) ) ;
#2710 = PRODUCT_DEFINITION_SHAPE ( 'NONE', 'NONE',  #5219 ) ;
#2711 =( NAMED_UNIT ( * ) PLANE_ANGLE_UNIT ( ) SI_UNIT ( $, .RADIAN. ) );
#2712 = CARTESIAN_POINT ( 'NONE',  ( -2.000000000000000000, 2.500000000000000000, 3.449999999999999734 ) ) ;
#2713 =( GEOMETRIC_REPRESENTATION_CONTEXT ( 3 ) GLOBAL_UNCERTAINTY_ASSIGNED_CONTEXT ( ( #2750 ) ) GLOBAL_UNIT_ASSIGNED_CONTEXT ( ( #1227, #3966, #319 ) ) REPRESENTATION_CONTEXT ( 'NONE', 'WORKASPACE' ) );
#2714 = SURFACE_STYLE_USAGE ( .BOTH. , #4356 ) ;
#2715 = CARTESIAN_POINT ( 'NONE',  ( 3.000000000000001332, 2.591781170833500347, 1.000000000000000000 ) ) ;
#2716 = MECHANICAL_DESIGN_GEOMETRIC_PRESENTATION_REPRESENTATION (  '', ( #946 ), #4303 ) ;
#2717 = PRESENTATION_STYLE_ASSIGNMENT (( #3463 ) ) ;
#2718 = ORIENTED_EDGE ( 'NONE', *, *, #215, .T. ) ;
#2719 = DIRECTION ( 'NONE',  ( -0.0000000000000000000, -0.0000000000000000000, -1.000000000000000000 ) ) ;
#2720 = PRESENTATION_LAYER_ASSIGNMENT (  '', '', ( #3406 ) ) ;
#2721 = COLOUR_RGB ( '',0.7529411764705882248, 0.7529411764705882248, 0.7529411764705882248 ) ;
#2722 = ADVANCED_FACE ( 'NONE', ( #1682 ), #4589, .T. ) ;
#2723 = CARTESIAN_POINT ( 'NONE',  ( 0.0000000000000000000, -3.000000000000000000, 3.149999999999999911 ) ) ;
#2724 = MECHANICAL_DESIGN_GEOMETRIC_PRESENTATION_REPRESENTATION (  '', ( #1125 ), #5141 ) ;
#2725 = CIRCLE ( 'NONE', #2904, 0.5000000000000000000 ) ;
#2726 = CARTESIAN_POINT ( 'NONE',  ( 6.938893903907229955E-15, -0.01643765833298820034, 0.0000000000000000000 ) ) ;
#2727 = CARTESIAN_POINT ( 'NONE',  ( 0.0000000000000000000, -3.000000000000000000, 0.0000000000000000000 ) ) ;
#2728 = CARTESIAN_POINT ( 'NONE',  ( 1.750000000000000000, 0.0000000000000000000, 3.449999999999999734 ) ) ;
#2729 = DIRECTION ( 'NONE',  ( -1.000000000000000000, 0.0000000000000000000, -0.0000000000000000000 ) ) ;
#2730 = CIRCLE ( 'NONE', #528, 1.750000000000000000 ) ;
#2731 = EDGE_CURVE ( 'NONE', #4350, #4970, #4154, .T. ) ;
#2732 = DIRECTION ( 'NONE',  ( -0.0000000000000000000, -0.0000000000000000000, -1.000000000000000000 ) ) ;
#2733 = MECHANICAL_DESIGN_GEOMETRIC_PRESENTATION_REPRESENTATION (  '', ( #2470 ), #4717 ) ;
#2734 = FACE_OUTER_BOUND ( 'NONE', #2591, .T. ) ;
#2735 = CARTESIAN_POINT ( 'NONE',  ( 0.0000000000000000000, 0.0000000000000000000, 3.449999999999999734 ) ) ;
#2736 = ITEM_DEFINED_TRANSFORMATION ( 'NONE', 'NONE', #3773,  #3507 ) ;
#2737 = VECTOR ( 'NONE', #4708, 1000.000000000000000 ) ;
#2738 =( LENGTH_UNIT ( ) NAMED_UNIT ( * ) SI_UNIT ( .MILLI., .METRE. ) );
#2739 = PLANE ( 'NONE',  #3604 ) ;
#2740 = VECTOR ( 'NONE', #3707, 1000.000000000000000 ) ;
#2741 = LINE ( 'NONE', #1971, #115 ) ;
#2742 = STYLED_ITEM ( 'NONE', ( #4699 ), #2364 ) ;
#2743 = FILL_AREA_STYLE_COLOUR ( '', #5212 ) ;
#2744 = VECTOR ( 'NONE', #619, 1000.000000000000000 ) ;
#2745 = DIRECTION ( 'NONE',  ( 1.000000000000000000, -3.252606517456515274E-15, 0.0000000000000000000 ) ) ;
#2746 = SURFACE_STYLE_FILL_AREA ( #774 ) ;
#2747 = CIRCLE ( 'NONE', #547, 0.09999999999999982514 ) ;
#2748 = ORIENTED_EDGE ( 'NONE', *, *, #2504, .F. ) ;
#2749 = SURFACE_SIDE_STYLE ('',( #3639 ) ) ;
#2750 = UNCERTAINTY_MEASURE_WITH_UNIT (LENGTH_MEASURE( 1.000000000000000082E-05 ), #1227, 'distance_accuracy_value', 'NONE');
#2751 = STYLED_ITEM ( 'NONE', ( #1137 ), #2345 ) ;
#2752 = DIRECTION ( 'NONE',  ( -0.0000000000000000000, -0.0000000000000000000, -1.000000000000000000 ) ) ;
#2753 = PRESENTATION_LAYER_ASSIGNMENT (  '', '', ( #1580 ) ) ;
#2754 = DIRECTION ( 'NONE',  ( 1.000000000000000000, 0.0000000000000000000, 0.0000000000000000000 ) ) ;
#2755 = FILL_AREA_STYLE ('',( #4985 ) ) ;
#2756 = COLOUR_RGB ( '',0.7529411764705882248, 0.7529411764705882248, 0.7529411764705882248 ) ;
#2757 = ORIENTED_EDGE ( 'NONE', *, *, #1885, .T. ) ;
#2758 = COLOUR_RGB ( '',0.7921568627450980005, 0.8196078431372548767, 0.9333333333333333481 ) ;
#2759 = SURFACE_STYLE_FILL_AREA ( #3571 ) ;
#2760 = DIRECTION ( 'NONE',  ( 0.0000000000000000000, 0.0000000000000000000, 1.000000000000000000 ) ) ;
#2761 = FILL_AREA_STYLE ('',( #2353 ) ) ;
#2762 = DIRECTION ( 'NONE',  ( -1.000000000000000000, 4.336808689942025625E-15, 0.0000000000000000000 ) ) ;
#2763 = ADVANCED_FACE ( 'NONE', ( #581 ), #3839, .T. ) ;
#2764 = SURFACE_STYLE_USAGE ( .BOTH. , #1159 ) ;
#2765 = COLOUR_RGB ( '',0.0000000000000000000, 0.0000000000000000000, 0.0000000000000000000 ) ;
#2766 = APPLICATION_CONTEXT ( 'automotive_design' ) ;
#2767 = APPLICATION_PROTOCOL_DEFINITION ( 'draft international standard', 'automotive_design', 1998, #2599 ) ;
#2768 = CARTESIAN_POINT ( 'NONE',  ( -1.649999999999999911, 3.299999999999999822, 4.299999999999999822 ) ) ;
#2769 = VECTOR ( 'NONE', #1156, 1000.000000000000000 ) ;
#2770 = CARTESIAN_POINT ( 'NONE',  ( -2.000000000000000000, -2.041742430504419392, 3.750000000000000000 ) ) ;
#2771 = FILL_AREA_STYLE ('',( #686 ) ) ;
#2772 = DIRECTION ( 'NONE',  ( 0.0000000000000000000, 1.000000000000000000, 0.0000000000000000000 ) ) ;
#2773 = EDGE_CURVE ( 'NONE', #3631, #147, #2590, .T. ) ;
#2774 = FILL_AREA_STYLE ('',( #3559 ) ) ;
#2775 = ORIENTED_EDGE ( 'NONE', *, *, #2962, .F. ) ;
#2776 = CARTESIAN_POINT ( 'NONE',  ( 0.0000000000000000000, 0.0000000000000000000, 3.449999999999999734 ) ) ;
#2777 = CARTESIAN_POINT ( 'NONE',  ( 4.074999999999999289, -1.908218829166499875, 0.0000000000000000000 ) ) ;
#2778 = PRODUCT_RELATED_PRODUCT_CATEGORY ( 'part', '', ( #2626 ) ) ;
#2779 =( NAMED_UNIT ( * ) PLANE_ANGLE_UNIT ( ) SI_UNIT ( $, .RADIAN. ) );
#2780 = DIRECTION ( 'NONE',  ( -1.000000000000000000, 0.0000000000000000000, 0.0000000000000000000 ) ) ;
#2781 = CARTESIAN_POINT ( 'NONE',  ( 1.708578643762690641, 2.092405367175504394E-16, 4.299999999999999822 ) ) ;
#2782 = ORIENTED_EDGE ( 'NONE', *, *, #4801, .F. ) ;
#2783 =( NAMED_UNIT ( * ) SI_UNIT ( $, .STERADIAN. ) SOLID_ANGLE_UNIT ( ) );
#2784 = UNCERTAINTY_MEASURE_WITH_UNIT (LENGTH_MEASURE( 1.000000000000000082E-05 ), #3940, 'distance_accuracy_value', 'NONE');
#2785 = MECHANICAL_DESIGN_GEOMETRIC_PRESENTATION_REPRESENTATION (  '', ( #2192 ), #1938 ) ;
#2786 = STYLED_ITEM ( 'NONE', ( #2348 ), #3820 ) ;
#2787 = CARTESIAN_POINT ( 'NONE',  ( -1.000000000000000000, 3.000000000000000444, 0.0000000000000000000 ) ) ;
#2788 = CARTESIAN_POINT ( 'NONE',  ( -1.506745604006716421, -2.246627197996641012, 3.749999999999998668 ) ) ;
#2789 = DIRECTION ( 'NONE',  ( -0.0000000000000000000, -1.000000000000000000, -0.0000000000000000000 ) ) ;
#2790 = DIRECTION ( 'NONE',  ( 1.000000000000000000, 0.0000000000000000000, -0.0000000000000000000 ) ) ;
#2791 = ORIENTED_EDGE ( 'NONE', *, *, #4770, .F. ) ;
#2792 = DIRECTION ( 'NONE',  ( 1.000000000000000000, 0.0000000000000000000, 0.0000000000000000000 ) ) ;
#2793 = PRODUCT_CONTEXT ( 'NONE', #5101, 'mechanical' ) ;
#2794 = EDGE_CURVE ( 'NONE', #798, #3450, #152, .T. ) ;
#2795 = PRESENTATION_LAYER_ASSIGNMENT (  '', '', ( #2279 ) ) ;
#2796 = CARTESIAN_POINT ( 'NONE',  ( -1.708578643762690641, -4.184810734351008788E-16, 4.299999999999999822 ) ) ;
#2797 = ORIENTED_EDGE ( 'NONE', *, *, #3084, .F. ) ;
#2798 = AXIS2_PLACEMENT_3D ( 'NONE', #127, #474, #63 ) ;
#2799 = CARTESIAN_POINT ( 'NONE',  ( 2.000000000000000000, -1.958257569495580608, 3.750000000000000000 ) ) ;
#2800 =( LENGTH_UNIT ( ) NAMED_UNIT ( * ) SI_UNIT ( .MILLI., .METRE. ) );
#2801 = AXIS2_PLACEMENT_3D ( 'NONE', #1897, #4747, #3186 ) ;
#2802 = DIRECTION ( 'NONE',  ( -1.000000000000000000, 0.0000000000000000000, -0.0000000000000000000 ) ) ;
#2803 =( NAMED_UNIT ( * ) PLANE_ANGLE_UNIT ( ) SI_UNIT ( $, .RADIAN. ) );
#2804 = ORIENTED_EDGE ( 'NONE', *, *, #1720, .T. ) ;
#2805 = PRESENTATION_STYLE_ASSIGNMENT (( #3586 ) ) ;
#2806 = UNCERTAINTY_MEASURE_WITH_UNIT (LENGTH_MEASURE( 1.000000000000000082E-05 ), #4123, 'distance_accuracy_value', 'NONE');
#2807 = DIRECTION ( 'NONE',  ( -1.000000000000000000, 0.0000000000000000000, -0.0000000000000000000 ) ) ;
#2808 = SURFACE_SIDE_STYLE ('',( #3676 ) ) ;
#2809 = SURFACE_SIDE_STYLE ('',( #4783 ) ) ;
#2810 = AXIS2_PLACEMENT_3D ( 'NONE', #2694, #3028, #2223 ) ;
#2811 = ORIENTED_EDGE ( 'NONE', *, *, #5122, .T. ) ;
#2812 = CARTESIAN_POINT ( 'NONE',  ( -2.083484861008840561, -1.958257569495580164, 3.749999999999999556 ) ) ;
#2813 = VECTOR ( 'NONE', #3, 1000.000000000000000 ) ;
#2814 = CIRCLE ( 'NONE', #1877, 1.750000000000000000 ) ;
#2815 = PRESENTATION_STYLE_ASSIGNMENT (( #1201 ) ) ;
#2816 = CARTESIAN_POINT ( 'NONE',  ( 1.506745604006712203, -1.753372802003358766, 3.749999999999998224 ) ) ;
#2817 = DIRECTION ( 'NONE',  ( -1.000000000000000000, 3.231085104332679983E-15, -0.0000000000000000000 ) ) ;
#2818 = ORIENTED_EDGE ( 'NONE', *, *, #648, .F. ) ;
#2819 = VECTOR ( 'NONE', #2879, 1000.000000000000000 ) ;
#2820 = EDGE_CURVE ( 'NONE', #3450, #442, #203, .T. ) ;
#2821 = AXIS2_PLACEMENT_3D ( 'NONE', #2099, #964, #1367 ) ;
#2822 = DIRECTION ( 'NONE',  ( 1.000000000000000000, 0.0000000000000000000, 0.0000000000000000000 ) ) ;
#2823 = DIRECTION ( 'NONE',  ( -0.0000000000000000000, 0.0000000000000000000, 1.000000000000000000 ) ) ;
#2824 = CARTESIAN_POINT ( 'NONE',  ( 3.250000000000000000, 2.241781170833500259, 0.9000000000000000222 ) ) ;
#2825 = FILL_AREA_STYLE ('',( #1213 ) ) ;
#2826 = VERTEX_POINT ( 'NONE', #2628 ) ;
#2827 = STYLED_ITEM ( 'NONE', ( #2550 ), #4602 ) ;
#2828 = DIRECTION ( 'NONE',  ( 1.000000000000000000, 0.0000000000000000000, -0.0000000000000000000 ) ) ;
#2829 = SURFACE_STYLE_USAGE ( .BOTH. , #4065 ) ;
#2830 = AXIS2_PLACEMENT_3D ( 'NONE', #441, #898, #2061 ) ;
#2831 = SURFACE_STYLE_USAGE ( .BOTH. , #1636 ) ;
#2832 = VERTEX_POINT ( 'NONE', #5042 ) ;
#2833 = DIRECTION ( 'NONE',  ( 1.000000000000000000, -3.252606517456511724E-15, 0.0000000000000000000 ) ) ;
#2834 = EDGE_CURVE ( 'NONE', #3585, #1760, #2587, .T. ) ;
#2835 = SURFACE_STYLE_USAGE ( .BOTH. , #4338 ) ;
#2836 = AXIS2_PLACEMENT_3D ( 'NONE', #4971, #4120, #491 ) ;
#2837 =( LENGTH_UNIT ( ) NAMED_UNIT ( * ) SI_UNIT ( .MILLI., .METRE. ) );
#2838 = VERTEX_POINT ( 'NONE', #3232 ) ;
#2839 =( GEOMETRIC_REPRESENTATION_CONTEXT ( 3 ) GLOBAL_UNCERTAINTY_ASSIGNED_CONTEXT ( ( #2696 ) ) GLOBAL_UNIT_ASSIGNED_CONTEXT ( ( #3184, #3124, #719 ) ) REPRESENTATION_CONTEXT ( 'NONE', 'WORKASPACE' ) );
#2840 = EDGE_CURVE ( 'NONE', #2149, #2288, #3163, .T. ) ;
#2841 = EDGE_LOOP ( 'NONE', ( #4976, #2016, #4461, #1974 ) ) ;
#2842 = STYLED_ITEM ( 'NONE', ( #1101 ), #2566 ) ;
#2843 = UNCERTAINTY_MEASURE_WITH_UNIT (LENGTH_MEASURE( 1.000000000000000082E-05 ), #575, 'distance_accuracy_value', 'NONE');
#2844 = DIRECTION ( 'NONE',  ( -0.0000000000000000000, -1.000000000000000000, -0.0000000000000000000 ) ) ;
#2845 = CARTESIAN_POINT ( 'NONE',  ( -2.850000000000000089, -3.000000000000000000, 0.0000000000000000000 ) ) ;
#2846 = STYLED_ITEM ( 'NONE', ( #3389 ), #2893 ) ;
#2847 = CARTESIAN_POINT ( 'NONE',  ( -3.250000000000000000, 2.241781170833500259, 1.000000000000000000 ) ) ;
#2848 = LINE ( 'NONE', #4399, #2453 ) ;
#2849 = ORIENTED_EDGE ( 'NONE', *, *, #2113, .T. ) ;
#2850 =( GEOMETRIC_REPRESENTATION_CONTEXT ( 3 ) GLOBAL_UNCERTAINTY_ASSIGNED_CONTEXT ( ( #3914 ) ) GLOBAL_UNIT_ASSIGNED_CONTEXT ( ( #1610, #2415, #1631 ) ) REPRESENTATION_CONTEXT ( 'NONE', 'WORKASPACE' ) );
#2851 = STYLED_ITEM ( 'NONE', ( #2815 ), #3109 ) ;
#2852 = CARTESIAN_POINT ( 'NONE',  ( 1.999999999999997558, 1.753372802003358544, 3.749999999999998224 ) ) ;
#2853 = CIRCLE ( 'NONE', #28, 0.5000000000000000000 ) ;
#2854 = LINE ( 'NONE', #2932, #2499 ) ;
#2855 = COLOUR_RGB ( '',0.0000000000000000000, 0.0000000000000000000, 0.0000000000000000000 ) ;
#2856 = FILL_AREA_STYLE ('',( #2417 ) ) ;
#2857 =( NAMED_UNIT ( * ) SI_UNIT ( $, .STERADIAN. ) SOLID_ANGLE_UNIT ( ) );
#2858 = CARTESIAN_POINT ( 'NONE',  ( -3.250000000000000000, -2.608218829166499830, 0.9000000000000000222 ) ) ;
#2859 = ORIENTED_EDGE ( 'NONE', *, *, #3611, .T. ) ;
#2860 = SURFACE_STYLE_USAGE ( .BOTH. , #2749 ) ;
#2861 = COLOUR_RGB ( '',0.7529411764705882248, 0.7529411764705882248, 0.7529411764705882248 ) ;
#2862 = UNCERTAINTY_MEASURE_WITH_UNIT (LENGTH_MEASURE( 1.000000000000000082E-05 ), #2116, 'distance_accuracy_value', 'NONE');
#2863 = EDGE_CURVE ( 'NONE', #4905, #65, #1071, .T. ) ;
#2864 = SURFACE_STYLE_FILL_AREA ( #1144 ) ;
#2865 = PRESENTATION_STYLE_ASSIGNMENT (( #4505 ) ) ;
#2866 = VERTEX_POINT ( 'NONE', #1883 ) ;
#2867 = SURFACE_SIDE_STYLE ('',( #3198 ) ) ;
#2868 = MECHANICAL_DESIGN_GEOMETRIC_PRESENTATION_REPRESENTATION (  '', ( #568 ), #3112 ) ;
#2869 = EDGE_CURVE ( 'NONE', #1693, #99, #2681, .T. ) ;
#2870 = DIRECTION ( 'NONE',  ( 3.231085104332679983E-15, 1.000000000000000000, -0.0000000000000000000 ) ) ;
#2871 = APPLICATION_CONTEXT ( 'automotive_design' ) ;
#2872 =( NAMED_UNIT ( * ) PLANE_ANGLE_UNIT ( ) SI_UNIT ( $, .RADIAN. ) );
#2873 = VERTEX_POINT ( 'NONE', #3452 ) ;
#2874 = CONTEXT_DEPENDENT_SHAPE_REPRESENTATION ( #3043, #3941 ) ;
#2875 =( LENGTH_UNIT ( ) NAMED_UNIT ( * ) SI_UNIT ( .MILLI., .METRE. ) );
#2876 = FACE_OUTER_BOUND ( 'NONE', #2878, .T. ) ;
#2877 = LINE ( 'NONE', #850, #4307 ) ;
#2878 = EDGE_LOOP ( 'NONE', ( #3235, #1822, #2644, #3484, #4623, #4758 ) ) ;
#2879 = DIRECTION ( 'NONE',  ( -0.0000000000000000000, -1.000000000000000000, -0.0000000000000000000 ) ) ;
#2880 = CARTESIAN_POINT ( 'NONE',  ( -3.649999999999999911, 2.241781170833500259, 0.1499999999999999944 ) ) ;
#2881 =( LENGTH_UNIT ( ) NAMED_UNIT ( * ) SI_UNIT ( .MILLI., .METRE. ) );
#2882 =( LENGTH_UNIT ( ) NAMED_UNIT ( * ) SI_UNIT ( .MILLI., .METRE. ) );
#2883 = ORIENTED_EDGE ( 'NONE', *, *, #1019, .T. ) ;
#2884 =( LENGTH_UNIT ( ) NAMED_UNIT ( * ) SI_UNIT ( .MILLI., .METRE. ) );
#2885 = AXIS2_PLACEMENT_3D ( 'NONE', #336, #1635, #4829 ) ;
#2886 = EDGE_CURVE ( 'NONE', #5002, #2920, #561, .T. ) ;
#2887 =( GEOMETRIC_REPRESENTATION_CONTEXT ( 3 ) GLOBAL_UNCERTAINTY_ASSIGNED_CONTEXT ( ( #527 ) ) GLOBAL_UNIT_ASSIGNED_CONTEXT ( ( #4028, #4369, #5185 ) ) REPRESENTATION_CONTEXT ( 'NONE', 'WORKASPACE' ) );
#2888 = DIRECTION ( 'NONE',  ( 0.0000000000000000000, 1.000000000000000000, 0.0000000000000000000 ) ) ;
#2889 = ORIENTED_EDGE ( 'NONE', *, *, #957, .T. ) ;
#2890 = CARTESIAN_POINT ( 'NONE',  ( -1.000000000000000000, -3.000000000000000000, 0.2999999999999999889 ) ) ;
#2891 = VERTEX_POINT ( 'NONE', #2977 ) ;
#2892 =( GEOMETRIC_REPRESENTATION_CONTEXT ( 3 ) GLOBAL_UNCERTAINTY_ASSIGNED_CONTEXT ( ( #574 ) ) GLOBAL_UNIT_ASSIGNED_CONTEXT ( ( #627, #3546, #651 ) ) REPRESENTATION_CONTEXT ( 'NONE', 'WORKASPACE' ) );
#2893 = ADVANCED_FACE ( '1', ( #132 ), #3344, .F. ) ;
#2894 = PLANE ( 'NONE',  #4935 ) ;
#2895 =( NAMED_UNIT ( * ) SI_UNIT ( $, .STERADIAN. ) SOLID_ANGLE_UNIT ( ) );
#2896 = DIRECTION ( 'NONE',  ( -1.000000000000000000, 0.0000000000000000000, 0.0000000000000000000 ) ) ;
#2897 = EDGE_CURVE ( 'NONE', #4513, #2391, #4517, .T. ) ;
#2898 =( GEOMETRIC_REPRESENTATION_CONTEXT ( 3 ) GLOBAL_UNCERTAINTY_ASSIGNED_CONTEXT ( ( #81 ) ) GLOBAL_UNIT_ASSIGNED_CONTEXT ( ( #3391, #944, #4519 ) ) REPRESENTATION_CONTEXT ( 'NONE', 'WORKASPACE' ) );
#2899 = PRESENTATION_LAYER_ASSIGNMENT (  '', '', ( #3225 ) ) ;
#2900 = SURFACE_STYLE_USAGE ( .BOTH. , #417 ) ;
#2901 = SURFACE_SIDE_STYLE ('',( #1295 ) ) ;
#2902 = DIRECTION ( 'NONE',  ( 0.0000000000000000000, 0.0000000000000000000, 1.000000000000000000 ) ) ;
#2903 = VECTOR ( 'NONE', #825, 1000.000000000000000 ) ;
#2904 = AXIS2_PLACEMENT_3D ( 'NONE', #3685, #1204, #2466 ) ;
#2905 = ORIENTED_EDGE ( 'NONE', *, *, #1356, .F. ) ;
#2906 = FILL_AREA_STYLE ('',( #2110 ) ) ;
#2907 = PRESENTATION_STYLE_ASSIGNMENT (( #2829 ) ) ;
#2908 = VECTOR ( 'NONE', #1933, 1000.000000000000000 ) ;
#2909 = CARTESIAN_POINT ( 'NONE',  ( 3.000000000000000000, 1.891781170833503500, 0.0000000000000000000 ) ) ;
#2910 =( LENGTH_UNIT ( ) NAMED_UNIT ( * ) SI_UNIT ( .MILLI., .METRE. ) );
#2911 = EDGE_LOOP ( 'NONE', ( #2031, #1704 ) ) ;
#2912 = UNCERTAINTY_MEASURE_WITH_UNIT (LENGTH_MEASURE( 1.000000000000000082E-05 ), #1475, 'distance_accuracy_value', 'NONE');
#2913 = LINE ( 'NONE', #1489, #2065 ) ;
#2914 = VECTOR ( 'NONE', #2390, 1000.000000000000000 ) ;
#2915 =( LENGTH_UNIT ( ) NAMED_UNIT ( * ) SI_UNIT ( .MILLI., .METRE. ) );
#2916 = PRODUCT_DEFINITION ( 'UNKNOWN', '', #2248, #4401 ) ;
#2917 = ORIENTED_EDGE ( 'NONE', *, *, #1889, .F. ) ;
#2918 = VECTOR ( 'NONE', #1525, 1000.000000000000000 ) ;
#2919 = VECTOR ( 'NONE', #667, 1000.000000000000000 ) ;
#2920 = VERTEX_POINT ( 'NONE', #505 ) ;
#2921 = DIRECTION ( 'NONE',  ( 0.0000000000000000000, 0.0000000000000000000, 1.000000000000000000 ) ) ;
#2922 = ORIENTED_EDGE ( 'NONE', *, *, #4801, .T. ) ;
#2923 = CIRCLE ( 'NONE', #3926, 1.750000000000000000 ) ;
#2924 = SURFACE_STYLE_USAGE ( .BOTH. , #2073 ) ;
#2925 = COLOUR_RGB ( '',0.7529411764705882248, 0.7529411764705882248, 0.7529411764705882248 ) ;
#2926 = EDGE_CURVE ( 'NONE', #4554, #5039, #1350, .T. ) ;
#2927 = SURFACE_STYLE_FILL_AREA ( #1323 ) ;
#2928 = MECHANICAL_DESIGN_GEOMETRIC_PRESENTATION_REPRESENTATION (  '', ( #1580 ), #4182 ) ;
#2929 = ORIENTED_EDGE ( 'NONE', *, *, #4832, .F. ) ;
#2930 = AXIS2_PLACEMENT_3D ( 'NONE', #1260, #2067, #2379 ) ;
#2931 = SURFACE_STYLE_USAGE ( .BOTH. , #2109 ) ;
#2932 = CARTESIAN_POINT ( 'NONE',  ( 3.000000000000000000, 2.241781170833500259, 1.000000000000000000 ) ) ;
#2933 =( GEOMETRIC_REPRESENTATION_CONTEXT ( 3 ) GLOBAL_UNCERTAINTY_ASSIGNED_CONTEXT ( ( #1320 ) ) GLOBAL_UNIT_ASSIGNED_CONTEXT ( ( #2881, #2021, #2857 ) ) REPRESENTATION_CONTEXT ( 'NONE', 'WORKASPACE' ) );
#2934 = FILL_AREA_STYLE_COLOUR ( '', #1619 ) ;
#2935 = ADVANCED_FACE ( 'NONE', ( #2129 ), #3814, .F. ) ;
#2936 =( GEOMETRIC_REPRESENTATION_CONTEXT ( 3 ) GLOBAL_UNCERTAINTY_ASSIGNED_CONTEXT ( ( #2144 ) ) GLOBAL_UNIT_ASSIGNED_CONTEXT ( ( #2837, #1950, #1673 ) ) REPRESENTATION_CONTEXT ( 'NONE', 'WORKASPACE' ) );
#2937 = PRESENTATION_STYLE_ASSIGNMENT (( #950 ) ) ;
#2938 = SURFACE_STYLE_FILL_AREA ( #79 ) ;
#2939 = EDGE_LOOP ( 'NONE', ( #1775, #1587, #3114, #3835 ) ) ;
#2940 = VECTOR ( 'NONE', #1421, 1000.000000000000000 ) ;
#2941 = APPLICATION_CONTEXT ( 'automotive_design' ) ;
#2942 = CARTESIAN_POINT ( 'NONE',  ( -4.500000000000000000, -2.258218829166500186, 0.0000000000000000000 ) ) ;
#2943 = CARTESIAN_POINT ( 'NONE',  ( 3.349999999999999645, 3.362671756250251498, 0.4000000000000000777 ) ) ;
#2944 = DIRECTION ( 'NONE',  ( -1.000000000000000000, 0.0000000000000000000, -0.0000000000000000000 ) ) ;
#2945 = EDGE_LOOP ( 'NONE', ( #2595, #4869, #1735, #3745 ) ) ;
#2946 = CARTESIAN_POINT ( 'NONE',  ( -2.000000000000000000, 2.041742430504419392, 3.750000000000000000 ) ) ;
#2947 = CARTESIAN_POINT ( 'NONE',  ( -1.999999999999997780, -2.246627197996641012, 3.749999999999998224 ) ) ;
#2948 = UNCERTAINTY_MEASURE_WITH_UNIT (LENGTH_MEASURE( 1.000000000000000082E-05 ), #3913, 'distance_accuracy_value', 'NONE');
#2949 = CARTESIAN_POINT ( 'NONE',  ( 1.000000000000000000, 0.0000000000000000000, 0.2999999999999999889 ) ) ;
#2950 = VERTEX_POINT ( 'NONE', #1436 ) ;
#2951 = LINE ( 'NONE', #3871, #507 ) ;
#2952 = EDGE_LOOP ( 'NONE', ( #2691, #1698, #470, #1361, #2038, #2804, #3330, #1827 ) ) ;
#2953 = LINE ( 'NONE', #2438, #2160 ) ;
#2954 = FACE_OUTER_BOUND ( 'NONE', #2574, .T. ) ;
#2955 = LINE ( 'NONE', #3772, #4993 ) ;
#2956 = ORIENTED_EDGE ( 'NONE', *, *, #5137, .F. ) ;
#2957 = CARTESIAN_POINT ( 'NONE',  ( 3.249999999999997780, 1.891781170833501280, 1.000000000000000000 ) ) ;
#2958 = DIRECTION ( 'NONE',  ( 0.0000000000000000000, 0.0000000000000000000, 1.000000000000000000 ) ) ;
#2959 = SURFACE_SIDE_STYLE ('',( #4163 ) ) ;
#2960 = ORIENTED_EDGE ( 'NONE', *, *, #380, .F. ) ;
#2961 = UNCERTAINTY_MEASURE_WITH_UNIT (LENGTH_MEASURE( 1.000000000000000082E-05 ), #3467, 'distance_accuracy_value', 'NONE');
#2962 = EDGE_CURVE ( 'NONE', #3569, #583, #3039, .T. ) ;
#2963 = PRESENTATION_LAYER_ASSIGNMENT (  '', '', ( #1029 ) ) ;
#2964 =( NAMED_UNIT ( * ) PLANE_ANGLE_UNIT ( ) SI_UNIT ( $, .RADIAN. ) );
#2965 = DIRECTION ( 'NONE',  ( 0.0000000000000000000, -1.000000000000000000, -0.0000000000000000000 ) ) ;
#2966 = ORIENTED_EDGE ( 'NONE', *, *, #2237, .T. ) ;
#2967 = LINE ( 'NONE', #1726, #1139 ) ;
#2968 = COLOUR_RGB ( '',0.7529411764705882248, 0.7529411764705882248, 0.7529411764705882248 ) ;
#2969 = CARTESIAN_POINT ( 'NONE',  ( 0.0000000000000000000, -3.000000000000000000, 0.0000000000000000000 ) ) ;
#2970 = ORIENTED_EDGE ( 'NONE', *, *, #710, .T. ) ;
#2971 = CARTESIAN_POINT ( 'NONE',  ( 3.649999999999999911, 2.241781170833500259, 1.300000000000000044 ) ) ;
#2972 = LINE ( 'NONE', #4936, #1212 ) ;
#2973 = CARTESIAN_POINT ( 'NONE',  ( 2.000000000000000000, 2.246627197996641900, 3.749999999999998224 ) ) ;
#2974 = ORIENTED_EDGE ( 'NONE', *, *, #4617, .T. ) ;
#2975 = EDGE_LOOP ( 'NONE', ( #586, #4952, #2615, #4920 ) ) ;
#2976 = PRESENTATION_LAYER_ASSIGNMENT (  '', '', ( #83 ) ) ;
#2977 = CARTESIAN_POINT ( 'NONE',  ( -3.750000000000000000, 2.591781170833500347, 0.0000000000000000000 ) ) ;
#2978 = LINE ( 'NONE', #969, #213 ) ;
#2979 = CARTESIAN_POINT ( 'NONE',  ( -3.000000000000000000, 2.241781170833500259, 1.300000000000000044 ) ) ;
#2980 = EDGE_CURVE ( 'NONE', #3645, #65, #1664, .T. ) ;
#2981 = ORIENTED_EDGE ( 'NONE', *, *, #2207, .T. ) ;
#2982 = PRESENTATION_LAYER_ASSIGNMENT (  '', '', ( #2470 ) ) ;
#2983 = PRESENTATION_LAYER_ASSIGNMENT (  '', '', ( #1207 ) ) ;
#2984 = CARTESIAN_POINT ( 'NONE',  ( 0.0000000000000000000, 0.0000000000000000000, 0.0000000000000000000 ) ) ;
#2985 = CIRCLE ( 'NONE', #959, 0.3999999999999999667 ) ;
#2986 = MECHANICAL_DESIGN_GEOMETRIC_PRESENTATION_REPRESENTATION (  '', ( #3399 ), #4079 ) ;
#2987 = CARTESIAN_POINT ( 'NONE',  ( 4.500000000000000000, 1.891781170833498837, 0.0000000000000000000 ) ) ;
#2988 = EDGE_LOOP ( 'NONE', ( #4220, #3514, #4570, #4090, #4468, #1058, #4484, #4436, #1621, #2024, #2285, #1654 ) ) ;
#2989 = STYLED_ITEM ( 'NONE', ( #406 ), #2119 ) ;
#2990 = MECHANICAL_DESIGN_GEOMETRIC_PRESENTATION_REPRESENTATION (  '', ( #3324 ), #261 ) ;
#2991 = LINE ( 'NONE', #1771, #1963 ) ;
#2992 =( NAMED_UNIT ( * ) PLANE_ANGLE_UNIT ( ) SI_UNIT ( $, .RADIAN. ) );
#2993 = COLOUR_RGB ( '',0.7529411764705882248, 0.7529411764705882248, 0.7529411764705882248 ) ;
#2994 = PRESENTATION_STYLE_ASSIGNMENT (( #1388 ) ) ;
#2995 = ADVANCED_FACE ( 'NONE', ( #2255 ), #280, .T. ) ;
#2996 = DIRECTION ( 'NONE',  ( 0.0000000000000000000, 1.000000000000000000, 0.0000000000000000000 ) ) ;
#2997 = VERTEX_POINT ( 'NONE', #1957 ) ;
#2998 = PLANE ( 'NONE',  #3416 ) ;
#2999 = CIRCLE ( 'NONE', #689, 0.09999999999999982514 ) ;
#3000 = UNCERTAINTY_MEASURE_WITH_UNIT (LENGTH_MEASURE( 1.000000000000000082E-05 ), #1293, 'distance_accuracy_value', 'NONE');
#3001 = LINE ( 'NONE', #2949, #4752 ) ;
#3002 = ORIENTED_EDGE ( 'NONE', *, *, #2926, .T. ) ;
#3003 = CYLINDRICAL_SURFACE ( 'NONE', #4444, 0.1000000000000000472 ) ;
#3004 = EDGE_CURVE ( 'NONE', #5047, #2149, #323, .T. ) ;
#3005 = CARTESIAN_POINT ( 'NONE',  ( 2.000000000000000000, 2.500000000000000000, 3.449999999999999734 ) ) ;
#3006 = ORIENTED_EDGE ( 'NONE', *, *, #3057, .T. ) ;
#3007 = AXIS2_PLACEMENT_3D ( 'NONE', #3025, #1446, #3050 ) ;
#3008 = UNCERTAINTY_MEASURE_WITH_UNIT (LENGTH_MEASURE( 1.000000000000000082E-05 ), #2738, 'distance_accuracy_value', 'NONE');
#3009 = SURFACE_SIDE_STYLE ('',( #3451 ) ) ;
#3010 = DIRECTION ( 'NONE',  ( 0.0000000000000000000, 0.0000000000000000000, -1.000000000000000000 ) ) ;
#3011 = UNCERTAINTY_MEASURE_WITH_UNIT (LENGTH_MEASURE( 1.000000000000000082E-05 ), #294, 'distance_accuracy_value', 'NONE');
#3012 = MECHANICAL_DESIGN_GEOMETRIC_PRESENTATION_REPRESENTATION (  '', ( #2238 ), #3584 ) ;
#3013 = ORIENTED_EDGE ( 'NONE', *, *, #3239, .T. ) ;
#3014 = SHAPE_REPRESENTATION_RELATIONSHIP ( 'NONE' , 'NONE' ,  #1841, #1091 ) ;
#3015 =( NAMED_UNIT ( * ) SI_UNIT ( $, .STERADIAN. ) SOLID_ANGLE_UNIT ( ) );
#3016 = FILL_AREA_STYLE ('',( #158 ) ) ;
#3017 = AXIS2_PLACEMENT_3D ( 'NONE', #32, #2844, #4051 ) ;
#3018 = ORIENTED_EDGE ( 'NONE', *, *, #2269, .T. ) ;
#3019 = PRODUCT_DEFINITION_FORMATION_WITH_SPECIFIED_SOURCE ( 'ANY', '', #5127, .NOT_KNOWN. ) ;
#3020 = STYLED_ITEM ( 'NONE', ( #3221 ), #3430 ) ;
#3021 = CARTESIAN_POINT ( 'NONE',  ( -1.999999999999999556, 2.418046093003111352, 3.637779991155306369 ) ) ;
#3022 = VERTEX_POINT ( 'NONE', #1043 ) ;
#3023 =( LENGTH_UNIT ( ) NAMED_UNIT ( * ) SI_UNIT ( .MILLI., .METRE. ) );
#3024 = VECTOR ( 'NONE', #4605, 1000.000000000000000 ) ;
#3025 = CARTESIAN_POINT ( 'NONE',  ( 2.000000000000000000, -2.000000000000000000, 3.449999999999999734 ) ) ;
#3026 = PRODUCT_DEFINITION_SHAPE ( 'NONE', 'NONE',  #5224 ) ;
#3027 = EDGE_CURVE ( 'NONE', #1247, #4864, #1916, .T. ) ;
#3028 = DIRECTION ( 'NONE',  ( 0.0000000000000000000, 0.0000000000000000000, 1.000000000000000000 ) ) ;
#3029 = VECTOR ( 'NONE', #998, 1000.000000000000000 ) ;
#3030 = CARTESIAN_POINT ( 'NONE',  ( 3.000000000000000000, -2.850000000000000089, 3.149999999999999911 ) ) ;
#3031 = FILL_AREA_STYLE_COLOUR ( '', #2861 ) ;
#3032 = FILL_AREA_STYLE_COLOUR ( '', #4234 ) ;
#3033 = SURFACE_SIDE_STYLE ('',( #2412 ) ) ;
#3034 = DIRECTION ( 'NONE',  ( 3.231085104332679983E-15, 1.000000000000000000, -0.0000000000000000000 ) ) ;
#3035 = ORIENTED_EDGE ( 'NONE', *, *, #4292, .T. ) ;
#3036 = VERTEX_POINT ( 'NONE', #4298 ) ;
#3037 =( GEOMETRIC_REPRESENTATION_CONTEXT ( 3 ) GLOBAL_UNCERTAINTY_ASSIGNED_CONTEXT ( ( #4872 ) ) GLOBAL_UNIT_ASSIGNED_CONTEXT ( ( #1510, #1959, #5159 ) ) REPRESENTATION_CONTEXT ( 'NONE', 'WORKASPACE' ) );
#3038 = CARTESIAN_POINT ( 'NONE',  ( -4.074999999999999289, -1.908218829166499875, 1.300000000000000044 ) ) ;
#3039 = LINE ( 'NONE', #1023, #1426 ) ;
#3040 = CARTESIAN_POINT ( 'NONE',  ( 2.000000000000000444, -2.246627197996641900, 3.749999999999998224 ) ) ;
#3041 = ORIENTED_EDGE ( 'NONE', *, *, #2863, .T. ) ;
#3042 =( NAMED_UNIT ( * ) PLANE_ANGLE_UNIT ( ) SI_UNIT ( $, .RADIAN. ) );
#3043 =( REPRESENTATION_RELATIONSHIP ('NONE','NONE', #3242, #1089 ) REPRESENTATION_RELATIONSHIP_WITH_TRANSFORMATION ( #5135 )SHAPE_REPRESENTATION_RELATIONSHIP( ) );
#3044 = ORIENTED_EDGE ( 'NONE', *, *, #3346, .T. ) ;
#3045 = PRESENTATION_LAYER_ASSIGNMENT (  '', '', ( #4130 ) ) ;
#3046 = CARTESIAN_POINT ( 'NONE',  ( -1.916515138991159661, 1.958257569495579498, 3.749999999999999556 ) ) ;
#3047 = ORIENTED_EDGE ( 'NONE', *, *, #1816, .F. ) ;
#3048 = SURFACE_STYLE_USAGE ( .BOTH. , #4555 ) ;
#3049 = EDGE_CURVE ( 'NONE', #5202, #2013, #4396, .T. ) ;
#3050 = DIRECTION ( 'NONE',  ( 1.000000000000000000, 0.0000000000000000000, 0.0000000000000000000 ) ) ;
#3051 = PRESENTATION_STYLE_ASSIGNMENT (( #2646 ) ) ;
#3052 =( GEOMETRIC_REPRESENTATION_CONTEXT ( 3 ) GLOBAL_UNCERTAINTY_ASSIGNED_CONTEXT ( ( #3791 ) ) GLOBAL_UNIT_ASSIGNED_CONTEXT ( ( #3538, #1899, #1085 ) ) REPRESENTATION_CONTEXT ( 'NONE', 'WORKASPACE' ) );
#3053 = SURFACE_SIDE_STYLE ('',( #1757 ) ) ;
#3054 = ADVANCED_FACE ( 'NONE', ( #3948 ), #2301, .F. ) ;
#3055 = PRODUCT ( '10', '10', '', ( #3150 ) ) ;
#3056 = CARTESIAN_POINT ( 'NONE',  ( 3.250000000000000000, -2.258218829166500186, 0.9000000000000000222 ) ) ;
#3057 = EDGE_CURVE ( 'NONE', #4864, #1399, #4103, .T. ) ;
#3058 = FILL_AREA_STYLE_COLOUR ( '', #545 ) ;
#3059 = PLANE ( 'NONE',  #3342 ) ;
#3060 = DIRECTION ( 'NONE',  ( 0.0000000000000000000, 0.0000000000000000000, 1.000000000000000000 ) ) ;
#3061 = DIRECTION ( 'NONE',  ( 1.000000000000000000, 0.0000000000000000000, 0.0000000000000000000 ) ) ;
#3062 = ORIENTED_EDGE ( 'NONE', *, *, #1114, .T. ) ;
#3063 = MECHANICAL_DESIGN_GEOMETRIC_PRESENTATION_REPRESENTATION (  '', ( #1207 ), #3482 ) ;
#3064 = APPLICATION_CONTEXT ( 'automotive_design' ) ;
#3065 = VERTEX_POINT ( 'NONE', #2463 ) ;
#3066 = STYLED_ITEM ( 'NONE', ( #839 ), #2081 ) ;
#3067 = DIRECTION ( 'NONE',  ( -1.000000000000000000, 0.0000000000000000000, 0.0000000000000000000 ) ) ;
#3068 = VECTOR ( 'NONE', #3404, 1000.000000000000000 ) ;
#3069 =( NAMED_UNIT ( * ) PLANE_ANGLE_UNIT ( ) SI_UNIT ( $, .RADIAN. ) );
#3070 = PRESENTATION_STYLE_ASSIGNMENT (( #644 ) ) ;
#3071 =( GEOMETRIC_REPRESENTATION_CONTEXT ( 3 ) GLOBAL_UNCERTAINTY_ASSIGNED_CONTEXT ( ( #3587 ) ) GLOBAL_UNIT_ASSIGNED_CONTEXT ( ( #4222, #1066, #2456 ) ) REPRESENTATION_CONTEXT ( 'NONE', 'WORKASPACE' ) );
#3072 = PRESENTATION_STYLE_ASSIGNMENT (( #4706 ) ) ;
#3073 = DIRECTION ( 'NONE',  ( 0.0000000000000000000, 0.0000000000000000000, -1.000000000000000000 ) ) ;
#3074 = FILL_AREA_STYLE ('',( #3032 ) ) ;
#3075 =( LENGTH_UNIT ( ) NAMED_UNIT ( * ) SI_UNIT ( .MILLI., .METRE. ) );
#3076 = MECHANICAL_DESIGN_GEOMETRIC_PRESENTATION_REPRESENTATION (  '', ( #4915 ), #2651 ) ;
#3077 = ORIENTED_EDGE ( 'NONE', *, *, #2088, .T. ) ;
#3078 = FILL_AREA_STYLE_COLOUR ( '', #711 ) ;
#3079 = MECHANICAL_DESIGN_GEOMETRIC_PRESENTATION_REPRESENTATION (  '', ( #3333 ), #4821 ) ;
#3080 = CARTESIAN_POINT ( 'NONE',  ( -1.999999999999999112, -2.500000000000000000, 3.449999999999999734 ) ) ;
#3081 =( NAMED_UNIT ( * ) SI_UNIT ( $, .STERADIAN. ) SOLID_ANGLE_UNIT ( ) );
#3082 = AXIS2_PLACEMENT_3D ( 'NONE', #233, #2308, #1583 ) ;
#3083 = PRODUCT_CONTEXT ( 'NONE', #1250, 'mechanical' ) ;
#3084 = EDGE_CURVE ( 'NONE', #2343, #2391, #5097, .T. ) ;
#3085 = AXIS2_PLACEMENT_3D ( 'NONE', #82, #4091, #465 ) ;
#3086 = CYLINDRICAL_SURFACE ( 'NONE', #4742, 0.4000000000000001887 ) ;
#3087 = COLOUR_RGB ( '',0.7921568627450980005, 0.8196078431372548767, 0.9333333333333333481 ) ;
#3088 = FILL_AREA_STYLE_COLOUR ( '', #3381 ) ;
#3089 = ORIENTED_EDGE ( 'NONE', *, *, #1195, .F. ) ;
#3090 = PRESENTATION_LAYER_ASSIGNMENT (  '', '', ( #1423 ) ) ;
#3091 = ADVANCED_FACE ( 'NONE', ( #1649 ), #4366, .T. ) ;
#3092 = VECTOR ( 'NONE', #3473, 1000.000000000000000 ) ;
#3093 = ORIENTED_EDGE ( 'NONE', *, *, #4770, .T. ) ;
#3094 = FACE_OUTER_BOUND ( 'NONE', #2231, .T. ) ;
#3095 = AXIS2_PLACEMENT_3D ( 'NONE', #3682, #3173, #1286 ) ;
#3096 = FILL_AREA_STYLE ('',( #646 ) ) ;
#3097 = PRESENTATION_LAYER_ASSIGNMENT (  '', '', ( #3942 ) ) ;
#3098 = DIRECTION ( 'NONE',  ( 1.000000000000000000, 0.0000000000000000000, 0.0000000000000000000 ) ) ;
#3099 = CARTESIAN_POINT ( 'NONE',  ( 3.750000000000002665, -1.137328243749749834, 0.3000000000000000444 ) ) ;
#3100 = SURFACE_STYLE_USAGE ( .BOTH. , #3834 ) ;
#3101 = EDGE_CURVE ( 'NONE', #4046, #3036, #2433, .T. ) ;
#3102 = PRESENTATION_STYLE_ASSIGNMENT (( #3918 ) ) ;
#3103 = UNCERTAINTY_MEASURE_WITH_UNIT (LENGTH_MEASURE( 1.000000000000000082E-05 ), #4257, 'distance_accuracy_value', 'NONE');
#3104 = FILL_AREA_STYLE_COLOUR ( '', #2756 ) ;
#3105 = FILL_AREA_STYLE ('',( #3848 ) ) ;
#3106 = PRESENTATION_LAYER_ASSIGNMENT (  '', '', ( #3445 ) ) ;
#3107 = FILL_AREA_STYLE ('',( #3974 ) ) ;
#3108 = VERTEX_POINT ( 'NONE', #446 ) ;
#3109 = ADVANCED_FACE ( 'NONE', ( #382 ), #2894, .F. ) ;
#3110 = DIRECTION ( 'NONE',  ( 0.0000000000000000000, -0.0000000000000000000, -1.000000000000000000 ) ) ;
#3111 = DIRECTION ( 'NONE',  ( 0.0000000000000000000, 0.0000000000000000000, 1.000000000000000000 ) ) ;
#3112 =( GEOMETRIC_REPRESENTATION_CONTEXT ( 3 ) GLOBAL_UNCERTAINTY_ASSIGNED_CONTEXT ( ( #3308 ) ) GLOBAL_UNIT_ASSIGNED_CONTEXT ( ( #3338, #5079, #3543 ) ) REPRESENTATION_CONTEXT ( 'NONE', 'WORKASPACE' ) );
#3113 = CARTESIAN_POINT ( 'NONE',  ( 3.749999999999995115, -2.608218829166499830, 0.4000000000000000222 ) ) ;
#3114 = ORIENTED_EDGE ( 'NONE', *, *, #4655, .T. ) ;
#3115 = DIRECTION ( 'NONE',  ( -1.000000000000000000, 4.336808689942025625E-15, 0.0000000000000000000 ) ) ;
#3116 = CARTESIAN_POINT ( 'NONE',  ( -2.000000000000000000, -1.958257569495580608, 3.750000000000000000 ) ) ;
#3117 =( LENGTH_UNIT ( ) NAMED_UNIT ( * ) SI_UNIT ( .MILLI., .METRE. ) );
#3118 = VECTOR ( 'NONE', #3699, 1000.000000000000000 ) ;
#3119 = LINE ( 'NONE', #4715, #842 ) ;
#3120 = LINE ( 'NONE', #906, #3852 ) ;
#3121 = PRODUCT ( '5', '5', '', ( #2793 ) ) ;
#3122 =( NAMED_UNIT ( * ) SI_UNIT ( $, .STERADIAN. ) SOLID_ANGLE_UNIT ( ) );
#3123 = SURFACE_STYLE_USAGE ( .BOTH. , #5071 ) ;
#3124 =( NAMED_UNIT ( * ) PLANE_ANGLE_UNIT ( ) SI_UNIT ( $, .RADIAN. ) );
#3125 = PRESENTATION_LAYER_ASSIGNMENT (  '', '', ( #4373 ) ) ;
#3126 = DIRECTION ( 'NONE',  ( -0.0000000000000000000, -1.000000000000000000, -0.0000000000000000000 ) ) ;
#3127 = CARTESIAN_POINT ( 'NONE',  ( -2.850000000000000089, -3.000000000000000000, 3.149999999999999911 ) ) ;
#3128 =( GEOMETRIC_REPRESENTATION_CONTEXT ( 3 ) GLOBAL_UNCERTAINTY_ASSIGNED_CONTEXT ( ( #2003 ) ) GLOBAL_UNIT_ASSIGNED_CONTEXT ( ( #2386, #356, #2441 ) ) REPRESENTATION_CONTEXT ( 'NONE', 'WORKASPACE' ) );
#3129 = EDGE_LOOP ( 'NONE', ( #1759, #4891, #1931, #88, #4210, #2121, #4884, #4616, #3730, #1349, #3625, #2663 ) ) ;
#3130 = CARTESIAN_POINT ( 'NONE',  ( 3.749999999999997335, 1.891781170833500392, 0.0000000000000000000 ) ) ;
#3131 = STYLED_ITEM ( 'NONE', ( #2154 ), #1294 ) ;
#3132 =( GEOMETRIC_REPRESENTATION_CONTEXT ( 3 ) GLOBAL_UNCERTAINTY_ASSIGNED_CONTEXT ( ( #4953 ) ) GLOBAL_UNIT_ASSIGNED_CONTEXT ( ( #3703, #3301, #84 ) ) REPRESENTATION_CONTEXT ( 'NONE', 'WORKASPACE' ) );
#3133 = ADVANCED_FACE ( 'NONE', ( #554 ), #2124, .T. ) ;
#3134 = DIRECTION ( 'NONE',  ( 0.0000000000000000000, -1.000000000000000000, 0.0000000000000000000 ) ) ;
#3135 = VECTOR ( 'NONE', #3970, 1000.000000000000000 ) ;
#3136 =( GEOMETRIC_REPRESENTATION_CONTEXT ( 3 ) GLOBAL_UNCERTAINTY_ASSIGNED_CONTEXT ( ( #4119 ) ) GLOBAL_UNIT_ASSIGNED_CONTEXT ( ( #3117, #1123, #304 ) ) REPRESENTATION_CONTEXT ( 'NONE', 'WORKASPACE' ) );
#3137 = CARTESIAN_POINT ( 'NONE',  ( -1.649999999999999911, 0.0000000000000000000, 4.200000000000000178 ) ) ;
#3138 = CYLINDRICAL_SURFACE ( 'NONE', #3578, 0.09999999999999982514 ) ;
#3139 = FILL_AREA_STYLE ('',( #5180 ) ) ;
#3140 = ORIENTED_EDGE ( 'NONE', *, *, #24, .T. ) ;
#3141 = FILL_AREA_STYLE_COLOUR ( '', #2564 ) ;
#3142 = VECTOR ( 'NONE', #3567, 1000.000000000000000 ) ;
#3143 = UNCERTAINTY_MEASURE_WITH_UNIT (LENGTH_MEASURE( 1.000000000000000082E-05 ), #1079, 'distance_accuracy_value', 'NONE');
#3144 = CARTESIAN_POINT ( 'NONE',  ( 0.0000000000000000000, 0.0000000000000000000, 0.2999999999999999889 ) ) ;
#3145 = CARTESIAN_POINT ( 'NONE',  ( -2.000000000000000000, -1.500000000000000444, 3.449999999999999734 ) ) ;
#3146 = DIRECTION ( 'NONE',  ( 0.0000000000000000000, -0.0000000000000000000, 1.000000000000000000 ) ) ;
#3147 = FILL_AREA_STYLE ('',( #1859 ) ) ;
#3148 = EDGE_CURVE ( 'NONE', #5047, #3631, #3413, .T. ) ;
#3149 = CARTESIAN_POINT ( 'NONE',  ( -1.000000000000000000, 3.000000000000000000, 0.0000000000000000000 ) ) ;
#3150 = PRODUCT_CONTEXT ( 'NONE', #2083, 'mechanical' ) ;
#3151 = AXIS2_PLACEMENT_3D ( 'NONE', #4244, #4460, #1368 ) ;
#3152 =( NAMED_UNIT ( * ) SI_UNIT ( $, .STERADIAN. ) SOLID_ANGLE_UNIT ( ) );
#3153 = FACE_OUTER_BOUND ( 'NONE', #642, .T. ) ;
#3154 = CIRCLE ( 'NONE', #616, 0.09999999999999982514 ) ;
#3155 = PRODUCT_RELATED_PRODUCT_CATEGORY ( 'part', '', ( #3121 ) ) ;
#3156 = LINE ( 'NONE', #2313, #976 ) ;
#3157 =( GEOMETRIC_REPRESENTATION_CONTEXT ( 3 ) GLOBAL_UNCERTAINTY_ASSIGNED_CONTEXT ( ( #1777 ) ) GLOBAL_UNIT_ASSIGNED_CONTEXT ( ( #2263, #1797, #2640 ) ) REPRESENTATION_CONTEXT ( 'NONE', 'WORKASPACE' ) );
#3158 = PRESENTATION_STYLE_ASSIGNMENT (( #4681 ) ) ;
#3159 =( GEOMETRIC_REPRESENTATION_CONTEXT ( 3 ) GLOBAL_UNCERTAINTY_ASSIGNED_CONTEXT ( ( #652 ) ) GLOBAL_UNIT_ASSIGNED_CONTEXT ( ( #2884, #828, #4777 ) ) REPRESENTATION_CONTEXT ( 'NONE', 'WORKASPACE' ) );
#3160 = ORIENTED_EDGE ( 'NONE', *, *, #3374, .T. ) ;
#3161 = LINE ( 'NONE', #1468, #2919 ) ;
#3162 = MECHANICAL_DESIGN_GEOMETRIC_PRESENTATION_REPRESENTATION (  '', ( #2240 ), #4016 ) ;
#3163 = CIRCLE ( 'NONE', #3681, 0.1000000000000000472 ) ;
#3164 = PLANE ( 'NONE',  #3781 ) ;
#3165 = CARTESIAN_POINT ( 'NONE',  ( 2.850000000000000089, -3.000000000000000000, 3.149999999999999911 ) ) ;
#3166 = CARTESIAN_POINT ( 'NONE',  ( -3.350000000000000089, 2.591781170833500347, 0.0000000000000000000 ) ) ;
#3167 = VECTOR ( 'NONE', #3999, 1000.000000000000000 ) ;
#3168 = VERTEX_POINT ( 'NONE', #3030 ) ;
#3169 = EDGE_CURVE ( 'NONE', #5202, #1760, #4515, .T. ) ;
#3170 = SURFACE_STYLE_USAGE ( .BOTH. , #2867 ) ;
#3171 = EDGE_CURVE ( 'NONE', #1325, #60, #823, .T. ) ;
#3172 = AXIS2_PLACEMENT_3D ( 'NONE', #2347, #317, #4019 ) ;
#3173 = DIRECTION ( 'NONE',  ( 0.0000000000000000000, 0.0000000000000000000, 1.000000000000000000 ) ) ;
#3174 = DIRECTION ( 'NONE',  ( 1.000000000000000000, 0.0000000000000000000, 0.0000000000000000000 ) ) ;
#3175 = CARTESIAN_POINT ( 'NONE',  ( -1.999999999999999556, -2.041742430504419836, 3.750000000000000000 ) ) ;
#3176 = CARTESIAN_POINT ( 'NONE',  ( 3.349999999999999201, -1.908218829166499875, 0.4000000000000000777 ) ) ;
#3177 = EDGE_CURVE ( 'NONE', #4138, #96, #2601, .T. ) ;
#3178 =( GEOMETRIC_REPRESENTATION_CONTEXT ( 3 ) GLOBAL_UNCERTAINTY_ASSIGNED_CONTEXT ( ( #1259 ) ) GLOBAL_UNIT_ASSIGNED_CONTEXT ( ( #452, #849, #3718 ) ) REPRESENTATION_CONTEXT ( 'NONE', 'WORKASPACE' ) );
#3179 = SHAPE_DEFINITION_REPRESENTATION ( #1030, #348 ) ;
#3180 = SURFACE_STYLE_USAGE ( .BOTH. , #3977 ) ;
#3181 = CIRCLE ( 'NONE', #1925, 0.4000000000000001887 ) ;
#3182 = FILL_AREA_STYLE_COLOUR ( '', #2487 ) ;
#3183 = ORIENTED_EDGE ( 'NONE', *, *, #4707, .T. ) ;
#3184 =( LENGTH_UNIT ( ) NAMED_UNIT ( * ) SI_UNIT ( .MILLI., .METRE. ) );
#3185 = SURFACE_STYLE_FILL_AREA ( #4331 ) ;
#3186 = DIRECTION ( 'NONE',  ( 1.000000000000000000, -3.231085104332679983E-15, 0.0000000000000000000 ) ) ;
#3187 = LINE ( 'NONE', #5143, #2542 ) ;
#3188 =( LENGTH_UNIT ( ) NAMED_UNIT ( * ) SI_UNIT ( .MILLI., .METRE. ) );
#3189 = VERTEX_POINT ( 'NONE', #5008 ) ;
#3190 = CARTESIAN_POINT ( 'NONE',  ( 3.250000000000001332, -1.908218829166498987, 0.9000000000000000222 ) ) ;
#3191 = SURFACE_STYLE_FILL_AREA ( #1520 ) ;
#3192 = FILL_AREA_STYLE ('',( #2400 ) ) ;
#3193 = EDGE_CURVE ( 'NONE', #2866, #4392, #2853, .T. ) ;
#3194 =( NAMED_UNIT ( * ) PLANE_ANGLE_UNIT ( ) SI_UNIT ( $, .RADIAN. ) );
#3195 =( REPRESENTATION_RELATIONSHIP ('NONE','NONE', #3242, #348 ) REPRESENTATION_RELATIONSHIP_WITH_TRANSFORMATION ( #3627 )SHAPE_REPRESENTATION_RELATIONSHIP( ) );
#3196 = SURFACE_STYLE_FILL_AREA ( #4391 ) ;
#3197 = ORIENTED_EDGE ( 'NONE', *, *, #2193, .F. ) ;
#3198 = SURFACE_STYLE_FILL_AREA ( #1573 ) ;
#3199 = UNCERTAINTY_MEASURE_WITH_UNIT (LENGTH_MEASURE( 1.000000000000000082E-05 ), #1454, 'distance_accuracy_value', 'NONE');
#3200 = STYLED_ITEM ( 'NONE', ( #1616 ), #3951 ) ;
#3201 = SURFACE_STYLE_FILL_AREA ( #1598 ) ;
#3202 = DIRECTION ( 'NONE',  ( -0.0000000000000000000, -1.000000000000000000, 0.0000000000000000000 ) ) ;
#3203 = ORIENTED_EDGE ( 'NONE', *, *, #3402, .T. ) ;
#3204 = AXIS2_PLACEMENT_3D ( 'NONE', #3113, #1109, #2745 ) ;
#3205 =( NAMED_UNIT ( * ) PLANE_ANGLE_UNIT ( ) SI_UNIT ( $, .RADIAN. ) );
#3206 = PRODUCT_DEFINITION_CONTEXT ( 'detailed design', #145, 'design' ) ;
#3208 = EDGE_CURVE ( 'NONE', #666, #4376, #95, .T. ) ;
#3207 = FILL_AREA_STYLE ('',( #4487 ) ) ;
#3209 = EDGE_LOOP ( 'NONE', ( #2143, #191 ) ) ;
#3210 =( NAMED_UNIT ( * ) SI_UNIT ( $, .STERADIAN. ) SOLID_ANGLE_UNIT ( ) );
#3211 = CLOSED_SHELL ( 'NONE', ( #3647, #3109, #844, #459 ) ) ;
#3212 =( LENGTH_UNIT ( ) NAMED_UNIT ( * ) SI_UNIT ( .MILLI., .METRE. ) );
#3213 =( NAMED_UNIT ( * ) SI_UNIT ( $, .STERADIAN. ) SOLID_ANGLE_UNIT ( ) );
#3214 = EDGE_CURVE ( 'NONE', #4138, #1817, #3001, .T. ) ;
#3215 = AXIS2_PLACEMENT_3D ( 'NONE', #772, #4309, #1927 ) ;
#3216 =( NAMED_UNIT ( * ) PLANE_ANGLE_UNIT ( ) SI_UNIT ( $, .RADIAN. ) );
#3217 = VERTEX_POINT ( 'NONE', #4980 ) ;
#3218 = FACE_OUTER_BOUND ( 'NONE', #3347, .T. ) ;
#3219 = UNCERTAINTY_MEASURE_WITH_UNIT (LENGTH_MEASURE( 1.000000000000000082E-05 ), #4440, 'distance_accuracy_value', 'NONE');
#3220 = FILL_AREA_STYLE ('',( #1544 ) ) ;
#3221 = PRESENTATION_STYLE_ASSIGNMENT (( #372 ) ) ;
#3222 = PRESENTATION_STYLE_ASSIGNMENT (( #195 ) ) ;
#3223 = FACE_OUTER_BOUND ( 'NONE', #3751, .T. ) ;
#3224 = CARTESIAN_POINT ( 'NONE',  ( 3.250000000000000000, 2.241781170833500259, 0.9000000000000000222 ) ) ;
#3225 = STYLED_ITEM ( 'NONE', ( #3070 ), #522 ) ;
#3226 = VERTEX_POINT ( 'NONE', #3310 ) ;
#3227 = VECTOR ( 'NONE', #753, 1000.000000000000000 ) ;
#3228 = STYLED_ITEM ( 'NONE', ( #989 ), #1011 ) ;
#3229 = LINE ( 'NONE', #1577, #4152 ) ;
#3230 = ORIENTED_EDGE ( 'NONE', *, *, #2606, .F. ) ;
#3231 = VECTOR ( 'NONE', #2965, 1000.000000000000000 ) ;
#3232 = CARTESIAN_POINT ( 'NONE',  ( -3.649999999999999911, 1.891781170833499948, 0.3999999999999999667 ) ) ;
#3233 = COLOUR_RGB ( '',0.7529411764705882248, 0.7529411764705882248, 0.7529411764705882248 ) ;
#3234 = CARTESIAN_POINT ( 'NONE',  ( -2.083484861008839673, 2.041742430504420280, 3.750000000000000444 ) ) ;
#3235 = ORIENTED_EDGE ( 'NONE', *, *, #1568, .T. ) ;
#3236 = LINE ( 'NONE', #4464, #3398 ) ;
#3237 = VECTOR ( 'NONE', #289, 1000.000000000000000 ) ;
#3238 = DIRECTION ( 'NONE',  ( -1.000000000000000000, 2.168404344971012812E-15, 0.0000000000000000000 ) ) ;
#3239 = EDGE_CURVE ( 'NONE', #2611, #112, #2321, .T. ) ;
#3240 = SURFACE_STYLE_FILL_AREA ( #919 ) ;
#3241 = AXIS2_PLACEMENT_3D ( 'NONE', #1542, #3067, #1947 ) ;
#3242 = SHAPE_REPRESENTATION ( 'User Library-PTS645SL43SMTR92-LFS', ( #1241, #1914, #3773, #2066, #1584, #4594, #207, #2162, #4419, #5004, #1163, #553 ), #985 ) ;
#3243 = EDGE_LOOP ( 'NONE', ( #2445, #921, #2430, #450 ) ) ;
#3244 = PRESENTATION_STYLE_ASSIGNMENT (( #2860 ) ) ;
#3245 = AXIS2_PLACEMENT_3D ( 'NONE', #1496, #268, #1425 ) ;
#3246 = AXIS2_PLACEMENT_3D ( 'NONE', #2289, #267, #3115 ) ;
#3247 = DIRECTION ( 'NONE',  ( 0.0000000000000000000, 0.0000000000000000000, 1.000000000000000000 ) ) ;
#3248 = AXIS2_PLACEMENT_3D ( 'NONE', #2512, #484, #1688 ) ;
#3249 = CARTESIAN_POINT ( 'NONE',  ( -3.750000000000000000, -2.608218829166499830, 0.3000000000000000444 ) ) ;
#3250 = CARTESIAN_POINT ( 'NONE',  ( -3.750000000000000000, -4.500000000000000000, 0.0000000000000000000 ) ) ;
#3251 = DIRECTION ( 'NONE',  ( 3.231085104332679983E-15, 1.000000000000000000, 0.0000000000000000000 ) ) ;
#3252 = EDGE_LOOP ( 'NONE', ( #867, #5181, #54, #2602 ) ) ;
#3253 = CARTESIAN_POINT ( 'NONE',  ( 3.249999999999998668, -2.258218829166500186, 1.000000000000000000 ) ) ;
#3254 = AXIS2_PLACEMENT_3D ( 'NONE', #3792, #1435, #535 ) ;
#3255 =( GEOMETRIC_REPRESENTATION_CONTEXT ( 3 ) GLOBAL_UNCERTAINTY_ASSIGNED_CONTEXT ( ( #5109 ) ) GLOBAL_UNIT_ASSIGNED_CONTEXT ( ( #4803, #803, #4828 ) ) REPRESENTATION_CONTEXT ( 'NONE', 'WORKASPACE' ) );
#3256 = SURFACE_STYLE_FILL_AREA ( #4424 ) ;
#3257 = PLANE ( 'NONE',  #4987 ) ;
#3258 = MECHANICAL_DESIGN_GEOMETRIC_PRESENTATION_REPRESENTATION (  '', ( #3433 ), #5172 ) ;
#3259 = DIRECTION ( 'NONE',  ( -0.0000000000000000000, 1.000000000000000000, 0.0000000000000000000 ) ) ;
#3260 = FILL_AREA_STYLE ('',( #414 ) ) ;
#3261 = ORIENTED_EDGE ( 'NONE', *, *, #4727, .F. ) ;
#3262 = PRODUCT_DEFINITION_FORMATION_WITH_SPECIFIED_SOURCE ( 'ANY', '', #202, .NOT_KNOWN. ) ;
#3263 = FILL_AREA_STYLE ('',( #4431 ) ) ;
#3264 =( NAMED_UNIT ( * ) PLANE_ANGLE_UNIT ( ) SI_UNIT ( $, .RADIAN. ) );
#3265 = DIRECTION ( 'NONE',  ( 1.000000000000000000, -3.252606517456511724E-15, 0.0000000000000000000 ) ) ;
#3266 = PRODUCT_DEFINITION_CONTEXT ( 'detailed design', #1327, 'design' ) ;
#3267 = ADVANCED_FACE ( 'NONE', ( #2291 ), #1115, .T. ) ;
#3268 = PRESENTATION_STYLE_ASSIGNMENT (( #332 ) ) ;
#3269 = EDGE_LOOP ( 'NONE', ( #2057, #2849, #525, #2609 ) ) ;
#3270 = DIRECTION ( 'NONE',  ( -0.0000000000000000000, -0.0000000000000000000, -1.000000000000000000 ) ) ;
#3271 = FACE_OUTER_BOUND ( 'NONE', #4607, .T. ) ;
#3272 = PRESENTATION_LAYER_ASSIGNMENT (  '', '', ( #5105 ) ) ;
#3273 = SURFACE_SIDE_STYLE ('',( #398 ) ) ;
#3274 = ADVANCED_FACE ( 'NONE', ( #3446 ), #2648, .T. ) ;
#3275 =( NAMED_UNIT ( * ) PLANE_ANGLE_UNIT ( ) SI_UNIT ( $, .RADIAN. ) );
#3276 = ORIENTED_EDGE ( 'NONE', *, *, #877, .T. ) ;
#3277 = MECHANICAL_DESIGN_GEOMETRIC_PRESENTATION_REPRESENTATION (  '', ( #4270 ), #4948 ) ;
#3278 = UNCERTAINTY_MEASURE_WITH_UNIT (LENGTH_MEASURE( 1.000000000000000082E-05 ), #1456, 'distance_accuracy_value', 'NONE');
#3279 = DIRECTION ( 'NONE',  ( 0.0000000000000000000, 0.0000000000000000000, 1.000000000000000000 ) ) ;
#3280 = LINE ( 'NONE', #4095, #3395 ) ;
#3281 = SURFACE_STYLE_FILL_AREA ( #3096 ) ;
#3282 = EDGE_CURVE ( 'NONE', #2397, #2196, #2249, .T. ) ;
#3283 = CARTESIAN_POINT ( 'NONE',  ( 4.500000000000000888, 2.591781170833500347, 0.0000000000000000000 ) ) ;
#3284 = ORIENTED_EDGE ( 'NONE', *, *, #2179, .T. ) ;
#3285 = ORIENTED_EDGE ( 'NONE', *, *, #4340, .F. ) ;
#3286 =( NAMED_UNIT ( * ) PLANE_ANGLE_UNIT ( ) SI_UNIT ( $, .RADIAN. ) );
#3287 = FACE_OUTER_BOUND ( 'NONE', #2975, .T. ) ;
#3288 = CARTESIAN_POINT ( 'NONE',  ( 1.916515138991158329, -2.041742430504420280, 3.749999999999999556 ) ) ;
#3289 = EDGE_LOOP ( 'NONE', ( #4539, #1264, #3018, #4544 ) ) ;
#3290 =( BOUNDED_CURVE ( )  B_SPLINE_CURVE ( 3, ( #2946, #2545, #4288, #1059 ),
 .UNSPECIFIED., .F., .F. ) 
 B_SPLINE_CURVE_WITH_KNOTS ( ( 4, 4 ),
 ( 0.0000000000000000000, 1.000000000000000000 ),
 .UNSPECIFIED. ) 
 CURVE ( )  GEOMETRIC_REPRESENTATION_ITEM ( )  RATIONAL_B_SPLINE_CURVE ( ( 1.000000000000000000, 0.3333333333333299286, 0.3333333333333299286, 1.000000000000000000 ) ) 
 REPRESENTATION_ITEM ( '' )  );
#3291 = CARTESIAN_POINT ( 'NONE',  ( -2.000000000000000000, 1.958257569495580608, 3.750000000000000000 ) ) ;
#3292 = PRESENTATION_STYLE_ASSIGNMENT (( #847 ) ) ;
#3293 = SURFACE_STYLE_USAGE ( .BOTH. , #4795 ) ;
#3294 = DIRECTION ( 'NONE',  ( -3.231085104332679983E-15, -1.000000000000000000, 0.0000000000000000000 ) ) ;
#3295 = DIRECTION ( 'NONE',  ( 0.0000000000000000000, 1.000000000000000000, 0.0000000000000000000 ) ) ;
#3296 =( NAMED_UNIT ( * ) SI_UNIT ( $, .STERADIAN. ) SOLID_ANGLE_UNIT ( ) );
#3297 =( GEOMETRIC_REPRESENTATION_CONTEXT ( 3 ) GLOBAL_UNCERTAINTY_ASSIGNED_CONTEXT ( ( #5041 ) ) GLOBAL_UNIT_ASSIGNED_CONTEXT ( ( #265, #1539, #1136 ) ) REPRESENTATION_CONTEXT ( 'NONE', 'WORKASPACE' ) );
#3298 = ADVANCED_BREP_SHAPE_REPRESENTATION ( '', ( #434, #3507 ), #4092 ) ;
#3299 = LINE ( 'NONE', #4890, #2358 ) ;
#3300 = VERTEX_POINT ( 'NONE', #622 ) ;
#3301 =( NAMED_UNIT ( * ) PLANE_ANGLE_UNIT ( ) SI_UNIT ( $, .RADIAN. ) );
#3302 = CARTESIAN_POINT ( 'NONE',  ( 6.938893903907229955E-15, 4.483562341667009399, 0.0000000000000000000 ) ) ;
#3303 = CARTESIAN_POINT ( 'NONE',  ( -1.999999999999999556, -2.041742430504416284, 3.250000000000000000 ) ) ;
#3304 = PRESENTATION_STYLE_ASSIGNMENT (( #2093 ) ) ;
#3305 = ORIENTED_EDGE ( 'NONE', *, *, #2467, .T. ) ;
#3306 = DIRECTION ( 'NONE',  ( -0.0000000000000000000, -0.0000000000000000000, -1.000000000000000000 ) ) ;
#3307 = PRESENTATION_LAYER_ASSIGNMENT (  '', '', ( #4889 ) ) ;
#3308 = UNCERTAINTY_MEASURE_WITH_UNIT (LENGTH_MEASURE( 1.000000000000000082E-05 ), #3338, 'distance_accuracy_value', 'NONE');
#3309 = EDGE_CURVE ( 'NONE', #4970, #2611, #3867, .T. ) ;
#3310 = CARTESIAN_POINT ( 'NONE',  ( 2.999999999999999112, -2.608218829166496722, 1.300000000000000044 ) ) ;
#3311 = FILL_AREA_STYLE ('',( #3710 ) ) ;
#3312 = EDGE_LOOP ( 'NONE', ( #2210, #3806, #2072, #1756 ) ) ;
#3313 = CIRCLE ( 'NONE', #2292, 0.09999999999999999167 ) ;
#3314 = SURFACE_STYLE_FILL_AREA ( #3263 ) ;
#3315 = PRODUCT_DEFINITION_CONTEXT ( 'detailed design', #2766, 'design' ) ;
#3316 = DIRECTION ( 'NONE',  ( -1.000000000000000000, 3.231085104332679983E-15, 0.0000000000000000000 ) ) ;
#3318 = CARTESIAN_POINT ( 'NONE',  ( 2.836092186006231142, 2.418046093003110908, 3.637779991155306369 ) ) ;
#3317 = VECTOR ( 'NONE', #4134, 1000.000000000000000 ) ;
#3319 = VERTEX_POINT ( 'NONE', #3469 ) ;
#3320 = EDGE_CURVE ( 'NONE', #2611, #3189, #2082, .T. ) ;
#3321 = CARTESIAN_POINT ( 'NONE',  ( 2.000000000000000000, 2.000000000000000000, 3.449999999999999734 ) ) ;
#3322 = CARTESIAN_POINT ( 'NONE',  ( 3.649999999999999023, -2.608218829166499386, 0.9000000000000000222 ) ) ;
#3323 =( NAMED_UNIT ( * ) PLANE_ANGLE_UNIT ( ) SI_UNIT ( $, .RADIAN. ) );
#3324 = STYLED_ITEM ( 'NONE', ( #5199 ), #1185 ) ;
#3325 = SURFACE_STYLE_FILL_AREA ( #3400 ) ;
#3326 = ORIENTED_EDGE ( 'NONE', *, *, #2310, .T. ) ;
#3327 = MECHANICAL_DESIGN_GEOMETRIC_PRESENTATION_REPRESENTATION (  '', ( #2827 ), #1050 ) ;
#3328 = UNCERTAINTY_MEASURE_WITH_UNIT (LENGTH_MEASURE( 1.000000000000000082E-05 ), #1528, 'distance_accuracy_value', 'NONE');
#3329 = DIRECTION ( 'NONE',  ( 0.0000000000000000000, 0.0000000000000000000, -1.000000000000000000 ) ) ;
#3330 = ORIENTED_EDGE ( 'NONE', *, *, #4055, .F. ) ;
#3331 = CARTESIAN_POINT ( 'NONE',  ( -3.350000000000000089, 1.891781170833499948, 0.9000000000000000222 ) ) ;
#3332 = UNCERTAINTY_MEASURE_WITH_UNIT (LENGTH_MEASURE( 1.000000000000000082E-05 ), #3477, 'distance_accuracy_value', 'NONE');
#3333 = STYLED_ITEM ( 'NONE', ( #3908 ), #4950 ) ;
#3334 = STYLED_ITEM ( 'NONE', ( #2186 ), #2297 ) ;
#3335 = PRESENTATION_STYLE_ASSIGNMENT (( #166 ) ) ;
#3336 = ORIENTED_EDGE ( 'NONE', *, *, #4912, .T. ) ;
#3337 = DIRECTION ( 'NONE',  ( 1.000000000000000000, 0.0000000000000000000, 0.0000000000000000000 ) ) ;
#3338 =( LENGTH_UNIT ( ) NAMED_UNIT ( * ) SI_UNIT ( .MILLI., .METRE. ) );
#3339 = SURFACE_STYLE_FILL_AREA ( #98 ) ;
#3340 = ADVANCED_FACE ( 'NONE', ( #4660 ), #2695, .T. ) ;
#3341 = ORIENTED_EDGE ( 'NONE', *, *, #2863, .F. ) ;
#3342 = AXIS2_PLACEMENT_3D ( 'NONE', #4351, #2822, #3531 ) ;
#3343 =( NAMED_UNIT ( * ) PLANE_ANGLE_UNIT ( ) SI_UNIT ( $, .RADIAN. ) );
#3344 = PLANE ( 'NONE',  #4506 ) ;
#3345 = DIRECTION ( 'NONE',  ( 0.0000000000000000000, 0.0000000000000000000, 1.000000000000000000 ) ) ;
#3346 = EDGE_CURVE ( 'NONE', #2997, #1989, #4363, .T. ) ;
#3347 = EDGE_LOOP ( 'NONE', ( #1345, #251, #1291, #4104 ) ) ;
#3348 = PRESENTATION_LAYER_ASSIGNMENT (  '', '', ( #366 ) ) ;
#3349 = CARTESIAN_POINT ( 'NONE',  ( 2.000000000000000000, -1.958257569495580608, 3.750000000000000000 ) ) ;
#3350 = CARTESIAN_POINT ( 'NONE',  ( 0.0000000000000000000, 0.0000000000000000000, 4.200000000000000178 ) ) ;
#3351 = PRESENTATION_STYLE_ASSIGNMENT (( #4949 ) ) ;
#3352 = VECTOR ( 'NONE', #1090, 1000.000000000000000 ) ;
#3353 = LINE ( 'NONE', #2516, #3118 ) ;
#3354 = ORIENTED_EDGE ( 'NONE', *, *, #1602, .F. ) ;
#3355 = CARTESIAN_POINT ( 'NONE',  ( -4.500000000000000000, -2.608218829166499830, 0.0000000000000000000 ) ) ;
#3356 =( NAMED_UNIT ( * ) SI_UNIT ( $, .STERADIAN. ) SOLID_ANGLE_UNIT ( ) );
#3357 =( NAMED_UNIT ( * ) PLANE_ANGLE_UNIT ( ) SI_UNIT ( $, .RADIAN. ) );
#3358 = CARTESIAN_POINT ( 'NONE',  ( -3.000000000000000000, 0.0000000000000000000, 3.149999999999999911 ) ) ;
#3359 = FILL_AREA_STYLE ('',( #926 ) ) ;
#3360 = ORIENTED_EDGE ( 'NONE', *, *, #3148, .T. ) ;
#3361 = FILL_AREA_STYLE_COLOUR ( '', #873 ) ;
#3362 = CARTESIAN_POINT ( 'NONE',  ( -2.836092186006230698, -1.581953906996888648, 3.637779991155306369 ) ) ;
#3363 = UNCERTAINTY_MEASURE_WITH_UNIT (LENGTH_MEASURE( 1.000000000000000082E-05 ), #1265, 'distance_accuracy_value', 'NONE');
#3364 = CARTESIAN_POINT ( 'NONE',  ( 0.0000000000000000000, 3.000000000000000000, 0.2999999999999999889 ) ) ;
#3365 = PLANE ( 'NONE',  #5108 ) ;
#3366 =( NAMED_UNIT ( * ) PLANE_ANGLE_UNIT ( ) SI_UNIT ( $, .RADIAN. ) );
#3367 =( NAMED_UNIT ( * ) PLANE_ANGLE_UNIT ( ) SI_UNIT ( $, .RADIAN. ) );
#3368 = VERTEX_POINT ( 'NONE', #3249 ) ;
#3369 = UNCERTAINTY_MEASURE_WITH_UNIT (LENGTH_MEASURE( 1.000000000000000082E-05 ), #4435, 'distance_accuracy_value', 'NONE');
#3370 = CARTESIAN_POINT ( 'NONE',  ( 3.250000000000000444, -1.908218829166499875, 1.000000000000000000 ) ) ;
#3371 =( LENGTH_UNIT ( ) NAMED_UNIT ( * ) SI_UNIT ( .MILLI., .METRE. ) );
#3372 = ORIENTED_EDGE ( 'NONE', *, *, #3444, .F. ) ;
#3373 = DIRECTION ( 'NONE',  ( 0.0000000000000000000, 0.0000000000000000000, 1.000000000000000000 ) ) ;
#3374 = EDGE_CURVE ( 'NONE', #2522, #4513, #809, .T. ) ;
#3375 =( GEOMETRIC_REPRESENTATION_CONTEXT ( 3 ) GLOBAL_UNCERTAINTY_ASSIGNED_CONTEXT ( ( #4346 ) ) GLOBAL_UNIT_ASSIGNED_CONTEXT ( ( #895, #2518, #1723 ) ) REPRESENTATION_CONTEXT ( 'NONE', 'WORKASPACE' ) );
#3376 = VERTEX_POINT ( 'NONE', #834 ) ;
#3377 = UNCERTAINTY_MEASURE_WITH_UNIT (LENGTH_MEASURE( 1.000000000000000082E-05 ), #3487, 'distance_accuracy_value', 'NONE');
#3378 =( NAMED_UNIT ( * ) PLANE_ANGLE_UNIT ( ) SI_UNIT ( $, .RADIAN. ) );
#3379 = CARTESIAN_POINT ( 'NONE',  ( -1.506745604006711314, 2.246627197996641012, 3.749999999999998224 ) ) ;
#3380 =( LENGTH_UNIT ( ) NAMED_UNIT ( * ) SI_UNIT ( .MILLI., .METRE. ) );
#3381 = COLOUR_RGB ( '',0.0000000000000000000, 0.0000000000000000000, 0.0000000000000000000 ) ;
#3382 = EDGE_LOOP ( 'NONE', ( #4118, #5208, #4412, #1686 ) ) ;
#3383 =( NAMED_UNIT ( * ) SI_UNIT ( $, .STERADIAN. ) SOLID_ANGLE_UNIT ( ) );
#3384 = ORIENTED_EDGE ( 'NONE', *, *, #2773, .F. ) ;
#3385 = CARTESIAN_POINT ( 'NONE',  ( -4.074999999999999289, -1.908218829166499875, 0.2999999999999999889 ) ) ;
#3386 = SURFACE_SIDE_STYLE ('',( #2604 ) ) ;
#3387 = PRESENTATION_LAYER_ASSIGNMENT (  '', '', ( #4974 ) ) ;
#3388 = ORIENTED_EDGE ( 'NONE', *, *, #2834, .F. ) ;
#3389 = PRESENTATION_STYLE_ASSIGNMENT (( #3793 ) ) ;
#3390 = CARTESIAN_POINT ( 'NONE',  ( 2.000000000000000000, -1.581953906996888426, 3.637779991155306369 ) ) ;
#3391 =( LENGTH_UNIT ( ) NAMED_UNIT ( * ) SI_UNIT ( .MILLI., .METRE. ) );
#3392 = FILL_AREA_STYLE ('',( #971 ) ) ;
#3393 = ORIENTED_EDGE ( 'NONE', *, *, #3148, .F. ) ;
#3394 = AXIS2_PLACEMENT_3D ( 'NONE', #1709, #4910, #2130 ) ;
#3395 = VECTOR ( 'NONE', #4043, 1000.000000000000000 ) ;
#3396 = FILL_AREA_STYLE ('',( #1409 ) ) ;
#3397 = PRESENTATION_STYLE_ASSIGNMENT (( #1794 ) ) ;
#3398 = VECTOR ( 'NONE', #1741, 1000.000000000000000 ) ;
#3399 = STYLED_ITEM ( 'NONE', ( #2667 ), #722 ) ;
#3400 = FILL_AREA_STYLE ('',( #1717 ) ) ;
#3401 = EDGE_LOOP ( 'NONE', ( #912, #1848, #4529, #1705, #4077, #3006, #3906, #1441, #951, #2811, #3959, #2125 ) ) ;
#3402 = EDGE_CURVE ( 'NONE', #3610, #2086, #370, .T. ) ;
#3403 = MECHANICAL_DESIGN_GEOMETRIC_PRESENTATION_REPRESENTATION (  '', ( #1041 ), #2138 ) ;
#3404 = DIRECTION ( 'NONE',  ( 0.0000000000000000000, 0.0000000000000000000, -1.000000000000000000 ) ) ;
#3405 = LINE ( 'NONE', #85, #4030 ) ;
#3406 = STYLED_ITEM ( 'NONE', ( #3304 ), #1246 ) ;
#3407 = PLANE ( 'NONE',  #1852 ) ;
#3408 =( NAMED_UNIT ( * ) PLANE_ANGLE_UNIT ( ) SI_UNIT ( $, .RADIAN. ) );
#3409 = ORIENTED_EDGE ( 'NONE', *, *, #4617, .F. ) ;
#3410 = ADVANCED_FACE ( 'NONE', ( #2425 ), #4471, .T. ) ;
#3411 = DIRECTION ( 'NONE',  ( -3.231085104332679983E-15, -1.000000000000000000, 2.938735877055720084E-31 ) ) ;
#3412 =( GEOMETRIC_REPRESENTATION_CONTEXT ( 3 ) GLOBAL_UNCERTAINTY_ASSIGNED_CONTEXT ( ( #704 ) ) GLOBAL_UNIT_ASSIGNED_CONTEXT ( ( #2261, #3483, #4308 ) ) REPRESENTATION_CONTEXT ( 'NONE', 'WORKASPACE' ) );
#3413 = LINE ( 'NONE', #986, #995 ) ;
#3414 = EDGE_LOOP ( 'NONE', ( #1302, #2060, #3836, #530 ) ) ;
#3415 = FILL_AREA_STYLE ('',( #197 ) ) ;
#3416 = AXIS2_PLACEMENT_3D ( 'NONE', #983, #573, #2169 ) ;
#3417 =( NAMED_UNIT ( * ) SI_UNIT ( $, .STERADIAN. ) SOLID_ANGLE_UNIT ( ) );
#3418 = ORIENTED_EDGE ( 'NONE', *, *, #3909, .F. ) ;
#3419 = MECHANICAL_DESIGN_GEOMETRIC_PRESENTATION_REPRESENTATION (  '', ( #1896 ), #878 ) ;
#3420 = DIRECTION ( 'NONE',  ( 0.0000000000000000000, 1.000000000000000000, -0.0000000000000000000 ) ) ;
#3421 = VECTOR ( 'NONE', #3533, 1000.000000000000000 ) ;
#3422 = DIRECTION ( 'NONE',  ( -1.000000000000000000, 3.231085104332679983E-15, 0.0000000000000000000 ) ) ;
#3423 = CARTESIAN_POINT ( 'NONE',  ( -4.500000000000000000, -1.908218829166499875, 0.0000000000000000000 ) ) ;
#3424 = AXIS2_PLACEMENT_3D ( 'NONE', #2735, #3898, #2792 ) ;
#3425 = LINE ( 'NONE', #1025, #3939 ) ;
#3426 = SURFACE_STYLE_USAGE ( .BOTH. , #2584 ) ;
#3427 = ORIENTED_EDGE ( 'NONE', *, *, #3282, .T. ) ;
#3428 = STYLED_ITEM ( 'NONE', ( #41 ), #760 ) ;
#3429 = COLOUR_RGB ( '',0.7529411764705882248, 0.7529411764705882248, 0.7529411764705882248 ) ;
#3430 = ADVANCED_FACE ( 'NONE', ( #1615 ), #3164, .T. ) ;
#3431 = PRODUCT_DEFINITION_SHAPE ( 'NONE', 'NONE',  #1684 ) ;
#3432 = PLANE ( 'NONE',  #4731 ) ;
#3433 = STYLED_ITEM ( 'NONE', ( #2683 ), #3054 ) ;
#3434 = VERTEX_POINT ( 'NONE', #2593 ) ;
#3435 = AXIS2_PLACEMENT_3D ( 'NONE', #3458, #4947, #155 ) ;
#3436 = FILL_AREA_STYLE ('',( #1054 ) ) ;
#3437 = EDGE_CURVE ( 'NONE', #1138, #22, #1306, .T. ) ;
#3438 = CARTESIAN_POINT ( 'NONE',  ( 1.708578643762690863, -3.417157287525379505, 4.299999999999999822 ) ) ;
#3439 = CARTESIAN_POINT ( 'NONE',  ( 1.000000000000000000, 3.000000000000000000, 0.0000000000000000000 ) ) ;
#3440 = ORIENTED_EDGE ( 'NONE', *, *, #738, .T. ) ;
#3441 = FACE_OUTER_BOUND ( 'NONE', #3414, .T. ) ;
#3442 = DIRECTION ( 'NONE',  ( 1.000000000000000000, -3.252606517456511724E-15, 0.0000000000000000000 ) ) ;
#3443 = DIRECTION ( 'NONE',  ( 0.0000000000000000000, -1.000000000000000000, 0.0000000000000000000 ) ) ;
#3444 = EDGE_CURVE ( 'NONE', #4982, #2873, #4894, .T. ) ;
#3445 = STYLED_ITEM ( 'NONE', ( #4053 ), #3769 ) ;
#3446 = FACE_OUTER_BOUND ( 'NONE', #1781, .T. ) ;
#3447 =( NAMED_UNIT ( * ) PLANE_ANGLE_UNIT ( ) SI_UNIT ( $, .RADIAN. ) );
#3448 = CARTESIAN_POINT ( 'NONE',  ( -3.750000000000000000, 1.120890585416750129, 0.4000000000000000222 ) ) ;
#3449 =( LENGTH_UNIT ( ) NAMED_UNIT ( * ) SI_UNIT ( .MILLI., .METRE. ) );
#3450 = VERTEX_POINT ( 'NONE', #924 ) ;
#3451 = SURFACE_STYLE_FILL_AREA ( #5060 ) ;
#3452 = CARTESIAN_POINT ( 'NONE',  ( 3.749999999999998668, 2.591781170833499903, 0.0000000000000000000 ) ) ;
#3453 = LINE ( 'NONE', #2631, #2341 ) ;
#3454 = DIRECTION ( 'NONE',  ( 1.000000000000000000, 0.0000000000000000000, 0.0000000000000000000 ) ) ;
#3455 = DIRECTION ( 'NONE',  ( 3.231085104332679983E-15, 1.000000000000000000, -0.0000000000000000000 ) ) ;
#3456 = SURFACE_STYLE_USAGE ( .BOTH. , #1099 ) ;
#3457 = SURFACE_STYLE_USAGE ( .BOTH. , #1742 ) ;
#3458 = CARTESIAN_POINT ( 'NONE',  ( 0.0000000000000000000, 0.0000000000000000000, 0.0000000000000000000 ) ) ;
#3459 = ORIENTED_EDGE ( 'NONE', *, *, #3169, .T. ) ;
#3460 = EDGE_CURVE ( 'NONE', #3168, #3300, #3405, .T. ) ;
#3461 = AXIS2_PLACEMENT_3D ( 'NONE', #3137, #2888, #2780 ) ;
#3462 = SURFACE_STYLE_FILL_AREA ( #4235 ) ;
#3463 = SURFACE_STYLE_USAGE ( .BOTH. , #216 ) ;
#3464 = VERTEX_POINT ( 'NONE', #2166 ) ;
#3465 =( NAMED_UNIT ( * ) SI_UNIT ( $, .STERADIAN. ) SOLID_ANGLE_UNIT ( ) );
#3466 = DIRECTION ( 'NONE',  ( -3.231085104332679983E-15, -1.000000000000000000, 0.0000000000000000000 ) ) ;
#3467 =( LENGTH_UNIT ( ) NAMED_UNIT ( * ) SI_UNIT ( .MILLI., .METRE. ) );
#3468 = COLOUR_RGB ( '',0.0000000000000000000, 0.0000000000000000000, 0.0000000000000000000 ) ;
#3469 = CARTESIAN_POINT ( 'NONE',  ( 1.999999999999999556, 1.500000000000000222, 3.449999999999999734 ) ) ;
#3470 = CARTESIAN_POINT ( 'NONE',  ( 0.0000000000000000000, 0.0000000000000000000, 4.299999999999999822 ) ) ;
#3471 = CLOSED_SHELL ( 'NONE', ( #1236, #4575, #669, #3813, #92, #1826, #4842, #3769, #429, #1160, #1793, #4950, #1185, #1285 ) ) ;
#3472 = ADVANCED_FACE ( 'NONE', ( #2541 ), #523, .F. ) ;
#3473 = DIRECTION ( 'NONE',  ( 0.0000000000000000000, 1.000000000000000000, 0.0000000000000000000 ) ) ;
#3474 =( REPRESENTATION_RELATIONSHIP ('NONE','NONE', #3242, #18 ) REPRESENTATION_RELATIONSHIP_WITH_TRANSFORMATION ( #4850 )SHAPE_REPRESENTATION_RELATIONSHIP( ) );
#3475 = DIRECTION ( 'NONE',  ( 1.000000000000000000, 0.0000000000000000000, 0.0000000000000000000 ) ) ;
#3476 = CIRCLE ( 'NONE', #4141, 0.1499999999999999667 ) ;
#3477 =( LENGTH_UNIT ( ) NAMED_UNIT ( * ) SI_UNIT ( .MILLI., .METRE. ) );
#3478 = ADVANCED_FACE ( 'NONE', ( #2489 ), #116, .T. ) ;
#3479 = APPLICATION_PROTOCOL_DEFINITION ( 'draft international standard', 'automotive_design', 1998, #4042 ) ;
#3480 =( BOUNDED_SURFACE ( )  B_SPLINE_SURFACE ( 3, 3, ( 
 ( #1983, #2812, #379, #2008 ),
 ( #1727, #1341, #122, #2947 ),
 ( #930, #3362, #2222, #1088 ),
 ( #2618, #1904, #4290, #2290 ) ),
 .UNSPECIFIED., .F., .F., .T. ) 
 B_SPLINE_SURFACE_WITH_KNOTS ( ( 4, 4 ),
 ( 4, 4 ),
 ( 0.0000000000000000000, 1.000000000000000000 ),
 ( 0.0000000000000000000, 1.000000000000000000 ),
 .UNSPECIFIED. ) 
 GEOMETRIC_REPRESENTATION_ITEM ( )  RATIONAL_B_SPLINE_SURFACE ( (
 ( 1.000000000000000000, 0.3333333333333299842, 0.3333333333333299842, 1.000000000000000000),
 ( 0.8911066843560517814, 0.2970355614520142629, 0.2970355614520142629, 0.8911066843560517814),
 ( 0.8911066843560517814, 0.2970355614520142629, 0.2970355614520142629, 0.8911066843560517814),
 ( 1.000000000000000000, 0.3333333333333299842, 0.3333333333333299842, 1.000000000000000000) ) ) 
 REPRESENTATION_ITEM ( '' )  SURFACE ( )  );
#3481 = DIRECTION ( 'NONE',  ( 1.000000000000000000, 0.0000000000000000000, 0.0000000000000000000 ) ) ;
#3482 =( GEOMETRIC_REPRESENTATION_CONTEXT ( 3 ) GLOBAL_UNCERTAINTY_ASSIGNED_CONTEXT ( ( #140 ) ) GLOBAL_UNIT_ASSIGNED_CONTEXT ( ( #4417, #5148, #4753 ) ) REPRESENTATION_CONTEXT ( 'NONE', 'WORKASPACE' ) );
#3483 =( NAMED_UNIT ( * ) PLANE_ANGLE_UNIT ( ) SI_UNIT ( $, .RADIAN. ) );
#3484 = ORIENTED_EDGE ( 'NONE', *, *, #1720, .F. ) ;
#3485 =( LENGTH_UNIT ( ) NAMED_UNIT ( * ) SI_UNIT ( .MILLI., .METRE. ) );
#3486 = COLOUR_RGB ( '',0.0000000000000000000, 0.0000000000000000000, 0.0000000000000000000 ) ;
#3487 =( LENGTH_UNIT ( ) NAMED_UNIT ( * ) SI_UNIT ( .MILLI., .METRE. ) );
#3488 = PRODUCT_RELATED_PRODUCT_CATEGORY ( 'part', '', ( #5095 ) ) ;
#3489 = DIRECTION ( 'NONE',  ( 1.000000000000000000, 0.0000000000000000000, -0.0000000000000000000 ) ) ;
#3490 = VERTEX_POINT ( 'NONE', #3827 ) ;
#3491 = MECHANICAL_DESIGN_GEOMETRIC_PRESENTATION_REPRESENTATION (  '', ( #3066 ), #4989 ) ;
#3492 = CARTESIAN_POINT ( 'NONE',  ( -3.350000000000000089, -1.908218829166499875, 0.9000000000000000222 ) ) ;
#3493 = LINE ( 'NONE', #4658, #2314 ) ;
#3494 = STYLED_ITEM ( 'NONE', ( #439 ), #1160 ) ;
#3495 = FILL_AREA_STYLE ('',( #3541 ) ) ;
#3496 = DIRECTION ( 'NONE',  ( -1.000000000000000000, 0.0000000000000000000, -0.0000000000000000000 ) ) ;
#3497 = CARTESIAN_POINT ( 'NONE',  ( -4.074999999999999289, 2.591781170833500347, 0.0000000000000000000 ) ) ;
#3498 = CARTESIAN_POINT ( 'NONE',  ( -4.074999999999999289, -1.908218829166499875, 0.0000000000000000000 ) ) ;
#3499 = CARTESIAN_POINT ( 'NONE',  ( 3.349999999999999645, -1.137328243749748724, 0.4000000000000000777 ) ) ;
#3500 = DIRECTION ( 'NONE',  ( 0.0000000000000000000, 0.0000000000000000000, 1.000000000000000000 ) ) ;
#3502 = ADVANCED_FACE ( 'NONE', ( #4353 ), #2573, .T. ) ;
#3501 = LINE ( 'NONE', #733, #2769 ) ;
#3503 =( NAMED_UNIT ( * ) PLANE_ANGLE_UNIT ( ) SI_UNIT ( $, .RADIAN. ) );
#3504 = APPLICATION_PROTOCOL_DEFINITION ( 'draft international standard', 'automotive_design', 1998, #410 ) ;
#3505 = COLOUR_RGB ( '',0.0000000000000000000, 0.0000000000000000000, 0.0000000000000000000 ) ;
#3506 = SURFACE_STYLE_FILL_AREA ( #1894 ) ;
#3507 = AXIS2_PLACEMENT_3D ( 'NONE', #2042, #2902, #2387 ) ;
#3508 = ORIENTED_EDGE ( 'NONE', *, *, #4666, .F. ) ;
#3509 = PRESENTATION_LAYER_ASSIGNMENT (  '', '', ( #4501 ) ) ;
#3510 = SURFACE_STYLE_FILL_AREA ( #3436 ) ;
#3511 =( GEOMETRIC_REPRESENTATION_CONTEXT ( 3 ) GLOBAL_UNCERTAINTY_ASSIGNED_CONTEXT ( ( #997 ) ) GLOBAL_UNIT_ASSIGNED_CONTEXT ( ( #1277, #53, #488 ) ) REPRESENTATION_CONTEXT ( 'NONE', 'WORKASPACE' ) );
#3512 = FACE_OUTER_BOUND ( 'NONE', #904, .T. ) ;
#3513 = DIRECTION ( 'NONE',  ( 1.000000000000000000, 0.0000000000000000000, 0.0000000000000000000 ) ) ;
#3514 = ORIENTED_EDGE ( 'NONE', *, *, #4094, .T. ) ;
#3515 = LINE ( 'NONE', #1111, #1326 ) ;
#3516 = PRODUCT_DEFINITION_SHAPE ( 'NONE', 'NONE',  #506 ) ;
#3517 = FILL_AREA_STYLE_COLOUR ( '', #4158 ) ;
#3518 = LINE ( 'NONE', #4018, #2559 ) ;
#3519 = DIRECTION ( 'NONE',  ( -0.0000000000000000000, -1.000000000000000000, -0.0000000000000000000 ) ) ;
#3520 = SURFACE_STYLE_USAGE ( .BOTH. , #1038 ) ;
#3521 = PRESENTATION_LAYER_ASSIGNMENT (  '', '', ( #3859 ) ) ;
#3522 = DIRECTION ( 'NONE',  ( 0.0000000000000000000, 1.000000000000000000, 0.0000000000000000000 ) ) ;
#3523 = CARTESIAN_POINT ( 'NONE',  ( 1.750000000000000000, 2.143131898507868297E-16, 4.200000000000000178 ) ) ;
#3524 = EDGE_CURVE ( 'NONE', #666, #1834, #766, .T. ) ;
#3525 = UNCERTAINTY_MEASURE_WITH_UNIT (LENGTH_MEASURE( 1.000000000000000082E-05 ), #2875, 'distance_accuracy_value', 'NONE');
#3526 =( GEOMETRIC_REPRESENTATION_CONTEXT ( 3 ) GLOBAL_UNCERTAINTY_ASSIGNED_CONTEXT ( ( #932 ) ) GLOBAL_UNIT_ASSIGNED_CONTEXT ( ( #2915, #2992, #4576 ) ) REPRESENTATION_CONTEXT ( 'NONE', 'WORKASPACE' ) );
#3527 = FACE_OUTER_BOUND ( 'NONE', #3714, .T. ) ;
#3528 = CARTESIAN_POINT ( 'NONE',  ( 3.000000000000000000, 2.850000000000000089, 3.149999999999999911 ) ) ;
#3529 = DIRECTION ( 'NONE',  ( 1.000000000000000000, 0.0000000000000000000, 0.0000000000000000000 ) ) ;
#3530 = PRESENTATION_LAYER_ASSIGNMENT (  '', '', ( #4270 ) ) ;
#3531 = DIRECTION ( 'NONE',  ( 0.0000000000000000000, 0.0000000000000000000, -1.000000000000000000 ) ) ;
#3532 = SHAPE_DEFINITION_REPRESENTATION ( #4256, #2203 ) ;
#3533 = DIRECTION ( 'NONE',  ( 1.000000000000000000, -3.231085104332679983E-15, 0.0000000000000000000 ) ) ;
#3534 =( NAMED_UNIT ( * ) PLANE_ANGLE_UNIT ( ) SI_UNIT ( $, .RADIAN. ) );
#3535 = PLANE ( 'NONE',  #4740 ) ;
#3536 = EDGE_CURVE ( 'NONE', #3189, #3595, #1130, .T. ) ;
#3537 = PLANE ( 'NONE',  #1466 ) ;
#3538 =( LENGTH_UNIT ( ) NAMED_UNIT ( * ) SI_UNIT ( .MILLI., .METRE. ) );
#3539 =( NAMED_UNIT ( * ) SI_UNIT ( $, .STERADIAN. ) SOLID_ANGLE_UNIT ( ) );
#3540 = EDGE_LOOP ( 'NONE', ( #1284, #3663, #1488, #2791 ) ) ;
#3541 = FILL_AREA_STYLE_COLOUR ( '', #4940 ) ;
#3542 = STYLED_ITEM ( 'NONE', ( #4809 ), #3904 ) ;
#3543 =( NAMED_UNIT ( * ) SI_UNIT ( $, .STERADIAN. ) SOLID_ANGLE_UNIT ( ) );
#3545 = EDGE_CURVE ( 'NONE', #3631, #337, #684, .T. ) ;
#3544 = PRESENTATION_STYLE_ASSIGNMENT (( #4757 ) ) ;
#3546 =( NAMED_UNIT ( * ) PLANE_ANGLE_UNIT ( ) SI_UNIT ( $, .RADIAN. ) );
#3547 = CARTESIAN_POINT ( 'NONE',  ( 3.750000000000002665, 3.362671756250250166, 0.3000000000000000444 ) ) ;
#3548 = LINE ( 'NONE', #206, #4563 ) ;
#3549 = ADVANCED_FACE ( 'NONE', ( #2309 ), #2739, .T. ) ;
#3550 = CARTESIAN_POINT ( 'NONE',  ( -3.000000000000000000, 2.850000000000000089, 3.149999999999999911 ) ) ;
#3551 = DIRECTION ( 'NONE',  ( 0.0000000000000000000, 0.0000000000000000000, 1.000000000000000000 ) ) ;
#3552 = CARTESIAN_POINT ( 'NONE',  ( -3.349999999999999645, -3.379109414583250093, 0.4000000000000000222 ) ) ;
#3553 = CARTESIAN_POINT ( 'NONE',  ( -2.083484861008841005, 1.958257569495580608, 3.750000000000000444 ) ) ;
#3554 =( NAMED_UNIT ( * ) PLANE_ANGLE_UNIT ( ) SI_UNIT ( $, .RADIAN. ) );
#3555 = PLANE ( 'NONE',  #2801 ) ;
#3556 =( GEOMETRIC_REPRESENTATION_CONTEXT ( 3 ) GLOBAL_UNCERTAINTY_ASSIGNED_CONTEXT ( ( #952 ) ) GLOBAL_UNIT_ASSIGNED_CONTEXT ( ( #486, #826, #2448 ) ) REPRESENTATION_CONTEXT ( 'NONE', 'WORKASPACE' ) );
#3557 = FILL_AREA_STYLE_COLOUR ( '', #4785 ) ;
#3558 = EDGE_CURVE ( 'NONE', #4164, #1138, #4909, .T. ) ;
#3559 = FILL_AREA_STYLE_COLOUR ( '', #3589 ) ;
#3560 = ORIENTED_EDGE ( 'NONE', *, *, #1253, .T. ) ;
#3561 = CARTESIAN_POINT ( 'NONE',  ( 3.649999999999999467, 1.891781170833500614, 0.3999999999999999667 ) ) ;
#3562 = AXIS2_PLACEMENT_3D ( 'NONE', #4622, #3455, #1406 ) ;
#3563 = COLOUR_RGB ( '',0.7529411764705882248, 0.7529411764705882248, 0.7529411764705882248 ) ;
#3564 = DIRECTION ( 'NONE',  ( 0.0000000000000000000, 0.0000000000000000000, 1.000000000000000000 ) ) ;
#3565 = CIRCLE ( 'NONE', #4807, 0.1499999999999999667 ) ;
#3566 = VECTOR ( 'NONE', #3259, 1000.000000000000000 ) ;
#3567 = DIRECTION ( 'NONE',  ( -0.0000000000000000000, -0.0000000000000000000, -1.000000000000000000 ) ) ;
#3568 = CARTESIAN_POINT ( 'NONE',  ( 3.250000000000000000, 2.241781170833500259, 1.300000000000000044 ) ) ;
#3569 = VERTEX_POINT ( 'NONE', #1268 ) ;
#3570 = UNCERTAINTY_MEASURE_WITH_UNIT (LENGTH_MEASURE( 1.000000000000000082E-05 ), #3850, 'distance_accuracy_value', 'NONE');
#3571 = FILL_AREA_STYLE ('',( #3104 ) ) ;
#3572 = CARTESIAN_POINT ( 'NONE',  ( -3.000000000000000000, 0.0000000000000000000, 3.149999999999999911 ) ) ;
#3573 = CARTESIAN_POINT ( 'NONE',  ( 1.163907813993769080, -1.581953906996888648, 3.637779991155306369 ) ) ;
#3574 =( NAMED_UNIT ( * ) PLANE_ANGLE_UNIT ( ) SI_UNIT ( $, .RADIAN. ) );
#3575 = APPLICATION_PROTOCOL_DEFINITION ( 'draft international standard', 'automotive_design', 1998, #1327 ) ;
#3576 = PRESENTATION_STYLE_ASSIGNMENT (( #4716 ) ) ;
#3577 = FACE_OUTER_BOUND ( 'NONE', #1846, .T. ) ;
#3578 = AXIS2_PLACEMENT_3D ( 'NONE', #3224, #3251, #4475 ) ;
#3579 = PRESENTATION_STYLE_ASSIGNMENT (( #4698 ) ) ;
#3580 = SURFACE_STYLE_FILL_AREA ( #1133 ) ;
#3581 = ADVANCED_FACE ( 'NONE', ( #2876 ), #103, .T. ) ;
#3582 = CARTESIAN_POINT ( 'NONE',  ( 2.083484861008840117, 1.958257569495579276, 3.749999999999999556 ) ) ;
#3583 = PRESENTATION_STYLE_ASSIGNMENT (( #2831 ) ) ;
#3584 =( GEOMETRIC_REPRESENTATION_CONTEXT ( 3 ) GLOBAL_UNCERTAINTY_ASSIGNED_CONTEXT ( ( #1729 ) ) GLOBAL_UNIT_ASSIGNED_CONTEXT ( ( #2659, #3877, #1077 ) ) REPRESENTATION_CONTEXT ( 'NONE', 'WORKASPACE' ) );
#3585 = VERTEX_POINT ( 'NONE', #71 ) ;
#3586 = SURFACE_STYLE_USAGE ( .BOTH. , #3986 ) ;
#3587 = UNCERTAINTY_MEASURE_WITH_UNIT (LENGTH_MEASURE( 1.000000000000000082E-05 ), #4222, 'distance_accuracy_value', 'NONE');
#3588 = FILL_AREA_STYLE_COLOUR ( '', #2039 ) ;
#3589 = COLOUR_RGB ( '',0.7921568627450980005, 0.8196078431372548767, 0.9333333333333333481 ) ;
#3590 = SURFACE_STYLE_USAGE ( .BOTH. , #4364 ) ;
#3591 = DIRECTION ( 'NONE',  ( 1.000000000000000000, 0.0000000000000000000, 0.0000000000000000000 ) ) ;
#3592 = FACE_OUTER_BOUND ( 'NONE', #3243, .T. ) ;
#3593 = SURFACE_SIDE_STYLE ('',( #2030 ) ) ;
#3594 =( GEOMETRIC_REPRESENTATION_CONTEXT ( 3 ) GLOBAL_UNCERTAINTY_ASSIGNED_CONTEXT ( ( #4814 ) ) GLOBAL_UNIT_ASSIGNED_CONTEXT ( ( #597, #2145, #123 ) ) REPRESENTATION_CONTEXT ( 'NONE', 'WORKASPACE' ) );
#3595 = VERTEX_POINT ( 'NONE', #2077 ) ;
#3596 =( NAMED_UNIT ( * ) SI_UNIT ( $, .STERADIAN. ) SOLID_ANGLE_UNIT ( ) );
#3597 = ADVANCED_FACE ( 'NONE', ( #2507 ), #1708, .T. ) ;
#3598 = AXIS2_PLACEMENT_3D ( 'NONE', #5055, #1473, #1499 ) ;
#3599 = CARTESIAN_POINT ( 'NONE',  ( 2.850000000000000089, 2.850000000000000089, 3.149999999999999911 ) ) ;
#3600 = APPLICATION_CONTEXT ( 'automotive_design' ) ;
#3601 = FILL_AREA_STYLE_COLOUR ( '', #1084 ) ;
#3602 = SURFACE_SIDE_STYLE ('',( #4875 ) ) ;
#3603 = VERTEX_POINT ( 'NONE', #4156 ) ;
#3604 = AXIS2_PLACEMENT_3D ( 'NONE', #3629, #3316, #876 ) ;
#3605 = LINE ( 'NONE', #3149, #1062 ) ;
#3606 =( NAMED_UNIT ( * ) SI_UNIT ( $, .STERADIAN. ) SOLID_ANGLE_UNIT ( ) );
#3607 = FILL_AREA_STYLE_COLOUR ( '', #4522 ) ;
#3608 = PRESENTATION_LAYER_ASSIGNMENT (  '', '', ( #4032 ) ) ;
#3609 = LINE ( 'NONE', #3953, #346 ) ;
#3610 = VERTEX_POINT ( 'NONE', #631 ) ;
#3611 = EDGE_CURVE ( 'NONE', #510, #4913, #175, .T. ) ;
#3612 = SURFACE_STYLE_FILL_AREA ( #2771 ) ;
#3613 = CARTESIAN_POINT ( 'NONE',  ( -3.750000000000000000, -1.908218829166499875, 0.3000000000000000444 ) ) ;
#3614 = FILL_AREA_STYLE ('',( #3934 ) ) ;
#3615 = VERTEX_POINT ( 'NONE', #2654 ) ;
#3616 = DIRECTION ( 'NONE',  ( 1.000000000000000000, 0.0000000000000000000, -0.0000000000000000000 ) ) ;
#3617 =( NAMED_UNIT ( * ) PLANE_ANGLE_UNIT ( ) SI_UNIT ( $, .RADIAN. ) );
#3618 = LINE ( 'NONE', #2428, #2062 ) ;
#3619 = EDGE_LOOP ( 'NONE', ( #979, #593, #5169, #161 ) ) ;
#3620 = UNCERTAINTY_MEASURE_WITH_UNIT (LENGTH_MEASURE( 1.000000000000000082E-05 ), #4321, 'distance_accuracy_value', 'NONE');
#3621 = DIRECTION ( 'NONE',  ( 0.0000000000000000000, 0.0000000000000000000, 1.000000000000000000 ) ) ;
#3622 = DIRECTION ( 'NONE',  ( 0.0000000000000000000, 1.000000000000000000, 0.0000000000000000000 ) ) ;
#3623 = EDGE_CURVE ( 'NONE', #1718, #3189, #3453, .T. ) ;
#3624 = CARTESIAN_POINT ( 'NONE',  ( 2.000000000000000000, 2.041742430504419392, 3.750000000000000000 ) ) ;
#3625 = ORIENTED_EDGE ( 'NONE', *, *, #4267, .T. ) ;
#3626 = ORIENTED_EDGE ( 'NONE', *, *, #1602, .T. ) ;
#3627 = ITEM_DEFINED_TRANSFORMATION ( 'NONE', 'NONE', #2162,  #3507 ) ;
#3628 =( NAMED_UNIT ( * ) SI_UNIT ( $, .STERADIAN. ) SOLID_ANGLE_UNIT ( ) );
#3629 = CARTESIAN_POINT ( 'NONE',  ( 3.000000000000000000, 2.241781170833500259, 1.000000000000000000 ) ) ;
#3630 = CARTESIAN_POINT ( 'NONE',  ( -3.000000000000000444, 1.500000000000001332, 3.450000000000000622 ) ) ;
#3631 = VERTEX_POINT ( 'NONE', #1024 ) ;
#3632 = LINE ( 'NONE', #483, #2819 ) ;
#3633 = CLOSED_SHELL ( 'NONE', ( #3734, #2304, #2119, #2221 ) ) ;
#3634 = FILL_AREA_STYLE_COLOUR ( '', #1299 ) ;
#3635 = SURFACE_SIDE_STYLE ('',( #4088 ) ) ;
#3636 = VECTOR ( 'NONE', #2729, 1000.000000000000000 ) ;
#3637 =( NAMED_UNIT ( * ) PLANE_ANGLE_UNIT ( ) SI_UNIT ( $, .RADIAN. ) );
#3638 = ORIENTED_EDGE ( 'NONE', *, *, #1216, .F. ) ;
#3639 = SURFACE_STYLE_FILL_AREA ( #4041 ) ;
#3640 = UNCERTAINTY_MEASURE_WITH_UNIT (LENGTH_MEASURE( 1.000000000000000082E-05 ), #105, 'distance_accuracy_value', 'NONE');
#3641 = PLANE ( 'NONE',  #857 ) ;
#3642 = FILL_AREA_STYLE_COLOUR ( '', #3960 ) ;
#3643 = FILL_AREA_STYLE_COLOUR ( '', #534 ) ;
#3644 = PRESENTATION_LAYER_ASSIGNMENT (  '', '', ( #967 ) ) ;
#3645 = VERTEX_POINT ( 'NONE', #1044 ) ;
#3646 = VECTOR ( 'NONE', #383, 1000.000000000000000 ) ;
#3647 = ADVANCED_FACE ( 'NONE', ( #2954 ), #697, .T. ) ;
#3648 = DIRECTION ( 'NONE',  ( -0.0000000000000000000, -1.000000000000000000, -0.0000000000000000000 ) ) ;
#3649 = CARTESIAN_POINT ( 'NONE',  ( -3.349999999999999645, 2.591781170833500347, 0.4000000000000000222 ) ) ;
#3650 = SURFACE_STYLE_FILL_AREA ( #791 ) ;
#3651 = VERTEX_POINT ( 'NONE', #3370 ) ;
#3652 = CIRCLE ( 'NONE', #260, 0.4000000000000001887 ) ;
#3653 = VERTEX_POINT ( 'NONE', #1838 ) ;
#3654 = COLOUR_RGB ( '',0.7529411764705882248, 0.7529411764705882248, 0.7529411764705882248 ) ;
#3655 = SHAPE_REPRESENTATION ( '8', ( #3507 ), #3511 ) ;
#3656 = CONTEXT_DEPENDENT_SHAPE_REPRESENTATION ( #4462, #2461 ) ;
#3657 = DIRECTION ( 'NONE',  ( 1.000000000000000000, 0.0000000000000000000, -0.0000000000000000000 ) ) ;
#3658 = EDGE_CURVE ( 'NONE', #4635, #4848, #4964, .T. ) ;
#3659 = SURFACE_STYLE_USAGE ( .BOTH. , #1625 ) ;
#3660 = MECHANICAL_DESIGN_GEOMETRIC_PRESENTATION_REPRESENTATION (  '', ( #3131 ), #2898 ) ;
#3661 = LINE ( 'NONE', #11, #2501 ) ;
#3662 = CARTESIAN_POINT ( 'NONE',  ( 4.500000000000000000, 1.891781170833498837, 0.2999999999999999889 ) ) ;
#3663 = ORIENTED_EDGE ( 'NONE', *, *, #3004, .F. ) ;
#3664 = SURFACE_STYLE_FILL_AREA ( #2906 ) ;
#3665 = EDGE_CURVE ( 'NONE', #4265, #1214, #2978, .T. ) ;
#3666 = CIRCLE ( 'NONE', #3241, 0.5000000000000000000 ) ;
#3667 = FILL_AREA_STYLE_COLOUR ( '', #201 ) ;
#3668 = FILL_AREA_STYLE ('',( #1218 ) ) ;
#3669 = SURFACE_STYLE_FILL_AREA ( #111 ) ;
#3670 = EDGE_LOOP ( 'NONE', ( #3427, #399, #5072, #2262 ) ) ;
#3671 = CARTESIAN_POINT ( 'NONE',  ( 3.350000000000000089, -2.258218829166500186, 0.0000000000000000000 ) ) ;
#3672 = AXIS2_PLACEMENT_3D ( 'NONE', #1359, #3279, #1748 ) ;
#3673 = APPLICATION_CONTEXT ( 'automotive_design' ) ;
#3674 = CARTESIAN_POINT ( 'NONE',  ( -3.649999999999999911, 2.591781170833500347, 0.0000000000000000000 ) ) ;
#3675 = PRESENTATION_LAYER_ASSIGNMENT (  '', '', ( #4096 ) ) ;
#3676 = SURFACE_STYLE_FILL_AREA ( #1173 ) ;
#3677 = CARTESIAN_POINT ( 'NONE',  ( 0.0000000000000000000, 0.0000000000000000000, 0.0000000000000000000 ) ) ;
#3678 = ORIENTED_EDGE ( 'NONE', *, *, #182, .T. ) ;
#3679 = CARTESIAN_POINT ( 'NONE',  ( 4.500000000000000888, -1.908218829166499875, 0.0000000000000000000 ) ) ;
#3680 = EDGE_LOOP ( 'NONE', ( #3780, #1110, #424, #3261 ) ) ;
#3681 = AXIS2_PLACEMENT_3D ( 'NONE', #653, #2275, #3893 ) ;
#3682 = CARTESIAN_POINT ( 'NONE',  ( 0.0000000000000000000, 0.0000000000000000000, 3.449999999999999734 ) ) ;
#3683 = CYLINDRICAL_SURFACE ( 'NONE', #257, 0.1499999999999999667 ) ;
#3684 = DIRECTION ( 'NONE',  ( 0.0000000000000000000, 0.0000000000000000000, 1.000000000000000000 ) ) ;
#3685 = CARTESIAN_POINT ( 'NONE',  ( -2.000000000000000000, 2.000000000000000000, 3.449999999999999734 ) ) ;
#3686 = SURFACE_STYLE_USAGE ( .BOTH. , #37 ) ;
#3687 = ORIENTED_EDGE ( 'NONE', *, *, #5182, .T. ) ;
#3688 = MECHANICAL_DESIGN_GEOMETRIC_PRESENTATION_REPRESENTATION (  '', ( #1666 ), #2850 ) ;
#3689 = PRESENTATION_STYLE_ASSIGNMENT (( #2900 ) ) ;
#3690 = CONTEXT_DEPENDENT_SHAPE_REPRESENTATION ( #2662, #3694 ) ;
#3691 = CYLINDRICAL_SURFACE ( 'NONE', #3740, 0.1000000000000000472 ) ;
#3692 = CARTESIAN_POINT ( 'NONE',  ( -3.000000000000000000, -2.608218829166499830, 1.000000000000000000 ) ) ;
#3693 = PRODUCT_DEFINITION_CONTEXT ( 'detailed design', #2871, 'design' ) ;
#3694 = PRODUCT_DEFINITION_SHAPE ( 'NONE', 'NONE',  #5223 ) ;
#3695 = ORIENTED_EDGE ( 'NONE', *, *, #4143, .F. ) ;
#3696 = VECTOR ( 'NONE', #4213, 1000.000000000000000 ) ;
#3697 = FILL_AREA_STYLE ('',( #2079 ) ) ;
#3698 =( LENGTH_UNIT ( ) NAMED_UNIT ( * ) SI_UNIT ( .MILLI., .METRE. ) );
#3699 = DIRECTION ( 'NONE',  ( -0.0000000000000000000, -1.000000000000000000, -0.0000000000000000000 ) ) ;
#3700 = ORIENTED_EDGE ( 'NONE', *, *, #4121, .T. ) ;
#3701 = EDGE_CURVE ( 'NONE', #3790, #4509, #1404, .T. ) ;
#3702 = UNCERTAINTY_MEASURE_WITH_UNIT (LENGTH_MEASURE( 1.000000000000000082E-05 ), #5196, 'distance_accuracy_value', 'NONE');
#3703 =( LENGTH_UNIT ( ) NAMED_UNIT ( * ) SI_UNIT ( .MILLI., .METRE. ) );
#3704 = SURFACE_STYLE_FILL_AREA ( #4955 ) ;
#3705 = SURFACE_STYLE_FILL_AREA ( #2490 ) ;
#3706 = ORIENTED_EDGE ( 'NONE', *, *, #451, .T. ) ;
#3707 = DIRECTION ( 'NONE',  ( -0.0000000000000000000, 1.000000000000000000, -0.0000000000000000000 ) ) ;
#3708 = EDGE_CURVE ( 'NONE', #2950, #4709, #2607, .T. ) ;
#3709 = ORIENTED_EDGE ( 'NONE', *, *, #157, .T. ) ;
#3710 = FILL_AREA_STYLE_COLOUR ( '', #1955 ) ;
#3711 = EDGE_CURVE ( 'NONE', #1681, #4404, #3501, .T. ) ;
#3712 = STYLED_ITEM ( 'NONE', ( #1143 ), #3868 ) ;
#3713 =( NAMED_UNIT ( * ) PLANE_ANGLE_UNIT ( ) SI_UNIT ( $, .RADIAN. ) );
#3714 = EDGE_LOOP ( 'NONE', ( #566, #2108, #3203, #211 ) ) ;
#3715 = EDGE_LOOP ( 'NONE', ( #1001, #3709, #501, #2688 ) ) ;
#3716 = MECHANICAL_DESIGN_GEOMETRIC_PRESENTATION_REPRESENTATION (  '', ( #3542 ), #1690 ) ;
#3717 = CARTESIAN_POINT ( 'NONE',  ( -2.083484861008839673, 1.958257569495581052, 3.750000000000000000 ) ) ;
#3718 =( NAMED_UNIT ( * ) SI_UNIT ( $, .STERADIAN. ) SOLID_ANGLE_UNIT ( ) );
#3719 = DIRECTION ( 'NONE',  ( 1.000000000000000000, -3.231085104332679983E-15, 0.0000000000000000000 ) ) ;
#3720 = FACE_OUTER_BOUND ( 'NONE', #4370, .T. ) ;
#3721 = VERTEX_POINT ( 'NONE', #1886 ) ;
#3722 = CARTESIAN_POINT ( 'NONE',  ( 1.000000000000000000, 3.000000000000000444, 0.0000000000000000000 ) ) ;
#3723 = CARTESIAN_POINT ( 'NONE',  ( -3.000000000000000000, -2.258218829166500186, 1.000000000000000000 ) ) ;
#3724 =( NAMED_UNIT ( * ) SI_UNIT ( $, .STERADIAN. ) SOLID_ANGLE_UNIT ( ) );
#3725 = FILL_AREA_STYLE_COLOUR ( '', #2588 ) ;
#3726 = ORIENTED_EDGE ( 'NONE', *, *, #3825, .F. ) ;
#3727 = VECTOR ( 'NONE', #3766, 1000.000000000000000 ) ;
#3728 = MANIFOLD_SOLID_BREP ( 'Imported1', #2282 ) ;
#3729 = MECHANICAL_DESIGN_GEOMETRIC_PRESENTATION_REPRESENTATION (  '', ( #2370 ), #1465 ) ;
#3730 = ORIENTED_EDGE ( 'NONE', *, *, #4340, .T. ) ;
#3731 =( LENGTH_UNIT ( ) NAMED_UNIT ( * ) SI_UNIT ( .MILLI., .METRE. ) );
#3732 = AXIS2_PLACEMENT_3D ( 'NONE', #2053, #4407, #1634 ) ;
#3733 = UNCERTAINTY_MEASURE_WITH_UNIT (LENGTH_MEASURE( 1.000000000000000082E-05 ), #2028, 'distance_accuracy_value', 'NONE');
#3734 = ADVANCED_FACE ( 'NONE', ( #3527 ), #4524, .T. ) ;
#3735 = ORIENTED_EDGE ( 'NONE', *, *, #4582, .F. ) ;
#3736 = DIRECTION ( 'NONE',  ( 0.0000000000000000000, 0.0000000000000000000, 1.000000000000000000 ) ) ;
#3737 = ORIENTED_EDGE ( 'NONE', *, *, #3754, .F. ) ;
#3738 = VERTEX_POINT ( 'NONE', #1097 ) ;
#3739 = EDGE_CURVE ( 'NONE', #4498, #4554, #138, .T. ) ;
#3740 = AXIS2_PLACEMENT_3D ( 'NONE', #3832, #3443, #1014 ) ;
#3741 = DIRECTION ( 'NONE',  ( -3.231085104332679983E-15, -1.000000000000000000, 0.0000000000000000000 ) ) ;
#3742 =( NAMED_UNIT ( * ) SI_UNIT ( $, .STERADIAN. ) SOLID_ANGLE_UNIT ( ) );
#3743 = FACE_OUTER_BOUND ( 'NONE', #814, .T. ) ;
#3744 = COLOUR_RGB ( '',0.0000000000000000000, 0.0000000000000000000, 0.0000000000000000000 ) ;
#3745 = ORIENTED_EDGE ( 'NONE', *, *, #4707, .F. ) ;
#3746 =( REPRESENTATION_RELATIONSHIP ('NONE','NONE', #3242, #5024 ) REPRESENTATION_RELATIONSHIP_WITH_TRANSFORMATION ( #4485 )SHAPE_REPRESENTATION_RELATIONSHIP( ) );
#3747 = DIRECTION ( 'NONE',  ( 0.0000000000000000000, 0.0000000000000000000, -1.000000000000000000 ) ) ;
#3748 = FACE_OUTER_BOUND ( 'NONE', #4537, .T. ) ;
#3749 = VECTOR ( 'NONE', #4956, 1000.000000000000000 ) ;
#3750 = DIRECTION ( 'NONE',  ( 1.000000000000000000, 0.0000000000000000000, 0.0000000000000000000 ) ) ;
#3751 = EDGE_LOOP ( 'NONE', ( #5218, #2459, #3678, #2190 ) ) ;
#3752 = CIRCLE ( 'NONE', #4165, 0.09999999999999999167 ) ;
#3753 = UNCERTAINTY_MEASURE_WITH_UNIT (LENGTH_MEASURE( 1.000000000000000082E-05 ), #108, 'distance_accuracy_value', 'NONE');
#3754 = EDGE_CURVE ( 'NONE', #4748, #1817, #675, .T. ) ;
#3755 =( NAMED_UNIT ( * ) PLANE_ANGLE_UNIT ( ) SI_UNIT ( $, .RADIAN. ) );
#3756 = COLOUR_RGB ( '',0.7529411764705882248, 0.7529411764705882248, 0.7529411764705882248 ) ;
#3757 = FILL_AREA_STYLE_COLOUR ( '', #1776 ) ;
#3758 =( NAMED_UNIT ( * ) SI_UNIT ( $, .STERADIAN. ) SOLID_ANGLE_UNIT ( ) );
#3759 = EDGE_LOOP ( 'NONE', ( #2482, #820, #2797, #320 ) ) ;
#3760 =( NAMED_UNIT ( * ) PLANE_ANGLE_UNIT ( ) SI_UNIT ( $, .RADIAN. ) );
#3761 = STYLED_ITEM ( 'NONE', ( #1922 ), #5213 ) ;
#3762 = MECHANICAL_DESIGN_GEOMETRIC_PRESENTATION_REPRESENTATION (  '', ( #1141 ), #4175 ) ;
#3763 = PRESENTATION_LAYER_ASSIGNMENT (  '', '', ( #3428 ) ) ;
#3764 = ORIENTED_EDGE ( 'NONE', *, *, #4972, .T. ) ;
#3765 = FILL_AREA_STYLE ('',( #3031 ) ) ;
#3766 = DIRECTION ( 'NONE',  ( -0.0000000000000000000, -1.000000000000000000, -0.0000000000000000000 ) ) ;
#3767 = ORIENTED_EDGE ( 'NONE', *, *, #1150, .F. ) ;
#3768 = MECHANICAL_DESIGN_GEOMETRIC_PRESENTATION_REPRESENTATION (  '', ( #4501 ), #4671 ) ;
#3769 = ADVANCED_FACE ( 'NONE', ( #1314 ), #1651, .T. ) ;
#3770 =( NAMED_UNIT ( * ) SI_UNIT ( $, .STERADIAN. ) SOLID_ANGLE_UNIT ( ) );
#3771 = CARTESIAN_POINT ( 'NONE',  ( 2.000000000000000000, -1.753372802003357878, 3.749999999999998224 ) ) ;
#3772 = CARTESIAN_POINT ( 'NONE',  ( -4.074999999999999289, 2.591781170833500347, 1.300000000000000044 ) ) ;
#3773 = AXIS2_PLACEMENT_3D ( 'NONE', #5046, #2259, #1460 ) ;
#3774 = CARTESIAN_POINT ( 'NONE',  ( 2.083484861008840117, 1.958257569495579498, 3.749999999999999556 ) ) ;
#3775 = EDGE_CURVE ( 'NONE', #22, #2873, #3181, .T. ) ;
#3776 = PRESENTATION_STYLE_ASSIGNMENT (( #4859 ) ) ;
#3777 = DIRECTION ( 'NONE',  ( 0.0000000000000000000, 0.0000000000000000000, 1.000000000000000000 ) ) ;
#3778 = VECTOR ( 'NONE', #749, 1000.000000000000000 ) ;
#3779 = PLANE ( 'NONE',  #1613 ) ;
#3780 = ORIENTED_EDGE ( 'NONE', *, *, #1150, .T. ) ;
#3781 = AXIS2_PLACEMENT_3D ( 'NONE', #3302, #4924, #4170 ) ;
#3782 = CARTESIAN_POINT ( 'NONE',  ( -0.9999999999999886757, 2.499999999999999556, 3.450000000000000622 ) ) ;
#3783 = FILL_AREA_STYLE_COLOUR ( '', #5195 ) ;
#3784 = AXIS2_PLACEMENT_3D ( 'NONE', #473, #3622, #3684 ) ;
#3785 = ORIENTED_EDGE ( 'NONE', *, *, #1676, .F. ) ;
#3786 = UNCERTAINTY_MEASURE_WITH_UNIT (LENGTH_MEASURE( 1.000000000000000082E-05 ), #3698, 'distance_accuracy_value', 'NONE');
#3787 = FILL_AREA_STYLE_COLOUR ( '', #2672 ) ;
#3788 = ORIENTED_EDGE ( 'NONE', *, *, #738, .F. ) ;
#3789 = CARTESIAN_POINT ( 'NONE',  ( 3.749999999999998668, -1.908218829166500319, 0.0000000000000000000 ) ) ;
#3790 = VERTEX_POINT ( 'NONE', #4221 ) ;
#3791 = UNCERTAINTY_MEASURE_WITH_UNIT (LENGTH_MEASURE( 1.000000000000000082E-05 ), #3538, 'distance_accuracy_value', 'NONE');
#3792 = CARTESIAN_POINT ( 'NONE',  ( -3.750000000000000000, -1.908218829166499875, 0.4000000000000000222 ) ) ;
#3793 = SURFACE_STYLE_USAGE ( .BOTH. , #1786 ) ;
#3794 = UNCERTAINTY_MEASURE_WITH_UNIT (LENGTH_MEASURE( 1.000000000000000082E-05 ), #1242, 'distance_accuracy_value', 'NONE');
#3795 = ADVANCED_FACE ( 'NONE', ( #577 ), #3365, .T. ) ;
#3796 = CARTESIAN_POINT ( 'NONE',  ( 4.500000000000000000, 2.241781170833500259, 0.0000000000000000000 ) ) ;
#3797 = SURFACE_SIDE_STYLE ('',( #176 ) ) ;
#3798 = ORIENTED_EDGE ( 'NONE', *, *, #24, .F. ) ;
#3799 = CARTESIAN_POINT ( 'NONE',  ( 0.0000000000000000000, 0.0000000000000000000, 0.0000000000000000000 ) ) ;
#3800 = PRESENTATION_STYLE_ASSIGNMENT (( #2536 ) ) ;
#3801 = ORIENTED_EDGE ( 'NONE', *, *, #1179, .T. ) ;
#3802 = CARTESIAN_POINT ( 'NONE',  ( -1.506745604006714867, 1.753372802003352993, 3.749999999999998224 ) ) ;
#3803 = STYLED_ITEM ( 'NONE', ( #2717 ), #4115 ) ;
#3804 = SURFACE_STYLE_USAGE ( .BOTH. , #2167 ) ;
#3805 =( NAMED_UNIT ( * ) SI_UNIT ( $, .STERADIAN. ) SOLID_ANGLE_UNIT ( ) );
#3806 = ORIENTED_EDGE ( 'NONE', *, *, #3049, .T. ) ;
#3807 = CARTESIAN_POINT ( 'NONE',  ( 3.649999999999999911, 1.891781170833501280, 0.0000000000000000000 ) ) ;
#3808 = AXIS2_PLACEMENT_3D ( 'NONE', #1653, #2896, #756 ) ;
#3809 = SURFACE_STYLE_FILL_AREA ( #3765 ) ;
#3810 = FACE_OUTER_BOUND ( 'NONE', #2952, .T. ) ;
#3811 = CIRCLE ( 'NONE', #1618, 0.5000000000000000000 ) ;
#3812 = VERTEX_POINT ( 'NONE', #4638 ) ;
#3813 = ADVANCED_FACE ( 'NONE', ( #4177 ), #3003, .F. ) ;
#3814 = PLANE ( 'NONE',  #3855 ) ;
#3815 = FILL_AREA_STYLE ('',( #3843 ) ) ;
#3816 = CARTESIAN_POINT ( 'NONE',  ( -4.500000000000000000, 2.591781170833500347, 0.2999999999999999889 ) ) ;
#3817 = FILL_AREA_STYLE_COLOUR ( '', #428 ) ;
#3818 = ORIENTED_EDGE ( 'NONE', *, *, #2337, .T. ) ;
#3819 = PRESENTATION_LAYER_ASSIGNMENT (  '', '', ( #1401 ) ) ;
#3820 = ADVANCED_FACE ( 'NONE', ( #1522 ), #1878, .T. ) ;
#3821 = DIRECTION ( 'NONE',  ( 1.000000000000000000, 0.0000000000000000000, 0.0000000000000000000 ) ) ;
#3822 = PRESENTATION_LAYER_ASSIGNMENT (  '', '', ( #861 ) ) ;
#3823 = PLANE ( 'NONE',  #1813 ) ;
#3824 = VERTEX_POINT ( 'NONE', #700 ) ;
#3825 = EDGE_CURVE ( 'NONE', #958, #4905, #4441, .T. ) ;
#3826 = DIRECTION ( 'NONE',  ( 0.0000000000000000000, 0.0000000000000000000, 1.000000000000000000 ) ) ;
#3827 = CARTESIAN_POINT ( 'NONE',  ( -3.649999999999999911, -1.908218829166499875, 0.9000000000000000222 ) ) ;
#3828 = AXIS2_PLACEMENT_3D ( 'NONE', #1235, #3294, #2509 ) ;
#3829 =( LENGTH_UNIT ( ) NAMED_UNIT ( * ) SI_UNIT ( .MILLI., .METRE. ) );
#3830 = VERTEX_POINT ( 'NONE', #2698 ) ;
#3831 = VECTOR ( 'NONE', #965, 1000.000000000000000 ) ;
#3832 = CARTESIAN_POINT ( 'NONE',  ( -3.250000000000000000, -2.258218829166500186, 0.9000000000000000222 ) ) ;
#3833 = STYLED_ITEM ( 'NONE', ( #552 ), #4867 ) ;
#3834 = SURFACE_SIDE_STYLE ('',( #602 ) ) ;
#3835 = ORIENTED_EDGE ( 'NONE', *, *, #52, .T. ) ;
#3836 = ORIENTED_EDGE ( 'NONE', *, *, #3214, .F. ) ;
#3837 = PRESENTATION_LAYER_ASSIGNMENT (  '', '', ( #2742 ) ) ;
#3838 = UNCERTAINTY_MEASURE_WITH_UNIT (LENGTH_MEASURE( 1.000000000000000082E-05 ), #4798, 'distance_accuracy_value', 'NONE');
#3839 = PLANE ( 'NONE',  #1157 ) ;
#3840 = COLOUR_RGB ( '',0.7921568627450980005, 0.8196078431372548767, 0.9333333333333333481 ) ;
#3841 = STYLED_ITEM ( 'NONE', ( #3244 ), #5124 ) ;
#3842 = APPLICATION_CONTEXT ( 'automotive_design' ) ;
#3843 = FILL_AREA_STYLE_COLOUR ( '', #4759 ) ;
#3844 = AXIS2_PLACEMENT_3D ( 'NONE', #2158, #883, #915 ) ;
#3845 = DIRECTION ( 'NONE',  ( -3.231085104332679983E-15, -1.000000000000000000, -0.0000000000000000000 ) ) ;
#3846 = CARTESIAN_POINT ( 'NONE',  ( 0.0000000000000000000, -2.608218829166499830, 0.0000000000000000000 ) ) ;
#3847 = PRODUCT_RELATED_PRODUCT_CATEGORY ( 'part', '', ( #2197 ) ) ;
#3848 = FILL_AREA_STYLE_COLOUR ( '', #2968 ) ;
#3849 = MECHANICAL_DESIGN_GEOMETRIC_PRESENTATION_REPRESENTATION (  '', ( #3428 ), #3928 ) ;
#3850 =( LENGTH_UNIT ( ) NAMED_UNIT ( * ) SI_UNIT ( .MILLI., .METRE. ) );
#3851 = PRESENTATION_STYLE_ASSIGNMENT (( #3457 ) ) ;
#3852 = VECTOR ( 'NONE', #4939, 1000.000000000000000 ) ;
#3853 = SURFACE_SIDE_STYLE ('',( #2534 ) ) ;
#3854 = DIRECTION ( 'NONE',  ( 1.000000000000000000, 0.0000000000000000000, -0.0000000000000000000 ) ) ;
#3855 = AXIS2_PLACEMENT_3D ( 'NONE', #4963, #3422, #3741 ) ;
#3856 = ORIENTED_EDGE ( 'NONE', *, *, #5156, .T. ) ;
#3857 = MECHANICAL_DESIGN_GEOMETRIC_PRESENTATION_REPRESENTATION (  '', ( #192 ), #468 ) ;
#3858 = SURFACE_SIDE_STYLE ('',( #3510 ) ) ;
#3859 = STYLED_ITEM ( 'NONE', ( #1656 ), #3340 ) ;
#3860 =( NAMED_UNIT ( * ) PLANE_ANGLE_UNIT ( ) SI_UNIT ( $, .RADIAN. ) );
#3861 = EDGE_CURVE ( 'NONE', #4982, #4265, #4661, .T. ) ;
#3862 = ORIENTED_EDGE ( 'NONE', *, *, #3701, .F. ) ;
#3863 = PLANE ( 'NONE',  #269 ) ;
#3864 = STYLED_ITEM ( 'NONE', ( #420 ), #3581 ) ;
#3865 = UNCERTAINTY_MEASURE_WITH_UNIT (LENGTH_MEASURE( 1.000000000000000082E-05 ), #4428, 'distance_accuracy_value', 'NONE');
#3866 = CARTESIAN_POINT ( 'NONE',  ( -3.350000000000000089, -2.608218829166499830, 0.9000000000000000222 ) ) ;
#3867 = LINE ( 'NONE', #1851, #4262 ) ;
#3868 = MANIFOLD_SOLID_BREP ( 'Imported1', #2708 ) ;
#3869 =( NAMED_UNIT ( * ) PLANE_ANGLE_UNIT ( ) SI_UNIT ( $, .RADIAN. ) );
#3870 =( LENGTH_UNIT ( ) NAMED_UNIT ( * ) SI_UNIT ( .MILLI., .METRE. ) );
#3871 = CARTESIAN_POINT ( 'NONE',  ( 0.0000000000000000000, -2.608218829166499830, 0.2999999999999999889 ) ) ;
#3872 = CARTESIAN_POINT ( 'NONE',  ( -3.000000000000000000, 0.0000000000000000000, 3.149999999999999911 ) ) ;
#3873 = EDGE_CURVE ( 'NONE', #4086, #4124, #580, .T. ) ;
#3874 = VECTOR ( 'NONE', #624, 1000.000000000000000 ) ;
#3875 =( LENGTH_UNIT ( ) NAMED_UNIT ( * ) SI_UNIT ( .MILLI., .METRE. ) );
#3876 = CARTESIAN_POINT ( 'NONE',  ( 3.749999999999996447, -2.608218829166499386, 0.3000000000000000444 ) ) ;
#3877 =( NAMED_UNIT ( * ) PLANE_ANGLE_UNIT ( ) SI_UNIT ( $, .RADIAN. ) );
#3878 = PRODUCT_CONTEXT ( 'NONE', #4904, 'mechanical' ) ;
#3879 = DIRECTION ( 'NONE',  ( 1.000000000000000000, 0.0000000000000000000, -0.0000000000000000000 ) ) ;
#3880 = EDGE_LOOP ( 'NONE', ( #599, #2318 ) ) ;
#3881 = DIRECTION ( 'NONE',  ( -1.000000000000000000, 0.0000000000000000000, -0.0000000000000000000 ) ) ;
#3882 =( BOUNDED_CURVE ( )  B_SPLINE_CURVE ( 3, ( #2414, #1687, #2532, #4437 ),
 .UNSPECIFIED., .F., .T. ) 
 B_SPLINE_CURVE_WITH_KNOTS ( ( 4, 4 ),
 ( 0.0000000000000000000, 1.000000000000000000 ),
 .UNSPECIFIED. ) 
 CURVE ( )  GEOMETRIC_REPRESENTATION_ITEM ( )  RATIONAL_B_SPLINE_CURVE ( ( 1.000000000000000000, 0.3333333333333333703, 0.3333333333333333703, 1.000000000000000000 ) ) 
 REPRESENTATION_ITEM ( '' )  );
#3883 = COLOUR_RGB ( '',0.7529411764705882248, 0.7529411764705882248, 0.7529411764705882248 ) ;
#3884 = CARTESIAN_POINT ( 'NONE',  ( 2.000000000000000000, 2.500000000000000000, 3.449999999999999734 ) ) ;
#3885 = ORIENTED_EDGE ( 'NONE', *, *, #2794, .T. ) ;
#3886 = PLANE ( 'NONE',  #3672 ) ;
#3887 = EDGE_CURVE ( 'NONE', #1214, #3790, #2092, .T. ) ;
#3888 = COLOUR_RGB ( '',0.7529411764705882248, 0.7529411764705882248, 0.7529411764705882248 ) ;
#3889 = FILL_AREA_STYLE_COLOUR ( '', #2515 ) ;
#3890 =( NAMED_UNIT ( * ) PLANE_ANGLE_UNIT ( ) SI_UNIT ( $, .RADIAN. ) );
#3891 = MECHANICAL_DESIGN_GEOMETRIC_PRESENTATION_REPRESENTATION (  '', ( #4064 ), #2362 ) ;
#3892 = PRODUCT ( '4', '4', '', ( #4305 ) ) ;
#3893 = DIRECTION ( 'NONE',  ( 0.0000000000000000000, 0.0000000000000000000, -1.000000000000000000 ) ) ;
#3894 = ADVANCED_FACE ( 'NONE', ( #1595 ), #57, .T. ) ;
#3895 = CARTESIAN_POINT ( 'NONE',  ( -2.850000000000000089, 2.850000000000000089, 3.149999999999999911 ) ) ;
#3896 = MECHANICAL_DESIGN_GEOMETRIC_PRESENTATION_REPRESENTATION (  '', ( #4889 ), #512 ) ;
#3897 =( NAMED_UNIT ( * ) SI_UNIT ( $, .STERADIAN. ) SOLID_ANGLE_UNIT ( ) );
#3898 = DIRECTION ( 'NONE',  ( 0.0000000000000000000, 0.0000000000000000000, 1.000000000000000000 ) ) ;
#3899 = APPLICATION_PROTOCOL_DEFINITION ( 'draft international standard', 'automotive_design', 1998, #2766 ) ;
#3900 = CARTESIAN_POINT ( 'NONE',  ( -2.000000000000000000, -2.000000000000000000, 3.449999999999999734 ) ) ;
#3901 = LINE ( 'NONE', #4033, #2914 ) ;
#3902 = ORIENTED_EDGE ( 'NONE', *, *, #2113, .F. ) ;
#3903 = AXIS2_PLACEMENT_3D ( 'NONE', #1442, #1866, #186 ) ;
#3904 = MANIFOLD_SOLID_BREP ( 'Imported1', #239 ) ;
#3905 = DIRECTION ( 'NONE',  ( 0.0000000000000000000, 0.0000000000000000000, 1.000000000000000000 ) ) ;
#3906 = ORIENTED_EDGE ( 'NONE', *, *, #648, .T. ) ;
#3907 = PRESENTATION_LAYER_ASSIGNMENT (  '', '', ( #1882 ) ) ;
#3908 = PRESENTATION_STYLE_ASSIGNMENT (( #1849 ) ) ;
#3909 = EDGE_CURVE ( 'NONE', #2413, #4105, #2444, .T. ) ;
#3910 = AXIS2_PLACEMENT_3D ( 'NONE', #2272, #4317, #198 ) ;
#3911 = CARTESIAN_POINT ( 'NONE',  ( -2.000000000000000000, 1.958257569495580608, 3.750000000000000000 ) ) ;
#3912 = PLANE ( 'NONE',  #91 ) ;
#3913 =( LENGTH_UNIT ( ) NAMED_UNIT ( * ) SI_UNIT ( .MILLI., .METRE. ) );
#3914 = UNCERTAINTY_MEASURE_WITH_UNIT (LENGTH_MEASURE( 1.000000000000000082E-05 ), #1610, 'distance_accuracy_value', 'NONE');
#3915 =( LENGTH_UNIT ( ) NAMED_UNIT ( * ) SI_UNIT ( .MILLI., .METRE. ) );
#3916 = CARTESIAN_POINT ( 'NONE',  ( -3.250000000000000000, 1.891781170833499948, 1.000000000000000000 ) ) ;
#3917 = CIRCLE ( 'NONE', #3151, 1.750000000000000000 ) ;
#3918 = SURFACE_STYLE_USAGE ( .BOTH. , #1069 ) ;
#3919 = FILL_AREA_STYLE ('',( #3078 ) ) ;
#3920 = CIRCLE ( 'NONE', #4580, 0.09999999999999982514 ) ;
#3921 = SURFACE_STYLE_USAGE ( .BOTH. , #632 ) ;
#3922 = EDGE_CURVE ( 'NONE', #147, #4596, #750, .T. ) ;
#3923 = SURFACE_STYLE_FILL_AREA ( #3147 ) ;
#3924 = PRESENTATION_LAYER_ASSIGNMENT (  '', '', ( #1141 ) ) ;
#3925 = SHAPE_DEFINITION_REPRESENTATION ( #4337, #1841 ) ;
#3926 = AXIS2_PLACEMENT_3D ( 'NONE', #3350, #2050, #2134 ) ;
#3927 = CARTESIAN_POINT ( 'NONE',  ( -2.850000000000000089, -2.850000000000000089, 3.449999999999999734 ) ) ;
#3928 =( GEOMETRIC_REPRESENTATION_CONTEXT ( 3 ) GLOBAL_UNCERTAINTY_ASSIGNED_CONTEXT ( ( #1153 ) ) GLOBAL_UNIT_ASSIGNED_CONTEXT ( ( #391, #875, #848 ) ) REPRESENTATION_CONTEXT ( 'NONE', 'WORKASPACE' ) );
#3929 = CARTESIAN_POINT ( 'NONE',  ( -3.349999999999999645, 1.891781170833499948, 0.4000000000000000222 ) ) ;
#3930 = EDGE_CURVE ( 'NONE', #3615, #13, #2372, .T. ) ;
#3931 = SURFACE_SIDE_STYLE ('',( #2312 ) ) ;
#3932 = VECTOR ( 'NONE', #5044, 1000.000000000000000 ) ;
#3933 =( GEOMETRIC_REPRESENTATION_CONTEXT ( 3 ) GLOBAL_UNCERTAINTY_ASSIGNED_CONTEXT ( ( #3011 ) ) GLOBAL_UNIT_ASSIGNED_CONTEXT ( ( #294, #691, #3539 ) ) REPRESENTATION_CONTEXT ( 'NONE', 'WORKASPACE' ) );
#3934 = FILL_AREA_STYLE_COLOUR ( '', #4640 ) ;
#3935 = STYLED_ITEM ( 'NONE', ( #4026 ), #3091 ) ;
#3936 = SURFACE_STYLE_FILL_AREA ( #5051 ) ;
#3937 =( NAMED_UNIT ( * ) SI_UNIT ( $, .STERADIAN. ) SOLID_ANGLE_UNIT ( ) );
#3938 = ORIENTED_EDGE ( 'NONE', *, *, #4525, .T. ) ;
#3939 = VECTOR ( 'NONE', #537, 1000.000000000000000 ) ;
#3940 =( LENGTH_UNIT ( ) NAMED_UNIT ( * ) SI_UNIT ( .MILLI., .METRE. ) );
#3941 = PRODUCT_DEFINITION_SHAPE ( 'NONE', 'NONE',  #5221 ) ;
#3942 = STYLED_ITEM ( 'NONE', ( #2674 ), #3274 ) ;
#3943 = DIRECTION ( 'NONE',  ( 0.0000000000000000000, 0.0000000000000000000, -1.000000000000000000 ) ) ;
#3944 = FILL_AREA_STYLE ('',( #273 ) ) ;
#3945 = STYLED_ITEM ( 'NONE', ( #3072 ), #3267 ) ;
#3946 = APPLICATION_CONTEXT ( 'automotive_design' ) ;
#3947 = AXIS2_PLACEMENT_3D ( 'NONE', #142, #4097, #956 ) ;
#3948 = FACE_OUTER_BOUND ( 'NONE', #4198, .T. ) ;
#3949 = CARTESIAN_POINT ( 'NONE',  ( 2.000000000000000444, -2.499999999999999556, 3.449999999999999734 ) ) ;
#3950 = ITEM_DEFINED_TRANSFORMATION ( 'NONE', 'NONE', #1914,  #3507 ) ;
#3951 = ADVANCED_FACE ( 'NONE', ( #4420 ), #1979, .T. ) ;
#3952 = CARTESIAN_POINT ( 'NONE',  ( -1.749999999999998890, -3.499999999999999112, 4.199999999999999289 ) ) ;
#3953 = CARTESIAN_POINT ( 'NONE',  ( 3.000000000000000000, 0.0000000000000000000, 0.0000000000000000000 ) ) ;
#3954 =( BOUNDED_CURVE ( )  B_SPLINE_CURVE ( 3, ( #4675, #2768, #4352, #2709 ),
 .UNSPECIFIED., .F., .F. ) 
 B_SPLINE_CURVE_WITH_KNOTS ( ( 4, 4 ),
 ( 0.0000000000000000000, 1.000000000000000000 ),
 .UNSPECIFIED. ) 
 CURVE ( )  GEOMETRIC_REPRESENTATION_ITEM ( )  RATIONAL_B_SPLINE_CURVE ( ( 1.000000000000000000, 0.3333333333333333703, 0.3333333333333333703, 1.000000000000000000 ) ) 
 REPRESENTATION_ITEM ( '' )  );
#3955 = PRESENTATION_STYLE_ASSIGNMENT (( #2340 ) ) ;
#3956 = ADVANCED_FACE ( 'NONE', ( #2142 ), #3407, .T. ) ;
#3957 =( NAMED_UNIT ( * ) SI_UNIT ( $, .STERADIAN. ) SOLID_ANGLE_UNIT ( ) );
#3958 = SHAPE_REPRESENTATION_RELATIONSHIP ( 'NONE' , 'NONE' ,  #2203, #2345 ) ;
#3959 = ORIENTED_EDGE ( 'NONE', *, *, #1816, .T. ) ;
#3960 = COLOUR_RGB ( '',0.7529411764705882248, 0.7529411764705882248, 0.7529411764705882248 ) ;
#3961 = PRESENTATION_STYLE_ASSIGNMENT (( #2835 ) ) ;
#3962 = SURFACE_SIDE_STYLE ('',( #3281 ) ) ;
#3963 = MANIFOLD_SOLID_BREP ( 'Imported1', #3471 ) ;
#3964 = DIRECTION ( 'NONE',  ( 0.0000000000000000000, 1.000000000000000000, 0.0000000000000000000 ) ) ;
#3965 =( NAMED_UNIT ( * ) PLANE_ANGLE_UNIT ( ) SI_UNIT ( $, .RADIAN. ) );
#3966 =( NAMED_UNIT ( * ) PLANE_ANGLE_UNIT ( ) SI_UNIT ( $, .RADIAN. ) );
#3967 = ORIENTED_EDGE ( 'NONE', *, *, #4121, .F. ) ;
#3968 = CARTESIAN_POINT ( 'NONE',  ( 2.850000000000000089, 2.850000000000000089, 3.149999999999999911 ) ) ;
#3969 = CARTESIAN_POINT ( 'NONE',  ( 3.000000000000000000, 0.0000000000000000000, 3.149999999999999911 ) ) ;
#3970 = DIRECTION ( 'NONE',  ( -1.000000000000000000, -0.0000000000000000000, 0.0000000000000000000 ) ) ;
#3971 = FILL_AREA_STYLE ('',( #5088 ) ) ;
#3972 = CARTESIAN_POINT ( 'NONE',  ( 2.000000000000004885, -2.500000000000000444, 3.449999999999999734 ) ) ;
#3973 = MECHANICAL_DESIGN_GEOMETRIC_PRESENTATION_REPRESENTATION (  '', ( #4291 ), #2625 ) ;
#3974 = FILL_AREA_STYLE_COLOUR ( '', #2405 ) ;
#3975 = SHAPE_DEFINITION_REPRESENTATION ( #1164, #18 ) ;
#3976 = MECHANICAL_DESIGN_GEOMETRIC_PRESENTATION_REPRESENTATION (  '', ( #4548 ), #2887 ) ;
#3977 = SURFACE_SIDE_STYLE ('',( #1606 ) ) ;
#3978 = CARTESIAN_POINT ( 'NONE',  ( 1.750000000000000000, 0.0000000000000000000, 4.200000000000000178 ) ) ;
#3979 = FILL_AREA_STYLE_COLOUR ( '', #4669 ) ;
#3980 = AXIS2_PLACEMENT_3D ( 'NONE', #3470, #2701, #1913 ) ;
#3981 = EDGE_CURVE ( 'NONE', #757, #3610, #2617, .T. ) ;
#3982 = CARTESIAN_POINT ( 'NONE',  ( 3.000000000000000000, -2.258218829166500186, 1.000000000000000000 ) ) ;
#3983 =( LENGTH_UNIT ( ) NAMED_UNIT ( * ) SI_UNIT ( .MILLI., .METRE. ) );
#3984 = STYLED_ITEM ( 'NONE', ( #822 ), #459 ) ;
#3985 = ORIENTED_EDGE ( 'NONE', *, *, #4874, .T. ) ;
#3986 = SURFACE_SIDE_STYLE ('',( #1975 ) ) ;
#3987 = ADVANCED_FACE ( '2', ( #2543 ), #524, .T. ) ;
#3988 = VECTOR ( 'NONE', #3337, 1000.000000000000000 ) ;
#3989 = PRESENTATION_LAYER_ASSIGNMENT (  '', '', ( #1037 ) ) ;
#3990 = CARTESIAN_POINT ( 'NONE',  ( -4.500000000000000000, 1.891781170833499948, 0.2999999999999999889 ) ) ;
#3991 = SURFACE_STYLE_USAGE ( .BOTH. , #2808 ) ;
#3992 = STYLED_ITEM ( 'NONE', ( #1601 ), #963 ) ;
#3993 = CARTESIAN_POINT ( 'NONE',  ( 4.074999999999999289, -2.608218829166499830, 0.2999999999999999889 ) ) ;
#3994 = SURFACE_SIDE_STYLE ('',( #2373 ) ) ;
#3995 = CARTESIAN_POINT ( 'NONE',  ( 1.749999999999999556, 2.143131898507868051E-16, 4.258578643762690241 ) ) ;
#3996 = FILL_AREA_STYLE_COLOUR ( '', #2032 ) ;
#3997 = VERTEX_POINT ( 'NONE', #4723 ) ;
#3998 = VECTOR ( 'NONE', #1039, 1000.000000000000000 ) ;
#3999 = DIRECTION ( 'NONE',  ( -1.000000000000000000, 3.231085104332679983E-15, -0.0000000000000000000 ) ) ;
#4000 = CARTESIAN_POINT ( 'NONE',  ( 2.850000000000000089, -2.850000000000000089, 3.149999999999999911 ) ) ;
#4001 = FACE_OUTER_BOUND ( 'NONE', #4215, .T. ) ;
#4002 = DIRECTION ( 'NONE',  ( 0.0000000000000000000, 0.0000000000000000000, 1.000000000000000000 ) ) ;
#4003 = VERTEX_POINT ( 'NONE', #2317 ) ;
#4004 = ITEM_DEFINED_TRANSFORMATION ( 'NONE', 'NONE', #1584,  #3507 ) ;
#4005 = COLOUR_RGB ( '',0.0000000000000000000, 0.0000000000000000000, 0.0000000000000000000 ) ;
#4006 =( NAMED_UNIT ( * ) SI_UNIT ( $, .STERADIAN. ) SOLID_ANGLE_UNIT ( ) );
#4007 = DIRECTION ( 'NONE',  ( 0.0000000000000000000, 0.0000000000000000000, -1.000000000000000000 ) ) ;
#4008 = CARTESIAN_POINT ( 'NONE',  ( -2.999999999999999556, 2.500000000000000000, 3.450000000000000622 ) ) ;
#4009 = ORIENTED_EDGE ( 'NONE', *, *, #2088, .F. ) ;
#4010 = PRESENTATION_LAYER_ASSIGNMENT (  '', '', ( #4093 ) ) ;
#4011 = COLOUR_RGB ( '',0.0000000000000000000, 0.0000000000000000000, 0.0000000000000000000 ) ;
#4012 = SURFACE_STYLE_FILL_AREA ( #721 ) ;
#4013 = ORIENTED_EDGE ( 'NONE', *, *, #994, .T. ) ;
#4014 =( NAMED_UNIT ( * ) SI_UNIT ( $, .STERADIAN. ) SOLID_ANGLE_UNIT ( ) );
#4015 = UNCERTAINTY_MEASURE_WITH_UNIT (LENGTH_MEASURE( 1.000000000000000082E-05 ), #896, 'distance_accuracy_value', 'NONE');
#4016 =( GEOMETRIC_REPRESENTATION_CONTEXT ( 3 ) GLOBAL_UNCERTAINTY_ASSIGNED_CONTEXT ( ( #4205 ) ) GLOBAL_UNIT_ASSIGNED_CONTEXT ( ( #5190, #3554, #3210 ) ) REPRESENTATION_CONTEXT ( 'NONE', 'WORKASPACE' ) );
#4017 =( GEOMETRIC_REPRESENTATION_CONTEXT ( 3 ) GLOBAL_UNCERTAINTY_ASSIGNED_CONTEXT ( ( #3363 ) ) GLOBAL_UNIT_ASSIGNED_CONTEXT ( ( #1265, #3343, #4878 ) ) REPRESENTATION_CONTEXT ( 'NONE', 'WORKASPACE' ) );
#4018 = CARTESIAN_POINT ( 'NONE',  ( -3.750000000000000000, -3.379109414583250093, 0.3000000000000000444 ) ) ;
#4019 = DIRECTION ( 'NONE',  ( 0.0000000000000000000, 0.0000000000000000000, 1.000000000000000000 ) ) ;
#4020 =( GEOMETRIC_REPRESENTATION_CONTEXT ( 3 ) GLOBAL_UNCERTAINTY_ASSIGNED_CONTEXT ( ( #4272 ) ) GLOBAL_UNIT_ASSIGNED_CONTEXT ( ( #2419, #2000, #3937 ) ) REPRESENTATION_CONTEXT ( 'NONE', 'WORKASPACE' ) );
#4021 =( NAMED_UNIT ( * ) SI_UNIT ( $, .STERADIAN. ) SOLID_ANGLE_UNIT ( ) );
#4022 = SURFACE_STYLE_USAGE ( .BOTH. , #2403 ) ;
#4023 = ORIENTED_EDGE ( 'NONE', *, *, #3665, .T. ) ;
#4024 = EDGE_CURVE ( 'NONE', #5028, #5047, #497, .T. ) ;
#4025 = COLOUR_RGB ( '',0.7529411764705882248, 0.7529411764705882248, 0.7529411764705882248 ) ;
#4026 = PRESENTATION_STYLE_ASSIGNMENT (( #4080 ) ) ;
#4027 = LINE ( 'NONE', #4347, #2813 ) ;
#4028 =( LENGTH_UNIT ( ) NAMED_UNIT ( * ) SI_UNIT ( .MILLI., .METRE. ) );
#4029 = ORIENTED_EDGE ( 'NONE', *, *, #4703, .F. ) ;
#4030 = VECTOR ( 'NONE', #1337, 1000.000000000000000 ) ;
#4031 = DIRECTION ( 'NONE',  ( -1.000000000000000000, 4.336808689942025625E-15, 0.0000000000000000000 ) ) ;
#4032 = STYLED_ITEM ( 'NONE', ( #303 ), #3734 ) ;
#4033 = CARTESIAN_POINT ( 'NONE',  ( -1.000000000000000000, -3.000000000000000000, 0.0000000000000000000 ) ) ;
#4034 = EDGE_LOOP ( 'NONE', ( #178, #46 ) ) ;
#4035 = CARTESIAN_POINT ( 'NONE',  ( 3.249999999999998668, 1.891781170833500836, 0.9000000000000000222 ) ) ;
#4036 = CARTESIAN_POINT ( 'NONE',  ( 2.083484861008838784, -1.958257569495579942, 3.750000000000000000 ) ) ;
#4037 = FACE_OUTER_BOUND ( 'NONE', #2537, .T. ) ;
#4038 =( NAMED_UNIT ( * ) SI_UNIT ( $, .STERADIAN. ) SOLID_ANGLE_UNIT ( ) );
#4039 = SURFACE_STYLE_FILL_AREA ( #3668 ) ;
#4040 = ORIENTED_EDGE ( 'NONE', *, *, #1482, .F. ) ;
#4041 = FILL_AREA_STYLE ('',( #4413 ) ) ;
#4042 = APPLICATION_CONTEXT ( 'automotive_design' ) ;
#4043 = DIRECTION ( 'NONE',  ( 0.0000000000000000000, 1.000000000000000000, 0.0000000000000000000 ) ) ;
#4044 = SURFACE_SIDE_STYLE ('',( #1252 ) ) ;
#4045 = FACE_OUTER_BOUND ( 'NONE', #5034, .T. ) ;
#4046 = VERTEX_POINT ( 'NONE', #640 ) ;
#4047 = EDGE_CURVE ( 'NONE', #180, #4086, #1033, .T. ) ;
#4048 = FILL_AREA_STYLE ('',( #3141 ) ) ;
#4049 = UNCERTAINTY_MEASURE_WITH_UNIT (LENGTH_MEASURE( 1.000000000000000082E-05 ), #2188, 'distance_accuracy_value', 'NONE');
#4050 = VECTOR ( 'NONE', #344, 1000.000000000000000 ) ;
#4051 = DIRECTION ( 'NONE',  ( 0.0000000000000000000, 0.0000000000000000000, 1.000000000000000000 ) ) ;
#4052 = FILL_AREA_STYLE ('',( #1155 ) ) ;
#4053 = PRESENTATION_STYLE_ASSIGNMENT (( #2435 ) ) ;
#4054 = ORIENTED_EDGE ( 'NONE', *, *, #182, .F. ) ;
#4055 = EDGE_CURVE ( 'NONE', #4138, #1834, #4334, .T. ) ;
#4056 = PLANE ( 'NONE',  #2553 ) ;
#4057 =( NAMED_UNIT ( * ) PLANE_ANGLE_UNIT ( ) SI_UNIT ( $, .RADIAN. ) );
#4058 = VECTOR ( 'NONE', #4409, 1000.000000000000000 ) ;
#4059 =( NAMED_UNIT ( * ) SI_UNIT ( $, .STERADIAN. ) SOLID_ANGLE_UNIT ( ) );
#4060 = CARTESIAN_POINT ( 'NONE',  ( 2.000000000000000444, 2.418046093003111352, 3.637779991155306369 ) ) ;
#4061 = CARTESIAN_POINT ( 'NONE',  ( -2.836092186006223592, 1.581953906996889980, 3.637779991155306814 ) ) ;
#4062 = ORIENTED_EDGE ( 'NONE', *, *, #3558, .T. ) ;
#4063 = DIRECTION ( 'NONE',  ( 1.000000000000000000, 0.0000000000000000000, 0.0000000000000000000 ) ) ;
#4064 = STYLED_ITEM ( 'NONE', ( #1918 ), #92 ) ;
#4065 = SURFACE_SIDE_STYLE ('',( #485 ) ) ;
#4066 = COLOUR_RGB ( '',0.0000000000000000000, 0.0000000000000000000, 0.0000000000000000000 ) ;
#4067 =( LENGTH_UNIT ( ) NAMED_UNIT ( * ) SI_UNIT ( .MILLI., .METRE. ) );
#4068 = ORIENTED_EDGE ( 'NONE', *, *, #3545, .F. ) ;
#4069 = UNCERTAINTY_MEASURE_WITH_UNIT (LENGTH_MEASURE( 1.000000000000000082E-05 ), #2800, 'distance_accuracy_value', 'NONE');
#4070 = MECHANICAL_DESIGN_GEOMETRIC_PRESENTATION_REPRESENTATION (  '', ( #5217 ), #673 ) ;
#4071 = SURFACE_STYLE_FILL_AREA ( #4866 ) ;
#4072 = CARTESIAN_POINT ( 'NONE',  ( 4.500000000000000888, 2.591781170833500347, 0.0000000000000000000 ) ) ;
#4073 = SURFACE_STYLE_USAGE ( .BOTH. , #4446 ) ;
#4074 = AXIS2_PLACEMENT_3D ( 'NONE', #4157, #3345, #4943 ) ;
#4075 = SURFACE_STYLE_USAGE ( .BOTH. , #4101 ) ;
#4076 = VECTOR ( 'NONE', #807, 1000.000000000000000 ) ;
#4077 = ORIENTED_EDGE ( 'NONE', *, *, #3027, .T. ) ;
#4078 =( GEOMETRIC_REPRESENTATION_CONTEXT ( 3 ) GLOBAL_UNCERTAINTY_ASSIGNED_CONTEXT ( ( #3640 ) ) GLOBAL_UNIT_ASSIGNED_CONTEXT ( ( #105, #4113, #1272 ) ) REPRESENTATION_CONTEXT ( 'NONE', 'WORKASPACE' ) );
#4079 =( GEOMETRIC_REPRESENTATION_CONTEXT ( 3 ) GLOBAL_UNCERTAINTY_ASSIGNED_CONTEXT ( ( #3377 ) ) GLOBAL_UNIT_ASSIGNED_CONTEXT ( ( #3487, #3860, #214 ) ) REPRESENTATION_CONTEXT ( 'NONE', 'WORKASPACE' ) );
#4080 = SURFACE_STYLE_USAGE ( .BOTH. , #2497 ) ;
#4081 = SURFACE_SIDE_STYLE ('',( #2464 ) ) ;
#4082 = CARTESIAN_POINT ( 'NONE',  ( 6.938893903907229955E-15, 2.591781170833500347, 0.0000000000000000000 ) ) ;
#4083 = CARTESIAN_POINT ( 'NONE',  ( -1.000000000000000000, 3.000000000000000000, 0.2999999999999999889 ) ) ;
#4084 = COLOUR_RGB ( '',0.7529411764705882248, 0.7529411764705882248, 0.7529411764705882248 ) ;
#4085 = DIRECTION ( 'NONE',  ( -0.0000000000000000000, 1.000000000000000000, -0.0000000000000000000 ) ) ;
#4086 = VERTEX_POINT ( 'NONE', #4634 ) ;
#4087 =( NAMED_UNIT ( * ) PLANE_ANGLE_UNIT ( ) SI_UNIT ( $, .RADIAN. ) );
#4088 = SURFACE_STYLE_FILL_AREA ( #4380 ) ;
#4089 = LINE ( 'NONE', #461, #4633 ) ;
#4090 = ORIENTED_EDGE ( 'NONE', *, *, #1452, .T. ) ;
#4091 = DIRECTION ( 'NONE',  ( 0.0000000000000000000, 0.0000000000000000000, 1.000000000000000000 ) ) ;
#4092 =( GEOMETRIC_REPRESENTATION_CONTEXT ( 3 ) GLOBAL_UNCERTAINTY_ASSIGNED_CONTEXT ( ( #3794 ) ) GLOBAL_UNIT_ASSIGNED_CONTEXT ( ( #1242, #3323, #854 ) ) REPRESENTATION_CONTEXT ( 'NONE', 'WORKASPACE' ) );
#4093 = STYLED_ITEM ( 'NONE', ( #3576 ), #5149 ) ;
#4094 = EDGE_CURVE ( 'NONE', #1693, #2544, #234, .T. ) ;
#4095 = CARTESIAN_POINT ( 'NONE',  ( -4.500000000000000000, -4.500000000000000000, 0.2999999999999999889 ) ) ;
#4096 = STYLED_ITEM ( 'NONE', ( #3955 ), #2402 ) ;
#4097 = DIRECTION ( 'NONE',  ( -3.231085104332679983E-15, -1.000000000000000000, 0.0000000000000000000 ) ) ;
#4098 =( NAMED_UNIT ( * ) SI_UNIT ( $, .STERADIAN. ) SOLID_ANGLE_UNIT ( ) );
#4099 = SURFACE_STYLE_FILL_AREA ( #3359 ) ;
#4100 = EDGE_LOOP ( 'NONE', ( #3041, #1617, #4561, #3638 ) ) ;
#4101 = SURFACE_SIDE_STYLE ('',( #1226 ) ) ;
#4102 =( NAMED_UNIT ( * ) PLANE_ANGLE_UNIT ( ) SI_UNIT ( $, .RADIAN. ) );
#4103 = CIRCLE ( 'NONE', #290, 0.09999999999999999167 ) ;
#4104 = ORIENTED_EDGE ( 'NONE', *, *, #559, .T. ) ;
#4105 = VERTEX_POINT ( 'NONE', #3884 ) ;
#4106 = COLOUR_RGB ( '',0.7529411764705882248, 0.7529411764705882248, 0.7529411764705882248 ) ;
#4107 = CONTEXT_DEPENDENT_SHAPE_REPRESENTATION ( #4207, #714 ) ;
#4108 = SURFACE_SIDE_STYLE ('',( #4822 ) ) ;
#4109 = SURFACE_STYLE_FILL_AREA ( #4944 ) ;
#4110 = EDGE_LOOP ( 'NONE', ( #1591, #5010, #3409, #1082 ) ) ;
#4111 = MECHANICAL_DESIGN_GEOMETRIC_PRESENTATION_REPRESENTATION (  '', ( #5105 ), #31 ) ;
#4112 = APPLICATION_CONTEXT ( 'automotive_design' ) ;
#4113 =( NAMED_UNIT ( * ) PLANE_ANGLE_UNIT ( ) SI_UNIT ( $, .RADIAN. ) );
#4114 = PLANE ( 'NONE',  #3844 ) ;
#4115 = ADVANCED_FACE ( '6', ( #723 ), #4310, .T. ) ;
#4116 = MECHANICAL_DESIGN_GEOMETRIC_PRESENTATION_REPRESENTATION (  '', ( #297 ), #2258 ) ;
#4117 =( LENGTH_UNIT ( ) NAMED_UNIT ( * ) SI_UNIT ( .MILLI., .METRE. ) );
#4118 = ORIENTED_EDGE ( 'NONE', *, *, #2150, .F. ) ;
#4119 = UNCERTAINTY_MEASURE_WITH_UNIT (LENGTH_MEASURE( 1.000000000000000082E-05 ), #3117, 'distance_accuracy_value', 'NONE');
#4120 = DIRECTION ( 'NONE',  ( 0.0000000000000000000, -1.000000000000000000, 0.0000000000000000000 ) ) ;
#4121 = EDGE_CURVE ( 'NONE', #3653, #2838, #690, .T. ) ;
#4122 = SURFACE_SIDE_STYLE ('',( #548 ) ) ;
#4123 =( LENGTH_UNIT ( ) NAMED_UNIT ( * ) SI_UNIT ( .MILLI., .METRE. ) );
#4124 = VERTEX_POINT ( 'NONE', #5074 ) ;
#4125 = DIRECTION ( 'NONE',  ( -0.0000000000000000000, -0.0000000000000000000, -1.000000000000000000 ) ) ;
#4126 = ORIENTED_EDGE ( 'NONE', *, *, #1546, .F. ) ;
#4127 = PRESENTATION_STYLE_ASSIGNMENT (( #531 ) ) ;
#4128 = LINE ( 'NONE', #871, #2123 ) ;
#4129 = ORIENTED_EDGE ( 'NONE', *, *, #3754, .T. ) ;
#4130 = STYLED_ITEM ( 'NONE', ( #2189 ), #3956 ) ;
#4131 =( LENGTH_UNIT ( ) NAMED_UNIT ( * ) SI_UNIT ( .MILLI., .METRE. ) );
#4132 = EDGE_CURVE ( 'NONE', #4748, #96, #1492, .T. ) ;
#4133 = EDGE_LOOP ( 'NONE', ( #1027, #3336, #2101, #2243 ) ) ;
#4134 = DIRECTION ( 'NONE',  ( -3.231085104332679983E-15, -1.000000000000000000, -0.0000000000000000000 ) ) ;
#4135 = FILL_AREA_STYLE ('',( #1329 ) ) ;
#4136 = PRESENTATION_LAYER_ASSIGNMENT (  '', '', ( #1194 ) ) ;
#4137 = DIRECTION ( 'NONE',  ( 0.0000000000000000000, -1.000000000000000000, -0.0000000000000000000 ) ) ;
#4138 = VERTEX_POINT ( 'NONE', #4467 ) ;
#4139 =( GEOMETRIC_REPRESENTATION_CONTEXT ( 3 ) GLOBAL_UNCERTAINTY_ASSIGNED_CONTEXT ( ( #2598 ) ) GLOBAL_UNIT_ASSIGNED_CONTEXT ( ( #1890, #3503, #1048 ) ) REPRESENTATION_CONTEXT ( 'NONE', 'WORKASPACE' ) );
#4140 = PLANE ( 'NONE',  #3085 ) ;
#4141 = AXIS2_PLACEMENT_3D ( 'NONE', #1589, #3111, #292 ) ;
#4142 = DIRECTION ( 'NONE',  ( 0.0000000000000000000, 0.0000000000000000000, 1.000000000000000000 ) ) ;
#4143 = EDGE_CURVE ( 'NONE', #2522, #4003, #1370, .T. ) ;
#4144 = DIRECTION ( 'NONE',  ( 0.0000000000000000000, -1.000000000000000000, -0.0000000000000000000 ) ) ;
#4145 = ORIENTED_EDGE ( 'NONE', *, *, #4450, .T. ) ;
#4146 = LINE ( 'NONE', #3807, #351 ) ;
#4147 = AXIS2_PLACEMENT_3D ( 'NONE', #1605, #4085, #1658 ) ;
#4148 = ORIENTED_EDGE ( 'NONE', *, *, #3873, .T. ) ;
#4149 = CARTESIAN_POINT ( 'NONE',  ( 3.350000000000001421, -1.908218829166499875, 0.9000000000000000222 ) ) ;
#4150 = CIRCLE ( 'NONE', #600, 0.1499999999999999667 ) ;
#4151 = ORIENTED_EDGE ( 'NONE', *, *, #2330, .T. ) ;
#4152 = VECTOR ( 'NONE', #4367, 1000.000000000000000 ) ;
#4153 = COLOUR_RGB ( '',0.7529411764705882248, 0.7529411764705882248, 0.7529411764705882248 ) ;
#4154 = LINE ( 'NONE', #3872, #3092 ) ;
#4155 =( LENGTH_UNIT ( ) NAMED_UNIT ( * ) SI_UNIT ( .MILLI., .METRE. ) );
#4156 = CARTESIAN_POINT ( 'NONE',  ( 3.650000000000001243, 2.591781170833500347, 0.9000000000000000222 ) ) ;
#4157 = CARTESIAN_POINT ( 'NONE',  ( 2.850000000000000089, -2.850000000000000089, 0.0000000000000000000 ) ) ;
#4159 = CARTESIAN_POINT ( 'NONE',  ( 2.000000000000000444, 2.499999999999999556, 3.449999999999999734 ) ) ;
#4158 = COLOUR_RGB ( '',0.7529411764705882248, 0.7529411764705882248, 0.7529411764705882248 ) ;
#4160 = PRESENTATION_LAYER_ASSIGNMENT (  '', '', ( #3324 ) ) ;
#4161 = ORIENTED_EDGE ( 'NONE', *, *, #2980, .T. ) ;
#4162 = COLOUR_RGB ( '',0.0000000000000000000, 0.0000000000000000000, 0.0000000000000000000 ) ;
#4163 = SURFACE_STYLE_FILL_AREA ( #3016 ) ;
#4164 = VERTEX_POINT ( 'NONE', #1999 ) ;
#4165 = AXIS2_PLACEMENT_3D ( 'NONE', #1845, #2284, #1862 ) ;
#4166 = UNCERTAINTY_MEASURE_WITH_UNIT (LENGTH_MEASURE( 1.000000000000000082E-05 ), #2458, 'distance_accuracy_value', 'NONE');
#4167 = FACE_OUTER_BOUND ( 'NONE', #199, .T. ) ;
#4168 = SURFACE_STYLE_USAGE ( .BOTH. , #2165 ) ;
#4169 = VECTOR ( 'NONE', #90, 1000.000000000000000 ) ;
#4170 = DIRECTION ( 'NONE',  ( -1.000000000000000000, 0.0000000000000000000, -0.0000000000000000000 ) ) ;
#4171 = COLOUR_RGB ( '',0.7529411764705882248, 0.7529411764705882248, 0.7529411764705882248 ) ;
#4172 = CARTESIAN_POINT ( 'NONE',  ( 0.0000000000000000000, 1.891781170833499948, 0.2999999999999999889 ) ) ;
#4173 = ORIENTED_EDGE ( 'NONE', *, *, #582, .T. ) ;
#4174 = COLOUR_RGB ( '',0.0000000000000000000, 0.0000000000000000000, 0.0000000000000000000 ) ;
#4175 =( GEOMETRIC_REPRESENTATION_CONTEXT ( 3 ) GLOBAL_UNCERTAINTY_ASSIGNED_CONTEXT ( ( #2862 ) ) GLOBAL_UNIT_ASSIGNED_CONTEXT ( ( #2116, #1671, #863 ) ) REPRESENTATION_CONTEXT ( 'NONE', 'WORKASPACE' ) );
#4176 = ORIENTED_EDGE ( 'NONE', *, *, #931, .T. ) ;
#4177 = FACE_OUTER_BOUND ( 'NONE', #1507, .T. ) ;
#4178 = CARTESIAN_POINT ( 'NONE',  ( 1.506745604006717310, 1.753372802003359654, 3.749999999999998668 ) ) ;
#4179 = VERTEX_POINT ( 'NONE', #1946 ) ;
#4180 = MECHANICAL_DESIGN_GEOMETRIC_PRESENTATION_REPRESENTATION (  '', ( #4096 ), #4329 ) ;
#4181 = VERTEX_POINT ( 'NONE', #5193 ) ;
#4182 =( GEOMETRIC_REPRESENTATION_CONTEXT ( 3 ) GLOBAL_UNCERTAINTY_ASSIGNED_CONTEXT ( ( #70 ) ) GLOBAL_UNIT_ASSIGNED_CONTEXT ( ( #4919, #3275, #4038 ) ) REPRESENTATION_CONTEXT ( 'NONE', 'WORKASPACE' ) );
#4183 = COLOUR_RGB ( '',0.7529411764705882248, 0.7529411764705882248, 0.7529411764705882248 ) ;
#4184 = DIRECTION ( 'NONE',  ( 1.000000000000000000, 0.0000000000000000000, -0.0000000000000000000 ) ) ;
#4185 = PRODUCT_DEFINITION_FORMATION_WITH_SPECIFIED_SOURCE ( 'ANY', '', #3121, .NOT_KNOWN. ) ;
#4186 = CARTESIAN_POINT ( 'NONE',  ( 3.349999999999999201, -2.608218829166499386, 0.9000000000000000222 ) ) ;
#4187 = ORIENTED_EDGE ( 'NONE', *, *, #1222, .F. ) ;
#4188 = EDGE_CURVE ( 'NONE', #2413, #1390, #4345, .T. ) ;
#4189 = SURFACE_SIDE_STYLE ('',( #2205 ) ) ;
#4190 =( GEOMETRIC_REPRESENTATION_CONTEXT ( 3 ) GLOBAL_UNCERTAINTY_ASSIGNED_CONTEXT ( ( #2843 ) ) GLOBAL_UNIT_ASSIGNED_CONTEXT ( ( #575, #4611, #1755 ) ) REPRESENTATION_CONTEXT ( 'NONE', 'WORKASPACE' ) );
#4191 =( NAMED_UNIT ( * ) PLANE_ANGLE_UNIT ( ) SI_UNIT ( $, .RADIAN. ) );
#4192 =( LENGTH_UNIT ( ) NAMED_UNIT ( * ) SI_UNIT ( .MILLI., .METRE. ) );
#4193 = VECTOR ( 'NONE', #2004, 1000.000000000000000 ) ;
#4194 = ORIENTED_EDGE ( 'NONE', *, *, #1798, .T. ) ;
#4195 = PRODUCT_DEFINITION ( 'UNKNOWN', '', #1832, #3315 ) ;
#4196 = DIRECTION ( 'NONE',  ( -1.000000000000000000, -0.0000000000000000000, 0.0000000000000000000 ) ) ;
#4197 = SURFACE_STYLE_USAGE ( .BOTH. , #4122 ) ;
#4198 = EDGE_LOOP ( 'NONE', ( #518, #2266 ) ) ;
#4199 = SURFACE_STYLE_FILL_AREA ( #2616 ) ;
#4200 = ADVANCED_FACE ( 'NONE', ( #1245 ), #2418, .F. ) ;
#4201 = DIRECTION ( 'NONE',  ( 0.0000000000000000000, 0.0000000000000000000, 1.000000000000000000 ) ) ;
#4202 = SURFACE_STYLE_USAGE ( .BOTH. , #3386 ) ;
#4203 = EDGE_CURVE ( 'NONE', #3595, #2826, #3187, .T. ) ;
#4204 = ORIENTED_EDGE ( 'NONE', *, *, #3611, .F. ) ;
#4205 = UNCERTAINTY_MEASURE_WITH_UNIT (LENGTH_MEASURE( 1.000000000000000082E-05 ), #5190, 'distance_accuracy_value', 'NONE');
#4206 = CARTESIAN_POINT ( 'NONE',  ( -2.000000000000000000, 2.041742430504419392, 3.750000000000000000 ) ) ;
#4207 =( REPRESENTATION_RELATIONSHIP ('NONE','NONE', #3242, #1992 ) REPRESENTATION_RELATIONSHIP_WITH_TRANSFORMATION ( #4004 )SHAPE_REPRESENTATION_RELATIONSHIP( ) );
#4208 =( LENGTH_UNIT ( ) NAMED_UNIT ( * ) SI_UNIT ( .MILLI., .METRE. ) );
#4209 = ADVANCED_FACE ( 'NONE', ( #1973 ), #5173, .F. ) ;
#4210 = ORIENTED_EDGE ( 'NONE', *, *, #2276, .T. ) ;
#4211 = FILL_AREA_STYLE ('',( #3088 ) ) ;
#4212 = DIRECTION ( 'NONE',  ( 1.000000000000000000, 0.0000000000000000000, 0.0000000000000000000 ) ) ;
#4213 = DIRECTION ( 'NONE',  ( 0.0000000000000000000, -0.0000000000000000000, 1.000000000000000000 ) ) ;
#4214 = AXIS2_PLACEMENT_3D ( 'NONE', #2858, #4359, #1668 ) ;
#4215 = EDGE_LOOP ( 'NONE', ( #4926, #1271, #1895, #880 ) ) ;
#4216 = CARTESIAN_POINT ( 'NONE',  ( -2.850000000000000089, 3.000000000000000000, 3.149999999999999911 ) ) ;
#4217 = DIRECTION ( 'NONE',  ( 0.0000000000000000000, 0.0000000000000000000, 1.000000000000000000 ) ) ;
#4218 = FILL_AREA_STYLE ('',( #2619 ) ) ;
#4219 = ADVANCED_FACE ( 'NONE', ( #4381 ), #569, .T. ) ;
#4220 = ORIENTED_EDGE ( 'NONE', *, *, #4410, .T. ) ;
#4221 = CARTESIAN_POINT ( 'NONE',  ( 4.500000000000000888, 2.591781170833500347, 0.2999999999999999889 ) ) ;
#4222 =( LENGTH_UNIT ( ) NAMED_UNIT ( * ) SI_UNIT ( .MILLI., .METRE. ) );
#4223 = DIRECTION ( 'NONE',  ( 0.0000000000000000000, 0.0000000000000000000, 1.000000000000000000 ) ) ;
#4224 = ORIENTED_EDGE ( 'NONE', *, *, #126, .F. ) ;
#4225 = CARTESIAN_POINT ( 'NONE',  ( 2.836092186006223148, -1.581953906996888426, 3.637779991155306814 ) ) ;
#4226 =( NAMED_UNIT ( * ) PLANE_ANGLE_UNIT ( ) SI_UNIT ( $, .RADIAN. ) );
#4227 = ORIENTED_EDGE ( 'NONE', *, *, #2638, .F. ) ;
#4228 = VECTOR ( 'NONE', #3616, 1000.000000000000000 ) ;
#4229 = EDGE_CURVE ( 'NONE', #3450, #1325, #4951, .T. ) ;
#4230 = PRESENTATION_LAYER_ASSIGNMENT (  '', '', ( #1391 ) ) ;
#4231 = PRESENTATION_LAYER_ASSIGNMENT (  '', '', ( #3399 ) ) ;
#4232 = CARTESIAN_POINT ( 'NONE',  ( 3.649999999999999911, -2.258218829166500186, 1.300000000000000044 ) ) ;
#4233 = ORIENTED_EDGE ( 'NONE', *, *, #2150, .T. ) ;
#4234 = COLOUR_RGB ( '',0.7529411764705882248, 0.7529411764705882248, 0.7529411764705882248 ) ;
#4235 = FILL_AREA_STYLE ('',( #2643 ) ) ;
#4236 = SURFACE_SIDE_STYLE ('',( #2265 ) ) ;
#4237 = ORIENTED_EDGE ( 'NONE', *, *, #4203, .F. ) ;
#4238 = SURFACE_SIDE_STYLE ('',( #725 ) ) ;
#4239 = VECTOR ( 'NONE', #12, 1000.000000000000000 ) ;
#4240 = DIRECTION ( 'NONE',  ( 1.000000000000000000, 0.0000000000000000000, 0.0000000000000000000 ) ) ;
#4241 = CARTESIAN_POINT ( 'NONE',  ( 4.074999999999999289, 1.891781170833499948, 0.0000000000000000000 ) ) ;
#4242 = PRESENTATION_STYLE_ASSIGNMENT (( #1911 ) ) ;
#4243 = PRESENTATION_LAYER_ASSIGNMENT (  '', '', ( #4998 ) ) ;
#4244 = CARTESIAN_POINT ( 'NONE',  ( 0.0000000000000000000, 0.0000000000000000000, 3.449999999999999734 ) ) ;
#4245 = CARTESIAN_POINT ( 'NONE',  ( 3.749999999999996447, 1.891781170833500392, 0.3000000000000000444 ) ) ;
#4246 = PRODUCT_RELATED_PRODUCT_CATEGORY ( 'part', '', ( #202 ) ) ;
#4247 = MECHANICAL_DESIGN_GEOMETRIC_PRESENTATION_REPRESENTATION (  '', ( #2742 ), #4921 ) ;
#4248 =( LENGTH_UNIT ( ) NAMED_UNIT ( * ) SI_UNIT ( .MILLI., .METRE. ) );
#4249 = STYLED_ITEM ( 'NONE', ( #2805 ), #5093 ) ;
#4250 = CARTESIAN_POINT ( 'NONE',  ( -4.074999999999999289, 2.591781170833500347, 0.2999999999999999889 ) ) ;
#4251 = SURFACE_SIDE_STYLE ('',( #563 ) ) ;
#4252 = COLOUR_RGB ( '',0.7529411764705882248, 0.7529411764705882248, 0.7529411764705882248 ) ;
#4253 = SURFACE_STYLE_FILL_AREA ( #3392 ) ;
#4254 = PRESENTATION_LAYER_ASSIGNMENT (  '', '', ( #4928 ) ) ;
#4255 = DIRECTION ( 'NONE',  ( 0.0000000000000000000, 0.0000000000000000000, 1.000000000000000000 ) ) ;
#4256 = PRODUCT_DEFINITION_SHAPE ( 'NONE', 'NONE',  #5026 ) ;
#4257 =( LENGTH_UNIT ( ) NAMED_UNIT ( * ) SI_UNIT ( .MILLI., .METRE. ) );
#4258 = COLOUR_RGB ( '',0.7529411764705882248, 0.7529411764705882248, 0.7529411764705882248 ) ;
#4259 = ORIENTED_EDGE ( 'NONE', *, *, #2007, .F. ) ;
#4260 = ADVANCED_FACE ( '1', ( #2084 ), #3779, .T. ) ;
#4261 = PRESENTATION_STYLE_ASSIGNMENT (( #2664 ) ) ;
#4262 = VECTOR ( 'NONE', #220, 1000.000000000000000 ) ;
#4263 = CARTESIAN_POINT ( 'NONE',  ( -2.000000000000002665, 1.753372802003358544, 3.749999999999998224 ) ) ;
#4264 = CARTESIAN_POINT ( 'NONE',  ( -3.250000000000000000, -1.908218829166499875, 0.9000000000000000222 ) ) ;
#4265 = VERTEX_POINT ( 'NONE', #2987 ) ;
#4266 = CARTESIAN_POINT ( 'NONE',  ( 3.749999999999995115, 1.891781170833499948, 0.4000000000000000222 ) ) ;
#4267 = EDGE_CURVE ( 'NONE', #4903, #3790, #4089, .T. ) ;
#4268 = DIRECTION ( 'NONE',  ( 1.000000000000000000, 0.0000000000000000000, 0.0000000000000000000 ) ) ;
#4269 = FILL_AREA_STYLE ('',( #1805 ) ) ;
#4270 = STYLED_ITEM ( 'NONE', ( #5019 ), #3647 ) ;
#4271 =( NAMED_UNIT ( * ) SI_UNIT ( $, .STERADIAN. ) SOLID_ANGLE_UNIT ( ) );
#4272 = UNCERTAINTY_MEASURE_WITH_UNIT (LENGTH_MEASURE( 1.000000000000000082E-05 ), #2419, 'distance_accuracy_value', 'NONE');
#4273 = CARTESIAN_POINT ( 'NONE',  ( -1.708578643762690419, 3.417157287525379505, 4.299999999999999822 ) ) ;
#4274 = SURFACE_STYLE_FILL_AREA ( #1881 ) ;
#4275 = DIRECTION ( 'NONE',  ( 1.000000000000000000, 0.0000000000000000000, 0.0000000000000000000 ) ) ;
#4276 =( LENGTH_UNIT ( ) NAMED_UNIT ( * ) SI_UNIT ( .MILLI., .METRE. ) );
#4277 = CARTESIAN_POINT ( 'NONE',  ( -1.163907813993777296, -2.418046093003110020, 3.637779991155306814 ) ) ;
#4278 = PRESENTATION_STYLE_ASSIGNMENT (( #1917 ) ) ;
#4279 = CARTESIAN_POINT ( 'NONE',  ( 3.649999999999999911, 2.591781170833500347, 1.300000000000000044 ) ) ;
#4280 =( NAMED_UNIT ( * ) PLANE_ANGLE_UNIT ( ) SI_UNIT ( $, .RADIAN. ) );
#4281 = APPLICATION_PROTOCOL_DEFINITION ( 'draft international standard', 'automotive_design', 1998, #145 ) ;
#4282 = DIRECTION ( 'NONE',  ( 0.0000000000000000000, 0.0000000000000000000, 1.000000000000000000 ) ) ;
#4283 = PRESENTATION_STYLE_ASSIGNMENT (( #3123 ) ) ;
#4284 = ORIENTED_EDGE ( 'NONE', *, *, #4907, .T. ) ;
#4285 = SURFACE_SIDE_STYLE ('',( #5099 ) ) ;
#4286 = MECHANICAL_DESIGN_GEOMETRIC_PRESENTATION_REPRESENTATION (  '', ( #3200 ), #4362 ) ;
#4287 = ORIENTED_EDGE ( 'NONE', *, *, #1562, .T. ) ;
#4288 = CARTESIAN_POINT ( 'NONE',  ( -1.916515138991160105, 1.958257569495579276, 3.749999999999999556 ) ) ;
#4289 = AXIS2_PLACEMENT_3D ( 'NONE', #1928, #4702, #3513 ) ;
#4290 = CARTESIAN_POINT ( 'NONE',  ( -3.000000000000003997, -2.500000000000008882, 3.450000000000000622 ) ) ;
#4291 = STYLED_ITEM ( 'NONE', ( #20 ), #4200 ) ;
#4292 = EDGE_CURVE ( 'NONE', #3217, #3615, #3353, .T. ) ;
#4293 = CARTESIAN_POINT ( 'NONE',  ( 0.0000000000000000000, 3.000000000000000000, 0.0000000000000000000 ) ) ;
#4294 = DIRECTION ( 'NONE',  ( 0.0000000000000000000, 0.0000000000000000000, 1.000000000000000000 ) ) ;
#4295 = FACE_OUTER_BOUND ( 'NONE', #1663, .T. ) ;
#4296 = PRESENTATION_LAYER_ASSIGNMENT (  '', '', ( #2630 ) ) ;
#4297 = PRODUCT ( '2', '2', '', ( #657 ) ) ;
#4298 = CARTESIAN_POINT ( 'NONE',  ( 2.999999999999999112, 1.891781170833503278, 1.300000000000000044 ) ) ;
#4299 = PRESENTATION_LAYER_ASSIGNMENT (  '', '', ( #1379 ) ) ;
#4300 = DIRECTION ( 'NONE',  ( 1.000000000000000000, 0.0000000000000000000, 0.0000000000000000000 ) ) ;
#4301 = DIRECTION ( 'NONE',  ( 0.0000000000000000000, 1.000000000000000000, 0.0000000000000000000 ) ) ;
#4302 = LINE ( 'NONE', #1075, #664 ) ;
#4303 =( GEOMETRIC_REPRESENTATION_CONTEXT ( 3 ) GLOBAL_UNCERTAINTY_ASSIGNED_CONTEXT ( ( #2115 ) ) GLOBAL_UNIT_ASSIGNED_CONTEXT ( ( #460, #4826, #3724 ) ) REPRESENTATION_CONTEXT ( 'NONE', 'WORKASPACE' ) );
#4304 = CARTESIAN_POINT ( 'NONE',  ( -1.916515138991160994, -1.958257569495579942, 3.750000000000000000 ) ) ;
#4305 = PRODUCT_CONTEXT ( 'NONE', #2384, 'mechanical' ) ;
#4306 = CARTESIAN_POINT ( 'NONE',  ( 1.650000000000000355, -3.299999999999999378, 4.299999999999999822 ) ) ;
#4307 = VECTOR ( 'NONE', #2045, 1000.000000000000000 ) ;
#4308 =( NAMED_UNIT ( * ) SI_UNIT ( $, .STERADIAN. ) SOLID_ANGLE_UNIT ( ) );
#4309 = DIRECTION ( 'NONE',  ( 0.0000000000000000000, 1.000000000000000000, 0.0000000000000000000 ) ) ;
#4310 = PLANE ( 'NONE',  #237 ) ;
#4311 = ORIENTED_EDGE ( 'NONE', *, *, #3775, .T. ) ;
#4312 = COLOUR_RGB ( '',0.7529411764705882248, 0.7529411764705882248, 0.7529411764705882248 ) ;
#4313 = SURFACE_SIDE_STYLE ('',( #4705 ) ) ;
#4314 = PRESENTATION_LAYER_ASSIGNMENT (  '', '', ( #1393 ) ) ;
#4315 = FILL_AREA_STYLE ('',( #3889 ) ) ;
#4316 =( NAMED_UNIT ( * ) SI_UNIT ( $, .STERADIAN. ) SOLID_ANGLE_UNIT ( ) );
#4317 = DIRECTION ( 'NONE',  ( -3.231085104332679983E-15, -1.000000000000000000, 0.0000000000000000000 ) ) ;
#4318 = CARTESIAN_POINT ( 'NONE',  ( 1.749999999999999556, 3.499999999999999112, 4.258578643762691129 ) ) ;
#4319 = AXIS2_PLACEMENT_3D ( 'NONE', #3448, #1398, #4223 ) ;
#4320 = EDGE_CURVE ( 'NONE', #3721, #5039, #4546, .T. ) ;
#4321 =( LENGTH_UNIT ( ) NAMED_UNIT ( * ) SI_UNIT ( .MILLI., .METRE. ) );
#4322 = LINE ( 'NONE', #2328, #3135 ) ;
#4323 = DIRECTION ( 'NONE',  ( -3.231085104332679983E-15, -1.000000000000000000, 2.938735877055720084E-31 ) ) ;
#4324 = DIRECTION ( 'NONE',  ( 0.0000000000000000000, 0.0000000000000000000, 1.000000000000000000 ) ) ;
#4325 = COLOUR_RGB ( '',0.0000000000000000000, 0.0000000000000000000, 0.0000000000000000000 ) ;
#4326 = EDGE_CURVE ( 'NONE', #3036, #3022, #886, .T. ) ;
#4327 = COLOUR_RGB ( '',0.7529411764705882248, 0.7529411764705882248, 0.7529411764705882248 ) ;
#4328 = CARTESIAN_POINT ( 'NONE',  ( -3.750000000000000000, 1.891781170833499948, 0.0000000000000000000 ) ) ;
#4329 =( GEOMETRIC_REPRESENTATION_CONTEXT ( 3 ) GLOBAL_UNCERTAINTY_ASSIGNED_CONTEXT ( ( #4557 ) ) GLOBAL_UNIT_ASSIGNED_CONTEXT ( ( #3212, #427, #4916 ) ) REPRESENTATION_CONTEXT ( 'NONE', 'WORKASPACE' ) );
#4330 =( GEOMETRIC_REPRESENTATION_CONTEXT ( 3 ) GLOBAL_UNCERTAINTY_ASSIGNED_CONTEXT ( ( #3838 ) ) GLOBAL_UNIT_ASSIGNED_CONTEXT ( ( #4798, #4744, #2392 ) ) REPRESENTATION_CONTEXT ( 'NONE', 'WORKASPACE' ) );
#4331 = FILL_AREA_STYLE ('',( #4720 ) ) ;
#4332 = FILL_AREA_STYLE ('',( #2743 ) ) ;
#4333 = PRESENTATION_LAYER_ASSIGNMENT (  '', '', ( #3433 ) ) ;
#4334 = LINE ( 'NONE', #3439, #1854 ) ;
#4335 = EDGE_LOOP ( 'NONE', ( #4187, #1219, #1675, #5103 ) ) ;
#4336 = DIRECTION ( 'NONE',  ( 3.231085104332679983E-15, 1.000000000000000000, -0.0000000000000000000 ) ) ;
#4337 = PRODUCT_DEFINITION_SHAPE ( 'NONE', 'NONE',  #1996 ) ;
#4338 = SURFACE_SIDE_STYLE ('',( #371 ) ) ;
#4339 =( LENGTH_UNIT ( ) NAMED_UNIT ( * ) SI_UNIT ( .MILLI., .METRE. ) );
#4340 = EDGE_CURVE ( 'NONE', #3603, #5076, #3299, .T. ) ;
#4341 =( NAMED_UNIT ( * ) SI_UNIT ( $, .STERADIAN. ) SOLID_ANGLE_UNIT ( ) );
#4342 = CARTESIAN_POINT ( 'NONE',  ( 1.708578643762689753, 3.417157287525379505, 4.299999999999999822 ) ) ;
#4343 = ORIENTED_EDGE ( 'NONE', *, *, #1978, .T. ) ;
#4344 = DIRECTION ( 'NONE',  ( 1.000000000000000000, 1.224646799147353207E-16, 0.0000000000000000000 ) ) ;
#4345 =( BOUNDED_CURVE ( )  B_SPLINE_CURVE ( 3, ( #804, #858, #3582, #2366 ),
 .UNSPECIFIED., .F., .T. ) 
 B_SPLINE_CURVE_WITH_KNOTS ( ( 4, 4 ),
 ( 0.0000000000000000000, 1.000000000000000000 ),
 .UNSPECIFIED. ) 
 CURVE ( )  GEOMETRIC_REPRESENTATION_ITEM ( )  RATIONAL_B_SPLINE_CURVE ( ( 1.000000000000000000, 0.3333333333333299286, 0.3333333333333299286, 1.000000000000000000 ) ) 
 REPRESENTATION_ITEM ( '' )  );
#4346 = UNCERTAINTY_MEASURE_WITH_UNIT (LENGTH_MEASURE( 1.000000000000000082E-05 ), #895, 'distance_accuracy_value', 'NONE');
#4347 = CARTESIAN_POINT ( 'NONE',  ( 2.850000000000000089, 3.000000000000000000, 0.0000000000000000000 ) ) ;
#4349 = ADVANCED_FACE ( 'NONE', ( #585 ), #3823, .T. ) ;
#4348 = SURFACE_STYLE_FILL_AREA ( #2761 ) ;
#4350 = VERTEX_POINT ( 'NONE', #1463 ) ;
#4351 = CARTESIAN_POINT ( 'NONE',  ( -3.649999999999999911, -2.258218829166500186, 0.1499999999999999944 ) ) ;
#4352 = CARTESIAN_POINT ( 'NONE',  ( 1.649999999999999689, 3.299999999999999822, 4.299999999999999822 ) ) ;
#4354 = EDGE_CURVE ( 'NONE', #1989, #476, #1821, .T. ) ;
#4353 = FACE_OUTER_BOUND ( 'NONE', #3269, .T. ) ;
#4355 = SHAPE_REPRESENTATION_RELATIONSHIP ( 'NONE' , 'NONE' ,  #1089, #4719 ) ;
#4356 = SURFACE_SIDE_STYLE ('',( #3580 ) ) ;
#4357 = APPLICATION_CONTEXT ( 'automotive_design' ) ;
#4358 = MECHANICAL_DESIGN_GEOMETRIC_PRESENTATION_REPRESENTATION (  '', ( #3712 ), #4779 ) ;
#4359 = DIRECTION ( 'NONE',  ( 0.0000000000000000000, 1.000000000000000000, 0.0000000000000000000 ) ) ;
#4360 = SURFACE_SIDE_STYLE ('',( #2746 ) ) ;
#4361 = ORIENTED_EDGE ( 'NONE', *, *, #2246, .F. ) ;
#4362 =( GEOMETRIC_REPRESENTATION_CONTEXT ( 3 ) GLOBAL_UNCERTAINTY_ASSIGNED_CONTEXT ( ( #2680 ) ) GLOBAL_UNIT_ASSIGNED_CONTEXT ( ( #5000, #2964, #86 ) ) REPRESENTATION_CONTEXT ( 'NONE', 'WORKASPACE' ) );
#4363 = LINE ( 'NONE', #4754, #3778 ) ;
#4364 = SURFACE_SIDE_STYLE ('',( #2059 ) ) ;
#4365 = ORIENTED_EDGE ( 'NONE', *, *, #2606, .T. ) ;
#4366 = CYLINDRICAL_SURFACE ( 'NONE', #2930, 0.4000000000000001887 ) ;
#4367 = DIRECTION ( 'NONE',  ( 1.000000000000000000, -3.231085104332679983E-15, 0.0000000000000000000 ) ) ;
#4368 = SURFACE_STYLE_USAGE ( .BOTH. , #1578 ) ;
#4369 =( NAMED_UNIT ( * ) PLANE_ANGLE_UNIT ( ) SI_UNIT ( $, .RADIAN. ) );
#4370 = EDGE_LOOP ( 'NONE', ( #80, #2001, #2981, #3418 ) ) ;
#4371 = ORIENTED_EDGE ( 'NONE', *, *, #2638, .T. ) ;
#4372 = APPLICATION_PROTOCOL_DEFINITION ( 'draft international standard', 'automotive_design', 1998, #4824 ) ;
#4373 = STYLED_ITEM ( 'NONE', ( #2429 ), #345 ) ;
#4374 = FILL_AREA_STYLE_COLOUR ( '', #2765 ) ;
#4375 =( NAMED_UNIT ( * ) SI_UNIT ( $, .STERADIAN. ) SOLID_ANGLE_UNIT ( ) );
#4376 = VERTEX_POINT ( 'NONE', #685 ) ;
#4377 = STYLED_ITEM ( 'NONE', ( #3351 ), #445 ) ;
#4378 =( LENGTH_UNIT ( ) NAMED_UNIT ( * ) SI_UNIT ( .MILLI., .METRE. ) );
#4379 =( GEOMETRIC_REPRESENTATION_CONTEXT ( 3 ) GLOBAL_UNCERTAINTY_ASSIGNED_CONTEXT ( ( #2961 ) ) GLOBAL_UNIT_ASSIGNED_CONTEXT ( ( #3467, #1614, #341 ) ) REPRESENTATION_CONTEXT ( 'NONE', 'WORKASPACE' ) );
#4380 = FILL_AREA_STYLE ('',( #3667 ) ) ;
#4381 = FACE_OUTER_BOUND ( 'NONE', #139, .T. ) ;
#4382 = ORIENTED_EDGE ( 'NONE', *, *, #1419, .T. ) ;
#4383 = DIRECTION ( 'NONE',  ( -0.0000000000000000000, 0.0000000000000000000, -1.000000000000000000 ) ) ;
#4384 = VECTOR ( 'NONE', #3202, 1000.000000000000000 ) ;
#4385 = STYLED_ITEM ( 'NONE', ( #3051 ), #529 ) ;
#4386 = PRESENTATION_STYLE_ASSIGNMENT (( #698 ) ) ;
#4387 = SURFACE_STYLE_FILL_AREA ( #3192 ) ;
#4388 =( GEOMETRIC_REPRESENTATION_CONTEXT ( 3 ) GLOBAL_UNCERTAINTY_ASSIGNED_CONTEXT ( ( #339 ) ) GLOBAL_UNIT_ASSIGNED_CONTEXT ( ( #578, #3366, #2895 ) ) REPRESENTATION_CONTEXT ( 'NONE', 'WORKASPACE' ) );
#4389 = CARTESIAN_POINT ( 'NONE',  ( 4.500000000000000000, -2.258218829166500186, 0.0000000000000000000 ) ) ;
#4390 = SURFACE_STYLE_USAGE ( .BOTH. , #3994 ) ;
#4391 = FILL_AREA_STYLE ('',( #5179 ) ) ;
#4392 = VERTEX_POINT ( 'NONE', #2712 ) ;
#4393 =( LENGTH_UNIT ( ) NAMED_UNIT ( * ) SI_UNIT ( .MILLI., .METRE. ) );
#4394 = MECHANICAL_DESIGN_GEOMETRIC_PRESENTATION_REPRESENTATION (  '', ( #1722 ), #437 ) ;
#4395 = UNCERTAINTY_MEASURE_WITH_UNIT (LENGTH_MEASURE( 1.000000000000000082E-05 ), #3485, 'distance_accuracy_value', 'NONE');
#4396 =( BOUNDED_CURVE ( )  B_SPLINE_CURVE ( 3, ( #225, #1855, #5062, #1529 ),
 .UNSPECIFIED., .F., .T. ) 
 B_SPLINE_CURVE_WITH_KNOTS ( ( 4, 4 ),
 ( 0.0000000000000000000, 1.000000000000000000 ),
 .UNSPECIFIED. ) 
 CURVE ( )  GEOMETRIC_REPRESENTATION_ITEM ( )  RATIONAL_B_SPLINE_CURVE ( ( 1.000000000000000000, 0.3333333333333299286, 0.3333333333333299286, 1.000000000000000000 ) ) 
 REPRESENTATION_ITEM ( '' )  );
#4397 = DIRECTION ( 'NONE',  ( 1.000000000000000000, -3.252606517456511724E-15, 0.0000000000000000000 ) ) ;
#4398 = MECHANICAL_DESIGN_GEOMETRIC_PRESENTATION_REPRESENTATION (  '', ( #1135 ), #2571 ) ;
#4399 = CARTESIAN_POINT ( 'NONE',  ( 4.074999999999999289, 1.891781170833499948, 0.2999999999999999889 ) ) ;
#4400 = CARTESIAN_POINT ( 'NONE',  ( -2.000000000000000000, -1.958257569495580608, 3.750000000000000000 ) ) ;
#4401 = PRODUCT_DEFINITION_CONTEXT ( 'detailed design', #1524, 'design' ) ;
#4402 =( LENGTH_UNIT ( ) NAMED_UNIT ( * ) SI_UNIT ( .MILLI., .METRE. ) );
#4403 = CARTESIAN_POINT ( 'NONE',  ( -2.000000000000000000, 2.041742430504419836, 3.750000000000000000 ) ) ;
#4404 = VERTEX_POINT ( 'NONE', #3929 ) ;
#4405 = DIRECTION ( 'NONE',  ( 1.000000000000000000, -3.252606517456511724E-15, 0.0000000000000000000 ) ) ;
#4406 =( NAMED_UNIT ( * ) SI_UNIT ( $, .STERADIAN. ) SOLID_ANGLE_UNIT ( ) );
#4407 = DIRECTION ( 'NONE',  ( -3.231085104332679983E-15, -1.000000000000000000, 0.0000000000000000000 ) ) ;
#4408 = COLOUR_RGB ( '',0.7921568627450980005, 0.8196078431372548767, 0.9333333333333333481 ) ;
#4409 = DIRECTION ( 'NONE',  ( 0.0000000000000000000, 1.000000000000000000, 0.0000000000000000000 ) ) ;
#4410 = EDGE_CURVE ( 'NONE', #1377, #1693, #4696, .T. ) ;
#4411 = SHAPE_REPRESENTATION_RELATIONSHIP ( 'NONE' , 'NONE' ,  #18, #185 ) ;
#4412 = ORIENTED_EDGE ( 'NONE', *, *, #4626, .F. ) ;
#4413 = FILL_AREA_STYLE_COLOUR ( '', #1650 ) ;
#4414 = UNCERTAINTY_MEASURE_WITH_UNIT (LENGTH_MEASURE( 1.000000000000000082E-05 ), #2634, 'distance_accuracy_value', 'NONE');
#4415 = FILL_AREA_STYLE ('',( #243 ) ) ;
#4416 = VECTOR ( 'NONE', #5086, 1000.000000000000000 ) ;
#4417 =( LENGTH_UNIT ( ) NAMED_UNIT ( * ) SI_UNIT ( .MILLI., .METRE. ) );
#4418 = CARTESIAN_POINT ( 'NONE',  ( 0.0000000000000000000, 0.0000000000000000000, 3.449999999999999734 ) ) ;
#4419 = AXIS2_PLACEMENT_3D ( 'NONE', #2560, #4255, #2610 ) ;
#4420 = FACE_OUTER_BOUND ( 'NONE', #4100, .T. ) ;
#4421 = EDGE_CURVE ( 'NONE', #987, #1628, #5118, .T. ) ;
#4422 = ORIENTED_EDGE ( 'NONE', *, *, #2310, .F. ) ;
#4423 = COLOUR_RGB ( '',0.7529411764705882248, 0.7529411764705882248, 0.7529411764705882248 ) ;
#4424 = FILL_AREA_STYLE ('',( #4481 ) ) ;
#4425 = DIRECTION ( 'NONE',  ( 1.000000000000000000, 0.0000000000000000000, 0.0000000000000000000 ) ) ;
#4426 =( LENGTH_UNIT ( ) NAMED_UNIT ( * ) SI_UNIT ( .MILLI., .METRE. ) );
#4427 = CARTESIAN_POINT ( 'NONE',  ( -3.000000000000000000, 2.241781170833500259, 1.000000000000000000 ) ) ;
#4428 =( LENGTH_UNIT ( ) NAMED_UNIT ( * ) SI_UNIT ( .MILLI., .METRE. ) );
#4429 = ORIENTED_EDGE ( 'NONE', *, *, #2690, .T. ) ;
#4430 = PRESENTATION_LAYER_ASSIGNMENT (  '', '', ( #2089 ) ) ;
#4431 = FILL_AREA_STYLE_COLOUR ( '', #2668 ) ;
#4432 = DIRECTION ( 'NONE',  ( -3.231085104332679983E-15, -1.000000000000000000, 2.938735877055720084E-31 ) ) ;
#4433 =( GEOMETRIC_REPRESENTATION_CONTEXT ( 3 ) GLOBAL_UNCERTAINTY_ASSIGNED_CONTEXT ( ( #2462 ) ) GLOBAL_UNIT_ASSIGNED_CONTEXT ( ( #4402, #4882, #4059 ) ) REPRESENTATION_CONTEXT ( 'NONE', 'WORKASPACE' ) );
#4434 = CARTESIAN_POINT ( 'NONE',  ( 1.999999999999995559, 1.581953906996889092, 3.637779991155306369 ) ) ;
#4435 =( LENGTH_UNIT ( ) NAMED_UNIT ( * ) SI_UNIT ( .MILLI., .METRE. ) );
#4436 = ORIENTED_EDGE ( 'NONE', *, *, #1837, .T. ) ;
#4437 = CARTESIAN_POINT ( 'NONE',  ( -1.649999999999999911, -8.082668874372519433E-17, 4.299999999999999822 ) ) ;
#4438 = CARTESIAN_POINT ( 'NONE',  ( 3.250000000000000444, 2.591781170833500791, 1.300000000000000044 ) ) ;
#4439 = ADVANCED_FACE ( 'NONE', ( #5027 ), #3432, .T. ) ;
#4440 =( LENGTH_UNIT ( ) NAMED_UNIT ( * ) SI_UNIT ( .MILLI., .METRE. ) );
#4441 = CIRCLE ( 'NONE', #914, 0.1499999999999999667 ) ;
#4442 = EDGE_LOOP ( 'NONE', ( #4877, #2548, #2274, #4371 ) ) ;
#4443 = FILL_AREA_STYLE_COLOUR ( '', #1491 ) ;
#4444 = AXIS2_PLACEMENT_3D ( 'NONE', #1116, #4687, #3073 ) ;
#4445 =( NAMED_UNIT ( * ) PLANE_ANGLE_UNIT ( ) SI_UNIT ( $, .RADIAN. ) );
#4446 = SURFACE_SIDE_STYLE ('',( #2864 ) ) ;
#4447 = SURFACE_STYLE_USAGE ( .BOTH. , #5201 ) ;
#4448 = ORIENTED_EDGE ( 'NONE', *, *, #3658, .F. ) ;
#4449 = SURFACE_STYLE_FILL_AREA ( #4048 ) ;
#4450 = EDGE_CURVE ( 'NONE', #2838, #499, #3752, .T. ) ;
#4451 = MECHANICAL_DESIGN_GEOMETRIC_PRESENTATION_REPRESENTATION (  '', ( #4700 ), #3297 ) ;
#4452 =( NAMED_UNIT ( * ) PLANE_ANGLE_UNIT ( ) SI_UNIT ( $, .RADIAN. ) );
#4453 = LINE ( 'NONE', #33, #2561 ) ;
#4454 = DIRECTION ( 'NONE',  ( 0.0000000000000000000, 0.0000000000000000000, 1.000000000000000000 ) ) ;
#4455 = EDGE_LOOP ( 'NONE', ( #5133, #579, #4945, #2530 ) ) ;
#4456 = CARTESIAN_POINT ( 'NONE',  ( 3.250000000000000000, -2.258218829166500186, 0.9000000000000000222 ) ) ;
#4457 = VECTOR ( 'NONE', #1691, 1000.000000000000000 ) ;
#4458 =( LENGTH_UNIT ( ) NAMED_UNIT ( * ) SI_UNIT ( .MILLI., .METRE. ) );
#4459 = LINE ( 'NONE', #2475, #1803 ) ;
#4460 = DIRECTION ( 'NONE',  ( 0.0000000000000000000, 0.0000000000000000000, 1.000000000000000000 ) ) ;
#4461 = ORIENTED_EDGE ( 'NONE', *, *, #1921, .T. ) ;
#4462 =( REPRESENTATION_RELATIONSHIP ('NONE','NONE', #3242, #3655 ) REPRESENTATION_RELATIONSHIP_WITH_TRANSFORMATION ( #2440 )SHAPE_REPRESENTATION_RELATIONSHIP( ) );
#4463 = EDGE_CURVE ( 'NONE', #4748, #295, #3901, .T. ) ;
#4464 = CARTESIAN_POINT ( 'NONE',  ( 0.0000000000000000000, 3.000000000000000000, 3.149999999999999911 ) ) ;
#4465 = SURFACE_STYLE_USAGE ( .BOTH. , #50 ) ;
#4466 =( GEOMETRIC_REPRESENTATION_CONTEXT ( 3 ) GLOBAL_UNCERTAINTY_ASSIGNED_CONTEXT ( ( #4166 ) ) GLOBAL_UNIT_ASSIGNED_CONTEXT ( ( #2458, #729, #2376 ) ) REPRESENTATION_CONTEXT ( 'NONE', 'WORKASPACE' ) );
#4467 = CARTESIAN_POINT ( 'NONE',  ( 1.000000000000000000, 3.000000000000000444, 0.2999999999999999889 ) ) ;
#4468 = ORIENTED_EDGE ( 'NONE', *, *, #3930, .T. ) ;
#4469 = SURFACE_SIDE_STYLE ('',( #832 ) ) ;
#4470 = FACE_OUTER_BOUND ( 'NONE', #217, .T. ) ;
#4471 = CYLINDRICAL_SURFACE ( 'NONE', #3172, 0.4000000000000000222 ) ;
#4472 = FILL_AREA_STYLE ('',( #810 ) ) ;
#4473 = ORIENTED_EDGE ( 'NONE', *, *, #1452, .F. ) ;
#4474 = VECTOR ( 'NONE', #538, 1000.000000000000000 ) ;
#4475 = DIRECTION ( 'NONE',  ( -1.000000000000000000, 4.336808689942025625E-15, 0.0000000000000000000 ) ) ;
#4476 = PRESENTATION_LAYER_ASSIGNMENT (  '', '', ( #4385 ) ) ;
#4477 = ADVANCED_BREP_SHAPE_REPRESENTATION ( '', ( #3868, #3507 ), #1154 ) ;
#4478 = ORIENTED_EDGE ( 'NONE', *, *, #3084, .T. ) ;
#4479 = SHAPE_REPRESENTATION ( '1', ( #3507 ), #2502 ) ;
#4480 = PRESENTATION_LAYER_ASSIGNMENT (  '', '', ( #1721 ) ) ;
#4481 = FILL_AREA_STYLE_COLOUR ( '', #4258 ) ;
#4482 = SURFACE_STYLE_USAGE ( .BOTH. , #1347 ) ;
#4483 = LINE ( 'NONE', #1369, #3727 ) ;
#4484 = ORIENTED_EDGE ( 'NONE', *, *, #1624, .T. ) ;
#4485 = ITEM_DEFINED_TRANSFORMATION ( 'NONE', 'NONE', #5004,  #3507 ) ;
#4486 = FILL_AREA_STYLE ('',( #389 ) ) ;
#4487 = FILL_AREA_STYLE_COLOUR ( '', #374 ) ;
#4488 = SURFACE_STYLE_USAGE ( .BOTH. , #4855 ) ;
#4489 = ADVANCED_FACE ( 'NONE', ( #3153 ), #1831, .T. ) ;
#4490 = ORIENTED_EDGE ( 'NONE', *, *, #788, .F. ) ;
#4491 = LINE ( 'NONE', #1239, #2903 ) ;
#4492 = MECHANICAL_DESIGN_GEOMETRIC_PRESENTATION_REPRESENTATION (  '', ( #264 ), #1728 ) ;
#4493 =( NAMED_UNIT ( * ) SI_UNIT ( $, .STERADIAN. ) SOLID_ANGLE_UNIT ( ) );
#4494 = VECTOR ( 'NONE', #4870, 1000.000000000000000 ) ;
#4495 = APPLICATION_CONTEXT ( 'automotive_design' ) ;
#4496 = DIRECTION ( 'NONE',  ( -0.0000000000000000000, -0.0000000000000000000, -1.000000000000000000 ) ) ;
#4497 = SURFACE_SIDE_STYLE ('',( #3669 ) ) ;
#4498 = VERTEX_POINT ( 'NONE', #2339 ) ;
#4499 = SURFACE_STYLE_USAGE ( .BOTH. , #4922 ) ;
#4500 = COLOUR_RGB ( '',0.7529411764705882248, 0.7529411764705882248, 0.7529411764705882248 ) ;
#4501 = STYLED_ITEM ( 'NONE', ( #3776 ), #2481 ) ;
#4502 = FILL_AREA_STYLE ('',( #3783 ) ) ;
#4503 = VERTEX_POINT ( 'NONE', #1969 ) ;
#4504 =( GEOMETRIC_REPRESENTATION_CONTEXT ( 3 ) GLOBAL_UNCERTAINTY_ASSIGNED_CONTEXT ( ( #940 ) ) GLOBAL_UNIT_ASSIGNED_CONTEXT ( ( #2586, #4648, #208 ) ) REPRESENTATION_CONTEXT ( 'NONE', 'WORKASPACE' ) );
#4505 = SURFACE_STYLE_USAGE ( .BOTH. , #2809 ) ;
#4506 = AXIS2_PLACEMENT_3D ( 'NONE', #607, #204, #2554 ) ;
#4507 = UNCERTAINTY_MEASURE_WITH_UNIT (LENGTH_MEASURE( 1.000000000000000082E-05 ), #4339, 'distance_accuracy_value', 'NONE');
#4508 = DIRECTION ( 'NONE',  ( 0.0000000000000000000, 0.0000000000000000000, 1.000000000000000000 ) ) ;
#4509 = VERTEX_POINT ( 'NONE', #3662 ) ;
#4510 =( GEOMETRIC_REPRESENTATION_CONTEXT ( 3 ) GLOBAL_UNCERTAINTY_ASSIGNED_CONTEXT ( ( #3620 ) ) GLOBAL_UNIT_ASSIGNED_CONTEXT ( ( #4321, #254, #1480 ) ) REPRESENTATION_CONTEXT ( 'NONE', 'WORKASPACE' ) );
#4511 =( NAMED_UNIT ( * ) SI_UNIT ( $, .STERADIAN. ) SOLID_ANGLE_UNIT ( ) );
#4512 =( BOUNDED_SURFACE ( )  B_SPLINE_SURFACE ( 3, 3, ( 
 ( #1758, #5037, #5011, #626 ),
 ( #2973, #2576, #4178, #1431 ),
 ( #1018, #2253, #223, #1853 ),
 ( #3005, #2621, #4856, #1270 ) ),
 .UNSPECIFIED., .F., .F., .F. ) 
 B_SPLINE_SURFACE_WITH_KNOTS ( ( 4, 4 ),
 ( 4, 4 ),
 ( 0.0000000000000000000, 1.000000000000000000 ),
 ( 0.0000000000000000000, 1.000000000000000000 ),
 .UNSPECIFIED. ) 
 GEOMETRIC_REPRESENTATION_ITEM ( )  RATIONAL_B_SPLINE_SURFACE ( (
 ( 1.000000000000000000, 0.3333333333333337034, 0.3333333333333337034, 1.000000000000000000),
 ( 0.8911066843560517814, 0.2970355614520175935, 0.2970355614520175935, 0.8911066843560517814),
 ( 0.8911066843560517814, 0.2970355614520175935, 0.2970355614520175935, 0.8911066843560517814),
 ( 1.000000000000000000, 0.3333333333333337034, 0.3333333333333337034, 1.000000000000000000) ) ) 
 REPRESENTATION_ITEM ( '' )  SURFACE ( )  );
#4513 = VERTEX_POINT ( 'NONE', #767 ) ;
#4514 = PRODUCT_DEFINITION_FORMATION_WITH_SPECIFIED_SOURCE ( 'ANY', '', #1585, .NOT_KNOWN. ) ;
#4515 = CIRCLE ( 'NONE', #5023, 0.5000000000000000000 ) ;
#4516 = ITEM_DEFINED_TRANSFORMATION ( 'NONE', 'NONE', #4594,  #3507 ) ;
#4517 = LINE ( 'NONE', #908, #2505 ) ;
#4518 = PRODUCT_DEFINITION_SHAPE ( 'NONE', 'NONE',  #5229 ) ;
#4519 =( NAMED_UNIT ( * ) SI_UNIT ( $, .STERADIAN. ) SOLID_ANGLE_UNIT ( ) );
#4520 = CARTESIAN_POINT ( 'NONE',  ( -3.000000000000000000, -2.850000000000000089, 0.0000000000000000000 ) ) ;
#4521 = ORIENTED_EDGE ( 'NONE', *, *, #2980, .F. ) ;
#4522 = COLOUR_RGB ( '',0.7529411764705882248, 0.7529411764705882248, 0.7529411764705882248 ) ;
#4523 = CARTESIAN_POINT ( 'NONE',  ( 3.249999999999998668, 2.241781170833500259, 1.000000000000000000 ) ) ;
#4524 =( BOUNDED_SURFACE ( )  B_SPLINE_SURFACE ( 3, 3, ( 
 ( #3175, #2380, #5131, #3116 ),
 ( #1856, #2788, #2277, #4714 ),
 ( #226, #4277, #5063, #1074 ),
 ( #3080, #1122, #1553, #3145 ) ),
 .UNSPECIFIED., .F., .F., .T. ) 
 B_SPLINE_SURFACE_WITH_KNOTS ( ( 4, 4 ),
 ( 4, 4 ),
 ( 0.0000000000000000000, 1.000000000000000000 ),
 ( 0.0000000000000000000, 1.000000000000000000 ),
 .UNSPECIFIED. ) 
 GEOMETRIC_REPRESENTATION_ITEM ( )  RATIONAL_B_SPLINE_SURFACE ( (
 ( 1.000000000000000000, 0.3333333333333337034, 0.3333333333333337034, 1.000000000000000000),
 ( 0.8911066843560517814, 0.2970355614520175935, 0.2970355614520175935, 0.8911066843560517814),
 ( 0.8911066843560517814, 0.2970355614520175935, 0.2970355614520175935, 0.8911066843560517814),
 ( 1.000000000000000000, 0.3333333333333337034, 0.3333333333333337034, 1.000000000000000000) ) ) 
 REPRESENTATION_ITEM ( '' )  SURFACE ( )  );
#4525 = EDGE_CURVE ( 'NONE', #3300, #1228, #3609, .T. ) ;
#4526 = VECTOR ( 'NONE', #4184, 1000.000000000000000 ) ;
#4527 = DIRECTION ( 'NONE',  ( 0.0000000000000000000, 0.0000000000000000000, -1.000000000000000000 ) ) ;
#4528 = SURFACE_STYLE_USAGE ( .BOTH. , #4497 ) ;
#4529 = ORIENTED_EDGE ( 'NONE', *, *, #4680, .T. ) ;
#4530 = UNCERTAINTY_MEASURE_WITH_UNIT (LENGTH_MEASURE( 1.000000000000000082E-05 ), #1647, 'distance_accuracy_value', 'NONE');
#4531 = SURFACE_STYLE_USAGE ( .BOTH. , #2234 ) ;
#4532 = DIRECTION ( 'NONE',  ( 1.000000000000000000, -1.224646799147353207E-16, 0.0000000000000000000 ) ) ;
#4533 =( LENGTH_UNIT ( ) NAMED_UNIT ( * ) SI_UNIT ( .MILLI., .METRE. ) );
#4534 = ORIENTED_EDGE ( 'NONE', *, *, #931, .F. ) ;
#4535 = LINE ( 'NONE', #4216, #4169 ) ;
#4536 = EDGE_CURVE ( 'NONE', #757, #4986, #1471, .T. ) ;
#4537 = EDGE_LOOP ( 'NONE', ( #2477, #5209, #1353, #1550 ) ) ;
#4538 =( LENGTH_UNIT ( ) NAMED_UNIT ( * ) SI_UNIT ( .MILLI., .METRE. ) );
#4539 = ORIENTED_EDGE ( 'NONE', *, *, #4655, .F. ) ;
#4540 =( NAMED_UNIT ( * ) PLANE_ANGLE_UNIT ( ) SI_UNIT ( $, .RADIAN. ) );
#4541 = FILL_AREA_STYLE_COLOUR ( '', #1659 ) ;
#4542 =( NAMED_UNIT ( * ) PLANE_ANGLE_UNIT ( ) SI_UNIT ( $, .RADIAN. ) );
#4543 =( BOUNDED_CURVE ( )  B_SPLINE_CURVE ( 3, ( #2799, #4036, #5140, #4746 ),
 .UNSPECIFIED., .F., .T. ) 
 B_SPLINE_CURVE_WITH_KNOTS ( ( 4, 4 ),
 ( 0.0000000000000000000, 1.000000000000000000 ),
 .UNSPECIFIED. ) 
 CURVE ( )  GEOMETRIC_REPRESENTATION_ITEM ( )  RATIONAL_B_SPLINE_CURVE ( ( 1.000000000000000000, 0.3333333333333368120, 0.3333333333333368120, 1.000000000000000000 ) ) 
 REPRESENTATION_ITEM ( '' )  );
#4544 = ORIENTED_EDGE ( 'NONE', *, *, #2170, .T. ) ;
#4545 = LINE ( 'NONE', #1240, #1416 ) ;
#4546 = CIRCLE ( 'NONE', #4969, 0.1499999999999999667 ) ;
#4547 = VERTEX_POINT ( 'NONE', #3978 ) ;
#4548 = STYLED_ITEM ( 'NONE', ( #327 ), #134 ) ;
#4549 = EDGE_CURVE ( 'NONE', #1238, #22, #2047, .T. ) ;
#4550 = LINE ( 'NONE', #4954, #5084 ) ;
#4551 = CARTESIAN_POINT ( 'NONE',  ( -2.000000000000005329, 1.500000000000000000, 3.449999999999999734 ) ) ;
#4552 = DIRECTION ( 'NONE',  ( -1.000000000000000000, 0.0000000000000000000, 0.0000000000000000000 ) ) ;
#4553 = FILL_AREA_STYLE ('',( #1724 ) ) ;
#4554 = VERTEX_POINT ( 'NONE', #1607 ) ;
#4555 = SURFACE_SIDE_STYLE ('',( #4199 ) ) ;
#4556 = COLOUR_RGB ( '',0.0000000000000000000, 0.0000000000000000000, 0.0000000000000000000 ) ;
#4557 = UNCERTAINTY_MEASURE_WITH_UNIT (LENGTH_MEASURE( 1.000000000000000082E-05 ), #3212, 'distance_accuracy_value', 'NONE');
#4558 = EDGE_LOOP ( 'NONE', ( #1995, #4365, #2500, #4818 ) ) ;
#4559 = DIRECTION ( 'NONE',  ( -1.000000000000000000, 0.0000000000000000000, -0.0000000000000000000 ) ) ;
#4560 =( NAMED_UNIT ( * ) SI_UNIT ( $, .STERADIAN. ) SOLID_ANGLE_UNIT ( ) );
#4561 = ORIENTED_EDGE ( 'NONE', *, *, #16, .F. ) ;
#4562 = VECTOR ( 'NONE', #911, 1000.000000000000000 ) ;
#4563 = VECTOR ( 'NONE', #227, 1000.000000000000000 ) ;
#4564 =( NAMED_UNIT ( * ) SI_UNIT ( $, .STERADIAN. ) SOLID_ANGLE_UNIT ( ) );
#4565 = UNCERTAINTY_MEASURE_WITH_UNIT (LENGTH_MEASURE( 1.000000000000000082E-05 ), #2910, 'distance_accuracy_value', 'NONE');
#4566 = DIRECTION ( 'NONE',  ( 0.0000000000000000000, 0.0000000000000000000, -1.000000000000000000 ) ) ;
#4568 = PLANE ( 'NONE',  #3828 ) ;
#4567 = MECHANICAL_DESIGN_GEOMETRIC_PRESENTATION_REPRESENTATION (  '', ( #1882 ), #10 ) ;
#4569 = STYLED_ITEM ( 'NONE', ( #5111 ), #1126 ) ;
#4570 = ORIENTED_EDGE ( 'NONE', *, *, #1676, .T. ) ;
#4571 = CARTESIAN_POINT ( 'NONE',  ( 0.0000000000000000000, 0.0000000000000000000, 0.0000000000000000000 ) ) ;
#4572 = CARTESIAN_POINT ( 'NONE',  ( -4.074999999999999289, -2.608218829166499830, 0.0000000000000000000 ) ) ;
#4573 = ORIENTED_EDGE ( 'NONE', *, *, #1019, .F. ) ;
#4574 = DIRECTION ( 'NONE',  ( 0.0000000000000000000, 1.000000000000000000, 0.0000000000000000000 ) ) ;
#4575 = ADVANCED_FACE ( 'NONE', ( #3577 ), #5168, .T. ) ;
#4576 =( NAMED_UNIT ( * ) SI_UNIT ( $, .STERADIAN. ) SOLID_ANGLE_UNIT ( ) );
#4577 = COLOUR_RGB ( '',0.7529411764705882248, 0.7529411764705882248, 0.7529411764705882248 ) ;
#4578 = CARTESIAN_POINT ( 'NONE',  ( 3.000000000000000000, 2.850000000000000089, 3.149999999999999911 ) ) ;
#4579 = ORIENTED_EDGE ( 'NONE', *, *, #4892, .T. ) ;
#4580 = AXIS2_PLACEMENT_3D ( 'NONE', #4266, #4336, #5121 ) ;
#4581 =( GEOMETRIC_REPRESENTATION_CONTEXT ( 3 ) GLOBAL_UNCERTAINTY_ASSIGNED_CONTEXT ( ( #1311 ) ) GLOBAL_UNIT_ASSIGNED_CONTEXT ( ( #306, #4790, #329 ) ) REPRESENTATION_CONTEXT ( 'NONE', 'WORKASPACE' ) );
#4582 = EDGE_CURVE ( 'NONE', #180, #1464, #3917, .T. ) ;
#4583 = SURFACE_SIDE_STYLE ('',( #146 ) ) ;
#4584 = ORIENTED_EDGE ( 'NONE', *, *, #612, .F. ) ;
#4585 = DIRECTION ( 'NONE',  ( 1.000000000000000000, -0.0000000000000000000, 0.0000000000000000000 ) ) ;
#4586 = PRESENTATION_STYLE_ASSIGNMENT (( #170 ) ) ;
#4587 = EDGE_LOOP ( 'NONE', ( #2137, #4311, #3372, #4811 ) ) ;
#4588 = PRESENTATION_LAYER_ASSIGNMENT (  '', '', ( #2846 ) ) ;
#4589 = PLANE ( 'NONE',  #709 ) ;
#4590 = PRESENTATION_LAYER_ASSIGNMENT (  '', '', ( #2164 ) ) ;
#4591 = FILL_AREA_STYLE_COLOUR ( '', #2925 ) ;
#4592 = CARTESIAN_POINT ( 'NONE',  ( 4.500000000000000000, 4.483562341667009399, 0.2999999999999999889 ) ) ;
#4593 = FILL_AREA_STYLE ('',( #1789 ) ) ;
#4594 = AXIS2_PLACEMENT_3D ( 'NONE', #1355, #3777, #2206 ) ;
#4595 = DIRECTION ( 'NONE',  ( -1.000000000000000000, 0.0000000000000000000, -0.0000000000000000000 ) ) ;
#4596 = VERTEX_POINT ( 'NONE', #937 ) ;
#4597 = SURFACE_STYLE_FILL_AREA ( #3396 ) ;
#4598 = DIRECTION ( 'NONE',  ( 0.0000000000000000000, 0.0000000000000000000, 1.000000000000000000 ) ) ;
#4599 =( GEOMETRIC_REPRESENTATION_CONTEXT ( 3 ) GLOBAL_UNCERTAINTY_ASSIGNED_CONTEXT ( ( #2 ) ) GLOBAL_UNIT_ASSIGNED_CONTEXT ( ( #4458, #2527, #3742 ) ) REPRESENTATION_CONTEXT ( 'NONE', 'WORKASPACE' ) );
#4600 =( NAMED_UNIT ( * ) SI_UNIT ( $, .STERADIAN. ) SOLID_ANGLE_UNIT ( ) );
#4601 = ORIENTED_EDGE ( 'NONE', *, *, #58, .F. ) ;
#4602 = ADVANCED_FACE ( 'NONE', ( #990 ), #4512, .T. ) ;
#4603 = VECTOR ( 'NONE', #4695, 1000.000000000000000 ) ;
#4604 = CARTESIAN_POINT ( 'NONE',  ( -3.350000000000000089, 2.241781170833500259, 0.0000000000000000000 ) ) ;
#4605 = DIRECTION ( 'NONE',  ( -0.0000000000000000000, -1.000000000000000000, -0.0000000000000000000 ) ) ;
#4606 = COLOUR_RGB ( '',0.0000000000000000000, 0.0000000000000000000, 0.0000000000000000000 ) ;
#4607 = EDGE_LOOP ( 'NONE', ( #5145, #551, #2966, #1278 ) ) ;
#4608 = CARTESIAN_POINT ( 'NONE',  ( -3.000000000000000000, 2.850000000000000089, 3.449999999999999734 ) ) ;
#4609 = CARTESIAN_POINT ( 'NONE',  ( 3.000000000000000444, -2.608218829166496722, 1.000000000000000000 ) ) ;
#4610 = PLANE ( 'NONE',  #5139 ) ;
#4611 =( NAMED_UNIT ( * ) PLANE_ANGLE_UNIT ( ) SI_UNIT ( $, .RADIAN. ) );
#4612 = ORIENTED_EDGE ( 'NONE', *, *, #281, .T. ) ;
#4613 = SURFACE_STYLE_USAGE ( .BOTH. , #5056 ) ;
#4614 = SURFACE_STYLE_USAGE ( .BOTH. , #2622 ) ;
#4615 = ORIENTED_EDGE ( 'NONE', *, *, #1540, .F. ) ;
#4616 = ORIENTED_EDGE ( 'NONE', *, *, #2170, .F. ) ;
#4617 = EDGE_CURVE ( 'NONE', #2391, #3490, #125, .T. ) ;
#4618 = CARTESIAN_POINT ( 'NONE',  ( -3.000000000000000000, -1.908218829166499875, 0.0000000000000000000 ) ) ;
#4619 = DIRECTION ( 'NONE',  ( 0.0000000000000000000, 0.0000000000000000000, 1.000000000000000000 ) ) ;
#4620 = CARTESIAN_POINT ( 'NONE',  ( 2.000000000000000444, -2.041742430504419836, 3.750000000000000000 ) ) ;
#4621 =( NAMED_UNIT ( * ) SI_UNIT ( $, .STERADIAN. ) SOLID_ANGLE_UNIT ( ) );
#4622 = CARTESIAN_POINT ( 'NONE',  ( 4.074999999999999289, 2.591781170833500347, 0.0000000000000000000 ) ) ;
#4623 = ORIENTED_EDGE ( 'NONE', *, *, #2043, .T. ) ;
#4624 = ADVANCED_FACE ( 'NONE', ( #556 ), #917, .T. ) ;
#4625 = DIRECTION ( 'NONE',  ( 1.000000000000000000, 0.0000000000000000000, 0.0000000000000000000 ) ) ;
#4626 = EDGE_CURVE ( 'NONE', #13, #476, #2999, .T. ) ;
#4627 = SURFACE_STYLE_USAGE ( .BOTH. , #2311 ) ;
#4628 = ORIENTED_EDGE ( 'NONE', *, *, #2439, .T. ) ;
#4629 =( GEOMETRIC_REPRESENTATION_CONTEXT ( 3 ) GLOBAL_UNCERTAINTY_ASSIGNED_CONTEXT ( ( #5085 ) ) GLOBAL_UNIT_ASSIGNED_CONTEXT ( ( #4117, #2112, #1745 ) ) REPRESENTATION_CONTEXT ( 'NONE', 'WORKASPACE' ) );
#4630 = FILL_AREA_STYLE ('',( #212 ) ) ;
#4631 = CARTESIAN_POINT ( 'NONE',  ( -1.916515138991158107, 2.041742430504419392, 3.749999999999999556 ) ) ;
#4632 = PRODUCT_RELATED_PRODUCT_CATEGORY ( 'part', '', ( #1462 ) ) ;
#4633 = VECTOR ( 'NONE', #487, 1000.000000000000000 ) ;
#4634 = CARTESIAN_POINT ( 'NONE',  ( -1.750000000000000000, 2.143131898507868297E-16, 4.200000000000000178 ) ) ;
#4635 = VERTEX_POINT ( 'NONE', #3916 ) ;
#4636 =( NAMED_UNIT ( * ) SI_UNIT ( $, .STERADIAN. ) SOLID_ANGLE_UNIT ( ) );
#4637 =( GEOMETRIC_REPRESENTATION_CONTEXT ( 3 ) GLOBAL_UNCERTAINTY_ASSIGNED_CONTEXT ( ( #3865 ) ) GLOBAL_UNIT_ASSIGNED_CONTEXT ( ( #4428, #3574, #1620 ) ) REPRESENTATION_CONTEXT ( 'NONE', 'WORKASPACE' ) );
#4638 = CARTESIAN_POINT ( 'NONE',  ( 2.850000000000000089, 3.000000000000000000, 0.0000000000000000000 ) ) ;
#4639 = LINE ( 'NONE', #247, #3998 ) ;
#4640 = COLOUR_RGB ( '',0.7529411764705882248, 0.7529411764705882248, 0.7529411764705882248 ) ;
#4641 = SURFACE_SIDE_STYLE ('',( #1762 ) ) ;
#4642 = PRESENTATION_LAYER_ASSIGNMENT (  '', '', ( #946 ) ) ;
#4643 = SURFACE_STYLE_USAGE ( .BOTH. , #674 ) ;
#4644 = CARTESIAN_POINT ( 'NONE',  ( 2.083484861008840117, -2.041742430504418948, 3.750000000000000444 ) ) ;
#4645 = CARTESIAN_POINT ( 'NONE',  ( 3.649999999999999911, -2.258218829166501074, 0.9000000000000000222 ) ) ;
#4646 =( NAMED_UNIT ( * ) PLANE_ANGLE_UNIT ( ) SI_UNIT ( $, .RADIAN. ) );
#4647 = PRESENTATION_LAYER_ASSIGNMENT (  '', '', ( #1125 ) ) ;
#4648 =( NAMED_UNIT ( * ) PLANE_ANGLE_UNIT ( ) SI_UNIT ( $, .RADIAN. ) );
#4649 =( GEOMETRIC_REPRESENTATION_CONTEXT ( 3 ) GLOBAL_UNCERTAINTY_ASSIGNED_CONTEXT ( ( #1279 ) ) GLOBAL_UNIT_ASSIGNED_CONTEXT ( ( #2058, #3755, #1695 ) ) REPRESENTATION_CONTEXT ( 'NONE', 'WORKASPACE' ) );
#4650 = SURFACE_STYLE_USAGE ( .BOTH. , #231 ) ;
#4651 = CARTESIAN_POINT ( 'NONE',  ( 0.0000000000000000000, 0.0000000000000000000, 0.0000000000000000000 ) ) ;
#4652 = VECTOR ( 'NONE', #2431, 1000.000000000000000 ) ;
#4653 = VECTOR ( 'NONE', #1887, 1000.000000000000000 ) ;
#4654 = VERTEX_POINT ( 'NONE', #1176 ) ;
#4655 = EDGE_CURVE ( 'NONE', #4046, #2469, #2324, .T. ) ;
#4656 = CARTESIAN_POINT ( 'NONE',  ( -1.999999999999999556, 2.246627197996641900, 3.749999999999998224 ) ) ;
#4657 = ORIENTED_EDGE ( 'NONE', *, *, #4703, .T. ) ;
#4658 = CARTESIAN_POINT ( 'NONE',  ( 1.000000000000000000, -3.000000000000000000, 0.0000000000000000000 ) ) ;
#4659 = PRESENTATION_STYLE_ASSIGNMENT (( #244 ) ) ;
#4660 = FACE_OUTER_BOUND ( 'NONE', #945, .T. ) ;
#4661 = LINE ( 'NONE', #4241, #3874 ) ;
#4662 =( GEOMETRIC_REPRESENTATION_CONTEXT ( 3 ) GLOBAL_UNCERTAINTY_ASSIGNED_CONTEXT ( ( #278 ) ) GLOBAL_UNIT_ASSIGNED_CONTEXT ( ( #330, #658, #4768 ) ) REPRESENTATION_CONTEXT ( 'NONE', 'WORKASPACE' ) );
#4663 =( NAMED_UNIT ( * ) SI_UNIT ( $, .STERADIAN. ) SOLID_ANGLE_UNIT ( ) );
#4664 = DIRECTION ( 'NONE',  ( 0.0000000000000000000, -1.000000000000000000, 0.0000000000000000000 ) ) ;
#4665 = CIRCLE ( 'NONE', #3007, 0.5000000000000000000 ) ;
#4666 = EDGE_CURVE ( 'NONE', #510, #1681, #4730, .T. ) ;
#4667 = UNCERTAINTY_MEASURE_WITH_UNIT (LENGTH_MEASURE( 1.000000000000000082E-05 ), #2493, 'distance_accuracy_value', 'NONE');
#4668 = CARTESIAN_POINT ( 'NONE',  ( 2.000000000000000000, -2.000000000000000000, 3.449999999999999734 ) ) ;
#4669 = COLOUR_RGB ( '',0.7921568627450980005, 0.8196078431372548767, 0.9333333333333333481 ) ;
#4670 = SURFACE_SIDE_STYLE ('',( #630 ) ) ;
#4671 =( GEOMETRIC_REPRESENTATION_CONTEXT ( 3 ) GLOBAL_UNCERTAINTY_ASSIGNED_CONTEXT ( ( #3786 ) ) GLOBAL_UNIT_ASSIGNED_CONTEXT ( ( #3698, #4087, #3296 ) ) REPRESENTATION_CONTEXT ( 'NONE', 'WORKASPACE' ) );
#4672 =( NAMED_UNIT ( * ) PLANE_ANGLE_UNIT ( ) SI_UNIT ( $, .RADIAN. ) );
#4673 = CARTESIAN_POINT ( 'NONE',  ( 3.349999999999999201, 2.591781170833500347, 0.4000000000000000777 ) ) ;
#4674 = SHAPE_DEFINITION_REPRESENTATION ( #5014, #3655 ) ;
#4675 = CARTESIAN_POINT ( 'NONE',  ( -1.649999999999999911, -8.082668874372519433E-17, 4.299999999999999822 ) ) ;
#4676 = COLOUR_RGB ( '',0.7921568627450980005, 0.8196078431372548767, 0.9333333333333333481 ) ;
#4677 = DIRECTION ( 'NONE',  ( -3.231085104332679983E-15, -1.000000000000000000, 0.0000000000000000000 ) ) ;
#4678 = AXIS2_PLACEMENT_3D ( 'NONE', #3895, #3500, #301 ) ;
#4679 = EDGE_LOOP ( 'NONE', ( #533, #4490, #805, #393 ) ) ;
#4680 = EDGE_CURVE ( 'NONE', #2891, #3434, #5112, .T. ) ;
#4681 = SURFACE_STYLE_USAGE ( .BOTH. , #1516 ) ;
#4682 = ORIENTED_EDGE ( 'NONE', *, *, #3208, .T. ) ;
#4683 = FILL_AREA_STYLE ('',( #1930 ) ) ;
#4684 = PRESENTATION_LAYER_ASSIGNMENT (  '', '', ( #1080 ) ) ;
#4685 = EDGE_CURVE ( 'NONE', #1876, #13, #702, .T. ) ;
#4686 =( NAMED_UNIT ( * ) SI_UNIT ( $, .STERADIAN. ) SOLID_ANGLE_UNIT ( ) );
#4687 = DIRECTION ( 'NONE',  ( 0.0000000000000000000, -1.000000000000000000, 0.0000000000000000000 ) ) ;
#4688 = CARTESIAN_POINT ( 'NONE',  ( 3.249999999999998668, 1.891781170833499948, 0.9000000000000000222 ) ) ;
#4689 =( NAMED_UNIT ( * ) SI_UNIT ( $, .STERADIAN. ) SOLID_ANGLE_UNIT ( ) );
#4690 =( NAMED_UNIT ( * ) PLANE_ANGLE_UNIT ( ) SI_UNIT ( $, .RADIAN. ) );
#4691 =( LENGTH_UNIT ( ) NAMED_UNIT ( * ) SI_UNIT ( .MILLI., .METRE. ) );
#4692 = CARTESIAN_POINT ( 'NONE',  ( -3.250000000000000000, -1.908218829166499875, 1.300000000000000044 ) ) ;
#4693 = CARTESIAN_POINT ( 'NONE',  ( -3.500000000000000000, -2.258218829166500186, 1.000000000000000000 ) ) ;
#4694 = DIRECTION ( 'NONE',  ( 1.000000000000000000, 0.0000000000000000000, 0.0000000000000000000 ) ) ;
#4695 = DIRECTION ( 'NONE',  ( 0.0000000000000000000, 1.000000000000000000, 0.0000000000000000000 ) ) ;
#4696 = LINE ( 'NONE', #1081, #3237 ) ;
#4697 = ORIENTED_EDGE ( 'NONE', *, *, #3708, .T. ) ;
#4698 = SURFACE_STYLE_USAGE ( .BOTH. , #3931 ) ;
#4699 = PRESENTATION_STYLE_ASSIGNMENT (( #2714 ) ) ;
#4700 = STYLED_ITEM ( 'NONE', ( #617 ), #3987 ) ;
#4701 = CYLINDRICAL_SURFACE ( 'NONE', #1949, 0.4000000000000001887 ) ;
#4702 = DIRECTION ( 'NONE',  ( 0.0000000000000000000, 0.0000000000000000000, 1.000000000000000000 ) ) ;
#4703 = EDGE_CURVE ( 'NONE', #2437, #4164, #3154, .T. ) ;
#4704 = VERTEX_POINT ( 'NONE', #1093 ) ;
#4705 = SURFACE_STYLE_FILL_AREA ( #5104 ) ;
#4706 = SURFACE_STYLE_USAGE ( .BOTH. , #298 ) ;
#4707 = EDGE_CURVE ( 'NONE', #2620, #4181, #1056, .T. ) ;
#4708 = DIRECTION ( 'NONE',  ( -0.0000000000000000000, 0.0000000000000000000, -1.000000000000000000 ) ) ;
#4709 = VERTEX_POINT ( 'NONE', #1912 ) ;
#4710 = AXIS2_PLACEMENT_3D ( 'NONE', #4876, #4002, #2790 ) ;
#4711 = PRODUCT_DEFINITION_SHAPE ( 'NONE', 'NONE',  #5220 ) ;
#4712 = UNCERTAINTY_MEASURE_WITH_UNIT (LENGTH_MEASURE( 1.000000000000000082E-05 ), #2882, 'distance_accuracy_value', 'NONE');
#4713 = COLOUR_RGB ( '',0.0000000000000000000, 0.0000000000000000000, 0.0000000000000000000 ) ;
#4714 = CARTESIAN_POINT ( 'NONE',  ( -2.000000000000000000, -1.753372802003358766, 3.749999999999998224 ) ) ;
#4715 = CARTESIAN_POINT ( 'NONE',  ( -1.000000000000000000, 0.0000000000000000000, 0.0000000000000000000 ) ) ;
#4716 = SURFACE_STYLE_USAGE ( .BOTH. , #2335 ) ;
#4717 =( GEOMETRIC_REPRESENTATION_CONTEXT ( 3 ) GLOBAL_UNCERTAINTY_ASSIGNED_CONTEXT ( ( #2484 ) ) GLOBAL_UNIT_ASSIGNED_CONTEXT ( ( #3875, #4226, #2656 ) ) REPRESENTATION_CONTEXT ( 'NONE', 'WORKASPACE' ) );
#4718 = MECHANICAL_DESIGN_GEOMETRIC_PRESENTATION_REPRESENTATION (  '', ( #2136 ), #3132 ) ;
#4719 = ADVANCED_BREP_SHAPE_REPRESENTATION ( '', ( #3963, #3507 ), #4504 ) ;
#4720 = FILL_AREA_STYLE_COLOUR ( '', #1497 ) ;
#4721 = CIRCLE ( 'NONE', #2474, 0.1499999999999999667 ) ;
#4722 = STYLED_ITEM ( 'NONE', ( #1098 ), #744 ) ;
#4723 = CARTESIAN_POINT ( 'NONE',  ( -4.500000000000000000, -2.608218829166499830, 0.2999999999999999889 ) ) ;
#4724 = ORIENTED_EDGE ( 'NONE', *, *, #3658, .T. ) ;
#4725 =( NAMED_UNIT ( * ) PLANE_ANGLE_UNIT ( ) SI_UNIT ( $, .RADIAN. ) );
#4726 = AXIS2_PLACEMENT_3D ( 'NONE', #1952, #812, #375 ) ;
#4727 = EDGE_CURVE ( 'NONE', #1464, #4547, #1118, .T. ) ;
#4728 = CARTESIAN_POINT ( 'NONE',  ( -2.850000000000000089, -2.850000000000000089, 3.149999999999999911 ) ) ;
#4729 = SURFACE_STYLE_FILL_AREA ( #4315 ) ;
#4730 = LINE ( 'NONE', #3166, #2737 ) ;
#4731 = AXIS2_PLACEMENT_3D ( 'NONE', #4232, #613, #3854 ) ;
#4732 = FILL_AREA_STYLE_COLOUR ( '', #3744 ) ;
#4733 = ADVANCED_FACE ( 'NONE', ( #1934 ), #3138, .F. ) ;
#4734 = MECHANICAL_DESIGN_GEOMETRIC_PRESENTATION_REPRESENTATION (  '', ( #4998 ), #106 ) ;
#4735 = LINE ( 'NONE', #3572, #4384 ) ;
#4736 = FILL_AREA_STYLE ('',( #676 ) ) ;
#4737 = CARTESIAN_POINT ( 'NONE',  ( -3.000000000000000444, -2.608218829166499830, 1.000000000000000000 ) ) ;
#4738 = MECHANICAL_DESIGN_GEOMETRIC_PRESENTATION_REPRESENTATION (  '', ( #4249 ), #3159 ) ;
#4739 = APPLICATION_PROTOCOL_DEFINITION ( 'draft international standard', 'automotive_design', 1998, #2083 ) ;
#4740 = AXIS2_PLACEMENT_3D ( 'NONE', #3982, #1106, #743 ) ;
#4741 = SURFACE_STYLE_USAGE ( .BOTH. , #5138 ) ;
#4742 = AXIS2_PLACEMENT_3D ( 'NONE', #2824, #4432, #3265 ) ;
#4743 = CARTESIAN_POINT ( 'NONE',  ( -2.000000000000000888, 1.499999999999999556, 3.449999999999999734 ) ) ;
#4744 =( NAMED_UNIT ( * ) PLANE_ANGLE_UNIT ( ) SI_UNIT ( $, .RADIAN. ) );
#4745 = MECHANICAL_DESIGN_GEOMETRIC_PRESENTATION_REPRESENTATION (  '', ( #4928 ), #887 ) ;
#4746 = CARTESIAN_POINT ( 'NONE',  ( 2.000000000000000000, -2.041742430504419392, 3.750000000000000000 ) ) ;
#4747 = DIRECTION ( 'NONE',  ( -3.231085104332679983E-15, -1.000000000000000000, 0.0000000000000000000 ) ) ;
#4748 = VERTEX_POINT ( 'NONE', #2890 ) ;
#4749 = PRODUCT_DEFINITION_FORMATION_WITH_SPECIFIED_SOURCE ( 'ANY', '', #4297, .NOT_KNOWN. ) ;
#4750 = CARTESIAN_POINT ( 'NONE',  ( -3.000000000000000000, 2.850000000000000089, 3.149999999999999911 ) ) ;
#4751 = PRODUCT_DEFINITION ( 'UNKNOWN', '', #4514, #3266 ) ;
#4752 = VECTOR ( 'NONE', #1701, 1000.000000000000000 ) ;
#4753 =( NAMED_UNIT ( * ) SI_UNIT ( $, .STERADIAN. ) SOLID_ANGLE_UNIT ( ) );
#4754 = CARTESIAN_POINT ( 'NONE',  ( 3.650000000000001243, -1.908218829166499875, 0.1499999999999999944 ) ) ;
#4755 =( NAMED_UNIT ( * ) PLANE_ANGLE_UNIT ( ) SI_UNIT ( $, .RADIAN. ) );
#4756 = PLANE ( 'NONE',  #777 ) ;
#4757 = SURFACE_STYLE_USAGE ( .BOTH. , #1476 ) ;
#4758 = ORIENTED_EDGE ( 'NONE', *, *, #4525, .F. ) ;
#4759 = COLOUR_RGB ( '',0.0000000000000000000, 0.0000000000000000000, 0.0000000000000000000 ) ;
#4760 = CARTESIAN_POINT ( 'NONE',  ( 3.000000000000000000, 2.850000000000000089, 3.149999999999999911 ) ) ;
#4761 = SURFACE_SIDE_STYLE ('',( #4348 ) ) ;
#4762 = CARTESIAN_POINT ( 'NONE',  ( -3.649999999999999911, -2.258218829166500186, 0.8999999999999999112 ) ) ;
#4763 = CARTESIAN_POINT ( 'NONE',  ( -3.750000000000000000, -3.379109414583250093, 0.4000000000000000222 ) ) ;
#4764 = EDGE_LOOP ( 'NONE', ( #353, #2922, #3035, #4473 ) ) ;
#4765 = PRODUCT_CONTEXT ( 'NONE', #2346, 'mechanical' ) ;
#4766 = SURFACE_STYLE_USAGE ( .BOTH. , #4108 ) ;
#4767 =( GEOMETRIC_REPRESENTATION_CONTEXT ( 3 ) GLOBAL_UNCERTAINTY_ASSIGNED_CONTEXT ( ( #1575 ) ) GLOBAL_UNIT_ASSIGNED_CONTEXT ( ( #3915, #318, #4316 ) ) REPRESENTATION_CONTEXT ( 'NONE', 'WORKASPACE' ) );
#4768 =( NAMED_UNIT ( * ) SI_UNIT ( $, .STERADIAN. ) SOLID_ANGLE_UNIT ( ) );
#4769 = CARTESIAN_POINT ( 'NONE',  ( 1.708578643762690641, 2.092405367175504394E-16, 4.299999999999999822 ) ) ;
#4770 = EDGE_CURVE ( 'NONE', #2288, #5028, #2029, .T. ) ;
#4771 = ORIENTED_EDGE ( 'NONE', *, *, #3171, .F. ) ;
#4772 = EDGE_CURVE ( 'NONE', #1052, #2397, #3618, .T. ) ;
#4773 = SHAPE_REPRESENTATION_RELATIONSHIP ( 'NONE' , 'NONE' ,  #3655, #2102 ) ;
#4774 = SURFACE_STYLE_USAGE ( .BOTH. , #3273 ) ;
#4775 =( LENGTH_UNIT ( ) NAMED_UNIT ( * ) SI_UNIT ( .MILLI., .METRE. ) );
#4776 = ORIENTED_EDGE ( 'NONE', *, *, #3177, .F. ) ;
#4777 =( NAMED_UNIT ( * ) SI_UNIT ( $, .STERADIAN. ) SOLID_ANGLE_UNIT ( ) );
#4778 = UNCERTAINTY_MEASURE_WITH_UNIT (LENGTH_MEASURE( 1.000000000000000082E-05 ), #1498, 'distance_accuracy_value', 'NONE');
#4779 =( GEOMETRIC_REPRESENTATION_CONTEXT ( 3 ) GLOBAL_UNCERTAINTY_ASSIGNED_CONTEXT ( ( #1985 ) ) GLOBAL_UNIT_ASSIGNED_CONTEXT ( ( #2323, #727, #221 ) ) REPRESENTATION_CONTEXT ( 'NONE', 'WORKASPACE' ) );
#4780 = DIRECTION ( 'NONE',  ( 1.000000000000000000, 0.0000000000000000000, 0.0000000000000000000 ) ) ;
#4781 = PRODUCT_RELATED_PRODUCT_CATEGORY ( 'part', '', ( #5127 ) ) ;
#4782 = DIRECTION ( 'NONE',  ( 1.000000000000000000, -3.231085104332679983E-15, 0.0000000000000000000 ) ) ;
#4783 = SURFACE_STYLE_FILL_AREA ( #1256 ) ;
#4784 = ORIENTED_EDGE ( 'NONE', *, *, #3739, .T. ) ;
#4785 = COLOUR_RGB ( '',0.7529411764705882248, 0.7529411764705882248, 0.7529411764705882248 ) ;
#4786 = SURFACE_SIDE_STYLE ('',( #3201 ) ) ;
#4787 = DIRECTION ( 'NONE',  ( 0.0000000000000000000, 1.000000000000000000, 0.0000000000000000000 ) ) ;
#4788 = CARTESIAN_POINT ( 'NONE',  ( 1.163907813993773077, -2.418046093003118902, 3.637779991155306369 ) ) ;
#4789 = ORIENTED_EDGE ( 'NONE', *, *, #1751, .F. ) ;
#4790 =( NAMED_UNIT ( * ) PLANE_ANGLE_UNIT ( ) SI_UNIT ( $, .RADIAN. ) );
#4791 = FILL_AREA_STYLE_COLOUR ( '', #2208 ) ;
#4792 = VECTOR ( 'NONE', #1134, 1000.000000000000000 ) ;
#4793 = ADVANCED_FACE ( 'NONE', ( #4045 ), #2457, .T. ) ;
#4794 =( NAMED_UNIT ( * ) SI_UNIT ( $, .STERADIAN. ) SOLID_ANGLE_UNIT ( ) );
#4795 = SURFACE_SIDE_STYLE ('',( #42 ) ) ;
#4796 = CARTESIAN_POINT ( 'NONE',  ( -2.836092186006221816, 2.418046093003111352, 3.637779991155306814 ) ) ;
#4797 = ORIENTED_EDGE ( 'NONE', *, *, #3460, .F. ) ;
#4798 =( LENGTH_UNIT ( ) NAMED_UNIT ( * ) SI_UNIT ( .MILLI., .METRE. ) );
#4799 = PRESENTATION_LAYER_ASSIGNMENT (  '', '', ( #4978 ) ) ;
#4800 = DIRECTION ( 'NONE',  ( 0.0000000000000000000, 1.000000000000000000, 0.0000000000000000000 ) ) ;
#4801 = EDGE_CURVE ( 'NONE', #1628, #3217, #376, .T. ) ;
#4802 =( GEOMETRIC_REPRESENTATION_CONTEXT ( 3 ) GLOBAL_UNCERTAINTY_ASSIGNED_CONTEXT ( ( #3702 ) ) GLOBAL_UNIT_ASSIGNED_CONTEXT ( ( #5196, #4445, #3356 ) ) REPRESENTATION_CONTEXT ( 'NONE', 'WORKASPACE' ) );
#4803 =( LENGTH_UNIT ( ) NAMED_UNIT ( * ) SI_UNIT ( .MILLI., .METRE. ) );
#4804 =( NAMED_UNIT ( * ) SI_UNIT ( $, .STERADIAN. ) SOLID_ANGLE_UNIT ( ) );
#4805 = ORIENTED_EDGE ( 'NONE', *, *, #788, .T. ) ;
#4806 = CYLINDRICAL_SURFACE ( 'NONE', #3082, 0.1499999999999999667 ) ;
#4807 = AXIS2_PLACEMENT_3D ( 'NONE', #4000, #2732, #707 ) ;
#4808 = CIRCLE ( 'NONE', #2382, 0.09999999999999982514 ) ;
#4809 = PRESENTATION_STYLE_ASSIGNMENT (( #3590 ) ) ;
#4810 = FILL_AREA_STYLE_COLOUR ( '', #2148 ) ;
#4811 = ORIENTED_EDGE ( 'NONE', *, *, #1114, .F. ) ;
#4812 = DIRECTION ( 'NONE',  ( 1.000000000000000000, 0.0000000000000000000, 0.0000000000000000000 ) ) ;
#4813 = COLOUR_RGB ( '',0.0000000000000000000, 0.0000000000000000000, 0.0000000000000000000 ) ;
#4814 = UNCERTAINTY_MEASURE_WITH_UNIT (LENGTH_MEASURE( 1.000000000000000082E-05 ), #597, 'distance_accuracy_value', 'NONE');
#4815 = FACE_OUTER_BOUND ( 'NONE', #1809, .T. ) ;
#4816 = CARTESIAN_POINT ( 'NONE',  ( 2.000000000000000000, -1.958257569495580164, 3.750000000000000000 ) ) ;
#4817 = PRESENTATION_LAYER_ASSIGNMENT (  '', '', ( #2653 ) ) ;
#4818 = ORIENTED_EDGE ( 'NONE', *, *, #4094, .F. ) ;
#4819 = DIRECTION ( 'NONE',  ( -1.000000000000000000, 3.231085104332679983E-15, 0.0000000000000000000 ) ) ;
#4820 = CONTEXT_DEPENDENT_SHAPE_REPRESENTATION ( #113, #901 ) ;
#4821 =( GEOMETRIC_REPRESENTATION_CONTEXT ( 3 ) GLOBAL_UNCERTAINTY_ASSIGNED_CONTEXT ( ( #5128 ) ) GLOBAL_UNIT_ASSIGNED_CONTEXT ( ( #2244, #4725, #3465 ) ) REPRESENTATION_CONTEXT ( 'NONE', 'WORKASPACE' ) );
#4822 = SURFACE_STYLE_FILL_AREA ( #2041 ) ;
#4823 = MECHANICAL_DESIGN_GEOMETRIC_PRESENTATION_REPRESENTATION (  '', ( #3761 ), #1231 ) ;
#4824 = APPLICATION_CONTEXT ( 'automotive_design' ) ;
#4825 = CARTESIAN_POINT ( 'NONE',  ( -3.000000000000000000, 2.241781170833500259, 1.000000000000000000 ) ) ;
#4826 =( NAMED_UNIT ( * ) PLANE_ANGLE_UNIT ( ) SI_UNIT ( $, .RADIAN. ) );
#4827 = STYLED_ITEM ( 'NONE', ( #2181 ), #1091 ) ;
#4828 =( NAMED_UNIT ( * ) SI_UNIT ( $, .STERADIAN. ) SOLID_ANGLE_UNIT ( ) );
#4829 = DIRECTION ( 'NONE',  ( -1.000000000000000000, 0.0000000000000000000, -0.0000000000000000000 ) ) ;
#4830 = STYLED_ITEM ( 'NONE', ( #136 ), #2538 ) ;
#4831 = ORIENTED_EDGE ( 'NONE', *, *, #1948, .F. ) ;
#4832 = EDGE_CURVE ( 'NONE', #442, #5028, #4898, .T. ) ;
#4833 = UNCERTAINTY_MEASURE_WITH_UNIT (LENGTH_MEASURE( 1.000000000000000082E-05 ), #3983, 'distance_accuracy_value', 'NONE');
#4834 = STYLED_ITEM ( 'NONE', ( #941 ), #2763 ) ;
#4835 = FILL_AREA_STYLE_COLOUR ( '', #3563 ) ;
#4836 = DIRECTION ( 'NONE',  ( 0.0000000000000000000, 0.0000000000000000000, 1.000000000000000000 ) ) ;
#4837 = PRODUCT_DEFINITION_FORMATION_WITH_SPECIFIED_SOURCE ( 'ANY', '', #2197, .NOT_KNOWN. ) ;
#4838 = SURFACE_SIDE_STYLE ('',( #3705 ) ) ;
#4839 = FACE_OUTER_BOUND ( 'NONE', #4133, .T. ) ;
#4840 =( NAMED_UNIT ( * ) SI_UNIT ( $, .STERADIAN. ) SOLID_ANGLE_UNIT ( ) );
#4842 = ADVANCED_FACE ( 'NONE', ( #3592 ), #782, .T. ) ;
#4841 = SURFACE_STYLE_USAGE ( .BOTH. , #3593 ) ;
#4843 = ORIENTED_EDGE ( 'NONE', *, *, #3193, .T. ) ;
#4844 =( LENGTH_UNIT ( ) NAMED_UNIT ( * ) SI_UNIT ( .MILLI., .METRE. ) );
#4845 = DIRECTION ( 'NONE',  ( 0.0000000000000000000, 0.0000000000000000000, -1.000000000000000000 ) ) ;
#4846 = LINE ( 'NONE', #5160, #1304 ) ;
#4847 = DIRECTION ( 'NONE',  ( 0.0000000000000000000, 1.000000000000000000, 0.0000000000000000000 ) ) ;
#4848 = VERTEX_POINT ( 'NONE', #928 ) ;
#4849 =( GEOMETRIC_REPRESENTATION_CONTEXT ( 3 ) GLOBAL_UNCERTAINTY_ASSIGNED_CONTEXT ( ( #2034 ) ) GLOBAL_UNIT_ASSIGNED_CONTEXT ( ( #358, #1968, #3122 ) ) REPRESENTATION_CONTEXT ( 'NONE', 'WORKASPACE' ) );
#4850 = ITEM_DEFINED_TRANSFORMATION ( 'NONE', 'NONE', #207,  #3507 ) ;
#4851 = CARTESIAN_POINT ( 'NONE',  ( -3.750000000000000000, 1.891781170833499948, 0.3000000000000000444 ) ) ;
#4852 = PRODUCT_RELATED_PRODUCT_CATEGORY ( 'part', '', ( #1585 ) ) ;
#4853 = CARTESIAN_POINT ( 'NONE',  ( 3.350000000000000089, 1.891781170833502390, 0.0000000000000000000 ) ) ;
#4854 = PRESENTATION_LAYER_ASSIGNMENT (  '', '', ( #2422 ) ) ;
#4855 = SURFACE_SIDE_STYLE ('',( #4109 ) ) ;
#4856 = CARTESIAN_POINT ( 'NONE',  ( 1.000000000000001110, 1.500000000000002220, 3.450000000000000622 ) ) ;
#4857 = ORIENTED_EDGE ( 'NONE', *, *, #838, .T. ) ;
#4858 = CARTESIAN_POINT ( 'NONE',  ( 3.000000000000000000, 0.0000000000000000000, 3.149999999999999911 ) ) ;
#4859 = SURFACE_STYLE_USAGE ( .BOTH. , #1630 ) ;
#4860 = SURFACE_STYLE_USAGE ( .BOTH. , #4888 ) ;
#4861 = SHAPE_REPRESENTATION_RELATIONSHIP ( 'NONE' , 'NONE' ,  #5024, #2025 ) ;
#4862 = PRESENTATION_STYLE_ASSIGNMENT (( #4774 ) ) ;
#4863 = SHAPE_REPRESENTATION_RELATIONSHIP ( 'NONE' , 'NONE' ,  #348, #2163 ) ;
#4864 = VERTEX_POINT ( 'NONE', #1424 ) ;
#4865 = FILL_AREA_STYLE_COLOUR ( '', #3505 ) ;
#4866 = FILL_AREA_STYLE ('',( #2452 ) ) ;
#4867 = ADVANCED_FACE ( '3', ( #3441 ), #2998, .T. ) ;
#4868 =( NAMED_UNIT ( * ) PLANE_ANGLE_UNIT ( ) SI_UNIT ( $, .RADIAN. ) );
#4869 = ORIENTED_EDGE ( 'NONE', *, *, #58, .T. ) ;
#4870 = DIRECTION ( 'NONE',  ( -0.0000000000000000000, 0.0000000000000000000, 1.000000000000000000 ) ) ;
#4871 = ORIENTED_EDGE ( 'NONE', *, *, #758, .T. ) ;
#4872 = UNCERTAINTY_MEASURE_WITH_UNIT (LENGTH_MEASURE( 1.000000000000000082E-05 ), #1510, 'distance_accuracy_value', 'NONE');
#4873 = PRESENTATION_LAYER_ASSIGNMENT (  '', '', ( #3200 ) ) ;
#4874 = EDGE_CURVE ( 'NONE', #5022, #4179, #4146, .T. ) ;
#4875 = SURFACE_STYLE_FILL_AREA ( #352 ) ;
#4876 = CARTESIAN_POINT ( 'NONE',  ( -3.500000000000000000, 2.241781170833500259, 1.000000000000000000 ) ) ;
#4877 = ORIENTED_EDGE ( 'NONE', *, *, #923, .T. ) ;
#4878 =( NAMED_UNIT ( * ) SI_UNIT ( $, .STERADIAN. ) SOLID_ANGLE_UNIT ( ) );
#4879 = FILL_AREA_STYLE ('',( #40 ) ) ;
#4880 = PRODUCT_DEFINITION_CONTEXT ( 'detailed design', #4824, 'design' ) ;
#4881 =( GEOMETRIC_REPRESENTATION_CONTEXT ( 3 ) GLOBAL_UNCERTAINTY_ASSIGNED_CONTEXT ( ( #2627 ) ) GLOBAL_UNIT_ASSIGNED_CONTEXT ( ( #4067, #3637, #2395 ) ) REPRESENTATION_CONTEXT ( 'NONE', 'WORKASPACE' ) );
#4882 =( NAMED_UNIT ( * ) PLANE_ANGLE_UNIT ( ) SI_UNIT ( $, .RADIAN. ) );
#4883 = CARTESIAN_POINT ( 'NONE',  ( 2.493254395993284689, 1.753372802003352993, 3.749999999999998224 ) ) ;
#4884 = ORIENTED_EDGE ( 'NONE', *, *, #52, .F. ) ;
#4885 = PRODUCT_RELATED_PRODUCT_CATEGORY ( 'part', '', ( #4297 ) ) ;
#4886 = PRESENTATION_LAYER_ASSIGNMENT (  '', '', ( #5207 ) ) ;
#4887 = DIRECTION ( 'NONE',  ( 0.0000000000000000000, 1.000000000000000000, -0.0000000000000000000 ) ) ;
#4888 = SURFACE_SIDE_STYLE ('',( #2342 ) ) ;
#4889 = STYLED_ITEM ( 'NONE', ( #1945 ), #350 ) ;
#4890 = CARTESIAN_POINT ( 'NONE',  ( 3.650000000000001243, 2.591781170833500347, 0.1499999999999999944 ) ) ;
#4891 = ORIENTED_EDGE ( 'NONE', *, *, #3775, .F. ) ;
#4892 = EDGE_CURVE ( 'NONE', #2236, #3997, #2220, .T. ) ;
#4893 = CARTESIAN_POINT ( 'NONE',  ( 1.000000000000000000, -3.000000000000000444, 0.0000000000000000000 ) ) ;
#4894 = LINE ( 'NONE', #2567, #2332 ) ;
#4895 = SURFACE_SIDE_STYLE ('',( #549 ) ) ;
#4896 = ORIENTED_EDGE ( 'NONE', *, *, #694, .F. ) ;
#4897 = AXIS2_PLACEMENT_3D ( 'NONE', #75, #3295, #1328 ) ;
#4898 = LINE ( 'NONE', #1596, #540 ) ;
#4899 = PRESENTATION_LAYER_ASSIGNMENT (  '', '', ( #1956 ) ) ;
#4900 = EDGE_CURVE ( 'NONE', #3036, #1283, #162, .T. ) ;
#4901 = AXIS2_PLACEMENT_3D ( 'NONE', #4825, #4914, #3747 ) ;
#4902 = COLOUR_RGB ( '',0.0000000000000000000, 0.0000000000000000000, 0.0000000000000000000 ) ;
#4903 = VERTEX_POINT ( 'NONE', #1010 ) ;
#4904 = APPLICATION_CONTEXT ( 'automotive_design' ) ;
#4905 = VERTEX_POINT ( 'NONE', #4608 ) ;
#4906 = MECHANICAL_DESIGN_GEOMETRIC_PRESENTATION_REPRESENTATION (  '', ( #3494 ), #1632 ) ;
#4907 = EDGE_CURVE ( 'NONE', #958, #3645, #4535, .T. ) ;
#4908 =( NAMED_UNIT ( * ) SI_UNIT ( $, .STERADIAN. ) SOLID_ANGLE_UNIT ( ) );
#4909 = LINE ( 'NONE', #4853, #1002 ) ;
#4910 = DIRECTION ( 'NONE',  ( 0.0000000000000000000, -1.000000000000000000, 0.0000000000000000000 ) ) ;
#4911 = CARTESIAN_POINT ( 'NONE',  ( 3.000000000000009326, 2.499999999999998668, 3.450000000000000622 ) ) ;
#4912 = EDGE_CURVE ( 'NONE', #2838, #1399, #2967, .T. ) ;
#4913 = VERTEX_POINT ( 'NONE', #3331 ) ;
#4914 = DIRECTION ( 'NONE',  ( 1.000000000000000000, 0.0000000000000000000, 0.0000000000000000000 ) ) ;
#4915 = STYLED_ITEM ( 'NONE', ( #4586 ), #4575 ) ;
#4916 =( NAMED_UNIT ( * ) SI_UNIT ( $, .STERADIAN. ) SOLID_ANGLE_UNIT ( ) );
#4917 = FILL_AREA_STYLE ('',( #49 ) ) ;
#4918 = MECHANICAL_DESIGN_GEOMETRIC_PRESENTATION_REPRESENTATION (  '', ( #3833 ), #973 ) ;
#4919 =( LENGTH_UNIT ( ) NAMED_UNIT ( * ) SI_UNIT ( .MILLI., .METRE. ) );
#4920 = ORIENTED_EDGE ( 'NONE', *, *, #380, .T. ) ;
#4921 =( GEOMETRIC_REPRESENTATION_CONTEXT ( 3 ) GLOBAL_UNCERTAINTY_ASSIGNED_CONTEXT ( ( #2406 ) ) GLOBAL_UNIT_ASSIGNED_CONTEXT ( ( #4378, #1215, #4406 ) ) REPRESENTATION_CONTEXT ( 'NONE', 'WORKASPACE' ) );
#4922 = SURFACE_SIDE_STYLE ('',( #922 ) ) ;
#4923 = MECHANICAL_DESIGN_GEOMETRIC_PRESENTATION_REPRESENTATION (  '', ( #4830 ), #1900 ) ;
#4924 = DIRECTION ( 'NONE',  ( 0.0000000000000000000, 0.0000000000000000000, -1.000000000000000000 ) ) ;
#4925 = LINE ( 'NONE', #4172, #3749 ) ;
#4926 = ORIENTED_EDGE ( 'NONE', *, *, #5035, .T. ) ;
#4927 = PRESENTATION_LAYER_ASSIGNMENT (  '', '', ( #4827 ) ) ;
#4928 = STYLED_ITEM ( 'NONE', ( #2198 ), #2722 ) ;
#4929 = UNCERTAINTY_MEASURE_WITH_UNIT (LENGTH_MEASURE( 1.000000000000000082E-05 ), #4155, 'distance_accuracy_value', 'NONE');
#4930 = PRESENTATION_LAYER_ASSIGNMENT (  '', '', ( #890 ) ) ;
#4931 = DIRECTION ( 'NONE',  ( 1.000000000000000000, -1.224646799147353207E-16, 0.0000000000000000000 ) ) ;
#4932 = EDGE_LOOP ( 'NONE', ( #2498, #1292, #2377, #5120 ) ) ;
#4933 =( LENGTH_UNIT ( ) NAMED_UNIT ( * ) SI_UNIT ( .MILLI., .METRE. ) );
#4934 = SURFACE_STYLE_USAGE ( .BOTH. , #3053 ) ;
#4935 = AXIS2_PLACEMENT_3D ( 'NONE', #1394, #4508, #1806 ) ;
#4936 = CARTESIAN_POINT ( 'NONE',  ( 0.0000000000000000000, 1.891781170833499948, 0.0000000000000000000 ) ) ;
#4937 = VERTEX_POINT ( 'NONE', #121 ) ;
#4938 = ORIENTED_EDGE ( 'NONE', *, *, #126, .T. ) ;
#4939 = DIRECTION ( 'NONE',  ( 0.0000000000000000000, 0.0000000000000000000, -1.000000000000000000 ) ) ;
#4940 = COLOUR_RGB ( '',0.7529411764705882248, 0.7529411764705882248, 0.7529411764705882248 ) ;
#4941 = PRESENTATION_STYLE_ASSIGNMENT (( #1737 ) ) ;
#4942 = EDGE_CURVE ( 'NONE', #3830, #2174, #3290, .T. ) ;
#4943 = DIRECTION ( 'NONE',  ( 1.000000000000000000, 0.0000000000000000000, 0.0000000000000000000 ) ) ;
#4944 = FILL_AREA_STYLE ('',( #879 ) ) ;
#4945 = ORIENTED_EDGE ( 'NONE', *, *, #2276, .F. ) ;
#4946 = AXIS2_PLACEMENT_3D ( 'NONE', #2216, #4007, #2359 ) ;
#4947 = DIRECTION ( 'NONE',  ( 0.0000000000000000000, 0.0000000000000000000, 1.000000000000000000 ) ) ;
#4948 =( GEOMETRIC_REPRESENTATION_CONTEXT ( 3 ) GLOBAL_UNCERTAINTY_ASSIGNED_CONTEXT ( ( #2572 ) ) GLOBAL_UNIT_ASSIGNED_CONTEXT ( ( #4208, #4542, #1814 ) ) REPRESENTATION_CONTEXT ( 'NONE', 'WORKASPACE' ) );
#4949 = SURFACE_STYLE_USAGE ( .BOTH. , #1743 ) ;
#4950 = ADVANCED_FACE ( 'NONE', ( #1339 ), #3863, .T. ) ;
#4951 = LINE ( 'NONE', #2184, #1457 ) ;
#4952 = ORIENTED_EDGE ( 'NONE', *, *, #5182, .F. ) ;
#4953 = UNCERTAINTY_MEASURE_WITH_UNIT (LENGTH_MEASURE( 1.000000000000000082E-05 ), #3703, 'distance_accuracy_value', 'NONE');
#4954 = CARTESIAN_POINT ( 'NONE',  ( -3.250000000000000000, -2.258218829166500186, 1.300000000000000044 ) ) ;
#4955 = FILL_AREA_STYLE ('',( #1772 ) ) ;
#4956 = DIRECTION ( 'NONE',  ( -1.000000000000000000, 0.0000000000000000000, -0.0000000000000000000 ) ) ;
#4957 = ORIENTED_EDGE ( 'NONE', *, *, #5119, .F. ) ;
#4958 = FILL_AREA_STYLE ('',( #3787 ) ) ;
#4959 = CARTESIAN_POINT ( 'NONE',  ( -3.649999999999999911, -1.908218829166499875, 0.0000000000000000000 ) ) ;
#4960 = ORIENTED_EDGE ( 'NONE', *, *, #413, .F. ) ;
#4961 = AXIS2_PLACEMENT_3D ( 'NONE', #3358, #4552, #4142 ) ;
#4962 = DIRECTION ( 'NONE',  ( 0.0000000000000000000, -0.0000000000000000000, 1.000000000000000000 ) ) ;
#4963 = CARTESIAN_POINT ( 'NONE',  ( 3.649999999999999911, -2.258218829166500186, 0.1499999999999999944 ) ) ;
#4964 = LINE ( 'NONE', #1374, #4526 ) ;
#4965 = ORIENTED_EDGE ( 'NONE', *, *, #2179, .F. ) ;
#4966 = SURFACE_STYLE_USAGE ( .BOTH. , #4189 ) ;
#4967 = EDGE_CURVE ( 'NONE', #4986, #2086, #3666, .T. ) ;
#4968 = CARTESIAN_POINT ( 'NONE',  ( 0.0000000000000000000, 0.0000000000000000000, 0.0000000000000000000 ) ) ;
#4969 = AXIS2_PLACEMENT_3D ( 'NONE', #517, #51, #3750 ) ;
#4970 = VERTEX_POINT ( 'NONE', #4750 ) ;
#4971 = CARTESIAN_POINT ( 'NONE',  ( -3.250000000000000000, 2.591781170833500347, 0.9000000000000000222 ) ) ;
#4972 = EDGE_CURVE ( 'NONE', #276, #5022, #3920, .T. ) ;
#4973 = CARTESIAN_POINT ( 'NONE',  ( -0.9999999999999951150, 1.499999999999989786, 3.450000000000000622 ) ) ;
#4974 = STYLED_ITEM ( 'NONE', ( #377 ), #340 ) ;
#4975 = LINE ( 'NONE', #2519, #338 ) ;
#4976 = ORIENTED_EDGE ( 'NONE', *, *, #1514, .T. ) ;
#4977 =( NAMED_UNIT ( * ) PLANE_ANGLE_UNIT ( ) SI_UNIT ( $, .RADIAN. ) );
#4978 = STYLED_ITEM ( 'NONE', ( #1714 ), #434 ) ;
#4979 = UNCERTAINTY_MEASURE_WITH_UNIT (LENGTH_MEASURE( 1.000000000000000082E-05 ), #1440, 'distance_accuracy_value', 'NONE');
#4980 = CARTESIAN_POINT ( 'NONE',  ( 4.500000000000000888, -1.908218829166499875, 0.2999999999999999889 ) ) ;
#4981 = AXIS2_PLACEMENT_3D ( 'NONE', #1000, #1046, #1376 ) ;
#4982 = VERTEX_POINT ( 'NONE', #3130 ) ;
#4983 = MECHANICAL_DESIGN_GEOMETRIC_PRESENTATION_REPRESENTATION (  '', ( #4385 ), #4379 ) ;
#4984 = PLANE ( 'NONE',  #100 ) ;
#4985 = FILL_AREA_STYLE_COLOUR ( '', #1224 ) ;
#4986 = VERTEX_POINT ( 'NONE', #218 ) ;
#4987 = AXIS2_PLACEMENT_3D ( 'NONE', #3144, #4845, #2010 ) ;
#4988 = UNCERTAINTY_MEASURE_WITH_UNIT (LENGTH_MEASURE( 1.000000000000000082E-05 ), #4775, 'distance_accuracy_value', 'NONE');
#4990 = DIRECTION ( 'NONE',  ( 0.0000000000000000000, -1.000000000000000000, -0.0000000000000000000 ) ) ;
#4989 =( GEOMETRIC_REPRESENTATION_CONTEXT ( 3 ) GLOBAL_UNCERTAINTY_ASSIGNED_CONTEXT ( ( #4530 ) ) GLOBAL_UNIT_ASSIGNED_CONTEXT ( ( #1647, #5203, #3596 ) ) REPRESENTATION_CONTEXT ( 'NONE', 'WORKASPACE' ) );
#4991 = MECHANICAL_DESIGN_GEOMETRIC_PRESENTATION_REPRESENTATION (  '', ( #3228 ), #177 ) ;
#4992 = EDGE_LOOP ( 'NONE', ( #3285, #236, #541, #1802 ) ) ;
#4993 = VECTOR ( 'NONE', #1766, 1000.000000000000000 ) ;
#4994 = ORIENTED_EDGE ( 'NONE', *, *, #1921, .F. ) ;
#4995 = VECTOR ( 'NONE', #2273, 1000.000000000000000 ) ;
#4996 = CARTESIAN_POINT ( 'NONE',  ( 6.938893903907229955E-15, 4.483562341667009399, 0.2999999999999999889 ) ) ;
#4997 = FACE_OUTER_BOUND ( 'NONE', #1309, .T. ) ;
#4998 = STYLED_ITEM ( 'NONE', ( #2596 ), #4842 ) ;
#4999 = FILL_AREA_STYLE ('',( #2140 ) ) ;
#5000 =( LENGTH_UNIT ( ) NAMED_UNIT ( * ) SI_UNIT ( .MILLI., .METRE. ) );
#5001 = EDGE_CURVE ( 'NONE', #3738, #1377, #1980, .T. ) ;
#5002 = VERTEX_POINT ( 'NONE', #2344 ) ;
#5003 = DIRECTION ( 'NONE',  ( 0.0000000000000000000, 0.0000000000000000000, 1.000000000000000000 ) ) ;
#5004 = AXIS2_PLACEMENT_3D ( 'NONE', #948, #137, #1768 ) ;
#5005 = PRESENTATION_LAYER_ASSIGNMENT (  '', '', ( #3761 ) ) ;
#5006 = PLANE ( 'NONE',  #3245 ) ;
#5007 = DIRECTION ( 'NONE',  ( 1.000000000000000000, 0.0000000000000000000, 0.0000000000000000000 ) ) ;
#5008 = CARTESIAN_POINT ( 'NONE',  ( -2.850000000000000089, 3.000000000000000000, 0.0000000000000000000 ) ) ;
#5009 =( GEOMETRIC_REPRESENTATION_CONTEXT ( 3 ) GLOBAL_UNCERTAINTY_ASSIGNED_CONTEXT ( ( #1434 ) ) GLOBAL_UNIT_ASSIGNED_CONTEXT ( ( #2506, #3205, #4794 ) ) REPRESENTATION_CONTEXT ( 'NONE', 'WORKASPACE' ) );
#5010 = ORIENTED_EDGE ( 'NONE', *, *, #957, .F. ) ;
#5011 = CARTESIAN_POINT ( 'NONE',  ( 1.916515138991160994, 1.958257569495581940, 3.750000000000000444 ) ) ;
#5012 = ORIENTED_EDGE ( 'NONE', *, *, #3402, .F. ) ;
#5013 = VECTOR ( 'NONE', #2580, 1000.000000000000000 ) ;
#5014 = PRODUCT_DEFINITION_SHAPE ( 'NONE', 'NONE',  #1844 ) ;
#5015 = DIRECTION ( 'NONE',  ( 0.0000000000000000000, 0.0000000000000000000, 1.000000000000000000 ) ) ;
#5016 = EDGE_CURVE ( 'NONE', #3226, #2196, #3515, .T. ) ;
#5017 = MECHANICAL_DESIGN_GEOMETRIC_PRESENTATION_REPRESENTATION (  '', ( #1336 ), #1581 ) ;
#5018 = CARTESIAN_POINT ( 'NONE',  ( 3.250000000000000000, -2.258218829166500186, 1.300000000000000044 ) ) ;
#5019 = PRESENTATION_STYLE_ASSIGNMENT (( #1788 ) ) ;
#5020 =( NAMED_UNIT ( * ) PLANE_ANGLE_UNIT ( ) SI_UNIT ( $, .RADIAN. ) );
#5021 = FACE_OUTER_BOUND ( 'NONE', #3129, .T. ) ;
#5022 = VERTEX_POINT ( 'NONE', #3561 ) ;
#5023 = AXIS2_PLACEMENT_3D ( 'NONE', #934, #4931, #1366 ) ;
#5024 = SHAPE_REPRESENTATION ( '9', ( #3507 ), #3255 ) ;
#5025 =( NAMED_UNIT ( * ) SI_UNIT ( $, .STERADIAN. ) SOLID_ANGLE_UNIT ( ) );
#5026 = PRODUCT_DEFINITION ( 'UNKNOWN', '', #4185, #765 ) ;
#5027 = FACE_OUTER_BOUND ( 'NONE', #611, .T. ) ;
#5028 = VERTEX_POINT ( 'NONE', #1170 ) ;
#5029 = COLOUR_RGB ( '',0.7529411764705882248, 0.7529411764705882248, 0.7529411764705882248 ) ;
#5030 = LINE ( 'NONE', #955, #94 ) ;
#5031 = CARTESIAN_POINT ( 'NONE',  ( -1.649999999999999023, -3.299999999999999378, 4.299999999999999822 ) ) ;
#5032 = SURFACE_STYLE_USAGE ( .BOTH. , #4236 ) ;
#5033 = EDGE_LOOP ( 'NONE', ( #154, #4871, #897, #4789 ) ) ;
#5034 = EDGE_LOOP ( 'NONE', ( #1400, #603, #3798, #1531 ) ) ;
#5035 = EDGE_CURVE ( 'NONE', #4164, #1238, #3161, .T. ) ;
#5036 = DIRECTION ( 'NONE',  ( 1.000000000000000000, 0.0000000000000000000, -0.0000000000000000000 ) ) ;
#5037 = CARTESIAN_POINT ( 'NONE',  ( 1.916515138991160327, 2.041742430504420280, 3.750000000000000444 ) ) ;
#5038 = PRESENTATION_STYLE_ASSIGNMENT (( #3100 ) ) ;
#5039 = VERTEX_POINT ( 'NONE', #5146 ) ;
#5040 =( NAMED_UNIT ( * ) SI_UNIT ( $, .STERADIAN. ) SOLID_ANGLE_UNIT ( ) );
#5041 = UNCERTAINTY_MEASURE_WITH_UNIT (LENGTH_MEASURE( 1.000000000000000082E-05 ), #265, 'distance_accuracy_value', 'NONE');
#5042 = CARTESIAN_POINT ( 'NONE',  ( -3.000000000000000000, -2.850000000000000089, 3.149999999999999911 ) ) ;
#5043 = EDGE_CURVE ( 'NONE', #4181, #958, #242, .T. ) ;
#5044 = DIRECTION ( 'NONE',  ( 3.231085104332679983E-15, 1.000000000000000000, -0.0000000000000000000 ) ) ;
#5045 = FACE_OUTER_BOUND ( 'NONE', #2988, .T. ) ;
#5046 = CARTESIAN_POINT ( 'NONE',  ( 0.0000000000000000000, 0.0000000000000000000, 0.0000000000000000000 ) ) ;
#5047 = VERTEX_POINT ( 'NONE', #3492 ) ;
#5048 = MECHANICAL_DESIGN_GEOMETRIC_PRESENTATION_REPRESENTATION (  '', ( #66 ), #1315 ) ;
#5049 = FACE_OUTER_BOUND ( 'NONE', #3252, .T. ) ;
#5050 = CIRCLE ( 'NONE', #2798, 0.5000000000000000000 ) ;
#5051 = FILL_AREA_STYLE ('',( #1517 ) ) ;
#5052 = ORIENTED_EDGE ( 'NONE', *, *, #3739, .F. ) ;
#5053 = LINE ( 'NONE', #5077, #977 ) ;
#5054 = EDGE_CURVE ( 'NONE', #5002, #3226, #5053, .T. ) ;
#5055 = CARTESIAN_POINT ( 'NONE',  ( -2.850000000000000089, 2.850000000000000089, 0.0000000000000000000 ) ) ;
#5056 = SURFACE_SIDE_STYLE ('',( #2225 ) ) ;
#5057 = SURFACE_STYLE_FILL_AREA ( #2755 ) ;
#5058 = MECHANICAL_DESIGN_GEOMETRIC_PRESENTATION_REPRESENTATION (  '', ( #4377 ), #5134 ) ;
#5059 = DIRECTION ( 'NONE',  ( 1.000000000000000000, -1.224646799147353207E-16, 0.0000000000000000000 ) ) ;
#5060 = FILL_AREA_STYLE ('',( #1402 ) ) ;
#5061 = MECHANICAL_DESIGN_GEOMETRIC_PRESENTATION_REPRESENTATION (  '', ( #3225 ), #2642 ) ;
#5062 = CARTESIAN_POINT ( 'NONE',  ( 1.916515138991159439, -1.958257569495580164, 3.749999999999999556 ) ) ;
#5063 = CARTESIAN_POINT ( 'NONE',  ( -1.163907813993779072, -1.581953906996889314, 3.637779991155306814 ) ) ;
#5064 = CYLINDRICAL_SURFACE ( 'NONE', #5070, 0.4000000000000001887 ) ;
#5065 = ADVANCED_FACE ( 'NONE', ( #3094 ), #1087, .T. ) ;
#5066 = COLOUR_RGB ( '',0.0000000000000000000, 0.0000000000000000000, 0.0000000000000000000 ) ;
#5067 = APPLICATION_PROTOCOL_DEFINITION ( 'draft international standard', 'automotive_design', 1998, #4112 ) ;
#5068 = CARTESIAN_POINT ( 'NONE',  ( 2.000000000000000000, -2.041742430504419392, 3.750000000000000000 ) ) ;
#5069 = CIRCLE ( 'NONE', #1392, 0.4000000000000001887 ) ;
#5070 = AXIS2_PLACEMENT_3D ( 'NONE', #3056, #4323, #2278 ) ;
#5071 = SURFACE_SIDE_STYLE ('',( #2687 ) ) ;
#5072 = ORIENTED_EDGE ( 'NONE', *, *, #252, .T. ) ;
#5073 = EDGE_CURVE ( 'NONE', #3824, #1384, #776, .T. ) ;
#5074 = CARTESIAN_POINT ( 'NONE',  ( -1.649999999999999911, -8.082668874372519433E-17, 4.299999999999999822 ) ) ;
#5075 =( BOUNDED_CURVE ( )  B_SPLINE_CURVE ( 3, ( #3291, #3717, #993, #4206 ),
 .UNSPECIFIED., .F., .T. ) 
 B_SPLINE_CURVE_WITH_KNOTS ( ( 4, 4 ),
 ( 0.0000000000000000000, 1.000000000000000000 ),
 .UNSPECIFIED. ) 
 CURVE ( )  GEOMETRIC_REPRESENTATION_ITEM ( )  RATIONAL_B_SPLINE_CURVE ( ( 1.000000000000000000, 0.3333333333333368120, 0.3333333333333368120, 1.000000000000000000 ) ) 
 REPRESENTATION_ITEM ( '' )  );
#5076 = VERTEX_POINT ( 'NONE', #2369 ) ;
#5077 = CARTESIAN_POINT ( 'NONE',  ( 4.074999999999999289, -2.608218829166499830, 1.300000000000000044 ) ) ;
#5078 = SURFACE_STYLE_USAGE ( .BOTH. , #1850 ) ;
#5079 =( NAMED_UNIT ( * ) PLANE_ANGLE_UNIT ( ) SI_UNIT ( $, .RADIAN. ) );
#5080 = LINE ( 'NONE', #1879, #2908 ) ;
#5081 = AXIS2_PLACEMENT_3D ( 'NONE', #3927, #4282, #3481 ) ;
#5082 = CARTESIAN_POINT ( 'NONE',  ( -1.749999999999999556, 0.0000000000000000000, 4.258578643762690241 ) ) ;
#5083 = ORIENTED_EDGE ( 'NONE', *, *, #230, .T. ) ;
#5084 = VECTOR ( 'NONE', #1385, 1000.000000000000000 ) ;
#5085 = UNCERTAINTY_MEASURE_WITH_UNIT (LENGTH_MEASURE( 1.000000000000000082E-05 ), #4117, 'distance_accuracy_value', 'NONE');
#5086 = DIRECTION ( 'NONE',  ( -0.0000000000000000000, -0.0000000000000000000, -1.000000000000000000 ) ) ;
#5087 = DIRECTION ( 'NONE',  ( 1.000000000000000000, 0.0000000000000000000, -0.0000000000000000000 ) ) ;
#5088 = FILL_AREA_STYLE_COLOUR ( '', #4606 ) ;
#5089 = CARTESIAN_POINT ( 'NONE',  ( 3.250000000000001332, 2.591781170833500791, 0.9000000000000000222 ) ) ;
#5090 = ORIENTED_EDGE ( 'NONE', *, *, #5043, .F. ) ;
#5091 =( GEOMETRIC_REPRESENTATION_CONTEXT ( 3 ) GLOBAL_UNCERTAINTY_ASSIGNED_CONTEXT ( ( #816 ) ) GLOBAL_UNIT_ASSIGNED_CONTEXT ( ( #1372, #2227, #4564 ) ) REPRESENTATION_CONTEXT ( 'NONE', 'WORKASPACE' ) );
#5092 = SHAPE_DEFINITION_REPRESENTATION ( #1993, #874 ) ;
#5093 = ADVANCED_FACE ( 'NONE', ( #1248 ), #806, .T. ) ;
#5094 = DIRECTION ( 'NONE',  ( 0.0000000000000000000, 0.0000000000000000000, 1.000000000000000000 ) ) ;
#5095 = PRODUCT ( '1', '1', '', ( #285 ) ) ;
#5096 = DIRECTION ( 'NONE',  ( 0.0000000000000000000, 0.0000000000000000000, -1.000000000000000000 ) ) ;
#5097 = CIRCLE ( 'NONE', #3017, 0.09999999999999999167 ) ;
#5098 = ORIENTED_EDGE ( 'NONE', *, *, #2699, .T. ) ;
#5099 = SURFACE_STYLE_FILL_AREA ( #4630 ) ;
#5100 = VECTOR ( 'NONE', #3519, 1000.000000000000000 ) ;
#5101 = APPLICATION_CONTEXT ( 'automotive_design' ) ;
#5102 = DIRECTION ( 'NONE',  ( 0.0000000000000000000, 0.0000000000000000000, 1.000000000000000000 ) ) ;
#5103 = ORIENTED_EDGE ( 'NONE', *, *, #413, .T. ) ;
#5104 = FILL_AREA_STYLE ('',( #2692 ) ) ;
#5105 = STYLED_ITEM ( 'NONE', ( #1750 ), #3478 ) ;
#5106 = PRESENTATION_STYLE_ASSIGNMENT (( #5078 ) ) ;
#5107 = LINE ( 'NONE', #1196, #4228 ) ;
#5108 = AXIS2_PLACEMENT_3D ( 'NONE', #2971, #2603, #5036 ) ;
#5109 = UNCERTAINTY_MEASURE_WITH_UNIT (LENGTH_MEASURE( 1.000000000000000082E-05 ), #4803, 'distance_accuracy_value', 'NONE');
#5110 = SURFACE_STYLE_USAGE ( .BOTH. , #1545 ) ;
#5111 = PRESENTATION_STYLE_ASSIGNMENT (( #4613 ) ) ;
#5112 = LINE ( 'NONE', #3497, #449 ) ;
#5113 = LINE ( 'NONE', #3498, #3636 ) ;
#5114 = CARTESIAN_POINT ( 'NONE',  ( 0.0000000000000000000, 0.0000000000000000000, 4.200000000000000178 ) ) ;
#5115 = CARTESIAN_POINT ( 'NONE',  ( 0.0000000000000000000, 0.0000000000000000000, 0.0000000000000000000 ) ) ;
#5116 = SURFACE_STYLE_FILL_AREA ( #1940 ) ;
#5117 = CARTESIAN_POINT ( 'NONE',  ( 1.750000000000000444, -3.499999999999999112, 4.258578643762691129 ) ) ;
#5118 = LINE ( 'NONE', #1535, #1893 ) ;
#5119 = EDGE_CURVE ( 'NONE', #2997, #2920, #457, .T. ) ;
#5120 = ORIENTED_EDGE ( 'NONE', *, *, #4685, .T. ) ;
#5121 = DIRECTION ( 'NONE',  ( 1.000000000000000000, -2.168404344971012812E-15, -1.084202172485506406E-15 ) ) ;
#5122 = EDGE_CURVE ( 'NONE', #4704, #1312, #432, .T. ) ;
#5123 = DIRECTION ( 'NONE',  ( 1.000000000000000000, 0.0000000000000000000, -0.0000000000000000000 ) ) ;
#5124 = ADVANCED_FACE ( 'NONE', ( #3218 ), #4806, .T. ) ;
#5125 = ORIENTED_EDGE ( 'NONE', *, *, #3460, .T. ) ;
#5126 = VECTOR ( 'NONE', #2704, 1000.000000000000000 ) ;
#5127 = PRODUCT ( '9', '9', '', ( #1920 ) ) ;
#5128 = UNCERTAINTY_MEASURE_WITH_UNIT (LENGTH_MEASURE( 1.000000000000000082E-05 ), #2244, 'distance_accuracy_value', 'NONE');
#5129 = DIRECTION ( 'NONE',  ( 0.0000000000000000000, 0.0000000000000000000, -1.000000000000000000 ) ) ;
#5130 = DIRECTION ( 'NONE',  ( -0.0000000000000000000, -0.0000000000000000000, -1.000000000000000000 ) ) ;
#5131 = CARTESIAN_POINT ( 'NONE',  ( -1.916515138991161660, -1.958257569495580608, 3.750000000000000444 ) ) ;
#5132 = DIRECTION ( 'NONE',  ( -0.0000000000000000000, -0.0000000000000000000, -1.000000000000000000 ) ) ;
#5133 = ORIENTED_EDGE ( 'NONE', *, *, #1508, .F. ) ;
#5134 =( GEOMETRIC_REPRESENTATION_CONTEXT ( 3 ) GLOBAL_UNCERTAINTY_ASSIGNED_CONTEXT ( ( #3753 ) ) GLOBAL_UNIT_ASSIGNED_CONTEXT ( ( #108, #2503, #3628 ) ) REPRESENTATION_CONTEXT ( 'NONE', 'WORKASPACE' ) );
#5135 = ITEM_DEFINED_TRANSFORMATION ( 'NONE', 'NONE', #2066,  #3507 ) ;
#5136 = FACE_OUTER_BOUND ( 'NONE', #3880, .T. ) ;
#5137 = EDGE_CURVE ( 'NONE', #2196, #3738, #1559, .T. ) ;
#5138 = SURFACE_SIDE_STYLE ('',( #1007 ) ) ;
#5139 = AXIS2_PLACEMENT_3D ( 'NONE', #2777, #1223, #296 ) ;
#5140 = CARTESIAN_POINT ( 'NONE',  ( 2.083484861008839673, -2.041742430504419392, 3.750000000000000000 ) ) ;
#5141 =( GEOMETRIC_REPRESENTATION_CONTEXT ( 3 ) GLOBAL_UNCERTAINTY_ASSIGNED_CONTEXT ( ( #1335 ) ) GLOBAL_UNIT_ASSIGNED_CONTEXT ( ( #4933, #4102, #2549 ) ) REPRESENTATION_CONTEXT ( 'NONE', 'WORKASPACE' ) );
#5142 = DIRECTION ( 'NONE',  ( 1.000000000000000000, -3.252606517456511724E-15, 0.0000000000000000000 ) ) ;
#5143 = CARTESIAN_POINT ( 'NONE',  ( 0.0000000000000000000, 3.000000000000000000, 3.149999999999999911 ) ) ;
#5144 =( NAMED_UNIT ( * ) SI_UNIT ( $, .STERADIAN. ) SOLID_ANGLE_UNIT ( ) );
#5145 = ORIENTED_EDGE ( 'NONE', *, *, #4229, .F. ) ;
#5146 = CARTESIAN_POINT ( 'NONE',  ( 3.000000000000000000, -2.850000000000000089, 3.149999999999999911 ) ) ;
#5147 = MECHANICAL_DESIGN_GEOMETRIC_PRESENTATION_REPRESENTATION (  '', ( #4569 ), #3071 ) ;
#5148 =( NAMED_UNIT ( * ) PLANE_ANGLE_UNIT ( ) SI_UNIT ( $, .RADIAN. ) );
#5149 = ADVANCED_FACE ( 'NONE', ( #5136 ), #1965, .F. ) ;
#5150 = CARTESIAN_POINT ( 'NONE',  ( -3.649999999999999911, -2.608218829166499830, 0.1499999999999999944 ) ) ;
#5151 = DIRECTION ( 'NONE',  ( 0.0000000000000000000, 0.0000000000000000000, -1.000000000000000000 ) ) ;
#5152 = CARTESIAN_POINT ( 'NONE',  ( -1.649999999999999911, 0.0000000000000000000, 4.299999999999999822 ) ) ;
#5153 = COLOUR_RGB ( '',0.7529411764705882248, 0.7529411764705882248, 0.7529411764705882248 ) ;
#5154 = ORIENTED_EDGE ( 'NONE', *, *, #1519, .T. ) ;
#5155 = ADVANCED_BREP_SHAPE_REPRESENTATION ( '', ( #2081, #3507 ), #881 ) ;
#5156 = EDGE_CURVE ( 'NONE', #4124, #661, #3954, .T. ) ;
#5157 = VECTOR ( 'NONE', #1362, 1000.000000000000000 ) ;
#5158 = FILL_AREA_STYLE_COLOUR ( '', #89 ) ;
#5159 =( NAMED_UNIT ( * ) SI_UNIT ( $, .STERADIAN. ) SOLID_ANGLE_UNIT ( ) );
#5160 = CARTESIAN_POINT ( 'NONE',  ( -3.350000000000000089, -2.608218829166499830, 0.0000000000000000000 ) ) ;
#5161 = CARTESIAN_POINT ( 'NONE',  ( -3.750000000000000000, -1.908218829166499875, 0.0000000000000000000 ) ) ;
#5162 = MECHANICAL_DESIGN_GEOMETRIC_PRESENTATION_REPRESENTATION (  '', ( #1819 ), #542 ) ;
#5163 = FACE_OUTER_BOUND ( 'NONE', #2945, .T. ) ;
#5164 = VECTOR ( 'NONE', #400, 1000.000000000000000 ) ;
#5165 = SHAPE_DEFINITION_REPRESENTATION ( #287, #1307 ) ;
#5166 = CARTESIAN_POINT ( 'NONE',  ( 3.649999999999999023, -2.608218829166499386, 0.3999999999999999667 ) ) ;
#5167 = CARTESIAN_POINT ( 'NONE',  ( -1.749999999999998890, -3.499999999999999556, 4.258578643762691129 ) ) ;
#5168 = CYLINDRICAL_SURFACE ( 'NONE', #4319, 0.4000000000000000222 ) ;
#5169 = ORIENTED_EDGE ( 'NONE', *, *, #4967, .T. ) ;
#5170 = PLANE ( 'NONE',  #3248 ) ;
#5171 = STYLED_ITEM ( 'NONE', ( #3583 ), #185 ) ;
#5172 =( GEOMETRIC_REPRESENTATION_CONTEXT ( 3 ) GLOBAL_UNCERTAINTY_ASSIGNED_CONTEXT ( ( #1200 ) ) GLOBAL_UNIT_ASSIGNED_CONTEXT ( ( #4276, #3286, #2097 ) ) REPRESENTATION_CONTEXT ( 'NONE', 'WORKASPACE' ) );
#5173 = PLANE ( 'NONE',  #662 ) ;
#5174 = ORIENTED_EDGE ( 'NONE', *, *, #1798, .F. ) ;
#5175 = DIRECTION ( 'NONE',  ( 1.000000000000000000, 0.0000000000000000000, 0.0000000000000000000 ) ) ;
#5176 = MECHANICAL_DESIGN_GEOMETRIC_PRESENTATION_REPRESENTATION (  '', ( #3945 ), #1672 ) ;
#5177 = FILL_AREA_STYLE ('',( #781 ) ) ;
#5178 =( LENGTH_UNIT ( ) NAMED_UNIT ( * ) SI_UNIT ( .MILLI., .METRE. ) );
#5179 = FILL_AREA_STYLE_COLOUR ( '', #1733 ) ;
#5180 = FILL_AREA_STYLE_COLOUR ( '', #1707 ) ;
#5181 = ORIENTED_EDGE ( 'NONE', *, *, #1837, .F. ) ;
#5182 = EDGE_CURVE ( 'NONE', #3065, #972, #1820, .T. ) ;
#5183 = UNCERTAINTY_MEASURE_WITH_UNIT (LENGTH_MEASURE( 1.000000000000000082E-05 ), #2426, 'distance_accuracy_value', 'NONE');
#5184 = CARTESIAN_POINT ( 'NONE',  ( 0.0000000000000000000, 3.000000000000000000, 0.0000000000000000000 ) ) ;
#5185 =( NAMED_UNIT ( * ) SI_UNIT ( $, .STERADIAN. ) SOLID_ANGLE_UNIT ( ) );
#5186 = EDGE_LOOP ( 'NONE', ( #2905, #1603, #4534, #2449, #3560, #4771, #4040, #3695, #3160, #1422, #5083, #557 ) ) ;
#5187 = SURFACE_SIDE_STYLE ('',( #2333 ) ) ;
#5188 = PRODUCT_DEFINITION_CONTEXT ( 'detailed design', #3842, 'design' ) ;
#5189 = ORIENTED_EDGE ( 'NONE', *, *, #1195, .T. ) ;
#5190 =( LENGTH_UNIT ( ) NAMED_UNIT ( * ) SI_UNIT ( .MILLI., .METRE. ) );
#5191 = FACE_OUTER_BOUND ( 'NONE', #3670, .T. ) ;
#5192 = FILL_AREA_STYLE_COLOUR ( '', #1296 ) ;
#5193 = CARTESIAN_POINT ( 'NONE',  ( 2.850000000000000089, 3.000000000000000000, 3.449999999999999734 ) ) ;
#5194 = UNCERTAINTY_MEASURE_WITH_UNIT (LENGTH_MEASURE( 1.000000000000000082E-05 ), #4538, 'distance_accuracy_value', 'NONE');
#5195 = COLOUR_RGB ( '',0.7529411764705882248, 0.7529411764705882248, 0.7529411764705882248 ) ;
#5196 =( LENGTH_UNIT ( ) NAMED_UNIT ( * ) SI_UNIT ( .MILLI., .METRE. ) );
#5197 = EDGE_CURVE ( 'NONE', #2086, #3610, #109, .T. ) ;
#5198 = CARTESIAN_POINT ( 'NONE',  ( 2.000000000000000000, 2.041742430504415839, 3.250000000000000000 ) ) ;
#5199 = PRESENTATION_STYLE_ASSIGNMENT (( #4390 ) ) ;
#5200 =( NAMED_UNIT ( * ) PLANE_ANGLE_UNIT ( ) SI_UNIT ( $, .RADIAN. ) );
#5201 = SURFACE_SIDE_STYLE ('',( #1148 ) ) ;
#5202 = VERTEX_POINT ( 'NONE', #5068 ) ;
#5203 =( NAMED_UNIT ( * ) PLANE_ANGLE_UNIT ( ) SI_UNIT ( $, .RADIAN. ) );
#5204 = MECHANICAL_DESIGN_GEOMETRIC_PRESENTATION_REPRESENTATION (  '', ( #1194 ), #4881 ) ;
#5205 =( LENGTH_UNIT ( ) NAMED_UNIT ( * ) SI_UNIT ( .MILLI., .METRE. ) );
#5206 = CARTESIAN_POINT ( 'NONE',  ( 1.506745604006713535, -2.246627197996646341, 3.749999999999998224 ) ) ;
#5207 = STYLED_ITEM ( 'NONE', ( #2381 ), #163 ) ;
#5208 = ORIENTED_EDGE ( 'NONE', *, *, #4354, .T. ) ;
#5209 = ORIENTED_EDGE ( 'NONE', *, *, #2820, .F. ) ;
#5210 = FILL_AREA_STYLE ('',( #503 ) ) ;
#5211 = CONTEXT_DEPENDENT_SHAPE_REPRESENTATION ( #3746, #30 ) ;
#5212 = COLOUR_RGB ( '',0.0000000000000000000, 0.0000000000000000000, 0.0000000000000000000 ) ;
#5213 = ADVANCED_FACE ( 'NONE', ( #1486 ), #3086, .T. ) ;
#5214 = CARTESIAN_POINT ( 'NONE',  ( -2.000000000000000000, -1.958257569495580608, 3.750000000000000000 ) ) ;
#5215 = ORIENTED_EDGE ( 'NONE', *, *, #1083, .T. ) ;
#5216 =( NAMED_UNIT ( * ) SI_UNIT ( $, .STERADIAN. ) SOLID_ANGLE_UNIT ( ) );
#5217 = STYLED_ITEM ( 'NONE', ( #4659 ), #500 ) ;
#5218 = ORIENTED_EDGE ( 'NONE', *, *, #1514, .F. ) ;
#5219 = NEXT_ASSEMBLY_USAGE_OCCURRENCE ( 'NAUO1', ' ', ' ', #4751, #506, $ ) ;
#5220 = NEXT_ASSEMBLY_USAGE_OCCURRENCE ( 'NAUO2', ' ', ' ', #4751, #1996, $ ) ;
#5221 = NEXT_ASSEMBLY_USAGE_OCCURRENCE ( 'NAUO3', ' ', ' ', #4751, #2707, $ ) ;
#5222 = NEXT_ASSEMBLY_USAGE_OCCURRENCE ( 'NAUO4', ' ', ' ', #4751, #2488, $ ) ;
#5223 = NEXT_ASSEMBLY_USAGE_OCCURRENCE ( 'NAUO5', ' ', ' ', #4751, #5026, $ ) ;
#5224 = NEXT_ASSEMBLY_USAGE_OCCURRENCE ( 'NAUO6', ' ', ' ', #4751, #900, $ ) ;
#5225 = NEXT_ASSEMBLY_USAGE_OCCURRENCE ( 'NAUO7', ' ', ' ', #4751, #4195, $ ) ;
#5226 = NEXT_ASSEMBLY_USAGE_OCCURRENCE ( 'NAUO8', ' ', ' ', #4751, #1844, $ ) ;
#5227 = NEXT_ASSEMBLY_USAGE_OCCURRENCE ( 'NAUO9', ' ', ' ', #4751, #1684, $ ) ;
#5228 = NEXT_ASSEMBLY_USAGE_OCCURRENCE ( 'NAUO10', ' ', ' ', #4751, #2916, $ ) ;
#5229 = NEXT_ASSEMBLY_USAGE_OCCURRENCE ( 'NAUO11', ' ', ' ', #4751, #2064, $ ) ;
ENDSEC;
END-ISO-10303-21;
